keyword,category,cluster,search_volume,kw_sales,avie_rank,best_competitor_rank,competitors_ranking,competitors_top20,top20_defenders,defense_level,h10_bid,title_density,B0FD354L27,B0GSQW56YT,B0GVBQ7P79,B0GC3HX5KH,B0FD6Y9BX5,B0G3685P2S,B0H5MMYNWM,B0G2XLH8CG,B0H93V3MNM
toothpaste,OFF_CATEGORY,OTHER,1504243,30536,,,0,0,,NONE,1.71,48,-,-,-,-,-,-,-,-,-
medicube,OFF_CATEGORY,OTHER,1244485,11220,,208,1,0,,NONE,1.03,48,208,-,-,-,-,-,-,-,-
bedazzling kit,RELEVANT,OTHER,860758,2110,,,0,0,,NONE,0.67,35,-,-,-,-,-,-,-,-,-
lymphatic drainage drops,OFF_CATEGORY,DRAINAGE,780946,1252,,258,2,0,,NONE,2.01,37,295,-,-,-,-,-,-,258,-
teeth whitening strips,RELEVANT,OTHER,315710,2926,,,0,0,,NONE,2.18,39,-,-,-,-,-,-,-,-,-
whitening strips,RELEVANT,OTHER,315700,2886,,,0,0,,NONE,2.17,40,-,-,-,-,-,-,-,-,-
beauty,RELEVANT,OTHER,315674,1398,,194,1,0,,NONE,1.1,6,-,-,-,-,194,-,-,-,-
makeup brushes,RELEVANT,BRUSH_MASSAGE,315674,2838,,259,2,0,,NONE,0.85,33,-,-,-,-,306,-,259,-,-
medicube zero pore pad,OFF_CATEGORY,OTHER,276473,10021,,118,1,0,,NONE,0.98,0,118,-,-,-,-,-,-,-,-
diamond art,RELEVANT,OTHER,233916,1984,,,0,0,,NONE,0.49,43,-,-,-,-,-,-,-,-,-
skin care,RELEVANT,OTHER,233913,1527,,,0,0,,NONE,1.1,12,-,-,-,-,-,-,-,-,-
teeth whitening,RELEVANT,OTHER,215666,1218,,,0,0,,NONE,2.13,39,-,-,-,-,-,-,-,-,-
lymphoria lymphatic drainage drops,OFF_CATEGORY,DRAINAGE,214687,1841,,205,1,0,,NONE,2,3,-,-,-,-,205,-,-,-,-
lymphatic drainage,RELEVANT,DRAINAGE,210642,1657,,67,9,0,,NONE,1.75,42,209,260,306,275,67,172,71,279,248
ice cream maker,OFF_CATEGORY,OTHER,205615,1241,,,0,0,,NONE,0.51,44,-,-,-,-,-,-,-,-,-
mouth tape,RELEVANT,OTHER,198085,1555,,,0,0,,NONE,0.97,21,-,-,-,-,-,-,-,-,-
gua sha,RELEVANT,GUA_SHA,164451,3046,,75,8,0,,NONE,1.11,46,75,87,300,265,113,201,216,109,-
adult toys,RELEVANT,OTHER,164428,1408,,,0,0,,NONE,0.61,15,-,-,-,-,-,-,-,-,-
cat bed,RELEVANT,OTHER,154754,705,,,0,0,,NONE,0.59,20,-,-,-,-,-,-,-,-,-
medicube face mask,OFF_CATEGORY,OTHER,152497,2425,,144,1,0,,NONE,1.13,0,144,-,-,-,-,-,-,-,-
kitsch,COMPETITOR_BRAND,OTHER,136237,2408,,5,3,1,B0H5MMYNWM,SINGLE,0.74,48,228,-,-,-,-,-,5,224,-
boka toothpaste,OFF_CATEGORY,OTHER,136003,1525,,,0,0,,NONE,1.56,0,-,-,-,-,-,-,-,-,-
camera,RELEVANT,OTHER,117543,297,,,0,0,,NONE,1.19,41,-,-,-,-,-,-,-,-,-
sha,RELEVANT,OTHER,114283,272,,,0,0,,NONE,0.51,21,-,-,-,-,-,-,-,-,-
bedazzler kit with rhinestones,RELEVANT,OTHER,103102,1381,,,0,0,,NONE,0.67,9,-,-,-,-,-,-,-,-,-
vibration plate for lymphatic drainage,OFF_CATEGORY,DRAINAGE,103071,1332,,180,1,0,,NONE,2.24,15,-,-,-,-,-,-,-,180,-
hydroxyapatite toothpaste,OFF_CATEGORY,OTHER,98314,1079,,,0,0,,NONE,1.68,35,-,-,-,-,-,-,-,-,-
face scrubber,RELEVANT,OTHER,92703,1451,,17,1,1,B0H5MMYNWM,SINGLE,1.08,30,-,-,-,-,-,-,17,-,-
diamond art accessories,RELEVANT,OTHER,88509,2108,,,0,0,,NONE,0.63,5,-,-,-,-,-,-,-,-,-
makeup brush set,RELEVANT,BRUSH_MASSAGE,88504,1496,,,0,0,,NONE,0.81,24,-,-,-,-,-,-,-,-,-
foundation brush,RELEVANT,BRUSH_MASSAGE,78447,1452,,,0,0,,NONE,1.1,29,-,-,-,-,-,-,-,-,-
skincare,RELEVANT,OTHER,78391,519,,156,1,0,,NONE,1.24,18,-,-,-,-,156,-,-,-,-
lymphatic drainage massager,RELEVANT,DRAINAGE,74320,1221,,22,7,0,,NONE,1.14,28,22,81,281,288,93,109,-,95,-
massager,RELEVANT,BRUSH_MASSAGE,74299,892,,,0,0,,NONE,1.32,42,-,-,-,-,-,-,-,-,-
sculptique lymphatic drainage,RELEVANT,DRAINAGE,74297,1181,,70,7,0,,NONE,2.17,4,131,110,-,256,258,223,-,70,235
badazzle,RELEVANT,OTHER,74266,1280,,,0,0,,NONE,0.84,0,-,-,-,-,-,-,-,-,-
lymphatic contour face brush,RELEVANT,CONTOUR,72949,1648,142,3,9,6,B0FD354L27|B0GSQW56YT|B0FD6Y9BX5|B0G3685P2S|B0H5MMYNWM|B0H93V3MNM,CONSOLIDATED,0.96,38,20,9,22,37,15,18,6,21,3
brush,RELEVANT,BRUSH_MASSAGE,68987,389,,49,4,0,,NONE,0.99,45,120,-,-,-,149,135,49,-,-
teen girl gifts trendy stuff,RELEVANT,OTHER,61936,411,,,0,0,,NONE,0.73,11,-,-,-,-,-,-,-,-,-
teeth whitening kit,RELEVANT,OTHER,59210,1117,,,0,0,,NONE,2.14,26,-,-,-,-,-,-,-,-,-
make up brushes,RELEVANT,BRUSH_MASSAGE,56091,1184,,88,2,0,,NONE,0.86,5,-,-,-,-,88,-,-,158,-
ollie toothpaste with hydroxyapatite,OFF_CATEGORY,OTHER,56081,1715,,,0,0,,NONE,1.62,0,-,-,-,-,-,-,-,-,-
concealer brush,RELEVANT,BRUSH_MASSAGE,52437,1223,,,0,0,,NONE,0.97,38,-,-,-,-,-,-,-,-,-
edge brush,RELEVANT,BRUSH_MASSAGE,47544,1321,,106,1,0,,NONE,0.72,23,-,-,-,-,-,-,-,106,-
dry brush,RELEVANT,BRUSH_MASSAGE,46492,931,,76,8,0,,NONE,1.13,13,76,160,202,180,110,132,-,188,238
mini camera,RELEVANT,OTHER,44497,328,,,0,0,,NONE,1.4,4,-,-,-,-,-,-,-,-,-
uproot,RELEVANT,OTHER,44476,990,,,0,0,,NONE,1.89,29,-,-,-,-,-,-,-,-,-
contour,RELEVANT,CONTOUR,40151,379,,40,9,0,,NONE,0.94,42,87,89,188,198,67,82,40,153,140
medicube mask,OFF_CATEGORY,OTHER,40141,854,,211,1,0,,NONE,1.03,0,211,-,-,-,-,-,-,-,-
guasha tool for face,RELEVANT,GUA_SHA,40138,1478,278,10,8,2,B0FD354L27|B0GSQW56YT,SHARED,1.06,21,10,11,130,144,39,91,-,53,214
cat flea treatment,RELEVANT,OTHER,36021,1503,,,0,0,,NONE,1.56,7,-,-,-,-,-,-,-,-,-
cat flea collar,RELEVANT,OTHER,36011,1673,,,0,0,,NONE,1.15,10,-,-,-,-,-,-,-,-,-
puppy essentials,RELEVANT,OTHER,34486,651,,,0,0,,NONE,1.58,2,-,-,-,-,-,-,-,-,-
ice roller for face,RELEVANT,OTHER,34386,1217,,122,1,0,,NONE,1,35,122,-,-,-,-,-,-,-,-
morphe brushes,RELEVANT,BRUSH_MASSAGE,30559,314,,92,1,0,,NONE,0.8,0,92,-,-,-,-,-,-,-,-
vibrating plate for lymphatic drainage,OFF_CATEGORY,DRAINAGE,30557,585,,184,1,0,,NONE,2.12,4,-,-,-,-,-,-,-,184,-
makeup brush,RELEVANT,BRUSH_MASSAGE,30547,1084,,203,3,0,,NONE,1.03,23,-,-,-,-,297,-,278,-,203
gems,RELEVANT,OTHER,30541,743,,,0,0,,NONE,0.55,41,-,-,-,-,-,-,-,-,-
quiet lab snoring mouthpiece,RELEVANT,OTHER,30536,563,,,0,0,,NONE,1.6,0,-,-,-,-,-,-,-,-,-
dog couch,RELEVANT,OTHER,30534,161,,,0,0,,NONE,1.14,23,-,-,-,-,-,-,-,-,-
cleantra lymphatic drainage drops,OFF_CATEGORY,DRAINAGE,29006,929,,101,1,0,,NONE,1.9,0,101,-,-,-,-,-,-,-,-
dry brush for lymphatic drainage,RELEVANT,DRAINAGE,29001,1000,158,6,9,1,B0FD354L27,SINGLE,1.14,1,6,26,117,106,32,85,160,107,123
flea,RELEVANT,OTHER,28991,57,,,0,0,,NONE,1.95,47,-,-,-,-,-,-,-,-,-
detox,RELEVANT,OTHER,28366,635,,168,1,0,,NONE,2.06,45,-,-,-,-,-,-,-,-,168
skin care set,RELEVANT,OTHER,28227,298,,243,1,0,,NONE,1,13,-,-,243,-,-,-,-,-,-
soft serve ice cream machine,OFF_CATEGORY,OTHER,28194,71,,,0,0,,NONE,0.74,16,-,-,-,-,-,-,-,-,-
self care,RELEVANT,OTHER,27559,396,,,0,0,,NONE,1.05,9,-,-,-,-,-,-,-,-,-
sleep apnea devices,RELEVANT,OTHER,27553,396,,,0,0,,NONE,0.96,1,-,-,-,-,-,-,-,-,-
bedazzle kit,RELEVANT,OTHER,27530,808,,,0,0,,NONE,0.71,2,-,-,-,-,-,-,-,-,-
real techniques brush set,RELEVANT,BRUSH_MASSAGE,27281,360,,261,1,0,,NONE,0.95,0,-,-,-,-,261,-,-,-,-
pure path pet hair remover,RELEVANT,OTHER,27281,865,,,0,0,,NONE,1.76,0,-,-,-,-,-,-,-,-,-
lymphatic drainage supplements,OFF_CATEGORY,DRAINAGE,27281,414,,,0,0,,NONE,2.1,20,-,-,-,-,-,-,-,-,-
cuisinart ice cream maker,OFF_CATEGORY,OTHER,26373,118,,,0,0,,NONE,0.6,2,-,-,-,-,-,-,-,-,-
ice cream maker machine,OFF_CATEGORY,OTHER,23123,178,,,0,0,,NONE,0.54,12,-,-,-,-,-,-,-,-,-
dog accessories,RELEVANT,OTHER,23056,190,,,0,0,,NONE,1.56,0,-,-,-,-,-,-,-,-,-
silicone face scrubber,RELEVANT,OTHER,23041,851,,158,1,0,,NONE,0.93,27,158,-,-,-,-,-,-,-,-
brochas para maquillaje,RELEVANT,OTHER,23033,253,,,0,0,,NONE,0.86,0,-,-,-,-,-,-,-,-,-
facial cleansing brush,RELEVANT,BRUSH_MASSAGE,23023,616,,85,7,0,,NONE,0.93,36,85,186,277,273,-,241,283,240,-
kitsch lymphatic contour face brush,COMPETITOR_BRAND,CONTOUR,21637,886,113,2,9,5,B0FD354L27|B0GSQW56YT|B0GVBQ7P79|B0FD6Y9BX5|B0H5MMYNWM,CONSOLIDATED,1.21,0,18,20,19,121,8,26,2,88,49
lymphatic face brush,RELEVANT,LYMPHATIC,21629,863,124,5,9,7,B0FD354L27|B0GSQW56YT|B0GVBQ7P79|B0FD6Y9BX5|B0H5MMYNWM|B0G2XLH8CG|B0H93V3MNM,CONSOLIDATED,1.02,3,12,5,14,39,15,23,8,16,7
face brush,RELEVANT,BRUSH_MASSAGE,19613,622,274,29,9,0,,NONE,1.05,22,65,39,180,77,33,132,29,84,273
instant face lift serum,OFF_CATEGORY,OTHER,19595,126,,294,1,0,,NONE,1.34,10,-,-,-,-,294,-,-,-,-
face roller,RELEVANT,OTHER,19556,615,,63,2,0,,NONE,1.03,29,63,-,-,208,-,-,-,-,-
linfatico drainage,OFF_CATEGORY,DRAINAGE,19551,317,,103,2,0,,NONE,2.18,0,103,-,-,-,-,148,-,-,-
face,RELEVANT,OTHER,18625,49,,12,4,1,B0FD6Y9BX5,SINGLE,1.52,39,113,-,-,-,12,112,81,-,-
contour palette,OFF_CATEGORY,CONTOUR,18618,376,,,0,0,,NONE,0.74,25,-,-,-,-,-,-,-,-,-
bronzer brush,RELEVANT,BRUSH_MASSAGE,18615,682,,128,1,0,,NONE,1.03,11,128,-,-,-,-,-,-,-,-
bedazzling gems,RELEVANT,OTHER,18615,437,,,0,0,,NONE,0.6,0,-,-,-,-,-,-,-,-,-
guasha,RELEVANT,GUA_SHA,18597,631,,54,7,0,,NONE,0.96,36,100,110,227,122,266,-,-,54,244
small camera,RELEVANT,OTHER,18569,150,,,0,0,,NONE,1.7,1,-,-,-,-,-,-,-,-,-
face oil,OFF_CATEGORY,OTHER,18561,366,,275,1,0,,NONE,1.51,16,-,-,-,-,-,-,-,275,-
body care,RELEVANT,OTHER,16892,91,,,0,0,,NONE,1.21,0,-,-,-,-,-,-,-,-,-
gua sha facial tools,RELEVANT,GUA_SHA,16296,539,246,10,7,1,B0FD354L27,SINGLE,1.11,19,10,65,86,168,33,102,-,36,-
lymphatic drainage brush,RELEVANT,DRAINAGE,16283,661,146,8,9,5,B0GSQW56YT|B0FD6Y9BX5|B0G3685P2S|B0H5MMYNWM|B0G2XLH8CG,CONSOLIDATED,1.08,5,40,9,50,65,19,12,8,20,71
dog grooming,RELEVANT,OTHER,16255,310,,,0,0,,NONE,1.14,21,-,-,-,-,-,-,-,-,-
bedazzler kit,RELEVANT,OTHER,15357,387,,,0,0,,NONE,0.7,23,-,-,-,-,-,-,-,-,-
blanqueador de dientes,RELEVANT,OTHER,15347,261,,,0,0,,NONE,2.14,0,-,-,-,-,-,-,-,-,-
kitsch brush,COMPETITOR_BRAND,BRUSH_MASSAGE,15326,605,,13,5,1,B0H5MMYNWM,SINGLE,0.85,0,40,77,-,71,-,-,13,79,-
anti snoring devices,RELEVANT,OTHER,15295,391,,,0,0,,NONE,1.1,13,-,-,-,-,-,-,-,-,-
instant face lift,RELEVANT,OTHER,15293,36,,107,3,0,,NONE,1.18,19,227,-,-,-,107,-,-,258,-
pet supplies,RELEVANT,OTHER,15290,37,,,0,0,,NONE,1.94,5,-,-,-,-,-,-,-,-,-
drenaje linfatico,OFF_CATEGORY,OTHER,15046,145,,100,1,0,,NONE,2.12,15,-,-,-,-,100,-,-,-,-
face massager,RELEVANT,BRUSH_MASSAGE,15038,123,255,82,6,0,,NONE,1.19,17,88,92,-,266,102,90,-,82,-
ice cream machine,OFF_CATEGORY,OTHER,15038,67,,,0,0,,NONE,0.57,16,-,-,-,-,-,-,-,-,-
pet hair removal glove,RELEVANT,OTHER,14951,637,,,0,0,,NONE,1.71,29,-,-,-,-,-,-,-,-,-
real techniques brushes,RELEVANT,BRUSH_MASSAGE,14933,265,,149,4,0,,NONE,0.87,0,149,-,-,-,290,-,175,167,-
contour brush,RELEVANT,CONTOUR,14879,430,236,31,9,0,,NONE,0.82,12,84,85,119,186,33,68,31,64,135
kitsch face brush,COMPETITOR_BRAND,BRUSH_MASSAGE,12855,550,77,2,8,4,B0GSQW56YT|B0G3685P2S|B0H5MMYNWM|B0G2XLH8CG,CONSOLIDATED,1.35,0,21,4,24,25,22,12,2,10,-
medicube set,OFF_CATEGORY,OTHER,12847,134,,225,1,0,,NONE,0.68,0,225,-,-,-,-,-,-,-,-
medicube gua sha,OFF_CATEGORY,GUA_SHA,12845,151,102,65,3,0,,NONE,1.09,0,70,75,-,-,-,-,-,65,-
snore stopper,RELEVANT,OTHER,12845,377,,,0,0,,NONE,1.59,12,-,-,-,-,-,-,-,-,-
massage tools,RELEVANT,BRUSH_MASSAGE,12516,248,,286,1,0,,NONE,1.44,8,-,-,-,286,-,-,-,-,-
face makeup,RELEVANT,OTHER,12498,137,,207,1,0,,NONE,0.92,0,-,-,-,-,207,-,-,-,-
bedazzling,RELEVANT,OTHER,12495,191,,,0,0,,NONE,0.62,45,-,-,-,-,-,-,-,-,-
travel brush,RELEVANT,BRUSH_MASSAGE,12490,511,,98,1,0,,NONE,0.79,3,-,-,-,-,98,-,-,-,-
boka whitening powder,RELEVANT,OTHER,12485,468,,,0,0,,NONE,1.8,0,-,-,-,-,-,-,-,-,-
elbow sleeve,RELEVANT,OTHER,12125,449,,,0,0,,NONE,1.08,9,-,-,-,-,-,-,-,-,-
face brush for lymphatic drainage,RELEVANT,DRAINAGE,11747,525,113,9,9,6,B0GSQW56YT|B0GVBQ7P79|B0FD6Y9BX5|B0G3685P2S|B0H5MMYNWM|B0G2XLH8CG,CONSOLIDATED,1.09,7,25,9,15,39,13,18,10,16,26
micro needling,RELEVANT,OTHER,11747,147,,137,1,0,,NONE,1.2,5,137,-,-,-,-,-,-,-,-
rolled ice cream maker,OFF_CATEGORY,OTHER,11747,100,,,0,0,,NONE,0.54,33,-,-,-,-,-,-,-,-,-
double chin reducer,RELEVANT,JAWLINE_CHIN,11744,260,,53,1,0,,NONE,1.18,12,53,-,-,-,-,-,-,-,-
bristle brush,RELEVANT,BRUSH_MASSAGE,11744,393,,88,3,0,,NONE,1.05,7,-,-,-,-,-,289,88,109,-
brushes,RELEVANT,BRUSH_MASSAGE,11742,41,,53,4,0,,NONE,1.02,26,-,-,-,-,112,189,53,140,-
body brush,RELEVANT,BRUSH_MASSAGE,11742,357,,200,2,0,,NONE,1.16,23,-,-,287,200,-,-,-,-,-
rhinestone kit,RELEVANT,OTHER,11742,287,,,0,0,,NONE,0.85,0,-,-,-,-,-,-,-,-,-
diamond art kit,RELEVANT,OTHER,11742,184,,,0,0,,NONE,0.61,2,-,-,-,-,-,-,-,-,-
jade roller,RELEVANT,OTHER,10680,400,,94,2,0,,NONE,1.04,27,94,-,-,-,-,-,-,127,-
fascia blaster,RELEVANT,OTHER,10680,203,,60,2,0,,NONE,1.03,8,60,-,-,161,-,-,-,-,-
bedazzle,RELEVANT,OTHER,10680,278,,,0,0,,NONE,0.63,6,-,-,-,-,-,-,-,-,-
face exfoliator scrubber,RELEVANT,OTHER,10675,365,,30,1,0,,NONE,1.1,3,30,-,-,-,-,-,-,-,-
nida skincare,RELEVANT,OTHER,10651,177,,97,1,0,,NONE,1.17,0,97,-,-,-,-,-,-,-,-
kabuki brush,RELEVANT,BRUSH_MASSAGE,10621,420,,80,2,0,,NONE,1.07,17,-,-,-,-,-,108,-,80,-
maquillaje para mujer en oferta,RELEVANT,OTHER,10320,31,,,0,0,,NONE,0.81,0,-,-,-,-,-,-,-,-,-
brush set,RELEVANT,BRUSH_MASSAGE,10093,215,,,0,0,,NONE,0.89,25,-,-,-,-,-,-,-,-,-
dry brushing body brush,RELEVANT,BRUSH_MASSAGE,10091,322,,85,6,0,,NONE,1.22,31,134,296,128,137,-,85,-,103,-
mini ice cream maker,OFF_CATEGORY,OTHER,9358,40,,,0,0,,NONE,0.57,13,-,-,-,-,-,-,-,-,-
bedazzler,RELEVANT,OTHER,9355,90,,,0,0,,NONE,0.79,30,-,-,-,-,-,-,-,-,-
facial brush,RELEVANT,BRUSH_MASSAGE,9353,301,295,14,9,1,B0H5MMYNWM,SINGLE,1,4,87,72,86,144,36,67,14,85,136
pure path glove,RELEVANT,OTHER,9348,284,,,0,0,,NONE,1.21,0,-,-,-,-,-,-,-,-,-
gua,RELEVANT,OTHER,9345,24,,35,6,0,,NONE,0.87,39,-,35,112,42,-,84,-,46,129
shark facial pro glow,OFF_CATEGORY,OTHER,9345,90,,18,1,1,B0FD354L27,SINGLE,1.63,0,18,-,-,-,-,-,-,-,-
terracotta lymphatic contour face brush,RELEVANT,CONTOUR,9343,384,158,1,9,7,B0FD354L27|B0GSQW56YT|B0GVBQ7P79|B0FD6Y9BX5|B0G3685P2S|B0H5MMYNWM|B0G2XLH8CG,CONSOLIDATED,1.24,0,20,7,17,109,14,15,1,5,82
face brushes for cleansing,RELEVANT,BRUSH_MASSAGE,9343,262,249,12,8,1,B0FD354L27,SINGLE,1.04,1,12,90,256,181,71,223,22,99,-
drenaje linfático,RELEVANT,OTHER,9343,86,,108,1,0,,NONE,2.25,16,-,-,-,-,108,-,-,-,-
cat deterrent outdoor,RELEVANT,OTHER,9343,291,,,0,0,,NONE,1.37,9,-,-,-,-,-,-,-,-,-
kojeva lymphatic face brush,COMPETITOR_BRAND,LYMPHATIC,9340,298,146,5,9,6,B0FD354L27|B0GSQW56YT|B0GVBQ7P79|B0FD6Y9BX5|B0G3685P2S|B0G2XLH8CG,CONSOLIDATED,1.03,0,6,7,5,139,8,12,27,15,114
face wash brush,RELEVANT,BRUSH_MASSAGE,9340,73,,76,7,0,,NONE,0.98,4,132,197,228,287,-,260,182,76,-
kitsch lymphatic drainage brush,COMPETITOR_BRAND,DRAINAGE,9335,372,162,2,9,3,B0FD354L27|B0GVBQ7P79|B0H5MMYNWM,SHARED,1.28,0,19,21,8,33,29,23,2,26,102
lymphatic drainage tool,RELEVANT,DRAINAGE,8512,223,240,3,8,1,B0H93V3MNM,SINGLE,1.06,2,37,32,120,138,23,68,-,36,3
cat deterrent,RELEVANT,OTHER,8476,234,,,0,0,,NONE,1.46,18,-,-,-,-,-,-,-,-,-
bliss eye patches,OFF_CATEGORY,OTHER,8306,100,,191,1,0,,NONE,1.34,0,-,-,-,-,-,191,-,-,-
anua gua sha cream,OFF_CATEGORY,GUA_SHA,8288,322,,49,2,0,,NONE,1.03,0,-,-,-,49,-,-,-,84,-
lymphoria lymphatic drainage,OFF_CATEGORY,DRAINAGE,8278,155,,221,1,0,,NONE,2.07,3,-,-,-,-,-,-,-,-,221
facial scrubber,RELEVANT,OTHER,8242,257,,28,3,0,,NONE,1.13,2,-,-,-,210,-,-,28,58,-
medicube bundle,OFF_CATEGORY,OTHER,8209,119,,215,1,0,,NONE,0.8,0,215,-,-,-,-,-,-,-,-
jade,RELEVANT,OTHER,8206,18,,296,1,0,,NONE,1.19,39,-,-,-,-,-,-,-,296,-
cat pee stopper,RELEVANT,OTHER,8206,263,,,0,0,,NONE,1.88,1,-,-,-,-,-,-,-,-,-
benefit,RELEVANT,OTHER,8039,61,,162,2,0,,NONE,0.92,41,-,-,-,-,280,-,-,162,-
ice face roller,RELEVANT,OTHER,7890,288,,86,1,0,,NONE,1,9,86,-,-,-,-,-,-,-,-
squalane oil for face,OFF_CATEGORY,OTHER,7885,318,,255,1,0,,NONE,1.38,9,-,-,-,-,-,-,-,255,-
health and beauty,RELEVANT,OTHER,7797,16,,49,1,0,,NONE,1.1,0,-,-,-,-,49,-,-,-,-
face cleansing brush,RELEVANT,BRUSH_MASSAGE,7795,211,,74,7,0,,NONE,0.95,3,74,163,289,306,-,226,150,178,-
lymphatic brush,RELEVANT,LYMPHATIC,7504,264,127,3,9,5,B0GSQW56YT|B0FD6Y9BX5|B0G3685P2S|B0H5MMYNWM|B0H93V3MNM,CONSOLIDATED,1.15,0,29,11,47,157,13,18,7,94,3
face massager tool,RELEVANT,BRUSH_MASSAGE,7499,166,,64,6,0,,NONE,1.25,5,83,79,-,163,89,67,-,64,-
dog supplies,RELEVANT,OTHER,7496,83,,,0,0,,NONE,2.44,0,-,-,-,-,-,-,-,-,-
stainless steel gua sha,OFF_CATEGORY,GUA_SHA,7494,291,,171,1,0,,NONE,1.23,31,-,-,171,-,-,-,-,-,-
lymphatic massage oil,OFF_CATEGORY,LYMPHATIC,7494,259,,213,1,0,,NONE,1.5,6,-,-,-,-,-,-,-,213,-
wood therapy massage tools,RELEVANT,BRUSH_MASSAGE,7118,76,,108,1,0,,NONE,1.07,33,108,-,-,-,-,-,-,-,-
aeki lymphatic contour face brush,COMPETITOR_BRAND,CONTOUR,7116,351,153,7,9,5,B0GSQW56YT|B0GVBQ7P79|B0FD6Y9BX5|B0G3685P2S|B0H5MMYNWM,CONSOLIDATED,1.18,5,23,8,19,93,12,7,14,33,84
make up brush,RELEVANT,BRUSH_MASSAGE,6815,322,,23,4,0,,NONE,0.82,2,-,-,-,-,117,256,23,-,251
cat flea,RELEVANT,OTHER,6815,323,,,0,0,,NONE,1.45,17,-,-,-,-,-,-,-,-,-
medicube booster pro,OFF_CATEGORY,OTHER,6807,58,,66,1,0,,NONE,0.87,1,66,-,-,-,-,-,-,-,-
tooth powder,RELEVANT,OTHER,6807,126,,,0,0,,NONE,1.51,34,-,-,-,-,-,-,-,-,-
lymphatic,RELEVANT,LYMPHATIC,6802,147,,24,9,0,,NONE,2.08,47,93,74,176,181,24,96,25,81,253
facelove,RELEVANT,OTHER,6797,222,,45,1,0,,NONE,1.3,32,-,-,-,-,45,-,-,-,-
under 10 dollars,RELEVANT,OTHER,6794,142,,96,1,0,,NONE,0.97,0,-,-,-,-,96,-,-,-,-
rinestones set,RELEVANT,OTHER,6308,67,,,0,0,,NONE,0.64,0,-,-,-,-,-,-,-,-,-
cool toned contour,OFF_CATEGORY,CONTOUR,6308,132,,,0,0,,NONE,0.89,14,-,-,-,-,-,-,-,-,-
hydrafacial machine,OFF_CATEGORY,OTHER,6306,37,,24,1,0,,NONE,1.44,0,24,-,-,-,-,-,-,-,-
kit sch,RELEVANT,OTHER,6306,123,,,0,0,,NONE,1.34,0,-,-,-,-,-,-,-,-,-
whitening,RELEVANT,OTHER,6306,168,,,0,0,,NONE,2.39,47,-,-,-,-,-,-,-,-,-
brow brush,RELEVANT,BRUSH_MASSAGE,6303,254,,300,1,0,,NONE,0.78,11,-,-,-,-,300,-,-,-,-
yomi pet hair remover glove,RELEVANT,OTHER,6303,157,,,0,0,,NONE,1.89,6,-,-,-,-,-,-,-,-,-
guasha tool,RELEVANT,GUA_SHA,6301,243,244,48,8,0,,NONE,1.07,20,48,103,222,112,191,283,-,77,248
gift set,RELEVANT,OTHER,6301,35,,,0,0,,NONE,0.85,16,-,-,-,-,-,-,-,-,-
double chin strap,OFF_CATEGORY,JAWLINE_CHIN,6295,162,,55,1,0,,NONE,1.06,5,55,-,-,-,-,-,-,-,-
skin care tools,RELEVANT,OTHER,6056,73,,55,6,0,,NONE,0.98,0,164,278,228,-,55,143,-,290,-
dry box,RELEVANT,OTHER,6046,89,,261,1,0,,NONE,0.76,28,-,-,261,-,-,-,-,-,-
face care,RELEVANT,OTHER,6046,96,,,0,0,,NONE,1.14,0,-,-,-,-,-,-,-,-,-
cream contour,OFF_CATEGORY,CONTOUR,6000,116,,194,2,0,,NONE,0.79,14,-,-,-,-,194,-,-,-,209
bazzling kit,RELEVANT,OTHER,6000,100,,,0,0,,NONE,0.64,1,-,-,-,-,-,-,-,-,-
chin lifting mask,RELEVANT,OTHER,5995,167,,149,1,0,,NONE,1.23,5,149,-,-,-,-,-,-,-,-
gua sha brush,RELEVANT,GUA_SHA,5987,231,106,7,9,4,B0GSQW56YT|B0GC3HX5KH|B0FD6Y9BX5|B0H5MMYNWM,CONSOLIDATED,1.14,2,31,8,24,19,7,32,11,63,158
facial massager,RELEVANT,BRUSH_MASSAGE,5987,114,,76,5,0,,NONE,1.32,20,83,93,-,-,97,76,-,77,-
face roller lymphatic drainage,RELEVANT,DRAINAGE,5987,220,304,71,8,0,,NONE,1.11,1,76,71,204,104,151,172,136,99,-
sensory brush,RELEVANT,BRUSH_MASSAGE,5987,170,,46,1,0,,NONE,0.57,23,-,-,-,46,-,-,-,-,-
depuffing eye patches,OFF_CATEGORY,DEPUFF,5987,173,,299,1,0,,NONE,1.5,0,-,-,-,-,-,299,-,-,-
face sculpting tool,RELEVANT,SCULPTING,5984,142,243,5,8,1,B0FD6Y9BX5,SINGLE,1.4,9,54,35,95,105,5,45,-,44,140
nose contour brush,RELEVANT,CONTOUR,5984,153,289,83,4,0,,NONE,0.89,19,83,-,-,172,137,-,-,138,-
auna skincare,RELEVANT,OTHER,5984,125,,123,1,0,,NONE,1.04,0,123,-,-,-,-,-,-,-,-
bedazzled kit,RELEVANT,OTHER,5984,128,,,0,0,,NONE,0.64,0,-,-,-,-,-,-,-,-,-
cat flea medicine,RELEVANT,OTHER,5984,132,,,0,0,,NONE,2.02,0,-,-,-,-,-,-,-,-,-
kitten flea treatment,RELEVANT,OTHER,5984,227,,,0,0,,NONE,1.77,0,-,-,-,-,-,-,-,-,-
small brush,RELEVANT,BRUSH_MASSAGE,5866,109,,50,3,0,,NONE,0.77,1,50,-,-,-,287,-,59,-,-
kitsch hair brush,COMPETITOR_BRAND,BRUSH_MASSAGE,5383,216,,22,1,0,,NONE,0.99,0,-,-,-,-,-,-,22,-,-
microcrystalline hydroxyapatite powder,RELEVANT,OTHER,5380,177,,,0,0,,NONE,1.58,22,-,-,-,-,-,-,-,-,-
face lift,RELEVANT,OTHER,5285,97,,6,7,1,B0FD6Y9BX5,SINGLE,1.18,8,107,90,-,146,6,102,65,112,-
face oil for women,OFF_CATEGORY,OTHER,5285,187,,158,1,0,,NONE,1.58,1,-,-,-,-,-,-,-,158,-
eye roller,RELEVANT,OTHER,5043,147,,123,1,0,,NONE,1.11,18,123,-,-,-,-,-,-,-,-
gua sha oil,OFF_CATEGORY,GUA_SHA,5028,173,,136,1,0,,NONE,1.25,6,-,-,-,-,-,-,-,136,-
smoothing brush,RELEVANT,BRUSH_MASSAGE,5028,200,,218,2,0,,NONE,0.94,2,218,-,-,-,227,-,-,-,-
glow up essentials women,RELEVANT,OTHER,5028,62,,251,1,0,,NONE,1.28,0,251,-,-,-,-,-,-,-,-
rhinestone,RELEVANT,OTHER,5028,94,,,0,0,,NONE,0.62,14,-,-,-,-,-,-,-,-,-
medicube masks,OFF_CATEGORY,OTHER,5025,70,,251,1,0,,NONE,1.11,0,251,-,-,-,-,-,-,-,-
facial tools,RELEVANT,OTHER,5023,79,,25,6,0,,NONE,0.96,2,129,100,-,169,25,118,-,104,-
icon skincare,COMPETITOR_BRAND,OTHER,5020,4,,27,1,0,,NONE,1.52,4,-,-,-,-,-,27,-,-,-
rowe casa organics,RELEVANT,OTHER,5020,38,,51,1,0,,NONE,1.69,0,51,-,-,-,-,-,-,-,-
metal gua sha,OFF_CATEGORY,GUA_SHA,5020,212,,215,2,0,,NONE,1.03,8,-,-,215,-,217,-,-,-,-
medicube travel size set,OFF_CATEGORY,OTHER,5017,93,,174,1,0,,NONE,0.79,0,174,-,-,-,-,-,-,-,-
masajeador facial,RELEVANT,OTHER,5015,48,,72,4,0,,NONE,1.27,0,74,72,-,138,87,-,-,-,-
soft bristle brush,RELEVANT,BRUSH_MASSAGE,5015,170,,87,3,0,,NONE,0.88,4,-,-,-,-,-,244,207,87,-
beauty tools + accessories,RELEVANT,OTHER,5012,164,,9,2,1,B0FD6Y9BX5,SINGLE,0.87,0,-,-,-,176,9,-,-,-,-
frontline plus cats,RELEVANT,OTHER,5012,188,,,0,0,,NONE,3,0,-,-,-,-,-,-,-,-,-
flatback rhinestones,RELEVANT,OTHER,4992,108,,,0,0,,NONE,0.56,10,-,-,-,-,-,-,-,-,-
silicone face brush,RELEVANT,BRUSH_MASSAGE,4801,132,,135,3,0,,NONE,1.03,5,135,-,-,148,-,-,203,-,-
tool set for women,RELEVANT,OTHER,4791,93,,290,1,0,,NONE,0.82,5,-,-,-,-,-,-,-,290,-
facial brush skin cleansing,RELEVANT,BRUSH_MASSAGE,4778,147,,28,8,0,,NONE,1.06,0,28,149,268,123,210,198,178,218,-
anua collagen retinol gua sha,OFF_CATEGORY,GUA_SHA,4742,102,,72,1,0,,NONE,1.08,0,72,-,-,-,-,-,-,-,-
facial cupping set for face,OFF_CATEGORY,OTHER,4490,96,,68,2,0,,NONE,1.15,9,68,-,-,79,-,-,-,-,-
cavitation machine,OFF_CATEGORY,OTHER,4490,4,,35,1,0,,NONE,0.96,2,35,-,-,-,-,-,-,-,-
purple teeth whitening,RELEVANT,OTHER,4490,132,,,0,0,,NONE,1.5,28,-,-,-,-,-,-,-,-,-
eye brow brush,RELEVANT,BRUSH_MASSAGE,4488,215,,283,1,0,,NONE,0.75,7,-,-,-,-,283,-,-,-,-
2mm rhinestones,RELEVANT,OTHER,4488,53,,,0,0,,NONE,0.55,0,-,-,-,-,-,-,-,-,-
face makeup brushes,RELEVANT,BRUSH_MASSAGE,4483,114,,21,5,0,,NONE,0.85,2,-,-,-,-,70,97,21,129,287
wooden brush,RELEVANT,BRUSH_MASSAGE,4480,99,,208,3,0,,NONE,0.86,3,-,-,208,241,-,-,-,-,268
fur zapper,RELEVANT,OTHER,4480,60,,,0,0,,NONE,1.03,3,-,-,-,-,-,-,-,-,-
dr melaxin set,RELEVANT,OTHER,4354,47,,61,1,0,,NONE,0.99,0,61,-,-,-,-,-,-,-,-
lymphatic brush for face,RELEVANT,LYMPHATIC,4349,178,139,7,9,5,B0FD354L27|B0GSQW56YT|B0FD6Y9BX5|B0G3685P2S|B0H5MMYNWM,CONSOLIDATED,1.05,0,15,7,21,101,12,13,9,67,24
dog deterrent devices,RELEVANT,OTHER,4349,73,,,0,0,,NONE,1.64,0,-,-,-,-,-,-,-,-,-
foreo,RELEVANT,OTHER,4344,38,,54,1,0,,NONE,1.51,37,54,-,-,-,-,-,-,-,-
hard brush,RELEVANT,BRUSH_MASSAGE,4339,123,,235,1,0,,NONE,0.81,2,235,-,-,-,-,-,-,-,-
ice roller for face women,RELEVANT,OTHER,4336,143,,79,1,0,,NONE,1.1,3,79,-,-,-,-,-,-,-,-
mini makeup brushes,RELEVANT,BRUSH_MASSAGE,4336,36,,275,1,0,,NONE,0.85,15,-,-,-,-,275,-,-,-,-
pet hair removal tool,RELEVANT,OTHER,4331,151,,,0,0,,NONE,1.59,15,-,-,-,-,-,-,-,-,-
face depuffer,RELEVANT,DEPUFF,4328,112,,4,6,2,B0FD354L27|B0FD6Y9BX5,SHARED,1.3,3,14,65,-,93,4,50,-,52,-
face mask brush,RELEVANT,BRUSH_MASSAGE,4328,153,226,56,8,0,,NONE,0.84,16,153,285,279,83,216,231,124,56,-
jaw massager,RELEVANT,BRUSH_MASSAGE,4328,68,,19,1,1,B0FD354L27,SINGLE,1.17,7,19,-,-,-,-,-,-,-,-
facial cupping,OFF_CATEGORY,OTHER,4328,41,,32,2,0,,NONE,1.06,39,32,-,-,107,-,-,-,-,-
lymphatic massager,RELEVANT,LYMPHATIC,4328,49,246,53,6,0,,NONE,1.18,0,55,61,-,259,274,60,-,53,-
face scrub brush,RELEVANT,BRUSH_MASSAGE,4328,125,285,22,7,0,,NONE,1.04,3,22,282,116,152,170,179,105,-,-
sculpting tools,RELEVANT,SCULPTING,4328,115,,94,6,0,,NONE,0.68,29,261,169,-,154,-,94,-,134,244
omnilux contour face,RELEVANT,CONTOUR,4328,9,,44,1,0,,NONE,2.3,0,-,-,-,-,-,-,-,44,-
soothesilk sculptwave full body contouring device,COMPETITOR_BRAND,SCULPTING,4328,99,,60,1,0,,NONE,1.6,2,60,-,-,-,-,-,-,-,-
facial,RELEVANT,OTHER,4328,42,,71,3,0,,NONE,1.38,32,-,-,-,-,158,71,-,132,-
self care items,RELEVANT,OTHER,4328,33,,159,1,0,,NONE,0.9,0,-,-,-,-,159,-,-,-,-
body gua sha,RELEVANT,GUA_SHA,4328,92,,114,5,0,,NONE,1.09,14,114,196,269,298,-,-,-,233,-
skin care for men,RELEVANT,OTHER,4328,77,,230,1,0,,NONE,1.4,2,-,-,230,-,-,-,-,-,-
medium bristle brush for cleaning,RELEVANT,BRUSH_MASSAGE,4328,139,,249,1,0,,NONE,0.99,0,249,-,-,-,-,-,-,-,-
icecream maker,OFF_CATEGORY,OTHER,4328,26,,,0,0,,NONE,0.66,0,-,-,-,-,-,-,-,-,-
lipo,RELEVANT,OTHER,4328,109,,,0,0,,NONE,2.01,41,-,-,-,-,-,-,-,-,-
kitch lymphatic contour face brush,RELEVANT,CONTOUR,3899,166,51,2,9,3,B0FD354L27|B0GSQW56YT|B0H5MMYNWM,SHARED,1.21,0,10,18,23,99,32,21,2,91,49
travel makeup brushes,RELEVANT,BRUSH_MASSAGE,3899,96,,55,1,0,,NONE,0.79,9,-,-,-,-,55,-,-,-,-
massager for women,RELEVANT,BRUSH_MASSAGE,3899,54,,303,1,0,,NONE,1.07,3,303,-,-,-,-,-,-,-,-
zygo tape face,RELEVANT,OTHER,3534,17,,46,1,0,,NONE,1.25,1,46,-,-,-,-,-,-,-,-
un brush,RELEVANT,BRUSH_MASSAGE,3534,103,,87,4,0,,NONE,1.03,0,87,-,-,-,266,169,120,-,-
double chin,RELEVANT,JAWLINE_CHIN,3534,72,,36,2,0,,NONE,1.26,29,36,-,-,167,-,-,-,-,-
massage tool,RELEVANT,BRUSH_MASSAGE,3534,72,,83,2,0,,NONE,1.2,15,-,-,-,286,-,-,-,83,-
exfoliating face scrubber,RELEVANT,OTHER,3534,66,,135,1,0,,NONE,1.09,1,135,-,-,-,-,-,-,-,-
produce brush,RELEVANT,BRUSH_MASSAGE,3534,151,,181,1,0,,NONE,0.77,3,-,-,-,-,181,-,-,-,-
cleantra lymphatic drainage,OFF_CATEGORY,DRAINAGE,3534,108,,185,1,0,,NONE,2.14,0,185,-,-,-,-,-,-,-,-
cat brush glove,RELEVANT,BRUSH_MASSAGE,3534,186,,,0,0,,NONE,1.11,0,-,-,-,-,-,-,-,-,-
face exfoliator brush,RELEVANT,BRUSH_MASSAGE,3531,137,277,83,8,0,,NONE,1.16,0,83,182,294,134,194,224,173,114,-
gua sha tool,RELEVANT,GUA_SHA,3531,95,,88,8,0,,NONE,1.24,9,131,105,255,158,202,278,-,88,230
jade roller for face,RELEVANT,OTHER,3531,154,,114,1,0,,NONE,1.06,7,-,-,-,-,-,-,-,114,-
acne tools,RELEVANT,OTHER,3531,178,,126,1,0,,NONE,0.92,1,126,-,-,-,-,-,-,-,-
medicub,RELEVANT,OTHER,3531,69,,200,1,0,,NONE,1.07,0,200,-,-,-,-,-,-,-,-
detail brush,RELEVANT,BRUSH_MASSAGE,3531,116,,287,1,0,,NONE,0.82,8,-,-,-,-,-,-,-,-,287
purely white,RELEVANT,OTHER,3531,111,,,0,0,,NONE,1.69,3,-,-,-,-,-,-,-,-,-
badazzle kit,RELEVANT,OTHER,3531,68,,,0,0,,NONE,0.72,0,-,-,-,-,-,-,-,-,-
bling kit,RELEVANT,OTHER,3531,76,,,0,0,,NONE,0.78,0,-,-,-,-,-,-,-,-,-
harrys face brush,RELEVANT,BRUSH_MASSAGE,3529,93,,42,5,0,,NONE,1.07,0,63,-,67,68,-,-,42,64,-
electric gua sha,OFF_CATEGORY,GUA_SHA,3529,41,,33,2,0,,NONE,1.58,12,33,-,-,-,-,-,-,62,-
face tightener,RELEVANT,OTHER,3529,53,,72,3,0,,NONE,1.62,19,94,-,-,-,72,75,-,-,-
clarisonic facial cleansing brush,RELEVANT,BRUSH_MASSAGE,3529,102,,57,2,0,,NONE,1.04,0,57,-,-,-,-,-,114,-,-
facial roller,RELEVANT,OTHER,3529,111,,35,1,0,,NONE,1.04,10,35,-,-,-,-,-,-,-,-
medicube neck,OFF_CATEGORY,JAWLINE_CHIN,3529,96,,108,1,0,,NONE,1.24,0,108,-,-,-,-,-,-,-,-
gua sha cream,OFF_CATEGORY,GUA_SHA,3529,57,,118,1,0,,NONE,1.37,8,-,-,-,-,-,-,-,118,-
exfoliating brush,RELEVANT,BRUSH_MASSAGE,3529,107,,148,4,0,,NONE,1.16,11,148,-,257,-,-,231,196,-,-
fascia massage tool,RELEVANT,BRUSH_MASSAGE,3529,68,,259,1,0,,NONE,1.2,8,259,-,-,-,-,-,-,-,-
valora lymphatic drainage,COMPETITOR_BRAND,DRAINAGE,3529,73,,,0,0,,NONE,2.44,3,-,-,-,-,-,-,-,-,-
contorno,RELEVANT,OTHER,3529,31,109,,0,0,,NONE,0.83,0,-,-,-,-,-,-,-,-,-
maderoterapia kit,RELEVANT,OTHER,3526,33,,76,1,0,,NONE,0.92,22,76,-,-,-,-,-,-,-,-
nose shaper,RELEVANT,OTHER,3526,27,,,0,0,,NONE,0.75,40,-,-,-,-,-,-,-,-,-
pet hair remover glove,RELEVANT,OTHER,3526,111,,,0,0,,NONE,1.8,10,-,-,-,-,-,-,-,-,-
medicube acne products,OFF_CATEGORY,OTHER,3367,56,,124,1,0,,NONE,1.06,0,124,-,-,-,-,-,-,-,-
book bedazzling kit,RELEVANT,OTHER,3367,68,,,0,0,,NONE,0.68,0,-,-,-,-,-,-,-,-,-
kitsch lymphatic brush,COMPETITOR_BRAND,LYMPHATIC,3364,119,50,1,9,4,B0FD354L27|B0GSQW56YT|B0G3685P2S|B0H5MMYNWM,CONSOLIDATED,1.26,0,5,20,21,77,23,19,1,36,65
brightening eye patches,OFF_CATEGORY,OTHER,3364,80,,280,1,0,,NONE,1.46,4,-,-,-,-,-,280,-,-,-
medicube guasha,OFF_CATEGORY,GUA_SHA,3364,130,,,0,0,,NONE,1.18,0,-,-,-,-,-,-,-,-,-
frozen yogurt machine,OFF_CATEGORY,OTHER,3364,4,,,0,0,,NONE,0.54,9,-,-,-,-,-,-,-,-,-
icon,RELEVANT,OTHER,3361,15,,7,1,1,B0G3685P2S,SINGLE,0.78,37,-,-,-,-,-,7,-,-,-
icon tools,COMPETITOR_BRAND,OTHER,3361,6,,34,1,0,,NONE,0.72,0,-,-,-,-,-,34,-,-,-
skincare set for women,RELEVANT,OTHER,3361,38,,270,1,0,,NONE,1.12,2,-,-,-,-,-,-,-,270,-
hydroxyapatite powder,RELEVANT,OTHER,3361,71,,,0,0,,NONE,1.67,16,-,-,-,-,-,-,-,-,-
metacube skin care,RELEVANT,OTHER,3318,83,,81,1,0,,NONE,0.93,0,81,-,-,-,-,-,-,-,-
cleavers lymphatic drainage,OFF_CATEGORY,DRAINAGE,3318,83,,104,1,0,,NONE,1.92,10,104,-,-,-,-,-,-,-,-
jawline,RELEVANT,JAWLINE_CHIN,3315,62,,44,3,0,,NONE,1.11,40,44,192,-,-,-,189,-,-,-
bedazzled gems,RELEVANT,OTHER,3315,74,,,0,0,,NONE,0.65,0,-,-,-,-,-,-,-,-,-
soft brush,RELEVANT,BRUSH_MASSAGE,3313,106,,32,4,0,,NONE,1.05,1,32,-,-,-,94,105,-,287,-
mary ruth's lymphatic support,OFF_CATEGORY,LYMPHATIC,3310,97,,55,1,0,,NONE,1.84,0,55,-,-,-,-,-,-,-,-
nose contour,RELEVANT,CONTOUR,3307,53,,218,1,0,,NONE,0.75,16,-,-,-,-,-,-,-,-,218
badazzling kit,RELEVANT,OTHER,3307,48,,,0,0,,NONE,0.95,0,-,-,-,-,-,-,-,-,-
homemade ice cream maker,OFF_CATEGORY,OTHER,3307,25,,,0,0,,NONE,0.57,1,-,-,-,-,-,-,-,-,-
brush makeup,RELEVANT,BRUSH_MASSAGE,3259,62,,85,1,0,,NONE,0.81,0,-,-,-,-,85,-,-,-,-
eye depuffer,RELEVANT,DEPUFF,3259,45,,113,2,0,,NONE,1.36,1,-,-,-,228,-,-,-,113,-
dry body brush,RELEVANT,BRUSH_MASSAGE,3259,89,,125,5,0,,NONE,1.23,10,125,288,188,278,-,-,-,243,-
facial brushes,RELEVANT,BRUSH_MASSAGE,3256,73,287,57,8,0,,NONE,0.88,10,133,85,145,179,61,99,57,111,-
face sculpting brush,RELEVANT,SCULPTING,3117,115,126,4,9,7,B0FD354L27|B0GSQW56YT|B0GVBQ7P79|B0FD6Y9BX5|B0G3685P2S|B0H5MMYNWM|B0G2XLH8CG,CONSOLIDATED,1.09,3,10,7,14,28,4,6,5,16,50
kitsch terracotta lymphatic contour face brush,COMPETITOR_BRAND,CONTOUR,3117,-,80,1,9,6,B0FD354L27|B0GSQW56YT|B0GVBQ7P79|B0G3685P2S|B0H5MMYNWM|B0G2XLH8CG,CONSOLIDATED,1.23,0,10,5,18,31,23,20,1,11,50
face lymphatic drainage brush,RELEVANT,DRAINAGE,3117,113,95,6,9,7,B0FD354L27|B0GSQW56YT|B0GC3HX5KH|B0FD6Y9BX5|B0G3685P2S|B0H5MMYNWM|B0G2XLH8CG,CONSOLIDATED,1.13,0,19,9,31,20,6,17,12,16,48
dry brush for body,RELEVANT,BRUSH_MASSAGE,3117,88,,127,5,0,,NONE,1.24,3,-,266,192,129,-,127,-,145,-
chin mask,RELEVANT,OTHER,3117,91,,119,1,0,,NONE,1.36,4,119,-,-,-,-,-,-,-,-
cosmetics,RELEVANT,OTHER,3117,2,,150,1,0,,NONE,0.99,4,-,-,-,-,150,-,-,-,-
pore press tool,RELEVANT,OTHER,3117,35,,,0,0,,NONE,1.07,0,-,-,-,-,-,-,-,-,-
wet n wild brush,RELEVANT,BRUSH_MASSAGE,3117,66,,,0,0,,NONE,1,0,-,-,-,-,-,-,-,-,-
anua gua sha,OFF_CATEGORY,GUA_SHA,3027,54,,15,3,1,B0G2XLH8CG,SINGLE,1.28,0,42,-,-,48,-,-,-,15,-
shark depuff,OFF_CATEGORY,DEPUFF,3027,21,,18,1,1,B0GSQW56YT,SINGLE,1.95,0,-,18,-,-,-,-,-,-,-
scultique lymphatic drainage,OFF_CATEGORY,DRAINAGE,3027,27,,116,3,0,,NONE,2.3,0,116,-,-,-,-,188,-,-,252
luxe cosmetics,RELEVANT,OTHER,3027,47,,137,1,0,,NONE,1.32,1,-,-,-,-,-,137,-,-,-
facial cleanser brush,RELEVANT,BRUSH_MASSAGE,3027,52,,90,8,0,,NONE,1.09,0,90,180,301,201,206,260,191,209,-
popular teen girl stuff,RELEVANT,OTHER,3027,2,,,0,0,,NONE,0.9,0,-,-,-,-,-,-,-,-,-
kitsch dry brush,COMPETITOR_BRAND,BRUSH_MASSAGE,3009,92,,2,6,3,B0FD354L27|B0G3685P2S|B0H5MMYNWM,SHARED,1.22,0,16,-,28,39,-,19,2,48,-
lymphatic drainage tools,RELEVANT,DRAINAGE,3009,31,,24,8,0,,NONE,0.97,0,79,42,105,122,24,45,-,68,290
pet hair glove,RELEVANT,OTHER,3009,119,,,0,0,,NONE,1.79,7,-,-,-,-,-,-,-,-,-
refa,RELEVANT,OTHER,3007,4,,2,1,1,B0FD354L27,SINGLE,1.25,4,2,-,-,-,-,-,-,-,-
depuffing wand,RELEVANT,DEPUFF,3007,27,,63,1,0,,NONE,1.71,13,-,-,-,-,63,-,-,-,-
medicube exfoliator,OFF_CATEGORY,OTHER,3007,77,,127,1,0,,NONE,1.03,0,127,-,-,-,-,-,-,-,-
brochas de maquillaje,RELEVANT,OTHER,2677,35,,61,1,0,,NONE,0.91,0,-,-,-,-,61,-,-,-,-
beauty tools,RELEVANT,OTHER,2677,9,,18,5,1,B0FD6Y9BX5,SINGLE,1.14,0,183,-,-,293,18,126,-,95,-
yes day skincare,RELEVANT,OTHER,2677,21,,167,1,0,,NONE,1.12,0,-,-,-,-,-,-,-,167,-
cat flea meds,RELEVANT,OTHER,2677,119,,,0,0,,NONE,1.67,0,-,-,-,-,-,-,-,-,-
lymphatic drainage brush for face,RELEVANT,DRAINAGE,2672,109,81,9,9,6,B0FD354L27|B0GSQW56YT|B0FD6Y9BX5|B0G3685P2S|B0H5MMYNWM|B0G2XLH8CG,CONSOLIDATED,1.18,3,16,9,23,26,10,12,11,19,50
lymphatic drainage oil,OFF_CATEGORY,DRAINAGE,2672,44,,134,3,0,,NONE,1.43,6,-,134,-,-,208,-,-,163,-
lymphatic support,RELEVANT,LYMPHATIC,2672,60,,206,5,0,,NONE,2.12,12,-,206,245,246,-,252,-,253,-
face rollers for women,RELEVANT,OTHER,2670,115,,82,1,0,,NONE,1.15,2,82,-,-,-,-,-,-,-,-
gua sha stainless steel,OFF_CATEGORY,GUA_SHA,2670,99,,184,2,0,,NONE,1.1,0,-,-,194,-,-,-,-,184,-
aeki lymphatic face brush,COMPETITOR_BRAND,LYMPHATIC,2667,123,151,5,9,6,B0FD354L27|B0GSQW56YT|B0GVBQ7P79|B0FD6Y9BX5|B0G3685P2S|B0H5MMYNWM,CONSOLIDATED,1.1,4,5,8,17,39,9,11,12,21,55
dry brush for face,RELEVANT,BRUSH_MASSAGE,2667,106,256,3,9,5,B0GSQW56YT|B0GC3HX5KH|B0FD6Y9BX5|B0H5MMYNWM|B0H93V3MNM,CONSOLIDATED,1.14,1,51,8,32,17,13,22,4,121,3
body makeup brush,RELEVANT,BRUSH_MASSAGE,2667,42,,148,1,0,,NONE,1.14,23,-,-,-,-,148,-,-,-,-
maderoterapia,RELEVANT,OTHER,2665,41,,41,1,0,,NONE,0.87,28,41,-,-,-,-,-,-,-,-
cat flea medication,RELEVANT,OTHER,2665,117,,,0,0,,NONE,1.86,0,-,-,-,-,-,-,-,-,-
blending brush,RELEVANT,BRUSH_MASSAGE,2665,81,,,0,0,,NONE,0.89,10,-,-,-,-,-,-,-,-,-
calcium stick for face,RELEVANT,OTHER,2662,65,,89,1,0,,NONE,0.98,0,89,-,-,-,-,-,-,-,-
neck roller,RELEVANT,JAWLINE_CHIN,2662,51,,97,1,0,,NONE,0.94,3,97,-,-,-,-,-,-,-,-
scalp scratcher,RELEVANT,OTHER,2662,25,,102,1,0,,NONE,0.89,5,102,-,-,-,-,-,-,-,-
tca chemical peel,RELEVANT,OTHER,2662,9,,103,1,0,,NONE,1.35,0,103,-,-,-,-,-,-,-,-
makeup brushes & tools,RELEVANT,BRUSH_MASSAGE,2662,33,,34,5,0,,NONE,0.92,0,-,-,-,303,34,299,-,115,270
bedazzling kit small gems,RELEVANT,OTHER,2662,42,,,0,0,,NONE,0.75,0,-,-,-,-,-,-,-,-,-
facial scrub brush,RELEVANT,BRUSH_MASSAGE,2659,75,,25,7,0,,NONE,1.17,0,53,186,214,220,255,200,25,-,-
clarisonic,RELEVANT,OTHER,2659,47,,42,1,0,,NONE,1.06,22,42,-,-,-,-,-,-,-,-
face cupping,OFF_CATEGORY,OTHER,2659,58,,92,1,0,,NONE,1.09,16,92,-,-,-,-,-,-,-,-
edges brush,RELEVANT,BRUSH_MASSAGE,2659,73,,198,1,0,,NONE,0.71,0,-,-,-,-,-,-,-,198,-
gelly brush,RELEVANT,BRUSH_MASSAGE,2659,18,34,,0,0,,NONE,0.68,2,-,-,-,-,-,-,-,-,-
allure winner,RELEVANT,OTHER,2657,25,,2,1,1,B0FD354L27,SINGLE,1.28,0,2,-,-,-,-,-,-,-,-
make beauty,RELEVANT,OTHER,2657,29,,33,4,0,,NONE,0.88,5,148,-,-,-,33,-,291,241,-
makeup brishes,RELEVANT,OTHER,2657,76,,285,1,0,,NONE,1,0,-,-,-,-,285,-,-,-,-
mask brush,RELEVANT,BRUSH_MASSAGE,2657,77,,,0,0,,NONE,0.6,21,-,-,-,-,-,-,-,-,-
face gua sha,RELEVANT,GUA_SHA,2654,69,233,11,9,1,B0G2XLH8CG,SINGLE,1.14,1,30,77,259,94,133,183,97,11,248
mask applicator,RELEVANT,OTHER,2654,94,,72,1,0,,NONE,0.56,27,72,-,-,-,-,-,-,-,-
makeuo brushes,RELEVANT,BRUSH_MASSAGE,2654,57,,299,1,0,,NONE,0.99,0,-,-,-,-,299,-,-,-,-
cellulite roller,RELEVANT,OTHER,2652,39,,91,1,0,,NONE,1.12,7,91,-,-,-,-,-,-,-,-
cream bronzer brush,OFF_CATEGORY,BRUSH_MASSAGE,2652,19,,286,1,0,,NONE,1,0,-,-,-,-,-,-,-,-,286
ice cream ball,OFF_CATEGORY,OTHER,2652,13,,,0,0,,NONE,0.67,3,-,-,-,-,-,-,-,-,-
guasha tool for body,RELEVANT,GUA_SHA,2649,70,,84,4,0,,NONE,0.94,4,84,98,229,302,-,-,-,-,-
hand brush,RELEVANT,BRUSH_MASSAGE,2649,93,,231,2,0,,NONE,0.83,2,-,-,-,-,303,-,-,-,231
pore cleaner tool,RELEVANT,OTHER,2649,57,,,0,0,,NONE,1.19,2,-,-,-,-,-,-,-,-,-
facial lymphatic drainage brush,RELEVANT,DRAINAGE,2564,95,91,7,9,7,B0FD354L27|B0GSQW56YT|B0GVBQ7P79|B0FD6Y9BX5|B0G3685P2S|B0H5MMYNWM|B0G2XLH8CG,CONSOLIDATED,1.21,1,12,8,18,24,7,17,10,16,86
skincare tools,RELEVANT,OTHER,2564,19,,36,5,0,,NONE,1.04,2,257,-,-,-,36,114,-,113,264
pattern beauty,RELEVANT,OTHER,2564,25,,161,1,0,,NONE,1.27,41,-,-,161,-,-,-,-,-,-
repelente para gatos,RELEVANT,OTHER,2564,41,,,0,0,,NONE,1.66,0,-,-,-,-,-,-,-,-,-
derma roller for face,RELEVANT,OTHER,2562,66,,89,1,0,,NONE,1.08,8,89,-,-,-,-,-,-,-,-
small makeup brush,RELEVANT,BRUSH_MASSAGE,2562,75,,118,2,0,,NONE,0.91,2,289,-,-,-,118,-,-,-,-
travel size makeup brushes,RELEVANT,BRUSH_MASSAGE,2562,48,,277,1,0,,NONE,0.77,1,-,-,-,-,277,-,-,-,-
lymphatic drainage face brush,RELEVANT,DRAINAGE,2559,96,115,8,9,3,B0GSQW56YT|B0FD6Y9BX5|B0H5MMYNWM,SHARED,1.09,2,26,13,22,25,8,21,10,24,58
facial massage tool,RELEVANT,BRUSH_MASSAGE,2559,27,,7,7,1,B0FD6Y9BX5,SINGLE,1.29,3,67,61,148,102,7,52,-,58,-
kitsch brush face,COMPETITOR_BRAND,BRUSH_MASSAGE,2557,94,,2,6,5,B0FD354L27|B0GVBQ7P79|B0GC3HX5KH|B0G3685P2S|B0H5MMYNWM,CONSOLIDATED,1.1,0,20,-,19,6,-,10,2,22,-
face massager lymphatic drainage,RELEVANT,DRAINAGE,2557,47,233,14,8,1,B0FD6Y9BX5,SINGLE,1.33,0,31,21,106,99,14,49,25,38,-
￼lymphatic drainage,RELEVANT,DRAINAGE,2557,44,,31,9,0,,NONE,2.47,0,31,145,216,220,73,196,153,184,295
ice cream maker ball,OFF_CATEGORY,OTHER,2557,15,,,0,0,,NONE,0.75,1,-,-,-,-,-,-,-,-,-
facial brush for lymphatic drainage,RELEVANT,DRAINAGE,2343,89,83,1,9,7,B0FD354L27|B0GSQW56YT|B0GVBQ7P79|B0FD6Y9BX5|B0G3685P2S|B0H5MMYNWM|B0G2XLH8CG,CONSOLIDATED,1.12,2,1,7,12,23,10,11,6,13,60
reduce,RELEVANT,OTHER,2341,9,,42,2,0,,NONE,1.01,32,42,-,-,-,-,48,-,-,-
guasha brush for face,RELEVANT,GUA_SHA,2338,86,80,3,9,5,B0FD354L27|B0GSQW56YT|B0FD6Y9BX5|B0H5MMYNWM|B0G2XLH8CG,CONSOLIDATED,1.02,1,11,7,38,66,4,21,3,9,71
face care set for women,RELEVANT,OTHER,2335,18,,261,1,0,,NONE,0.95,0,-,-,-,-,-,-,-,261,-
wooden massage tools,RELEVANT,BRUSH_MASSAGE,2333,40,,13,4,1,B0FD354L27,SINGLE,0.84,0,13,-,141,273,-,-,-,-,271
makeup puffs,RELEVANT,DEPUFF,2333,101,,283,1,0,,NONE,0.73,2,-,-,-,-,283,-,-,-,-
night shift essentials,RELEVANT,OTHER,2330,17,,255,1,0,,NONE,1.42,1,255,-,-,-,-,-,-,-,-
icons,RELEVANT,OTHER,2305,1,,26,1,0,,NONE,0.45,10,-,-,-,-,-,26,-,-,-
kitsh,RELEVANT,OTHER,2305,53,,7,2,1,B0H5MMYNWM,SINGLE,1.29,0,-,-,-,-,-,-,7,177,-
dual ended makeup brush,RELEVANT,BRUSH_MASSAGE,2305,28,,42,1,0,,NONE,1.09,2,-,-,-,-,-,-,-,42,-
kitsch lymphatic drainage face brush,COMPETITOR_BRAND,DRAINAGE,2302,92,143,2,9,6,B0FD354L27|B0GSQW56YT|B0GVBQ7P79|B0FD6Y9BX5|B0H5MMYNWM|B0G2XLH8CG,CONSOLIDATED,1.22,0,11,6,12,41,18,23,2,20,48
instant ice cream maker,OFF_CATEGORY,OTHER,2302,3,,,0,0,,NONE,0.71,6,-,-,-,-,-,-,-,-,-
pet fur remover,RELEVANT,OTHER,2302,90,,,0,0,,NONE,1.63,0,-,-,-,-,-,-,-,-,-
double chin remover,RELEVANT,JAWLINE_CHIN,2299,26,,31,1,0,,NONE,1.24,0,31,-,-,-,-,-,-,-,-
rose quartz gua sha,RELEVANT,GUA_SHA,2299,98,,32,1,0,,NONE,1.16,8,-,-,-,-,-,-,-,32,-
dr milaxin,RELEVANT,OTHER,2299,28,,64,1,0,,NONE,1.1,0,64,-,-,-,-,-,-,-,-
kitch face brush,RELEVANT,BRUSH_MASSAGE,2297,84,,2,6,5,B0FD354L27|B0GSQW56YT|B0G3685P2S|B0H5MMYNWM|B0G2XLH8CG,CONSOLIDATED,1.09,0,17,7,-,22,-,18,2,19,-
it cosmetics do it all,RELEVANT,OTHER,2297,5,,168,2,0,,NONE,1,0,-,-,-,-,168,-,-,171,-
neck firming,RELEVANT,JAWLINE_CHIN,2297,42,,106,1,0,,NONE,1.36,12,106,-,-,-,-,-,-,-,-
travel eye patches,OFF_CATEGORY,OTHER,2297,83,,250,1,0,,NONE,1.61,0,-,-,-,-,-,250,-,-,-
face cleanser brush,RELEVANT,BRUSH_MASSAGE,2294,27,,93,7,0,,NONE,1.16,0,93,173,215,195,189,205,185,-,-
operation niki storefront,RELEVANT,OTHER,2294,5,,,0,0,,NONE,1.47,0,-,-,-,-,-,-,-,-,-
bedazzling beads,RELEVANT,OTHER,2294,35,,,0,0,,NONE,0.58,0,-,-,-,-,-,-,-,-,-
anti snore,RELEVANT,OTHER,2294,55,,,0,0,,NONE,1.44,9,-,-,-,-,-,-,-,-,-
kitsch lymphatic face brush,COMPETITOR_BRAND,LYMPHATIC,2227,74,60,2,9,5,B0GSQW56YT|B0GVBQ7P79|B0FD6Y9BX5|B0G3685P2S|B0H5MMYNWM,CONSOLIDATED,1.13,0,25,18,20,43,8,10,2,37,46
shelby ann makeup storefront,RELEVANT,OTHER,2227,43,,63,1,0,,NONE,0.87,0,63,-,-,-,-,-,-,-,-
skin spatula,RELEVANT,OTHER,2227,41,,66,1,0,,NONE,1.14,14,66,-,-,-,-,-,-,-,-
neck mask for tightening and firming,RELEVANT,JAWLINE_CHIN,2227,37,,93,1,0,,NONE,1.28,1,93,-,-,-,-,-,-,-,-
facial ice roller,RELEVANT,OTHER,2227,59,,95,1,0,,NONE,1.08,2,95,-,-,-,-,-,-,-,-
face wash scrubber,RELEVANT,OTHER,2227,70,,149,1,0,,NONE,1.12,0,149,-,-,-,-,-,-,-,-
under eye roller,RELEVANT,OTHER,2227,46,,267,1,0,,NONE,1.13,1,267,-,-,-,-,-,-,-,-
luxe makeup,RELEVANT,OTHER,2227,50,,296,1,0,,NONE,1.3,0,-,-,-,-,-,296,-,-,-
rolled ice cream maker kit,OFF_CATEGORY,OTHER,2227,26,,,0,0,,NONE,0.67,12,-,-,-,-,-,-,-,-,-
hifu machine for face,OFF_CATEGORY,OTHER,2227,1,,,0,0,,NONE,1.35,0,-,-,-,-,-,-,-,-,-
face slimmer,RELEVANT,OTHER,2225,38,,32,2,0,,NONE,1.12,2,-,-,-,79,-,-,-,32,-
lymphatic drainage massage,RELEVANT,DRAINAGE,2225,18,,25,9,0,,NONE,1.09,5,64,35,134,245,25,76,27,61,209
mesicube,RELEVANT,OTHER,2225,38,,209,1,0,,NONE,1.04,0,209,-,-,-,-,-,-,-,-
iconic,RELEVANT,OTHER,2001,12,,71,1,0,,NONE,0.98,46,-,-,-,-,-,71,-,-,-
lift,RELEVANT,OTHER,2001,1,,173,1,0,,NONE,1.61,45,-,-,-,-,-,-,-,-,173
bedazzling kit 2mm,RELEVANT,OTHER,2001,21,,,0,0,,NONE,0.56,0,-,-,-,-,-,-,-,-,-
kojeva,COMPETITOR_BRAND,OTHER,1999,35,,16,5,1,B0G3685P2S,SINGLE,1.09,0,24,-,27,34,-,16,-,30,-
exfoliating face brush,RELEVANT,BRUSH_MASSAGE,1999,52,299,34,8,0,,NONE,1.15,3,34,154,199,124,195,212,70,50,-
allure best of beauty winners 2026,RELEVANT,OTHER,1999,13,,17,1,1,B0FD354L27,SINGLE,1.63,0,17,-,-,-,-,-,-,-,-
ultrasonic skin scrubber,RELEVANT,OTHER,1999,35,,54,1,0,,NONE,1.18,1,54,-,-,-,-,-,-,-,-
makeup tools,RELEVANT,OTHER,1999,8,,39,3,0,,NONE,0.77,2,-,-,-,-,39,-,-,132,209
kitsch contour face brush,COMPETITOR_BRAND,CONTOUR,1996,67,126,2,9,6,B0FD354L27|B0GSQW56YT|B0FD6Y9BX5|B0G3685P2S|B0H5MMYNWM|B0G2XLH8CG,CONSOLIDATED,1.02,0,20,17,24,21,8,4,2,7,46
face cleaner tool,RELEVANT,OTHER,1996,51,,37,1,0,,NONE,1.15,0,37,-,-,-,-,-,-,-,-
anua visibly firming gua sha,OFF_CATEGORY,GUA_SHA,1993,52,,28,2,0,,NONE,1.26,0,-,28,-,-,-,-,-,39,-
face exfoliator tool,RELEVANT,OTHER,1993,22,,102,6,0,,NONE,1.3,0,102,186,219,114,220,301,-,-,-
real techniques brush,RELEVANT,BRUSH_MASSAGE,1993,27,,134,3,0,,NONE,0.89,0,134,-,-,-,166,-,149,-,-
brocha para base de maquillaje,RELEVANT,OTHER,1993,39,,129,1,0,,NONE,1.06,0,-,-,-,-,129,-,-,-,-
guasha brush,RELEVANT,GUA_SHA,1983,68,85,3,9,3,B0GSQW56YT|B0FD6Y9BX5|B0G3685P2S,SHARED,1.08,0,21,13,116,55,3,19,39,66,114
countour,RELEVANT,OTHER,1983,31,,36,9,0,,NONE,0.97,0,86,90,187,160,64,85,36,144,155
face tools,RELEVANT,OTHER,1983,28,,15,8,1,B0FD6Y9BX5,SINGLE,1.11,0,126,101,253,157,15,97,-,100,232
washa,RELEVANT,OTHER,1983,46,,25,1,0,,NONE,0.9,1,25,-,-,-,-,-,-,-,-
face scraper,RELEVANT,OTHER,1983,23,,40,2,0,,NONE,0.95,11,40,-,-,122,-,-,-,-,-
lymporia,RELEVANT,OTHER,1983,32,,51,1,0,,NONE,1.92,0,51,-,-,-,-,-,-,-,-
bronzer brush for face,RELEVANT,BRUSH_MASSAGE,1983,71,282,111,4,0,,NONE,1.06,2,-,-,-,192,111,174,116,-,-
face roller set,RELEVANT,OTHER,1983,53,,87,1,0,,NONE,1.13,8,87,-,-,-,-,-,-,-,-
body sculpting tools,RELEVANT,SCULPTING,1983,29,,37,3,0,,NONE,0.99,10,-,37,267,-,-,-,-,177,-
luxe face makeup,RELEVANT,OTHER,1983,19,,106,1,0,,NONE,1.56,0,-,-,-,-,-,106,-,-,-
fascia roller,RELEVANT,OTHER,1983,39,,113,1,0,,NONE,1.16,4,113,-,-,-,-,-,-,-,-
under glow,RELEVANT,OTHER,1983,14,,231,1,0,,NONE,1.02,4,-,-,-,-,231,-,-,-,-
skin gym,RELEVANT,OTHER,1983,22,,247,1,0,,NONE,1.07,0,247,-,-,-,-,-,-,-,-
makeup brushed,RELEVANT,BRUSH_MASSAGE,1983,55,,265,1,0,,NONE,0.96,0,-,-,-,-,265,-,-,-,-
fem lymphatic drainage,RELEVANT,DRAINAGE,1983,15,,,0,0,,NONE,2.2,6,-,-,-,-,-,-,-,-,-
ice cream tray,OFF_CATEGORY,OTHER,1983,23,,,0,0,,NONE,0.54,14,-,-,-,-,-,-,-,-,-
cat hair glove,RELEVANT,OTHER,1983,80,,,0,0,,NONE,1.71,0,-,-,-,-,-,-,-,-,-
skin tightening device,RELEVANT,OTHER,1983,9,,,0,0,,NONE,1.74,2,-,-,-,-,-,-,-,-,-
cat flea drops,OFF_CATEGORY,OTHER,1983,93,,,0,0,,NONE,2.27,1,-,-,-,-,-,-,-,-,-
lymphatic drainage massager face,RELEVANT,DRAINAGE,1981,37,272,9,8,3,B0FD354L27|B0GSQW56YT|B0FD6Y9BX5,SHARED,1.43,0,17,16,110,96,9,36,24,39,-
face shaper,RELEVANT,OTHER,1981,32,191,12,5,1,B0FD354L27,SINGLE,1.23,1,12,63,-,76,57,-,-,-,110
gwashah,RELEVANT,OTHER,1981,57,,45,2,0,,NONE,1.12,1,-,-,-,58,-,-,-,45,-
jiju korean skin care,RELEVANT,OTHER,1981,33,,24,1,0,,NONE,1.29,0,24,-,-,-,-,-,-,-,-
skult collagen face sculpt wrap,OFF_CATEGORY,SCULPTING,1981,52,,31,1,0,,NONE,1.31,3,31,-,-,-,-,-,-,-,-
gua sha tools,RELEVANT,GUA_SHA,1981,42,,36,7,0,,NONE,1.26,4,74,41,226,264,89,270,-,36,-
tarte brush,RELEVANT,BRUSH_MASSAGE,1981,47,,45,1,0,,NONE,1.16,0,-,-,-,-,-,-,-,45,-
chinology double chin lifting mask,RELEVANT,JAWLINE_CHIN,1981,17,,49,1,0,,NONE,1.43,6,49,-,-,-,-,-,-,-,-
face cupping set,OFF_CATEGORY,OTHER,1981,41,,68,1,0,,NONE,1.05,5,68,-,-,-,-,-,-,-,-
jawline mask,RELEVANT,JAWLINE_CHIN,1981,34,,77,1,0,,NONE,1.33,1,77,-,-,-,-,-,-,-,-
neck lifting mask,RELEVANT,JAWLINE_CHIN,1981,39,,109,1,0,,NONE,1.32,2,109,-,-,-,-,-,-,-,-
medicube travel,OFF_CATEGORY,OTHER,1981,42,,110,1,0,,NONE,0.86,0,110,-,-,-,-,-,-,-,-
heated gua sha,RELEVANT,GUA_SHA,1981,22,,115,1,0,,NONE,1.54,9,-,-,-,-,-,-,-,115,-
grey contour,RELEVANT,CONTOUR,1981,33,,122,1,0,,NONE,0.91,6,122,-,-,-,-,-,-,-,-
medicube kit skincare set,OFF_CATEGORY,OTHER,1981,15,,140,1,0,,NONE,0.72,0,140,-,-,-,-,-,-,-,-
medicude,RELEVANT,OTHER,1981,36,,198,1,0,,NONE,1.1,0,198,-,-,-,-,-,-,-,-
compact brush,RELEVANT,BRUSH_MASSAGE,1981,43,,225,1,0,,NONE,0.81,1,225,-,-,-,-,-,-,-,-
face patches,RELEVANT,OTHER,1981,14,,291,1,0,,NONE,1.83,0,-,-,-,-,-,291,-,-,-
facial bed,RELEVANT,OTHER,1981,1,,301,1,0,,NONE,1.36,16,-,-,-,-,-,301,-,-,-
travel makeup brush,RELEVANT,BRUSH_MASSAGE,1981,27,,304,1,0,,NONE,0.77,13,-,-,-,-,304,-,-,-,-
icecream makers countertop,OFF_CATEGORY,OTHER,1981,16,,,0,0,,NONE,0.62,0,-,-,-,-,-,-,-,-,-
diamond art beads,RELEVANT,OTHER,1981,32,,,0,0,,NONE,0.7,3,-,-,-,-,-,-,-,-,-
pet hair removal,RELEVANT,OTHER,1957,56,,,0,0,,NONE,1.49,12,-,-,-,-,-,-,-,-,-
face dry brush,RELEVANT,BRUSH_MASSAGE,1952,57,124,2,9,4,B0GSQW56YT|B0GC3HX5KH|B0FD6Y9BX5|B0H5MMYNWM,CONSOLIDATED,1.17,0,55,7,36,16,10,25,2,22,84
rephr brushes,RELEVANT,BRUSH_MASSAGE,1952,20,,71,1,0,,NONE,1.16,0,-,-,-,-,-,-,-,71,-
makeup brushes real techniques,RELEVANT,BRUSH_MASSAGE,1950,24,,200,3,0,,NONE,0.93,0,204,-,-,-,218,-,200,-,-
ice cream makers countertop,OFF_CATEGORY,OTHER,1945,13,,,0,0,,NONE,0.59,0,-,-,-,-,-,-,-,-,-
chin strap for double chin for women,OFF_CATEGORY,JAWLINE_CHIN,1873,49,,39,1,0,,NONE,1.2,1,39,-,-,-,-,-,-,-,-
face washer,RELEVANT,OTHER,1873,42,,82,1,0,,NONE,1.18,0,82,-,-,-,-,-,-,-,-
eye brow brush for women,RELEVANT,BRUSH_MASSAGE,1873,81,,251,1,0,,NONE,0.81,1,-,-,-,-,251,-,-,-,-
cat flea treatment topical,RELEVANT,OTHER,1873,71,,,0,0,,NONE,1.9,1,-,-,-,-,-,-,-,-,-
gushau,RELEVANT,OTHER,1870,58,,39,2,0,,NONE,1.13,0,39,-,-,44,-,-,-,-,-
ice face mold,RELEVANT,OTHER,1870,58,,47,1,0,,NONE,0.84,1,47,-,-,-,-,-,-,-,-
fascia stick,RELEVANT,OTHER,1870,56,,67,1,0,,NONE,0.89,6,67,-,-,-,-,-,-,-,-
love handle,RELEVANT,OTHER,1870,31,,72,1,0,,NONE,0.69,0,-,-,-,72,-,-,-,-,-
cool tools,RELEVANT,OTHER,1870,3,,,0,0,,NONE,1.05,0,-,-,-,-,-,-,-,-,-
cepillo facial para la cara,OFF_CATEGORY,OTHER,1867,32,183,2,8,4,B0FD354L27|B0FD6Y9BX5|B0G3685P2S|B0H5MMYNWM,CONSOLIDATED,1.21,0,2,26,85,63,20,18,19,59,-
pritech facial cleansing brush,RELEVANT,BRUSH_MASSAGE,1867,59,,54,1,0,,NONE,1.18,1,-,-,-,-,-,-,54,-,-
face scrubber electric,OFF_CATEGORY,OTHER,1867,43,,94,1,0,,NONE,1.09,1,94,-,-,-,-,-,-,-,-
anisa beauty brushes,RELEVANT,BRUSH_MASSAGE,1867,30,,97,1,0,,NONE,1.1,0,-,-,-,-,-,-,-,97,-
medicube face,OFF_CATEGORY,OTHER,1867,33,,142,1,0,,NONE,1.02,0,142,-,-,-,-,-,-,-,-
mens face scrubber,RELEVANT,OTHER,1867,49,,295,1,0,,NONE,1.35,0,-,-,-,295,-,-,-,-,-
kitsch face brush for lymphatic drainage,COMPETITOR_BRAND,DRAINAGE,1865,31,136,2,9,6,B0FD354L27|B0GSQW56YT|B0GVBQ7P79|B0FD6Y9BX5|B0H5MMYNWM|B0G2XLH8CG,CONSOLIDATED,1.24,0,10,4,11,35,9,21,2,19,41
face massage,RELEVANT,BRUSH_MASSAGE,1865,22,,7,9,2,B0FD6Y9BX5|B0H5MMYNWM,SHARED,1.13,2,40,70,207,196,7,66,17,100,225
body dry brush,RELEVANT,BRUSH_MASSAGE,1865,37,,107,4,0,,NONE,1.23,2,111,255,107,-,-,-,-,191,-
natural bristle brush,RELEVANT,BRUSH_MASSAGE,1865,26,,219,3,0,,NONE,1.08,2,219,-,224,-,-,238,-,-,-
brush picks,RELEVANT,BRUSH_MASSAGE,1865,79,,276,1,0,,NONE,1.11,3,276,-,-,-,-,-,-,-,-
beauty skincare,RELEVANT,OTHER,1865,3,,277,1,0,,NONE,1.24,0,-,-,-,-,277,-,-,-,-
nexcia fascia blaster,RELEVANT,OTHER,1862,15,,5,1,1,B0FD354L27,SINGLE,1.53,0,5,-,-,-,-,-,-,-,-
gem kit,RELEVANT,OTHER,1862,29,,,0,0,,NONE,0.76,1,-,-,-,-,-,-,-,-,-
cat flea pills,OFF_CATEGORY,OTHER,1862,56,,,0,0,,NONE,2.53,0,-,-,-,-,-,-,-,-,-
contour brushes for makeup,RELEVANT,CONTOUR,1757,61,,56,8,0,,NONE,0.94,0,56,-,190,186,90,72,62,203,248
medicube brush,OFF_CATEGORY,BRUSH_MASSAGE,1757,35,,66,2,0,,NONE,1.02,0,66,-,-,-,-,78,-,-,-
facial tools for skin care,RELEVANT,OTHER,1757,26,,42,6,0,,NONE,1.18,0,129,141,235,-,42,118,-,132,-
facial brushes esthetician,RELEVANT,BRUSH_MASSAGE,1754,34,277,33,8,0,,NONE,0.68,11,33,106,208,174,86,101,66,91,-
self massage tools,RELEVANT,BRUSH_MASSAGE,1754,19,,28,5,0,,NONE,1.26,0,28,288,-,-,84,81,-,272,-
body gua sha tool,RELEVANT,GUA_SHA,1754,12,,97,5,0,,NONE,1.01,8,97,200,258,279,-,-,-,235,-
bedazzling kit different sized gems,RELEVANT,OTHER,1754,27,,,0,0,,NONE,0.65,0,-,-,-,-,-,-,-,-,-
lymphatic contour face brush kitsch,COMPETITOR_BRAND,CONTOUR,1693,67,92,1,9,6,B0FD354L27|B0GSQW56YT|B0FD6Y9BX5|B0G3685P2S|B0H5MMYNWM|B0G2XLH8CG,CONSOLIDATED,1.15,0,2,13,27,65,10,16,1,20,53
real techniques expert face brush,RELEVANT,BRUSH_MASSAGE,1693,55,,21,2,0,,NONE,1.14,0,38,-,-,-,-,-,-,21,-
meridian massage brush,RELEVANT,BRUSH_MASSAGE,1693,44,,46,2,0,,NONE,1.03,33,46,-,-,64,-,-,-,-,-
pore vacuum for face,RELEVANT,OTHER,1693,41,,17,1,1,B0FD354L27,SINGLE,1.08,1,17,-,-,-,-,-,-,-,-
rowe casa,RELEVANT,OTHER,1693,14,,24,1,0,,NONE,1.68,0,24,-,-,-,-,-,-,-,-
contour makeup,RELEVANT,CONTOUR,1693,37,,66,5,0,,NONE,0.92,0,-,-,-,-,139,184,66,169,242
eyelid lift,RELEVANT,OTHER,1693,19,,180,1,0,,NONE,1.06,12,180,-,-,-,-,-,-,-,-
wood brush,RELEVANT,BRUSH_MASSAGE,1693,28,,216,2,0,,NONE,0.87,0,-,-,216,222,-,-,-,-,-
massage neck,RELEVANT,JAWLINE_CHIN,1693,30,,296,1,0,,NONE,1.49,0,-,-,-,-,-,296,-,-,-
anua retinol guasha,OFF_CATEGORY,GUA_SHA,1693,26,,,0,0,,NONE,0.97,0,-,-,-,-,-,-,-,-,-
fluffy makeup brush,RELEVANT,BRUSH_MASSAGE,1693,41,,,0,0,,NONE,1,3,-,-,-,-,-,-,-,-,-
lymphatic face brush curved,RELEVANT,LYMPHATIC,1690,56,137,5,9,5,B0FD354L27|B0GSQW56YT|B0GVBQ7P79|B0FD6Y9BX5|B0G3685P2S,CONSOLIDATED,1.06,0,10,8,13,101,11,5,22,23,64
body brush lymphatic drainage,RELEVANT,DRAINAGE,1690,44,244,47,9,0,,NONE,1.2,0,166,102,49,67,151,60,159,47,180
hairtamin miracle brush,RELEVANT,BRUSH_MASSAGE,1690,16,,20,1,1,B0FD354L27,SINGLE,1.06,0,20,-,-,-,-,-,-,-,-
fascia tool,RELEVANT,OTHER,1690,33,,22,1,0,,NONE,1.15,3,22,-,-,-,-,-,-,-,-
skincare makeup,RELEVANT,OTHER,1690,7,,37,1,0,,NONE,1.22,2,-,-,-,-,37,-,-,-,-
westman atelier contour stick,RELEVANT,CONTOUR,1690,14,,60,1,0,,NONE,0.95,0,60,-,-,-,-,-,-,-,-
under eye brush,RELEVANT,BRUSH_MASSAGE,1690,62,,144,5,0,,NONE,1.02,3,163,-,-,272,144,164,-,206,-
harrys face wash brush,RELEVANT,BRUSH_MASSAGE,1690,47,,70,1,0,,NONE,1.09,0,-,-,-,-,-,-,-,70,-
mary ruth lymphatic,OFF_CATEGORY,LYMPHATIC,1690,22,,94,1,0,,NONE,1.96,0,-,-,-,-,-,-,-,94,-
makeup rounds,RELEVANT,OTHER,1690,91,,194,1,0,,NONE,1.38,0,-,-,-,-,-,-,-,-,194
wood massage tools,RELEVANT,BRUSH_MASSAGE,1690,29,,158,3,0,,NONE,0.89,0,-,158,180,294,-,-,-,-,-
facial oil for gua sha,OFF_CATEGORY,GUA_SHA,1690,57,,209,2,0,,NONE,1.39,1,-,-,209,-,-,-,-,256,-
skin care sets,RELEVANT,OTHER,1690,14,,252,1,0,,NONE,1.07,0,-,-,252,-,-,-,-,-,-
face sculpting brush lymphatic,RELEVANT,SCULPTING,1687,53,144,5,9,6,B0FD354L27|B0GSQW56YT|B0GVBQ7P79|B0FD6Y9BX5|B0G3685P2S|B0H5MMYNWM,CONSOLIDATED,1.21,0,9,5,15,31,8,7,16,21,65
face scrubber brush,RELEVANT,BRUSH_MASSAGE,1687,42,,96,8,0,,NONE,1.11,0,96,177,211,208,190,200,160,189,-
jade gua sha tools,RELEVANT,GUA_SHA,1687,50,,40,2,0,,NONE,1.1,0,-,-,-,138,-,-,-,40,-
ashley black fascia blaster,RELEVANT,OTHER,1687,7,,42,1,0,,NONE,1.2,0,42,-,-,-,-,-,-,-,-
leg roller for lymphatic drainage,RELEVANT,DRAINAGE,1687,41,,68,1,0,,NONE,1.02,0,68,-,-,-,-,-,-,-,-
facial spatula,RELEVANT,OTHER,1687,46,,68,1,0,,NONE,0.64,5,68,-,-,-,-,-,-,-,-
pore brush,RELEVANT,BRUSH_MASSAGE,1687,39,191,136,3,0,,NONE,0.85,4,-,-,-,143,-,161,136,-,-
face mask brush applicator,RELEVANT,BRUSH_MASSAGE,1687,53,67,106,1,0,,NONE,0.88,4,-,-,-,106,-,-,-,-,-
parts cleaning brush,RELEVANT,BRUSH_MASSAGE,1687,67,,177,1,0,,NONE,0.96,23,177,-,-,-,-,-,-,-,-
glow beauty hair brush,RELEVANT,BRUSH_MASSAGE,1687,12,,193,2,0,,NONE,0.94,0,-,209,-,-,-,-,-,193,-
clamp brush,RELEVANT,BRUSH_MASSAGE,1597,12,,94,1,0,,NONE,0.93,10,94,-,-,-,-,-,-,-,-
it cosmetics brush,RELEVANT,BRUSH_MASSAGE,1597,26,,96,2,0,,NONE,1.31,0,-,-,-,-,-,-,-,96,247
contour kit,RELEVANT,CONTOUR,1394,35,,88,2,0,,NONE,0.84,11,-,-,254,-,88,-,-,-,-
face oil gua sha,OFF_CATEGORY,GUA_SHA,1356,58,218,49,4,0,,NONE,1.4,0,-,130,226,-,-,201,-,49,-
my kitsch lymphatic contour face brush,COMPETITOR_BRAND,CONTOUR,1320,64,99,2,9,6,B0FD354L27|B0GSQW56YT|B0GVBQ7P79|B0FD6Y9BX5|B0G3685P2S|B0H5MMYNWM,CONSOLIDATED,1.33,0,8,18,11,27,12,10,2,58,40
peel brush,RELEVANT,BRUSH_MASSAGE,1320,13,,15,2,1,B0GC3HX5KH,SINGLE,0.73,1,-,46,-,15,-,-,-,-,-
dry brushing,RELEVANT,BRUSH_MASSAGE,1320,31,,32,7,0,,NONE,1.24,37,49,56,83,87,-,32,-,112,149
face debloat,RELEVANT,OTHER,1320,25,,2,5,1,B0FD354L27,SINGLE,1.57,1,2,-,-,73,85,93,-,112,-
exfoliating brush for face,RELEVANT,BRUSH_MASSAGE,1320,41,,40,8,0,,NONE,1.17,0,40,166,186,132,177,111,83,116,-
harrys facial cleansing brush,RELEVANT,BRUSH_MASSAGE,1320,21,,21,3,0,,NONE,1.05,0,-,-,101,-,-,-,21,90,-
lymphatic drain,RELEVANT,LYMPHATIC,1320,31,236,54,6,0,,NONE,2.25,0,54,88,-,-,184,111,-,168,232
dermaq sculpt 3 pro,RELEVANT,SCULPTING,1320,22,,35,1,0,,NONE,1.78,0,35,-,-,-,-,-,-,-,-
elf contour brush,RELEVANT,CONTOUR,1320,45,,40,1,0,,NONE,1.02,0,40,-,-,-,-,-,-,-,-
professional makeup brushes,RELEVANT,BRUSH_MASSAGE,1320,14,,42,1,0,,NONE,0.88,6,-,-,-,-,42,-,-,-,-
limpieza facial,RELEVANT,OTHER,1320,5,,46,1,0,,NONE,1.59,0,46,-,-,-,-,-,-,-,-
smile lines,RELEVANT,OTHER,1320,24,,61,1,0,,NONE,1.46,11,61,-,-,-,-,-,-,-,-
gua sha medicube,OFF_CATEGORY,GUA_SHA,1320,34,,64,1,0,,NONE,1.31,0,-,-,-,-,-,-,-,64,-
face brush cleanser,RELEVANT,BRUSH_MASSAGE,1320,44,,92,4,0,,NONE,1.16,0,92,-,196,203,-,-,181,-,-
micro current facial devices,RELEVANT,OTHER,1320,15,,71,1,0,,NONE,1.9,0,71,-,-,-,-,-,-,-,-
body sculpt cup,RELEVANT,SCULPTING,1320,9,,72,1,0,,NONE,1.23,13,72,-,-,-,-,-,-,-,-
angel brush,RELEVANT,BRUSH_MASSAGE,1320,21,,77,1,0,,NONE,0.65,1,-,-,77,-,-,-,-,-,-
jade face roller,RELEVANT,OTHER,1320,54,,82,1,0,,NONE,1.13,4,82,-,-,-,-,-,-,-,-
gua sha stone,RELEVANT,GUA_SHA,1320,40,,90,3,0,,NONE,1.15,2,102,-,-,90,-,-,-,301,-
glow in the dark makeup,RELEVANT,OTHER,1320,26,,166,2,0,,NONE,0.74,0,-,-,-,-,166,-,-,-,194
medicube red line,OFF_CATEGORY,OTHER,1320,34,,97,1,0,,NONE,0.77,0,97,-,-,-,-,-,-,-,-
pores remover for face,RELEVANT,OTHER,1320,21,,99,1,0,,NONE,1.75,0,99,-,-,-,-,-,-,-,-
facial scrubber exfoliator,RELEVANT,OTHER,1320,21,,101,1,0,,NONE,1.21,0,101,-,-,-,-,-,-,-,-
morphe brushes set,RELEVANT,BRUSH_MASSAGE,1320,12,,103,1,0,,NONE,0.99,0,-,-,-,-,-,-,-,103,-
medicube anti aging set,OFF_CATEGORY,OTHER,1320,18,,120,1,0,,NONE,1.01,0,120,-,-,-,-,-,-,-,-
under eye depuffer,RELEVANT,DEPUFF,1320,35,,192,2,0,,NONE,1.48,0,-,-,-,247,-,-,-,192,-
neck lift,RELEVANT,JAWLINE_CHIN,1320,28,,151,2,0,,NONE,1.32,12,-,-,-,290,151,-,-,-,-
eye brushes,RELEVANT,BRUSH_MASSAGE,1320,35,,207,3,0,,NONE,0.84,6,207,-,-,-,276,227,-,-,-
massage kit,RELEVANT,BRUSH_MASSAGE,1320,22,,251,1,0,,NONE,1.21,5,-,-,-,-,251,-,-,-,-
red light gua sha,RELEVANT,GUA_SHA,1320,9,,256,1,0,,NONE,1.79,3,-,-,-,-,-,256,-,-,-
oil brush,OFF_CATEGORY,BRUSH_MASSAGE,1320,15,,198,4,0,,NONE,0.73,3,198,-,-,-,296,-,292,302,-
face care kit,RELEVANT,OTHER,1320,5,,,0,0,,NONE,1.15,0,-,-,-,-,-,-,-,-,-
pore scrubber,RELEVANT,OTHER,1320,28,,,0,0,,NONE,0.89,3,-,-,-,-,-,-,-,-,-
face skin care,RELEVANT,OTHER,1320,26,,,0,0,,NONE,1.48,0,-,-,-,-,-,-,-,-,-
kitsch gua sha,COMPETITOR_BRAND,GUA_SHA,1317,46,,2,4,1,B0H5MMYNWM,SINGLE,1.29,0,29,-,-,40,-,-,2,34,-
jade gua sha,RELEVANT,GUA_SHA,1317,55,,33,3,0,,NONE,1.12,11,56,-,-,72,-,-,-,33,-
papada reductor,RELEVANT,OTHER,1317,10,,8,1,1,B0FD354L27,SINGLE,1.23,0,8,-,-,-,-,-,-,-,-
face massage tools,RELEVANT,BRUSH_MASSAGE,1317,24,,12,8,1,B0FD6Y9BX5,SINGLE,1.19,1,81,70,262,135,12,54,-,212,243
face cleaning brush,RELEVANT,BRUSH_MASSAGE,1317,18,,79,8,0,,NONE,1.21,1,79,163,207,182,176,189,150,272,-
drainage,RELEVANT,DRAINAGE,1317,13,,37,7,0,,NONE,1.87,35,37,132,-,-,145,102,108,254,263
silicone brush for face,RELEVANT,BRUSH_MASSAGE,1317,36,,66,4,0,,NONE,0.73,0,66,-,-,132,141,-,153,-,-
makeup contour,RELEVANT,CONTOUR,1317,14,,61,4,0,,NONE,1.01,0,-,-,-,-,98,-,61,147,248
cold face roller,RELEVANT,OTHER,1317,40,,94,1,0,,NONE,1.2,2,94,-,-,-,-,-,-,-,-
makeup puffer,RELEVANT,DEPUFF,1317,65,,153,1,0,,NONE,0.68,0,-,-,-,-,153,-,-,-,-
edge brushes,RELEVANT,BRUSH_MASSAGE,1317,34,,209,1,0,,NONE,0.73,5,-,-,-,-,-,-,-,209,-
face pack,RELEVANT,OTHER,1317,8,,91,5,0,,NONE,1.51,0,91,-,-,-,254,279,217,300,-
pmd facial cleansing brush,RELEVANT,BRUSH_MASSAGE,1317,23,,,0,0,,NONE,1.36,0,-,-,-,-,-,-,-,-,-
ice cream roller,OFF_CATEGORY,OTHER,1317,13,,,0,0,,NONE,0.61,12,-,-,-,-,-,-,-,-,-
kitsch dry brush face,COMPETITOR_BRAND,BRUSH_MASSAGE,1230,-,,1,6,5,B0FD354L27|B0GVBQ7P79|B0FD6Y9BX5|B0G3685P2S|B0H5MMYNWM,CONSOLIDATED,1.16,0,3,-,4,29,6,9,1,-,-
depuff face,RELEVANT,DEPUFF,1230,40,181,4,7,2,B0FD354L27|B0FD6Y9BX5,SHARED,1.41,0,19,35,-,119,4,106,25,88,-
gusha,RELEVANT,OTHER,1230,54,,28,2,0,,NONE,1.15,0,-,-,-,65,-,-,-,28,-
kitsch scalp renewal brush,COMPETITOR_BRAND,BRUSH_MASSAGE,1230,51,,17,1,1,B0H5MMYNWM,SINGLE,1.07,0,-,-,-,-,-,-,17,-,-
jade leaf,RELEVANT,OTHER,1230,21,,86,1,0,,NONE,1.65,15,-,-,-,-,-,-,-,86,-
glow makeup,RELEVANT,OTHER,1230,27,,211,2,0,,NONE,1.01,0,-,-,-,-,211,-,-,-,250
benefit cosmetics,RELEVANT,OTHER,1230,12,,217,3,0,,NONE,1.11,0,-,-,-,-,217,-,-,301,222
lymphedema products,RELEVANT,LYMPHATIC,1230,17,,,0,0,,NONE,1.42,0,-,-,-,-,-,-,-,-,-
lymphatic brush for body,RELEVANT,LYMPHATIC,1227,35,,8,8,1,B0FD354L27,SINGLE,1.27,0,8,79,64,54,28,149,86,72,-
facial dry brush,RELEVANT,BRUSH_MASSAGE,1227,37,198,7,9,2,B0GSQW56YT|B0FD6Y9BX5,SHARED,1.1,3,110,11,26,160,7,25,64,126,155
lymphatic massage tool,RELEVANT,LYMPHATIC,1227,8,,57,8,0,,NONE,1.14,0,69,83,161,127,68,57,-,217,245
face tools for skincare,RELEVANT,OTHER,1227,11,,17,8,1,B0FD6Y9BX5,SINGLE,1.36,0,121,258,295,197,17,88,-,94,231
neck gua sha,RELEVANT,GUA_SHA,1227,21,,78,8,0,,NONE,1.45,0,78,125,254,180,195,193,180,111,-
neck tightening,RELEVANT,JAWLINE_CHIN,1227,22,,41,1,0,,NONE,1.54,8,41,-,-,-,-,-,-,-,-
medicube gua sha cream,OFF_CATEGORY,GUA_SHA,1227,36,,42,1,0,,NONE,1.14,0,-,-,-,-,-,-,-,42,-
skincare spatula,RELEVANT,OTHER,1227,40,,47,1,0,,NONE,0.63,6,-,-,-,47,-,-,-,-,-
lymphatic massage roller,RELEVANT,LYMPHATIC,1227,22,,52,1,0,,NONE,1.1,4,52,-,-,-,-,-,-,-,-
jaw massager tmj,RELEVANT,BRUSH_MASSAGE,1227,17,,54,1,0,,NONE,1.08,1,54,-,-,-,-,-,-,-,-
garnier eye roller,RELEVANT,OTHER,1227,35,,57,1,0,,NONE,1.31,0,57,-,-,-,-,-,-,-,-
fascia massager,RELEVANT,BRUSH_MASSAGE,1227,22,,84,1,0,,NONE,1.14,1,84,-,-,-,-,-,-,-,-
wooden massage roller,RELEVANT,BRUSH_MASSAGE,1227,14,,95,1,0,,NONE,0.87,16,95,-,-,-,-,-,-,-,-
face scruber,RELEVANT,OTHER,1227,37,,12,2,1,B0H5MMYNWM,SINGLE,1.21,0,-,-,-,239,-,-,12,-,-
selfcare,RELEVANT,OTHER,1227,3,,124,1,0,,NONE,1.2,0,124,-,-,-,-,-,-,-,-
beauty and skincare products,RELEVANT,OTHER,1227,1,,129,1,0,,NONE,1.39,0,129,-,-,-,-,-,-,-,-
elf makeup brush,RELEVANT,BRUSH_MASSAGE,1227,37,,130,1,0,,NONE,1.04,0,130,-,-,-,-,-,-,-,-
beuty,RELEVANT,OTHER,1227,3,,135,1,0,,NONE,1.18,3,-,-,-,-,135,-,-,-,-
large makeup brush,RELEVANT,BRUSH_MASSAGE,1227,43,,144,2,0,,NONE,1.14,3,-,-,-,-,295,-,-,-,144
gua sha set,RELEVANT,GUA_SHA,1227,27,,81,6,0,,NONE,1.1,7,81,-,281,293,278,295,-,100,-
headache massager,RELEVANT,BRUSH_MASSAGE,1227,8,,244,1,0,,NONE,1.79,0,244,-,-,-,-,-,-,-,-
bliss under eye patches,OFF_CATEGORY,OTHER,1227,13,,268,1,0,,NONE,1.6,0,-,-,-,-,-,268,-,-,-
best makeup brushes,RELEVANT,BRUSH_MASSAGE,1227,25,,284,1,0,,NONE,1.06,0,-,-,-,-,284,-,-,-,-
facial oils,OFF_CATEGORY,OTHER,1227,19,,294,1,0,,NONE,1.64,0,-,-,-,-,-,-,-,294,-
electrostatic pet hair remover glove,RELEVANT,OTHER,1227,45,,,0,0,,NONE,1.9,3,-,-,-,-,-,-,-,-,-
laundry pet hair remover,RELEVANT,OTHER,1227,19,,,0,0,,NONE,1.58,1,-,-,-,-,-,-,-,-,-
cat pee deterrent,RELEVANT,OTHER,1227,50,,,0,0,,NONE,1.76,1,-,-,-,-,-,-,-,-,-
meridian brush,RELEVANT,BRUSH_MASSAGE,1225,25,,24,2,0,,NONE,1,25,24,-,-,-,-,31,-,-,-
contour cube,RELEVANT,CONTOUR,1225,16,,34,2,0,,NONE,0.69,3,34,-,-,-,-,35,-,-,-
best rated lymphatic drainage,RELEVANT,DRAINAGE,1225,24,,26,3,0,,NONE,2.6,0,26,-,-,-,73,82,-,-,-
7 star plum blossom hammer for scalp,RELEVANT,OTHER,1225,29,,2,1,1,B0FD354L27,SINGLE,0.93,0,2,-,-,-,-,-,-,-,-
face brushes,RELEVANT,BRUSH_MASSAGE,1225,15,266,24,9,0,,NONE,0.9,1,86,49,204,127,24,39,38,134,272
gua shua,RELEVANT,OTHER,1225,36,,64,9,0,,NONE,1.12,0,64,68,299,157,117,206,215,112,232
face brush set,RELEVANT,BRUSH_MASSAGE,1225,14,,38,6,0,,NONE,1.04,2,38,-,190,279,99,95,-,178,-
double ended makeup brush,RELEVANT,BRUSH_MASSAGE,1225,29,,38,1,0,,NONE,1.04,2,-,-,-,-,-,-,-,38,-
jade comb,RELEVANT,OTHER,1225,24,,49,1,0,,NONE,0.82,6,-,-,-,49,-,-,-,-,-
makeup and skincare,RELEVANT,OTHER,1225,2,,53,1,0,,NONE,1.22,0,-,-,-,-,53,-,-,-,-
face brushes makeup,RELEVANT,BRUSH_MASSAGE,1225,40,,22,5,0,,NONE,0.99,0,-,-,-,-,83,283,22,76,290
dry brush for exfoliating skin,RELEVANT,BRUSH_MASSAGE,1225,41,,94,4,0,,NONE,1.25,0,-,257,200,94,-,114,-,-,-
guasha set,RELEVANT,GUA_SHA,1225,27,,73,4,0,,NONE,1.22,1,-,-,158,276,196,-,-,73,-
stainless steel face roller,OFF_CATEGORY,OTHER,1225,32,,76,1,0,,NONE,0.84,7,76,-,-,-,-,-,-,-,-
face loofah,RELEVANT,OTHER,1225,52,,102,1,0,,NONE,1.11,1,102,-,-,-,-,-,-,-,-
mask brushes for facials,RELEVANT,BRUSH_MASSAGE,1225,35,,104,1,0,,NONE,0.59,1,-,-,-,104,-,-,-,-,-
double chin mask,RELEVANT,JAWLINE_CHIN,1225,36,,105,1,0,,NONE,1.3,0,105,-,-,-,-,-,-,-,-
skin care medicube,OFF_CATEGORY,OTHER,1225,17,,145,1,0,,NONE,0.85,0,145,-,-,-,-,-,-,-,-
face scrubbers,RELEVANT,OTHER,1225,44,,185,1,0,,NONE,1.12,0,185,-,-,-,-,-,-,-,-
body brush makeup,RELEVANT,BRUSH_MASSAGE,1225,49,,256,1,0,,NONE,1.32,1,-,-,256,-,-,-,-,-,-
skin glow,RELEVANT,OTHER,1225,17,,,0,0,,NONE,0.98,5,-,-,-,-,-,-,-,-,-
contour face brush,RELEVANT,CONTOUR,1122,33,107,3,9,5,B0GSQW56YT|B0FD6Y9BX5|B0G3685P2S|B0G2XLH8CG|B0H93V3MNM,CONSOLIDATED,1.19,37,27,8,26,40,3,12,30,13,7
face lymphatic drainage,RELEVANT,DRAINAGE,1122,30,217,4,9,2,B0GSQW56YT|B0FD6Y9BX5,SHARED,1.38,2,39,11,46,66,4,40,55,72,133
quasha,RELEVANT,OTHER,1122,34,,7,2,1,B0FD354L27,SINGLE,1.19,0,7,-,-,42,-,-,-,-,-
harry's face brush,RELEVANT,BRUSH_MASSAGE,1122,24,,42,6,0,,NONE,1.14,0,59,-,85,67,-,88,47,42,-
kitsch drain,COMPETITOR_BRAND,OTHER,1122,31,,12,1,1,B0H5MMYNWM,SINGLE,0.65,0,-,-,-,-,-,-,12,-,-
jawline shaper,RELEVANT,JAWLINE_CHIN,1122,18,,13,1,1,B0FD354L27,SINGLE,1.39,12,13,-,-,-,-,-,-,-,-
face washing brush,RELEVANT,BRUSH_MASSAGE,1122,28,81,40,9,0,,NONE,1.17,0,40,122,205,171,182,175,149,175,249
hifu,RELEVANT,OTHER,1122,1,,18,1,1,B0FD354L27,SINGLE,1.39,0,18,-,-,-,-,-,-,-,-
jade stone,RELEVANT,OTHER,1122,19,,27,1,0,,NONE,0.96,16,-,-,-,-,-,-,-,27,-
facial exfoliator tool,RELEVANT,OTHER,1122,30,,60,6,0,,NONE,1.01,0,60,179,209,212,197,290,-,-,-
neck tightening device,RELEVANT,JAWLINE_CHIN,1122,12,,47,1,0,,NONE,1.59,0,47,-,-,-,-,-,-,-,-
chin mask for tightening and firming,RELEVANT,OTHER,1122,25,,52,1,0,,NONE,1.45,0,52,-,-,-,-,-,-,-,-
chin lifting strap,OFF_CATEGORY,OTHER,1122,29,,59,1,0,,NONE,1.34,0,59,-,-,-,-,-,-,-,-
jade roller and gua sha set,RELEVANT,GUA_SHA,1122,34,,61,1,0,,NONE,1.14,5,61,-,-,-,-,-,-,-,-
face mask stick,RELEVANT,OTHER,1122,25,,62,1,0,,NONE,1.02,13,62,-,-,-,-,-,-,-,-
lymphatic drainage by sculptique,RELEVANT,DRAINAGE,1122,23,,110,4,0,,NONE,2.26,0,110,-,-,136,-,187,-,-,250
sculpture lymphatic drainage,RELEVANT,DRAINAGE,1122,34,,142,5,0,,NONE,2.42,0,148,261,-,202,142,158,-,-,-
madera para masajes reductores,RELEVANT,OTHER,1122,15,,65,1,0,,NONE,0.87,0,65,-,-,-,-,-,-,-,-
face lift device,RELEVANT,OTHER,1122,8,,95,1,0,,NONE,2.11,7,-,-,-,-,-,-,-,95,-
wood therapy tools for body sculpting,RELEVANT,SCULPTING,1122,16,,31,2,0,,NONE,1.04,0,31,-,-,197,-,-,-,-,-
edges hair piece,RELEVANT,OTHER,1122,10,,176,1,0,,NONE,0.84,0,-,-,-,-,-,-,-,176,-
cool contour,RELEVANT,CONTOUR,1122,18,,133,2,0,,NONE,0.85,0,133,-,-,-,-,-,-,266,-
eye brush,RELEVANT,BRUSH_MASSAGE,1122,7,,216,1,0,,NONE,0.93,9,-,-,-,-,216,-,-,-,-
face glow,RELEVANT,OTHER,1122,4,,249,3,0,,NONE,0.99,1,-,-,-,-,278,256,-,-,249
skin care men,RELEVANT,OTHER,1122,8,,272,1,0,,NONE,1.34,0,-,-,272,-,-,-,-,-,-
hair edge brush,RELEVANT,BRUSH_MASSAGE,1122,38,,276,1,0,,NONE,0.82,5,-,-,-,-,-,-,-,276,-
mini massager for women,RELEVANT,BRUSH_MASSAGE,1122,26,,279,1,0,,NONE,1.26,1,-,-,-,-,-,-,-,279,-
big makeup brush,RELEVANT,BRUSH_MASSAGE,1122,34,,275,2,0,,NONE,1.07,0,-,-,-,-,287,-,-,-,275
diamond kit,RELEVANT,OTHER,1122,17,,,0,0,,NONE,0.67,0,-,-,-,-,-,-,-,-,-
frontline cats,RELEVANT,OTHER,1122,39,,,0,0,,NONE,2.45,0,-,-,-,-,-,-,-,-,-
cold stone ice cream slab,OFF_CATEGORY,OTHER,1122,8,,,0,0,,NONE,0.67,1,-,-,-,-,-,-,-,-,-
konjac sponge face,RELEVANT,OTHER,1122,30,,,0,0,,NONE,1.15,2,-,-,-,-,-,-,-,-,-
face slimming,RELEVANT,OTHER,1037,7,,7,2,1,B0FD6Y9BX5,SINGLE,1.24,5,60,-,-,-,7,-,-,-,-
lymphatic roller,RELEVANT,LYMPHATIC,1037,28,,47,1,0,,NONE,1.01,0,47,-,-,-,-,-,-,-,-
true nutra lymphatic complex 6 in 1,RELEVANT,LYMPHATIC,1037,14,,96,1,0,,NONE,2.18,0,-,-,96,-,-,-,-,-,-
massager tool,RELEVANT,BRUSH_MASSAGE,1037,6,,114,3,0,,NONE,1.8,1,129,133,-,-,114,-,-,-,-
medicube anti age,OFF_CATEGORY,OTHER,1037,19,,137,1,0,,NONE,1.3,0,137,-,-,-,-,-,-,-,-
beauty deals,RELEVANT,OTHER,1037,1,,162,1,0,,NONE,0.86,0,-,-,-,-,162,-,-,-,-
edges,RELEVANT,OTHER,1037,17,,246,1,0,,NONE,1.17,8,-,-,-,-,-,-,-,246,-
hand massager tool,RELEVANT,BRUSH_MASSAGE,1037,15,,281,2,0,,NONE,1.25,0,-,300,-,-,-,-,-,281,-
contour face brush for lymphatic drainage,RELEVANT,DRAINAGE,1034,27,78,3,9,6,B0FD354L27|B0GSQW56YT|B0FD6Y9BX5|B0H5MMYNWM|B0G2XLH8CG|B0H93V3MNM,CONSOLIDATED,1.04,1,16,10,39,34,8,22,14,15,3
face contour brush,RELEVANT,CONTOUR,1034,37,109,5,9,5,B0GSQW56YT|B0FD6Y9BX5|B0G3685P2S|B0G2XLH8CG|B0H93V3MNM,CONSOLIDATED,1.18,0,27,19,21,45,5,11,22,16,7
kitsch facial brush,COMPETITOR_BRAND,BRUSH_MASSAGE,1034,34,,1,8,5,B0FD354L27|B0GVBQ7P79|B0G3685P2S|B0H5MMYNWM|B0G2XLH8CG,CONSOLIDATED,1.27,0,3,25,6,50,31,20,1,19,-
lymph brush,RELEVANT,LYMPHATIC,1034,35,131,7,9,5,B0GSQW56YT|B0FD6Y9BX5|B0G3685P2S|B0G2XLH8CG|B0H93V3MNM,CONSOLIDATED,1.17,0,22,13,50,47,19,16,45,20,7
face lymphatic drainage tool,RELEVANT,DRAINAGE,1034,28,201,7,9,3,B0GSQW56YT|B0FD6Y9BX5|B0H5MMYNWM,SHARED,1.37,0,28,13,54,53,10,27,7,38,107
facial lymphatic drainage tool,RELEVANT,DRAINAGE,1034,11,220,10,9,3,B0GSQW56YT|B0FD6Y9BX5|B0G2XLH8CG,SHARED,1.33,0,30,11,69,80,10,40,35,12,180
lymphatic massage,RELEVANT,LYMPHATIC,1034,14,,25,9,0,,NONE,1.14,4,61,60,234,98,65,57,25,80,181
guacha facial,RELEVANT,OTHER,1034,25,,44,5,0,,NONE,1.22,0,44,91,-,82,166,-,-,58,-
papada,RELEVANT,OTHER,1034,11,,9,1,1,B0FD354L27,SINGLE,1.3,2,9,-,-,-,-,-,-,-,-
fupa reducer,RELEVANT,OTHER,1034,4,,16,1,1,B0FD354L27,SINGLE,0.63,0,16,-,-,-,-,-,-,-,-
dry brushing body brush for lymphatic drainage,RELEVANT,DRAINAGE,1034,24,225,17,9,1,B0FD354L27,SINGLE,1.19,10,17,62,133,56,163,82,169,91,184
facial exfoliator brush,RELEVANT,BRUSH_MASSAGE,1034,34,277,55,8,0,,NONE,1.25,0,55,163,198,92,100,268,161,175,-
belleza y cuidado personal mujer,RELEVANT,OTHER,1034,2,,23,1,0,,NONE,1.19,0,23,-,-,-,-,-,-,-,-
anti cellulite,RELEVANT,OTHER,1034,14,,24,1,0,,NONE,1.54,18,24,-,-,-,-,-,-,-,-
buttah skin,RELEVANT,OTHER,1034,20,,26,1,0,,NONE,1.14,25,26,-,-,-,-,-,-,-,-
face and neck massager,RELEVANT,JAWLINE_CHIN,1034,14,,71,7,0,,NONE,1.42,6,109,81,-,236,122,82,71,84,-
facial mask brush,RELEVANT,BRUSH_MASSAGE,1034,34,,93,7,0,,NONE,0.58,3,104,129,-,93,193,208,175,230,-
micro dermabrasion facial tool,RELEVANT,OTHER,1034,17,,37,1,0,,NONE,1.57,1,37,-,-,-,-,-,-,-,-
kitch brush,RELEVANT,BRUSH_MASSAGE,1034,34,,46,1,0,,NONE,1.06,0,-,-,-,46,-,-,-,-,-
chin,RELEVANT,OTHER,1034,4,,50,1,0,,NONE,1.11,46,50,-,-,-,-,-,-,-,-
face washer tool,RELEVANT,OTHER,1034,25,,53,1,0,,NONE,1.3,0,53,-,-,-,-,-,-,-,-
kitsch products,COMPETITOR_BRAND,OTHER,1034,21,,57,1,0,,NONE,1.14,0,-,-,-,-,-,-,57,-,-
electric cupping massager,OFF_CATEGORY,BRUSH_MASSAGE,1034,19,,57,1,0,,NONE,1.68,12,57,-,-,-,-,-,-,-,-
masajeador de cara,RELEVANT,OTHER,1034,9,,58,1,0,,NONE,1.42,0,-,58,-,-,-,-,-,-,-
roller for face,RELEVANT,OTHER,1034,22,,58,1,0,,NONE,1.2,17,58,-,-,-,-,-,-,-,-
body guasha,RELEVANT,GUA_SHA,1034,15,,88,5,0,,NONE,0.93,2,88,178,211,294,-,-,-,167,-
hielo para la cara,RELEVANT,OTHER,1034,16,,67,1,0,,NONE,1.11,0,67,-,-,-,-,-,-,-,-
electric facial cleansing brush,OFF_CATEGORY,BRUSH_MASSAGE,1034,20,,70,1,0,,NONE,1.14,11,-,-,-,-,-,70,-,-,-
travel make up brushes,RELEVANT,BRUSH_MASSAGE,1034,22,,86,1,0,,NONE,0.88,1,-,-,-,-,86,-,-,-,-
guacha,RELEVANT,OTHER,1034,28,,86,1,0,,NONE,1.16,0,-,-,-,-,-,-,-,86,-
face oil for gua sha,OFF_CATEGORY,GUA_SHA,1034,38,203,77,2,0,,NONE,1.54,1,-,143,-,-,-,-,-,77,-
kit-sch,RELEVANT,OTHER,1034,27,,4,2,1,B0H5MMYNWM,SINGLE,1.44,0,-,-,-,-,-,-,4,249,-
steel gua sha,RELEVANT,GUA_SHA,1034,41,,69,3,0,,NONE,1.15,30,69,-,293,-,-,-,-,102,-
gua sha jade,RELEVANT,GUA_SHA,1034,40,,42,2,0,,NONE,1.2,4,-,-,-,279,-,-,-,42,-
body sculpting,RELEVANT,SCULPTING,1034,7,,58,3,0,,NONE,1.17,30,273,58,181,-,-,-,-,-,-
lymphatic drainage massage oil,OFF_CATEGORY,DRAINAGE,1034,30,,164,2,0,,NONE,1.44,7,-,-,-,-,-,188,-,164,-
brush case,RELEVANT,BRUSH_MASSAGE,1034,2,,118,2,0,,NONE,0.54,11,-,-,-,-,234,118,-,-,-
face love cosmetics,RELEVANT,OTHER,1034,20,,107,3,0,,NONE,1.23,0,107,-,-,-,265,-,-,163,-
eye roller for puffy eyes,RELEVANT,DEPUFF,1034,27,,109,1,0,,NONE,1.21,3,109,-,-,-,-,-,-,-,-
facial device,RELEVANT,OTHER,1034,4,,112,1,0,,NONE,1.93,11,-,-,-,-,-,-,-,112,-
lymphatic drainage roller,RELEVANT,DRAINAGE,1034,21,,136,1,0,,NONE,1.09,1,136,-,-,-,-,-,-,-,-
scalp gua sha,RELEVANT,GUA_SHA,1034,14,,161,1,0,,NONE,1.03,3,-,-,-,-,-,-,-,161,-
pattern brush,RELEVANT,BRUSH_MASSAGE,1034,12,,162,1,0,,NONE,0.86,0,-,-,162,-,-,-,-,-,-
glowy skincare,RELEVANT,OTHER,1034,12,,165,1,0,,NONE,1.33,0,-,-,-,-,-,-,165,-,-
deals under 10 dollars,RELEVANT,OTHER,1034,2,,170,1,0,,NONE,0.89,0,-,-,-,-,170,-,-,-,-
puffy eye cream to reduce bags under eyes,OFF_CATEGORY,DEPUFF,1034,35,,176,1,0,,NONE,1.71,0,176,-,-,-,-,-,-,-,-
home massage kit,RELEVANT,BRUSH_MASSAGE,1034,28,,180,1,0,,NONE,1.23,7,-,-,180,-,-,-,-,-,-
contour cream,OFF_CATEGORY,CONTOUR,1034,17,,175,3,0,,NONE,1.22,0,175,-,-,-,237,-,-,-,225
medium bristle brush,RELEVANT,BRUSH_MASSAGE,1034,24,,174,4,0,,NONE,1.07,1,174,-,-,-,-,-,207,256,231
stainless steel gua sha tool,OFF_CATEGORY,GUA_SHA,1034,45,,136,2,0,,NONE,1.29,7,-,-,305,-,-,-,-,136,-
￼make up brushes,RELEVANT,BRUSH_MASSAGE,1034,20,,191,3,0,,NONE,1.06,0,253,-,-,-,191,-,-,-,223
oil massager for body,OFF_CATEGORY,BRUSH_MASSAGE,1034,19,,215,2,0,,NONE,1.37,0,-,215,-,-,-,-,-,235,-
face routine set for women,RELEVANT,OTHER,1034,9,,230,2,0,,NONE,1.23,0,-,-,230,-,-,-,-,233,-
metal guasha,OFF_CATEGORY,GUA_SHA,1034,46,,211,2,0,,NONE,1.13,1,-,-,271,-,211,-,-,-,-
eye makeup brush,RELEVANT,BRUSH_MASSAGE,1034,31,,227,2,0,,NONE,0.96,10,268,-,-,-,227,-,-,-,-
small makeup brushes,RELEVANT,BRUSH_MASSAGE,1034,30,,264,1,0,,NONE,0.83,2,-,-,-,-,264,-,-,-,-
craft brushes,RELEVANT,BRUSH_MASSAGE,1034,39,,264,1,0,,NONE,0.9,1,264,-,-,-,-,-,-,-,-
heated gua sha tool,RELEVANT,GUA_SHA,1034,7,,270,1,0,,NONE,1.55,5,270,-,-,-,-,-,-,-,-
skincare gift sets for women,RELEVANT,OTHER,1034,15,,291,1,0,,NONE,1.37,0,-,-,-,-,-,-,-,291,-
facial rollers,RELEVANT,OTHER,1034,19,,293,1,0,,NONE,1.11,0,293,-,-,-,-,-,-,-,-
de puffing eye patches,OFF_CATEGORY,DEPUFF,1034,27,,296,1,0,,NONE,1.7,0,-,-,-,-,-,296,-,-,-
face lift cream,OFF_CATEGORY,OTHER,1034,10,,300,1,0,,NONE,1.54,7,-,-,-,-,300,-,-,-,-
petrus ice cream tray,OFF_CATEGORY,OTHER,1034,2,,,0,0,,NONE,0.67,0,-,-,-,-,-,-,-,-,-
rolled ice cream tray,OFF_CATEGORY,OTHER,1034,16,,,0,0,,NONE,0.73,11,-,-,-,-,-,-,-,-,-
maquina para hacer helado,RELEVANT,OTHER,1034,1,,,0,0,,NONE,0.63,0,-,-,-,-,-,-,-,-,-
root touch up brush,RELEVANT,BRUSH_MASSAGE,1034,18,,,0,0,,NONE,1.21,5,-,-,-,-,-,-,-,-,-
wet and wild makeup brushes,RELEVANT,BRUSH_MASSAGE,1034,20,,,0,0,,NONE,0.98,0,-,-,-,-,-,-,-,-,-
frozen yogurt maker,RELEVANT,OTHER,1034,8,,,0,0,,NONE,0.65,4,-,-,-,-,-,-,-,-,-
lifting,RELEVANT,OTHER,1034,1,,,0,0,,NONE,1.02,31,-,-,-,-,-,-,-,-,-
matcha brush,RELEVANT,BRUSH_MASSAGE,1034,32,,,0,0,,NONE,1.05,1,-,-,-,-,-,-,-,-,-
electric face cleansing brush,OFF_CATEGORY,BRUSH_MASSAGE,1034,14,,,0,0,,NONE,1.15,0,-,-,-,-,-,-,-,-,-
skin brush,RELEVANT,BRUSH_MASSAGE,1011,23,267,62,9,0,,NONE,1.28,6,93,126,182,120,108,62,200,76,222
face mask applicator brush,RELEVANT,BRUSH_MASSAGE,949,36,,124,1,0,,NONE,0.97,1,-,-,-,124,-,-,-,-,-
lymphatic facial brush,RELEVANT,LYMPHATIC,934,16,103,5,9,7,B0FD354L27|B0GSQW56YT|B0FD6Y9BX5|B0G3685P2S|B0H5MMYNWM|B0G2XLH8CG|B0H93V3MNM,CONSOLIDATED,1.18,0,14,8,21,26,5,9,19,10,11
aeki face brush for lymphatic drainage,COMPETITOR_BRAND,DRAINAGE,934,44,130,4,9,7,B0FD354L27|B0GSQW56YT|B0GVBQ7P79|B0FD6Y9BX5|B0G3685P2S|B0H5MMYNWM|B0G2XLH8CG,CONSOLIDATED,1.14,0,4,10,11,24,17,7,13,9,47
korean facial brush,RELEVANT,BRUSH_MASSAGE,934,25,176,10,8,3,B0GC3HX5KH|B0FD6Y9BX5|B0H5MMYNWM,SHARED,0.97,0,48,39,31,17,10,51,15,28,-
aeki,COMPETITOR_BRAND,OTHER,934,36,11,6,5,3,B0FD354L27|B0GSQW56YT|B0G2XLH8CG,SHARED,1.08,6,6,9,27,28,-,-,-,8,-
face sculpting,RELEVANT,SCULPTING,934,15,,1,9,2,B0FD354L27|B0FD6Y9BX5,SHARED,1.57,12,15,34,108,137,1,70,37,51,278
face guasha,RELEVANT,GUA_SHA,934,22,212,5,8,2,B0FD354L27|B0FD6Y9BX5,SHARED,1.28,0,5,36,169,66,6,146,-,60,278
facial roller for lymphatic drainage,RELEVANT,DRAINAGE,934,31,271,53,8,0,,NONE,1.29,0,53,115,187,143,156,151,142,70,-
lymph,RELEVANT,LYMPHATIC,934,15,,29,9,0,,NONE,2.21,29,29,84,193,247,66,137,75,126,200
lymphira lymphatic drainage massager,RELEVANT,DRAINAGE,934,17,,19,1,1,B0FD354L27,SINGLE,1.38,0,19,-,-,-,-,-,-,-,-
lipedema roller,RELEVANT,OTHER,934,9,,26,1,0,,NONE,0.97,0,26,-,-,-,-,-,-,-,-
jaw line,RELEVANT,OTHER,934,18,,42,2,0,,NONE,1.26,0,42,-,-,-,107,-,-,-,-
cellulite roller for thighs,RELEVANT,OTHER,934,24,,41,1,0,,NONE,1.25,0,41,-,-,-,-,-,-,-,-
ice for face women,RELEVANT,OTHER,934,28,,46,1,0,,NONE,1.11,0,46,-,-,-,-,-,-,-,-
medicube cleansing tool,OFF_CATEGORY,OTHER,934,5,,62,1,0,,NONE,1.15,0,62,-,-,-,-,-,-,-,-
skulptique lymphatic drainage,RELEVANT,DRAINAGE,934,35,,66,1,0,,NONE,2.2,0,66,-,-,-,-,-,-,-,-
red light face massager,RELEVANT,BRUSH_MASSAGE,934,11,,66,1,0,,NONE,1.69,2,66,-,-,-,-,-,-,-,-
face scrubber for women,RELEVANT,OTHER,934,27,,67,1,0,,NONE,1.16,4,67,-,-,-,-,-,-,-,-
eye concealer brush,RELEVANT,BRUSH_MASSAGE,934,29,,75,1,0,,NONE,1.03,11,75,-,-,-,-,-,-,-,-
glowy makeup,RELEVANT,OTHER,934,7,,111,2,0,,NONE,1.05,0,-,-,-,-,131,-,111,-,-
body glow brush,RELEVANT,BRUSH_MASSAGE,934,33,277,119,2,0,,NONE,1.33,0,-,127,119,-,-,-,-,-,-
morphe contour,RELEVANT,CONTOUR,934,7,,109,1,0,,NONE,0.73,0,-,-,-,-,-,-,-,109,-
body brush for glow oil,OFF_CATEGORY,BRUSH_MASSAGE,934,29,,137,1,0,,NONE,1.23,0,-,-,137,-,-,-,-,-,-
amazon must haves,RELEVANT,OTHER,934,1,,158,1,0,,NONE,1.06,0,-,-,-,-,158,-,-,-,-
terracotta,RELEVANT,OTHER,934,1,,194,1,0,,NONE,0.75,43,-,-,-,-,-,-,194,-,-
medicubw,RELEVANT,OTHER,934,9,,198,1,0,,NONE,1.12,0,198,-,-,-,-,-,-,-,-
cleansing brush,RELEVANT,BRUSH_MASSAGE,934,24,,147,5,0,,NONE,1.17,36,147,-,-,157,-,210,252,298,-
massagers for women,RELEVANT,BRUSH_MASSAGE,934,16,,257,1,0,,NONE,1.41,0,-,-,-,-,257,-,-,-,-
face rounds,RELEVANT,OTHER,934,56,,294,1,0,,NONE,1.36,1,-,-,-,294,-,-,-,-,-
anua guasha,OFF_CATEGORY,GUA_SHA,934,13,,,0,0,,NONE,1.15,0,-,-,-,-,-,-,-,-,-
yomi pet hair remover,RELEVANT,OTHER,934,13,,,0,0,,NONE,1.68,6,-,-,-,-,-,-,-,-,-
fluffy brush,RELEVANT,BRUSH_MASSAGE,934,24,,,0,0,,NONE,0.87,2,-,-,-,-,-,-,-,-,-
fan brushes for facials,RELEVANT,BRUSH_MASSAGE,934,22,,,0,0,,NONE,0.81,5,-,-,-,-,-,-,-,-,-
hydration electrolytes,RELEVANT,OTHER,934,25,,,0,0,,NONE,3.14,8,-,-,-,-,-,-,-,-,-
lymphatic contour brush,RELEVANT,CONTOUR,931,30,115,3,9,7,B0FD354L27|B0GSQW56YT|B0FD6Y9BX5|B0G3685P2S|B0H5MMYNWM|B0G2XLH8CG|B0H93V3MNM,CONSOLIDATED,1.31,2,16,6,26,36,9,13,4,17,3
brush gua sha,RELEVANT,GUA_SHA,931,15,82,1,9,6,B0FD354L27|B0GSQW56YT|B0GC3HX5KH|B0FD6Y9BX5|B0H5MMYNWM|B0G2XLH8CG,CONSOLIDATED,1.22,1,1,8,30,17,3,23,7,10,111
gua sha brush for face,RELEVANT,GUA_SHA,931,10,71,4,9,7,B0FD354L27|B0GSQW56YT|B0GC3HX5KH|B0FD6Y9BX5|B0G3685P2S|B0H5MMYNWM|B0G2XLH8CG,CONSOLIDATED,1.13,0,20,4,28,12,5,10,13,9,113
kansa wand,RELEVANT,OTHER,931,8,,34,2,0,,NONE,1.19,26,34,-,-,43,-,-,-,-,-
skin brush for dry brushing,RELEVANT,BRUSH_MASSAGE,931,34,,73,8,0,,NONE,1.42,0,77,176,79,73,172,188,159,130,-
double chin eliminator,RELEVANT,JAWLINE_CHIN,931,2,,17,1,1,B0FD354L27,SINGLE,1.26,2,17,-,-,-,-,-,-,-,-
kit de limpieza facial,RELEVANT,OTHER,931,9,,29,1,0,,NONE,1.12,0,29,-,-,-,-,-,-,-,-
vibration ball for lymphatic drainage,OFF_CATEGORY,DRAINAGE,931,4,,55,2,0,,NONE,1.44,0,55,-,-,-,-,-,-,115,-
化妆刷,RELEVANT,OTHER,931,5,,33,1,0,,NONE,0.99,0,-,-,-,-,33,-,-,-,-
medicube tool,OFF_CATEGORY,OTHER,931,5,,39,1,0,,NONE,1.1,0,39,-,-,-,-,-,-,-,-
thin makeup brush,RELEVANT,BRUSH_MASSAGE,931,19,,110,2,0,,NONE,0.81,1,114,-,-,-,110,-,-,-,-
kistch,RELEVANT,OTHER,931,13,,6,2,1,B0H5MMYNWM,SINGLE,1.07,0,-,-,-,-,-,-,6,246,-
lymphatic drainage massager body,RELEVANT,DRAINAGE,931,12,,11,2,1,B0FD354L27,SINGLE,1.2,1,11,270,-,-,-,-,-,-,-
dense makeup brush,RELEVANT,BRUSH_MASSAGE,931,22,,98,2,0,,NONE,1.05,1,98,-,-,-,264,-,-,-,-
elf make up brushes,RELEVANT,BRUSH_MASSAGE,931,20,,140,1,0,,NONE,0.86,0,140,-,-,-,-,-,-,-,-
same day store,RELEVANT,OTHER,931,37,,182,1,0,,NONE,1.5,0,-,-,-,-,-,182,-,-,-
cool tone contour stick,RELEVANT,CONTOUR,931,9,,189,1,0,,NONE,0.97,0,-,-,-,-,-,-,-,189,-
esthetician brushes,RELEVANT,BRUSH_MASSAGE,931,7,,214,1,0,,NONE,0.77,2,-,-,-,214,-,-,-,-,-
glow skin,RELEVANT,OTHER,931,14,,247,1,0,,NONE,1.3,3,-,-,-,-,-,-,-,-,247
guasha medicube,OFF_CATEGORY,GUA_SHA,931,17,,,0,0,,NONE,1.48,0,-,-,-,-,-,-,-,-,-
oral cat flea treatment,RELEVANT,OTHER,931,28,,,0,0,,NONE,3.27,2,-,-,-,-,-,-,-,-,-
silicone face mask brush,RELEVANT,BRUSH_MASSAGE,931,36,,,0,0,,NONE,0.81,13,-,-,-,-,-,-,-,-,-
electric face brush,OFF_CATEGORY,BRUSH_MASSAGE,931,13,,,0,0,,NONE,1.12,0,-,-,-,-,-,-,-,-,-
kitch lymphatic brush,RELEVANT,LYMPHATIC,911,29,260,1,8,3,B0FD354L27|B0G3685P2S|B0H5MMYNWM,SHARED,1.43,0,5,22,37,30,28,20,1,21,-
jaw line sculptor,RELEVANT,SCULPTING,911,12,,25,1,0,,NONE,1.25,0,25,-,-,-,-,-,-,-,-
medicube travel kit,OFF_CATEGORY,OTHER,911,9,,95,1,0,,NONE,0.96,0,95,-,-,-,-,-,-,-,-
facial set,RELEVANT,OTHER,911,1,,225,1,0,,NONE,1.11,0,-,-,-,-,-,-,-,225,-
gua sha body,RELEVANT,GUA_SHA,911,19,,219,2,0,,NONE,0.95,4,-,283,-,-,-,-,-,219,-
facial massager tool,RELEVANT,BRUSH_MASSAGE,834,18,,57,6,0,,NONE,1.56,0,62,65,-,161,73,296,-,57,-
face cleaning brushes,RELEVANT,BRUSH_MASSAGE,834,25,,68,5,0,,NONE,1.16,0,68,270,-,193,-,-,159,199,-
gua dha,RELEVANT,OTHER,831,21,,40,3,0,,NONE,1.41,0,58,-,-,59,-,-,-,40,-
angel lift,RELEVANT,OTHER,831,3,,2,1,1,B0FD354L27,SINGLE,1.47,0,2,-,-,-,-,-,-,-,-
face contour,RELEVANT,CONTOUR,831,17,274,8,9,1,B0FD6Y9BX5,SINGLE,1.13,1,90,93,157,127,8,95,43,83,212
guadha,RELEVANT,OTHER,831,28,,74,9,0,,NONE,1.19,0,75,74,301,264,111,184,211,106,230
kitsch smooth and polish brush,COMPETITOR_BRAND,BRUSH_MASSAGE,831,29,,18,1,1,B0H5MMYNWM,SINGLE,0.66,0,-,-,-,-,-,-,18,-,-
lipedema drainage massager,RELEVANT,DRAINAGE,831,5,,23,1,0,,NONE,1.12,0,23,-,-,-,-,-,-,-,-
body lymphatic drainage tool,RELEVANT,DRAINAGE,831,9,,37,6,0,,NONE,1.14,0,37,138,200,-,174,47,-,101,-
eye depuffer tool,RELEVANT,DEPUFF,831,16,,63,3,0,,NONE,1.48,0,63,-,-,163,-,-,-,101,-
chin lift,RELEVANT,OTHER,831,14,,18,2,1,B0FD354L27,SINGLE,1.31,3,18,-,-,224,-,-,-,-,-
dry pack,RELEVANT,OTHER,831,2,,147,1,0,,NONE,1.04,0,-,-,-,-,-,-,-,147,-
face wash tool,RELEVANT,OTHER,831,24,,183,1,0,,NONE,1.12,0,-,-,-,183,-,-,-,-,-
black makeup brushes,RELEVANT,BRUSH_MASSAGE,831,12,,205,1,0,,NONE,0.92,6,-,-,-,-,-,-,205,-,-
small brushes,RELEVANT,BRUSH_MASSAGE,831,26,,161,3,0,,NONE,0.91,0,235,-,-,-,224,-,161,-,-
lymph drainage drops,OFF_CATEGORY,DRAINAGE,831,15,,247,1,0,,NONE,2.36,0,-,-,-,-,-,-,-,247,-
too face,RELEVANT,OTHER,831,3,,285,1,0,,NONE,0.98,0,-,-,-,285,-,-,-,-,-
edge brush bulk,RELEVANT,BRUSH_MASSAGE,831,10,,290,1,0,,NONE,0.8,3,-,-,-,-,-,-,-,290,-
dry brush palette,OFF_CATEGORY,BRUSH_MASSAGE,831,10,,,0,0,,NONE,0.68,17,-,-,-,-,-,-,-,-,-
gosha face tool,RELEVANT,OTHER,829,24,,14,4,1,B0FD354L27,SINGLE,1.22,0,14,-,-,53,-,55,-,67,-
debloat face,RELEVANT,OTHER,829,7,,29,5,0,,NONE,2.14,0,29,46,-,-,52,64,-,67,-
facial gua sha tool,RELEVANT,GUA_SHA,829,27,235,15,7,2,B0FD6Y9BX5|B0G2XLH8CG,SHARED,1.34,0,21,68,211,90,17,192,-,15,-
gasha face tool,RELEVANT,OTHER,829,29,,8,3,1,B0FD354L27,SINGLE,1.33,0,8,-,-,68,-,-,-,71,-
skincare accessories,RELEVANT,OTHER,829,1,,28,1,0,,NONE,0.93,0,-,-,-,-,28,-,-,-,-
face puff,RELEVANT,DEPUFF,829,30,,29,1,0,,NONE,0.76,1,-,-,-,-,29,-,-,-,-
face scraper tool,RELEVANT,OTHER,829,27,,62,2,0,,NONE,1.09,0,62,-,-,83,-,-,-,-,-
gua-sha tool,RELEVANT,OTHER,829,17,,93,6,0,,NONE,1.36,0,159,123,-,132,157,229,-,93,-
glow & go beauty,RELEVANT,OTHER,829,2,,40,2,0,,NONE,1.11,0,-,-,-,-,40,-,-,-,177
massage oil for lymphatic drainage,OFF_CATEGORY,DRAINAGE,829,20,,155,1,0,,NONE,1.44,4,-,-,-,-,-,-,-,155,-
cream makeup brushes,OFF_CATEGORY,BRUSH_MASSAGE,829,21,,203,3,0,,NONE,0.96,0,209,-,-,-,203,-,-,-,296
angled eyeshadow brush,RELEVANT,BRUSH_MASSAGE,829,22,,,0,0,,NONE,0.75,3,-,-,-,-,-,-,-,-,-
rolled ice cream,OFF_CATEGORY,OTHER,829,8,,,0,0,,NONE,0.74,39,-,-,-,-,-,-,-,-,-
massage brush,RELEVANT,BRUSH_MASSAGE,777,13,,21,9,0,,NONE,1.04,22,63,64,138,85,62,45,21,69,223
kitsch scalp brush,COMPETITOR_BRAND,BRUSH_MASSAGE,777,35,,5,1,1,B0H5MMYNWM,SINGLE,1.09,0,-,-,-,-,-,-,5,-,-
face tool,RELEVANT,OTHER,777,18,,8,8,1,B0FD6Y9BX5,SINGLE,1.43,0,139,110,247,173,8,208,-,151,242
totemica skin care products,RELEVANT,OTHER,777,5,,26,1,0,,NONE,1.33,0,26,-,-,-,-,-,-,-,-
nasolabial folds treatment,RELEVANT,OTHER,777,4,,26,1,0,,NONE,1.3,0,26,-,-,-,-,-,-,-,-
drybrush,RELEVANT,BRUSH_MASSAGE,777,24,,45,2,0,,NONE,1.21,17,-,-,-,92,-,45,-,-,-
facial massage,RELEVANT,BRUSH_MASSAGE,777,2,,6,6,1,B0FD6Y9BX5,SINGLE,1.31,3,64,-,212,99,6,-,224,65,-
zdeer gua sha,RELEVANT,GUA_SHA,777,10,,44,1,0,,NONE,1.5,0,-,-,-,44,-,-,-,-,-
cream contour brush,OFF_CATEGORY,CONTOUR,777,23,,35,4,0,,NONE,1.1,1,35,-,-,-,99,-,-,137,138
dry brush set,RELEVANT,BRUSH_MASSAGE,777,27,,75,5,0,,NONE,1.19,8,-,-,148,220,211,185,-,75,-
organic lymphatic support,RELEVANT,LYMPHATIC,777,27,,89,1,0,,NONE,2.24,8,89,-,-,-,-,-,-,-,-
medicube under eye cream,OFF_CATEGORY,OTHER,777,22,,121,1,0,,NONE,1.34,0,121,-,-,-,-,-,-,-,-
real techniques setting brush,RELEVANT,BRUSH_MASSAGE,777,48,,124,1,0,,NONE,1.11,0,124,-,-,-,-,-,-,-,-
liposomal lymphatic drainage,RELEVANT,DRAINAGE,777,20,,138,1,0,,NONE,2.41,23,-,-,-,-,-,-,-,138,-
spa life eye patches,OFF_CATEGORY,OTHER,777,6,,161,1,0,,NONE,1.52,0,-,-,-,-,-,161,-,-,-
stainless steel guasha,OFF_CATEGORY,GUA_SHA,777,19,,186,1,0,,NONE,1.26,11,-,-,186,-,-,-,-,-,-
red light eye patches,OFF_CATEGORY,OTHER,777,3,,203,1,0,,NONE,1.62,0,-,-,-,-,-,203,-,-,-
body oil brush,OFF_CATEGORY,BRUSH_MASSAGE,777,15,,147,2,0,,NONE,1.09,0,-,-,264,-,-,-,-,147,-
exfoliator brush,RELEVANT,BRUSH_MASSAGE,777,29,,155,3,0,,NONE,1.34,0,-,-,-,264,-,236,155,-,-
makup brushes,RELEVANT,BRUSH_MASSAGE,777,15,,232,3,0,,NONE,1.1,0,-,-,-,-,303,-,279,-,232
make up applicators for face,RELEVANT,OTHER,777,38,,274,1,0,,NONE,0.93,0,-,-,-,-,274,-,-,-,-
gua sha neck cream,OFF_CATEGORY,GUA_SHA,777,13,178,,0,0,,NONE,1.43,10,-,-,-,-,-,-,-,-,-
collar para pulgas gatos,RELEVANT,OTHER,777,17,,,0,0,,NONE,1.68,0,-,-,-,-,-,-,-,-,-
kojeva brush,COMPETITOR_BRAND,BRUSH_MASSAGE,775,20,,5,5,5,B0FD354L27|B0GSQW56YT|B0GVBQ7P79|B0G3685P2S|B0G2XLH8CG,CONSOLIDATED,1.13,0,5,11,8,-,-,13,-,7,-
mojo ball for lymphatic,RELEVANT,LYMPHATIC,775,7,,17,1,1,B0FD354L27,SINGLE,1.53,0,17,-,-,-,-,-,-,-,-
face stone,RELEVANT,OTHER,775,25,,32,3,0,,NONE,1.15,1,32,-,-,53,-,-,-,126,-
chin chin,RELEVANT,OTHER,775,13,,68,2,0,,NONE,1.1,13,68,-,-,89,-,-,-,-,-
therabrush,RELEVANT,BRUSH_MASSAGE,775,10,,36,1,0,,NONE,1.36,0,36,-,-,-,-,-,-,-,-
beauty must haves,RELEVANT,OTHER,775,2,,45,1,0,,NONE,1.18,0,-,-,-,-,45,-,-,-,-
powered facial cleansing brushes & devices,RELEVANT,BRUSH_MASSAGE,775,9,,55,1,0,,NONE,1.21,0,55,-,-,-,-,-,-,-,-
vibrating face massager,OFF_CATEGORY,BRUSH_MASSAGE,775,15,,57,1,0,,NONE,1.37,0,57,-,-,-,-,-,-,-,-
vibrating face scrubber,OFF_CATEGORY,OTHER,775,26,,60,1,0,,NONE,1.36,2,60,-,-,-,-,-,-,-,-
gua sha face oil,OFF_CATEGORY,GUA_SHA,775,25,,62,1,0,,NONE,1.31,3,-,-,-,-,-,-,-,62,-
face rollers,RELEVANT,OTHER,775,21,,88,1,0,,NONE,1.11,1,88,-,-,-,-,-,-,-,-
glowing skin,RELEVANT,OTHER,775,11,,113,1,0,,NONE,1.61,11,-,-,-,-,-,-,-,-,113
one skin eye cream,OFF_CATEGORY,OTHER,775,24,,185,1,0,,NONE,2.11,0,185,-,-,-,-,-,-,-,-
pick tools,RELEVANT,OTHER,775,26,,201,1,0,,NONE,0.68,4,201,-,-,-,-,-,-,-,-
lymphatic drops for drainage,OFF_CATEGORY,DRAINAGE,775,14,,247,1,0,,NONE,2.37,0,-,-,-,-,-,-,-,247,-
makeup brish,RELEVANT,OTHER,775,33,,280,1,0,,NONE,0.95,0,-,-,-,-,280,-,-,-,-
face depuffer tool,RELEVANT,DEPUFF,705,9,,5,6,2,B0FD354L27|B0FD6Y9BX5,SHARED,1.52,1,17,29,-,99,5,72,-,25,-
cleansing brush for your face,RELEVANT,BRUSH_MASSAGE,705,19,,73,7,0,,NONE,1.2,0,73,119,174,126,-,176,128,195,-
face fat reducer,RELEVANT,OTHER,705,13,,44,1,0,,NONE,1.43,0,44,-,-,-,-,-,-,-,-
makeup must haves,RELEVANT,OTHER,705,13,,67,1,0,,NONE,0.9,0,-,-,-,-,67,-,-,-,-
facials,RELEVANT,OTHER,705,8,,174,2,0,,NONE,1.46,2,-,-,-,-,174,-,-,183,-
edge brush set,RELEVANT,BRUSH_MASSAGE,705,22,,178,1,0,,NONE,0.88,1,-,-,-,-,-,-,-,178,-
temple massager,RELEVANT,BRUSH_MASSAGE,705,9,,185,1,0,,NONE,1.77,7,-,-,-,-,-,-,-,185,-
texture brush,RELEVANT,BRUSH_MASSAGE,705,21,,184,2,0,,NONE,0.83,10,184,-,-,-,273,-,-,-,-
wooden brushes,RELEVANT,BRUSH_MASSAGE,705,13,,207,3,0,,NONE,0.78,0,-,-,223,207,-,-,-,-,291
beauty puff,RELEVANT,DEPUFF,705,33,,272,1,0,,NONE,0.64,0,-,-,-,-,272,-,-,-,-
ecotools dry body brush,RELEVANT,BRUSH_MASSAGE,705,24,,,0,0,,NONE,1.38,0,-,-,-,-,-,-,-,-,-
lymphatic drainage face tool,RELEVANT,DRAINAGE,703,12,181,7,9,2,B0GSQW56YT|B0FD6Y9BX5,SHARED,1.25,0,33,12,58,60,7,40,21,78,123
copper dry brush,RELEVANT,BRUSH_MASSAGE,703,13,,28,4,0,,NONE,1.38,9,31,-,-,47,-,28,-,55,-
facial sculpting tool,RELEVANT,SCULPTING,703,11,253,11,8,1,B0FD6Y9BX5,SINGLE,1.53,1,66,46,100,167,11,95,-,108,224
kitsch stainless steel gua sha,OFF_CATEGORY,GUA_SHA,703,21,,23,1,0,,NONE,1.23,0,-,-,23,-,-,-,-,-,-
korean double chin reducer,RELEVANT,JAWLINE_CHIN,703,6,,28,1,0,,NONE,1.54,0,28,-,-,-,-,-,-,-,-
facial tool,RELEVANT,OTHER,703,15,,19,6,1,B0FD6Y9BX5,SINGLE,1.39,2,171,98,-,170,19,116,-,125,-
natural lymphatic drainage,RELEVANT,DRAINAGE,703,24,,91,6,0,,NONE,2.49,1,118,91,205,287,-,269,-,134,-
face yoga,RELEVANT,OTHER,703,10,,47,1,0,,NONE,0.6,22,47,-,-,-,-,-,-,-,-
guasha oil for face,OFF_CATEGORY,GUA_SHA,703,15,223,52,4,0,,NONE,1.44,0,-,137,220,-,-,203,-,52,-
beauty brushes,RELEVANT,BRUSH_MASSAGE,703,18,,95,4,0,,NONE,1.06,0,141,-,-,-,95,172,-,302,-
neck cream with roller,OFF_CATEGORY,JAWLINE_CHIN,703,6,,91,1,0,,NONE,1.45,5,91,-,-,-,-,-,-,-,-
cepillo para lavar la cara,OFF_CATEGORY,OTHER,703,14,,123,3,0,,NONE,1.03,0,-,132,-,157,-,-,123,-,-
brochas real techniques,RELEVANT,OTHER,703,5,,108,1,0,,NONE,0.98,0,-,-,-,-,-,-,-,108,-
lymphatic oil,OFF_CATEGORY,LYMPHATIC,703,19,,108,1,0,,NONE,1.48,1,-,-,-,-,-,-,-,108,-
makeup brushe,RELEVANT,BRUSH_MASSAGE,703,12,,28,3,0,,NONE,0.9,0,-,-,-,-,289,-,28,264,-
instant eye lift,RELEVANT,OTHER,703,15,,180,3,0,,NONE,1.46,6,241,-,-,-,180,189,-,-,-
cool contour stick,RELEVANT,CONTOUR,703,16,,211,1,0,,NONE,0.92,0,-,-,-,-,-,-,-,211,-
skincare routine set,RELEVANT,OTHER,703,4,,240,1,0,,NONE,1.21,3,-,-,-,-,-,-,-,240,-
moving tools,RELEVANT,OTHER,703,7,,191,3,0,,NONE,1.98,0,-,-,-,-,233,301,-,191,-
womens tool set,RELEVANT,OTHER,703,13,,245,1,0,,NONE,1.01,0,-,-,-,-,-,-,-,245,-
facial massage cream,OFF_CATEGORY,BRUSH_MASSAGE,703,16,,288,1,0,,NONE,1.31,10,-,-,-,-,288,-,-,-,-
face oul,RELEVANT,OTHER,703,28,,301,1,0,,NONE,2.08,0,-,-,-,-,-,-,-,301,-
portable brush,RELEVANT,BRUSH_MASSAGE,703,16,,306,1,0,,NONE,0.92,1,-,-,-,-,306,-,-,-,-
kit sch brush,RELEVANT,BRUSH_MASSAGE,703,21,,,0,0,,NONE,0.88,0,-,-,-,-,-,-,-,-,-
cotsoco lymphatic contour face brush,RELEVANT,CONTOUR,700,18,90,6,9,3,B0FD354L27|B0FD6Y9BX5|B0G2XLH8CG,SHARED,1.28,0,13,28,24,55,6,31,25,20,83
dry brush face,RELEVANT,BRUSH_MASSAGE,700,13,107,1,9,5,B0FD354L27|B0GSQW56YT|B0FD6Y9BX5|B0H5MMYNWM|B0G2XLH8CG,CONSOLIDATED,1.16,0,1,7,27,21,8,22,4,19,282
lymphatic face massager,RELEVANT,LYMPHATIC,700,17,232,22,8,0,,NONE,1.58,0,24,42,133,148,66,137,22,50,-
kitsch face,COMPETITOR_BRAND,OTHER,700,22,,1,2,1,B0H5MMYNWM,SINGLE,1.12,0,38,-,-,-,-,-,1,-,-
wooden lymphatic drainage tool,RELEVANT,DRAINAGE,700,12,,30,7,0,,NONE,1.08,2,47,135,57,70,-,34,-,30,169
lymphatic draining,RELEVANT,LYMPHATIC,700,11,,12,3,1,B0FD354L27,SINGLE,1.79,0,12,-,-,-,24,106,-,-,-
jade face sculpting tool,RELEVANT,SCULPTING,700,28,,45,2,0,,NONE,1.28,0,-,-,-,45,-,-,-,52,-
skin care for black women,RELEVANT,OTHER,700,5,,38,1,0,,NONE,1.24,0,38,-,-,-,-,-,-,-,-
skin scrubber face spatula,RELEVANT,OTHER,700,9,,62,1,0,,NONE,1.2,12,62,-,-,-,-,-,-,-,-
metal face roller,OFF_CATEGORY,OTHER,700,22,,68,1,0,,NONE,1.06,1,68,-,-,-,-,-,-,-,-
travel brushes makeup,RELEVANT,BRUSH_MASSAGE,700,8,,119,1,0,,NONE,0.77,0,-,-,-,-,119,-,-,-,-
resin brush,RELEVANT,BRUSH_MASSAGE,700,10,,168,1,0,,NONE,0.86,11,-,168,-,-,-,-,-,-,-
dry brushes,RELEVANT,BRUSH_MASSAGE,700,18,,148,7,0,,NONE,1.18,3,-,178,269,154,229,148,-,214,217
best under eye depuffer,RELEVANT,DEPUFF,700,13,,213,2,0,,NONE,1.65,0,-,-,-,249,-,-,-,213,-
cosmetic brushes for makeup,RELEVANT,BRUSH_MASSAGE,700,25,,264,1,0,,NONE,1,0,-,-,-,-,264,-,-,-,-
plumping stick for face,RELEVANT,OTHER,700,15,,299,1,0,,NONE,1.29,1,-,-,-,-,-,-,-,299,-
makeup brush pack,RELEVANT,BRUSH_MASSAGE,700,21,,302,1,0,,NONE,1.03,0,-,-,-,-,302,-,-,-,-
keep cats off countertops,RELEVANT,OTHER,700,16,,,0,0,,NONE,1.75,1,-,-,-,-,-,-,-,-,-
bathtub jacuzzi,RELEVANT,OTHER,700,2,,,0,0,,NONE,1.39,0,-,-,-,-,-,-,-,-,-
korean face brush,RELEVANT,BRUSH_MASSAGE,697,20,150,8,8,3,B0GC3HX5KH|B0FD6Y9BX5|B0H5MMYNWM,SHARED,1.27,0,33,38,53,18,8,42,16,26,-
shark face depuffer,OFF_CATEGORY,DEPUFF,697,7,,20,6,1,B0FD354L27,SINGLE,1.55,0,20,24,-,56,27,42,-,24,-
beauty accessories,RELEVANT,OTHER,697,1,,22,1,0,,NONE,0.84,0,-,-,-,-,22,-,-,-,-
cosmetic brushes,RELEVANT,BRUSH_MASSAGE,697,23,,26,3,0,,NONE,1.03,1,26,-,-,-,82,258,-,-,-
facial cupping set,OFF_CATEGORY,OTHER,697,16,,116,1,0,,NONE,1.02,26,116,-,-,-,-,-,-,-,-
badazaling kit,RELEVANT,OTHER,697,11,,,0,0,,NONE,0.76,0,-,-,-,-,-,-,-,-,-
aegyosal,RELEVANT,OTHER,697,5,,,0,0,,NONE,0.9,8,-,-,-,-,-,-,-,-,-
elf flawless face brush,RELEVANT,BRUSH_MASSAGE,697,25,,,0,0,,NONE,1.11,0,-,-,-,-,-,-,-,-,-
facial dry brush for lymphatic drainage,RELEVANT,DRAINAGE,692,26,112,5,9,5,B0GSQW56YT|B0GVBQ7P79|B0FD6Y9BX5|B0G3685P2S|B0G2XLH8CG,CONSOLIDATED,1.28,1,35,8,19,27,5,17,25,20,38
ice cream roll maker,OFF_CATEGORY,OTHER,692,6,,,0,0,,NONE,0.56,7,-,-,-,-,-,-,-,-,-
lymphatic drainage brushes,RELEVANT,DRAINAGE,690,25,94,7,9,4,B0GSQW56YT|B0FD6Y9BX5|B0G3685P2S|B0H5MMYNWM,CONSOLIDATED,1.22,0,21,7,37,41,13,9,11,23,93
kitch brush face,RELEVANT,BRUSH_MASSAGE,690,22,,2,4,4,B0FD354L27|B0GC3HX5KH|B0G3685P2S|B0H5MMYNWM,CONSOLIDATED,1.21,0,3,-,-,18,-,5,2,-,-
dry face brush,RELEVANT,BRUSH_MASSAGE,690,25,,2,9,4,B0GSQW56YT|B0GC3HX5KH|B0FD6Y9BX5|B0H5MMYNWM,CONSOLIDATED,1.24,1,47,6,28,14,8,22,2,96,69
kitsch lymphatic,COMPETITOR_BRAND,LYMPHATIC,690,-,,2,2,2,B0FD354L27|B0H5MMYNWM,SHARED,1.15,0,5,-,-,-,-,-,2,-,-
kitsch applicator,COMPETITOR_BRAND,OTHER,690,6,,4,1,1,B0H5MMYNWM,SINGLE,0.97,0,-,-,-,-,-,-,4,-,-
face wand,RELEVANT,OTHER,690,10,,27,1,0,,NONE,1.53,0,27,-,-,-,-,-,-,-,-
face toning belts,RELEVANT,OTHER,690,12,,30,1,0,,NONE,1.17,4,30,-,-,-,-,-,-,-,-
wood rollers for body sculpting,RELEVANT,SCULPTING,690,20,,54,1,0,,NONE,1.11,0,54,-,-,-,-,-,-,-,-
define brush,RELEVANT,BRUSH_MASSAGE,690,9,,107,4,0,,NONE,1.02,0,-,-,-,-,154,145,107,-,175
gua sha oil for face,OFF_CATEGORY,GUA_SHA,690,21,204,77,2,0,,NONE,1.46,1,-,125,-,-,-,-,-,77,-
brochas maquillaje,RELEVANT,OTHER,690,10,,99,1,0,,NONE,1,0,-,-,-,-,99,-,-,-,-
simple skincare products,RELEVANT,OTHER,690,9,,185,1,0,,NONE,1.15,0,-,-,-,-,185,-,-,-,-
wood handle,RELEVANT,OTHER,690,11,,186,1,0,,NONE,0.97,11,-,-,-,186,-,-,-,-,-
natural glow,RELEVANT,OTHER,690,13,,151,2,0,,NONE,1.28,28,-,-,-,151,-,-,-,-,243
face makeup brush set,RELEVANT,BRUSH_MASSAGE,690,15,,107,3,0,,NONE,0.99,0,-,-,-,-,107,290,-,278,-
hair oil massager,OFF_CATEGORY,BRUSH_MASSAGE,690,3,,227,2,0,,NONE,1.06,0,227,-,-,-,-,-,-,298,-
cepillo facial,OFF_CATEGORY,OTHER,687,9,211,5,9,2,B0FD354L27|B0FD6Y9BX5,SHARED,1.17,0,5,49,88,71,12,62,25,61,218
face massage tool,RELEVANT,BRUSH_MASSAGE,687,10,,14,8,1,B0FD6Y9BX5,SINGLE,1.57,1,87,68,156,113,14,52,-,61,238
pore cleansing brush,RELEVANT,BRUSH_MASSAGE,687,9,,55,2,0,,NONE,0.85,2,-,-,-,55,-,-,125,-,-
instant firming cream 1pc with 1 brush,OFF_CATEGORY,BRUSH_MASSAGE,687,5,,50,1,0,,NONE,1.23,0,-,-,-,-,50,-,-,-,-
gua sha serum,OFF_CATEGORY,GUA_SHA,687,5,265,57,5,0,,NONE,1.3,2,-,169,221,-,-,193,-,57,201
guasha stainless steel,OFF_CATEGORY,GUA_SHA,687,14,,69,2,0,,NONE,1.18,0,69,-,292,-,-,-,-,-,-
facial cleaning brush,RELEVANT,BRUSH_MASSAGE,687,17,,90,7,0,,NONE,1.24,0,90,202,228,210,-,225,170,224,-
key tool,RELEVANT,OTHER,687,2,,248,1,0,,NONE,0.62,6,248,-,-,-,-,-,-,-,-
men's skin care,RELEVANT,OTHER,687,17,,263,1,0,,NONE,1.62,0,-,-,263,-,-,-,-,-,-
bedazzeling kit,RELEVANT,OTHER,687,15,,,0,0,,NONE,0.98,0,-,-,-,-,-,-,-,-,-
cock ring vibration,OFF_CATEGORY,OTHER,687,14,,,0,0,,NONE,1.46,0,-,-,-,-,-,-,-,-,-
rolled ice cream machine,OFF_CATEGORY,OTHER,687,2,,,0,0,,NONE,0.66,7,-,-,-,-,-,-,-,-,-
contour blending brush,RELEVANT,CONTOUR,685,20,,42,2,0,,NONE,0.96,0,-,-,-,42,51,-,-,-,-
face lifter,RELEVANT,OTHER,685,10,,7,1,1,B0FD354L27,SINGLE,1.5,0,7,-,-,-,-,-,-,-,-
depuffing face mask,RELEVANT,DEPUFF,685,9,,16,1,1,B0FD354L27,SINGLE,1.44,1,16,-,-,-,-,-,-,-,-
gua sha roller,RELEVANT,GUA_SHA,685,14,,40,2,0,,NONE,1.11,0,40,-,-,-,-,-,-,115,-
lymph drainage,RELEVANT,DRAINAGE,685,12,,106,2,0,,NONE,2.32,2,106,-,-,130,-,-,-,-,-
brushes bulk,RELEVANT,BRUSH_MASSAGE,685,15,,117,3,0,,NONE,0.82,13,-,-,-,-,133,-,117,274,-
small bristle brush,RELEVANT,BRUSH_MASSAGE,685,18,,228,2,0,,NONE,0.92,0,228,-,-,-,-,-,230,-,-
korean skin care eye patches,OFF_CATEGORY,OTHER,685,14,,259,1,0,,NONE,1.43,0,259,-,-,-,-,-,-,-,-
manual massage tools,OFF_CATEGORY,BRUSH_MASSAGE,685,3,,270,1,0,,NONE,1.15,0,270,-,-,-,-,-,-,-,-
be delicious,RELEVANT,OTHER,685,13,,,0,0,,NONE,0.81,41,-,-,-,-,-,-,-,-,-
dry skin,RELEVANT,OTHER,685,10,,,0,0,,NONE,1.46,21,-,-,-,-,-,-,-,-,-
shark facial pro,OFF_CATEGORY,OTHER,682,3,,17,1,1,B0FD354L27,SINGLE,2.02,0,17,-,-,-,-,-,-,-,-
patrick ta brush,RELEVANT,BRUSH_MASSAGE,682,8,,25,1,0,,NONE,1.05,0,25,-,-,-,-,-,-,-,-
nuvetra lift & glow lymphatic brush,COMPETITOR_BRAND,LYMPHATIC,679,54,76,4,9,5,B0FD354L27|B0GSQW56YT|B0FD6Y9BX5|B0G3685P2S|B0G2XLH8CG,CONSOLIDATED,1.28,0,5,11,26,30,7,4,27,13,61
depuffer,RELEVANT,DEPUFF,679,11,,5,5,1,B0FD6Y9BX5,SINGLE,1.37,9,27,47,-,86,5,81,-,-,-
harry face brush,RELEVANT,BRUSH_MASSAGE,679,13,,40,3,0,,NONE,1.18,0,40,-,-,72,-,-,43,-,-
face brush exfoliator,RELEVANT,BRUSH_MASSAGE,679,20,,50,8,0,,NONE,1.11,0,50,174,255,259,188,179,163,78,-
harry's facial cleansing brush,RELEVANT,BRUSH_MASSAGE,679,18,,22,1,0,,NONE,1.08,0,-,-,-,-,-,-,22,-,-
facial fan brushes,RELEVANT,BRUSH_MASSAGE,679,16,,57,2,0,,NONE,0.83,4,77,-,-,57,-,-,-,-,-
gua sha comb,RELEVANT,GUA_SHA,679,17,,147,2,0,,NONE,0.97,17,-,-,-,154,-,-,-,147,-
lymphatic drainage massager stomach,RELEVANT,DRAINAGE,679,6,,151,2,0,,NONE,1.28,0,175,-,-,-,-,151,-,-,-
face pack for glowing skin,RELEVANT,OTHER,679,9,,112,2,0,,NONE,1.59,0,-,-,-,-,112,-,-,-,229
hourglass brush set,RELEVANT,BRUSH_MASSAGE,679,5,,106,1,0,,NONE,1.02,0,-,-,-,-,-,-,-,106,-
make up brishes,RELEVANT,OTHER,679,19,,89,3,0,,NONE,1.04,0,-,-,-,-,89,-,-,288,235
eye make up brushes,RELEVANT,BRUSH_MASSAGE,679,23,,252,1,0,,NONE,0.96,0,-,-,-,-,252,-,-,-,-
small makeup brush bag,RELEVANT,BRUSH_MASSAGE,679,11,,275,1,0,,NONE,0.52,1,-,-,-,-,275,-,-,-,-
face sculpt,RELEVANT,SCULPTING,677,4,,2,9,3,B0FD354L27|B0FD6Y9BX5|B0G2XLH8CG,SHARED,1.5,3,5,26,254,86,2,60,37,16,136
puffy face,RELEVANT,DEPUFF,677,13,,4,5,1,B0FD6Y9BX5,SINGLE,1.39,0,36,-,-,184,4,71,-,65,-
/kitsch,COMPETITOR_BRAND,OTHER,677,11,,6,1,1,B0H5MMYNWM,SINGLE,1.57,0,-,-,-,-,-,-,6,-,-
facial accessories,RELEVANT,OTHER,677,10,,9,1,1,B0FD6Y9BX5,SINGLE,1.12,0,-,-,-,-,9,-,-,-,-
massage face,RELEVANT,BRUSH_MASSAGE,677,7,,17,8,2,B0FD6Y9BX5|B0H5MMYNWM,SHARED,1.37,1,54,120,257,113,17,122,18,92,-
wood lymphatic drainage tool,RELEVANT,DRAINAGE,677,13,,101,6,0,,NONE,1.18,0,101,119,159,133,-,134,-,-,172
beauty stuff,RELEVANT,OTHER,677,3,,45,1,0,,NONE,0.95,0,-,-,-,-,45,-,-,-,-
face slimming mask,RELEVANT,OTHER,677,9,,55,1,0,,NONE,1.3,4,55,-,-,-,-,-,-,-,-
face cleaning tools,RELEVANT,OTHER,677,11,,14,3,1,B0FD354L27,SINGLE,1.17,0,14,98,-,-,-,-,-,269,-
body sculpting massager,RELEVANT,SCULPTING,677,8,,164,1,0,,NONE,1.16,0,-,-,-,-,-,-,-,164,-
makeup brushes face,RELEVANT,BRUSH_MASSAGE,677,10,,124,5,0,,NONE,1.3,0,295,-,-,-,124,205,172,224,-
eye massager tool,RELEVANT,BRUSH_MASSAGE,677,11,,203,3,0,,NONE,1.2,5,223,-,-,-,203,-,-,241,-
neck massage tool,RELEVANT,JAWLINE_CHIN,677,17,,224,5,0,,NONE,1.15,0,-,287,289,224,-,301,-,292,-
lymphatic drainage pills for women,OFF_CATEGORY,DRAINAGE,677,21,,,0,0,,NONE,2.76,0,-,-,-,-,-,-,-,-,-
rolling ice cream maker,OFF_CATEGORY,OTHER,677,2,,,0,0,,NONE,0.71,0,-,-,-,-,-,-,-,-,-
lymphatic drainage face,RELEVANT,DRAINAGE,674,9,214,5,9,4,B0FD354L27|B0GSQW56YT|B0FD6Y9BX5|B0G2XLH8CG,CONSOLIDATED,1.39,1,16,7,47,59,5,26,42,15,132
countour brush,RELEVANT,BRUSH_MASSAGE,674,14,219,25,9,0,,NONE,1.1,0,80,75,124,177,33,51,25,65,103
facial cleansing brush for women,RELEVANT,BRUSH_MASSAGE,674,10,,52,8,0,,NONE,1.19,0,102,122,262,123,165,52,130,195,-
gua-sha,RELEVANT,OTHER,674,7,,40,6,0,,NONE,1.18,0,75,40,-,293,165,-,-,151,246
my derma dream,RELEVANT,OTHER,674,12,,43,1,0,,NONE,1.67,18,-,-,-,-,-,-,-,43,-
chin compression garment,RELEVANT,OTHER,674,15,,58,1,0,,NONE,1.12,10,58,-,-,-,-,-,-,-,-
real techniques face brushes,RELEVANT,BRUSH_MASSAGE,674,11,,58,4,0,,NONE,1.81,0,58,-,-,184,88,-,70,-,-
face cleaner brush,RELEVANT,BRUSH_MASSAGE,674,17,300,61,5,0,,NONE,1.24,1,61,-,188,172,168,-,94,-,-
coslus facial cleansing brush,RELEVANT,BRUSH_MASSAGE,674,20,,79,1,0,,NONE,1.24,0,-,-,-,-,-,-,79,-,-
dr melaxin products,RELEVANT,OTHER,674,4,,81,1,0,,NONE,0.93,0,81,-,-,-,-,-,-,-,-
gua sha body tool,RELEVANT,GUA_SHA,674,14,,104,3,0,,NONE,1.1,1,-,217,-,104,-,-,-,224,-
ice gua sha,RELEVANT,GUA_SHA,674,18,,101,1,0,,NONE,1.11,0,-,-,-,-,-,-,-,101,-
eyelid brush,RELEVANT,BRUSH_MASSAGE,674,9,,127,1,0,,NONE,1.04,10,127,-,-,-,-,-,-,-,-
face care set,RELEVANT,OTHER,674,4,,239,1,0,,NONE,1.24,1,-,-,-,-,-,-,-,239,-
hot girl essentials,RELEVANT,OTHER,674,7,,,0,0,,NONE,1.18,0,-,-,-,-,-,-,-,-,-
sculpting brush,RELEVANT,SCULPTING,672,19,133,4,9,5,B0FD354L27|B0GSQW56YT|B0FD6Y9BX5|B0G3685P2S|B0H5MMYNWM,CONSOLIDATED,1.02,6,14,18,62,34,4,8,15,66,162
brush for face,RELEVANT,BRUSH_MASSAGE,672,9,165,8,8,1,B0FD6Y9BX5,SINGLE,1.17,2,74,22,120,58,8,56,37,86,-
bevellea,RELEVANT,OTHER,672,16,,6,1,1,B0G2XLH8CG,SINGLE,0.96,2,-,-,-,-,-,-,-,6,-
depuff,RELEVANT,DEPUFF,672,5,,1,3,1,B0FD6Y9BX5,SINGLE,1.59,5,-,-,-,101,1,-,-,96,-
pore brush for face,RELEVANT,BRUSH_MASSAGE,672,10,,44,7,0,,NONE,0.82,1,44,130,259,50,176,212,120,-,-
skincare and makeup,RELEVANT,OTHER,672,-,,58,1,0,,NONE,1.15,0,-,-,-,-,58,-,-,-,-
v line mask,RELEVANT,OTHER,672,8,,85,1,0,,NONE,1.24,3,85,-,-,-,-,-,-,-,-
plush with face,RELEVANT,OTHER,672,2,,105,1,0,,NONE,0.6,0,-,-,-,-,-,105,-,-,-
fave scrubber,RELEVANT,OTHER,672,18,,174,1,0,,NONE,1.26,0,-,-,-,174,-,-,-,-,-
cat hair remover glove,RELEVANT,OTHER,672,23,,,0,0,,NONE,1.83,2,-,-,-,-,-,-,-,-,-
kojeva lymphatic face brush original,COMPETITOR_BRAND,LYMPHATIC,669,22,112,7,9,7,B0FD354L27|B0GSQW56YT|B0GVBQ7P79|B0FD6Y9BX5|B0G3685P2S|B0H5MMYNWM|B0G2XLH8CG,CONSOLIDATED,1.13,0,11,18,7,22,20,10,12,14,50
black lymphatic contour face brush,RELEVANT,CONTOUR,669,21,153,5,9,5,B0FD354L27|B0GSQW56YT|B0FD6Y9BX5|B0G3685P2S|B0H5MMYNWM,CONSOLIDATED,1.28,0,5,18,30,31,7,19,12,52,53
lymphatic face tool,RELEVANT,LYMPHATIC,669,14,179,10,9,1,B0FD6Y9BX5,SINGLE,1.46,0,37,30,105,125,10,111,56,109,161
drybrush brush,RELEVANT,BRUSH_MASSAGE,669,25,,23,4,0,,NONE,1.21,0,-,-,86,91,-,23,-,114,-
dr idriss depuffer,RELEVANT,DEPUFF,669,2,,24,1,0,,NONE,1.4,0,-,-,-,-,24,-,-,-,-
cepillo limpiador facial,OFF_CATEGORY,OTHER,669,10,,41,3,0,,NONE,1.25,0,41,-,-,120,-,-,92,-,-
thigh roller for cellulite,RELEVANT,OTHER,669,12,,35,1,0,,NONE,1.15,0,35,-,-,-,-,-,-,-,-
wildling gua sha,RELEVANT,GUA_SHA,669,8,,58,1,0,,NONE,1.29,0,-,-,-,58,-,-,-,-,-
beauty items,RELEVANT,OTHER,669,10,,75,1,0,,NONE,1.03,0,-,-,-,-,75,-,-,-,-
massage brush for belly,RELEVANT,BRUSH_MASSAGE,669,15,,87,1,0,,NONE,1.17,12,87,-,-,-,-,-,-,-,-
soft makeup brushes,RELEVANT,BRUSH_MASSAGE,669,21,,93,1,0,,NONE,0.97,0,-,-,-,-,93,-,-,-,-
makeup brushes bag,RELEVANT,BRUSH_MASSAGE,669,6,,251,1,0,,NONE,0.54,2,-,-,-,-,251,-,-,-,-
bliss skincare,RELEVANT,OTHER,669,9,,252,1,0,,NONE,1.46,0,-,-,-,-,-,252,-,-,-
two face,RELEVANT,OTHER,669,2,,266,1,0,,NONE,0.72,9,-,-,-,266,-,-,-,-,-
tan brush,RELEVANT,BRUSH_MASSAGE,669,22,,,0,0,,NONE,1.29,2,-,-,-,-,-,-,-,-,-
women self care must haves,RELEVANT,OTHER,667,8,,19,1,1,B0FD6Y9BX5,SINGLE,,0,-,-,-,-,19,-,-,-,-
gua sha tools for face,RELEVANT,GUA_SHA,667,11,242,44,7,0,,NONE,1.23,0,154,44,175,76,149,181,-,58,-
contour makeup brush,RELEVANT,CONTOUR,667,23,,66,6,0,,NONE,1.03,1,106,-,-,185,66,114,161,232,-
face scrub tool,RELEVANT,OTHER,667,14,,45,6,0,,NONE,1.16,0,45,136,-,173,182,199,159,-,-
manual facial cleansing brushes,OFF_CATEGORY,BRUSH_MASSAGE,667,13,,53,4,0,,NONE,0.99,0,53,-,306,258,-,-,139,-,-
wood massager,RELEVANT,BRUSH_MASSAGE,667,11,,108,2,0,,NONE,0.83,0,-,271,-,108,-,-,-,-,-
natural makeup brushes,RELEVANT,BRUSH_MASSAGE,667,7,,172,3,0,,NONE,1.17,4,-,-,-,-,-,287,-,172,216
eye brightening patches,RELEVANT,OTHER,667,16,,278,1,0,,NONE,1.46,0,-,-,-,-,-,278,-,-,-
total body collagen,OFF_CATEGORY,OTHER,667,28,,293,1,0,,NONE,2.52,3,-,-,293,-,-,-,-,-,-
baddazling kit,RELEVANT,OTHER,667,4,,,0,0,,NONE,0.65,0,-,-,-,-,-,-,-,-,-
electric guasha tool for face,OFF_CATEGORY,GUA_SHA,667,8,,,0,0,,NONE,2,2,-,-,-,-,-,-,-,-,-
soft face brush,RELEVANT,BRUSH_MASSAGE,664,23,,8,8,2,B0FD354L27|B0H5MMYNWM,SHARED,0.94,1,8,78,59,93,41,33,11,67,-
kitsch hairbrush,COMPETITOR_BRAND,BRUSH_MASSAGE,664,14,,24,1,0,,NONE,0.85,0,-,-,-,-,-,-,24,-,-
face roller freezer,RELEVANT,OTHER,664,17,,63,1,0,,NONE,1.27,0,63,-,-,-,-,-,-,-,-
bulk brushes,RELEVANT,BRUSH_MASSAGE,664,10,,74,4,0,,NONE,0.86,0,-,-,-,-,192,193,74,195,-
metal guasha tool for face,OFF_CATEGORY,GUA_SHA,664,23,,143,2,0,,NONE,1.21,1,-,-,143,-,159,-,-,-,-
luxe make up,RELEVANT,OTHER,664,7,,123,1,0,,NONE,1.31,0,-,-,-,-,-,123,-,-,-
medicube madk,OFF_CATEGORY,OTHER,664,16,,198,1,0,,NONE,1.28,0,198,-,-,-,-,-,-,-,-
lymphatic lymphatic drainage drops,OFF_CATEGORY,DRAINAGE,664,10,,258,1,0,,NONE,2.51,0,-,-,-,-,-,-,-,258,-
brush set makeup,RELEVANT,BRUSH_MASSAGE,664,5,,296,1,0,,NONE,1.06,0,-,-,-,-,296,-,-,-,-
teen girl must haves,RELEVANT,OTHER,664,1,,299,1,0,,NONE,1,0,299,-,-,-,-,-,-,-,-
lymph drainage brush,RELEVANT,DRAINAGE,661,20,123,5,9,4,B0GSQW56YT|B0FD6Y9BX5|B0G3685P2S|B0H5MMYNWM,CONSOLIDATED,1.26,0,21,7,25,29,6,8,5,24,81
nuvetra lymphatic face brush,COMPETITOR_BRAND,LYMPHATIC,661,19,75,6,9,6,B0FD354L27|B0GSQW56YT|B0GVBQ7P79|B0FD6Y9BX5|B0G3685P2S|B0H5MMYNWM,CONSOLIDATED,1.3,0,7,17,11,48,8,6,19,26,96
lymphatic body brush,RELEVANT,LYMPHATIC,661,11,,17,8,2,B0FD354L27|B0FD6Y9BX5,SHARED,1.27,0,19,70,67,191,17,151,102,94,-
jade gua sha tool for face,RELEVANT,GUA_SHA,661,25,,32,1,0,,NONE,1.28,0,-,-,-,-,-,-,-,32,-
facial brushes for cleansing,RELEVANT,BRUSH_MASSAGE,661,15,,86,7,0,,NONE,1.32,0,86,212,-,120,273,284,165,185,-
fluffy facial brushes,RELEVANT,BRUSH_MASSAGE,661,6,,84,4,0,,NONE,0.72,5,-,-,-,95,117,84,278,-,-
sonic face cleansing brush,RELEVANT,BRUSH_MASSAGE,661,19,,69,1,0,,NONE,1.33,0,69,-,-,-,-,-,-,-,-
mary ruth lymphatic support,OFF_CATEGORY,LYMPHATIC,661,12,,78,1,0,,NONE,2.09,0,78,-,-,-,-,-,-,-,-
luxe eye patches,OFF_CATEGORY,OTHER,661,14,,155,1,0,,NONE,1.51,0,-,-,-,-,-,155,-,-,-
makeup brush set real techniques,RELEVANT,BRUSH_MASSAGE,661,8,,222,1,0,,NONE,1.28,0,-,-,-,-,222,-,-,-,-
facial essentials,RELEVANT,OTHER,661,4,,288,1,0,,NONE,0.94,0,288,-,-,-,-,-,-,-,-
leg lymphatic drainage massager,RELEVANT,DRAINAGE,661,10,,299,1,0,,NONE,1.21,0,-,299,-,-,-,-,-,-,-
leather face,RELEVANT,OTHER,661,-,,,0,0,,NONE,0.25,4,-,-,-,-,-,-,-,-,-
lymphatic dry brush for face,RELEVANT,LYMPHATIC,659,22,279,6,9,5,B0GSQW56YT|B0GVBQ7P79|B0FD6Y9BX5|B0G3685P2S|B0H5MMYNWM,CONSOLIDATED,1.6,0,29,7,12,79,6,13,15,49,44
face lifting,RELEVANT,OTHER,659,4,,6,5,1,B0FD6Y9BX5,SINGLE,1.81,6,120,-,-,113,6,106,62,-,-
countor,RELEVANT,OTHER,659,6,,40,9,0,,NONE,1.39,0,88,105,215,185,66,84,40,101,178
ashley black fascia blaster tools,RELEVANT,OTHER,659,8,,18,1,1,B0FD354L27,SINGLE,1.35,0,18,-,-,-,-,-,-,-,-
face buffer,RELEVANT,OTHER,659,20,,38,1,0,,NONE,0.86,4,38,-,-,-,-,-,-,-,-
body contouring tools,RELEVANT,CONTOUR,659,6,,58,5,0,,NONE,1.07,1,58,164,196,235,-,-,-,190,-
lymphatic gloves,RELEVANT,LYMPHATIC,659,9,,75,1,0,,NONE,0.96,1,-,-,-,75,-,-,-,-,-
under eye makeup brush,RELEVANT,BRUSH_MASSAGE,659,28,,159,2,0,,NONE,1.17,1,-,-,-,-,159,163,-,-,-
under eye brushes for makeup,RELEVANT,BRUSH_MASSAGE,659,23,,151,3,0,,NONE,1.02,0,166,-,-,-,151,227,-,-,-
luxe brush,RELEVANT,BRUSH_MASSAGE,659,26,,97,1,0,,NONE,,0,-,-,-,-,-,97,-,-,-
timeless skin care,RELEVANT,OTHER,659,9,,145,1,0,,NONE,1.57,0,-,-,145,-,-,-,-,-,-
metal massage tool,OFF_CATEGORY,BRUSH_MASSAGE,659,14,,225,1,0,,NONE,0.94,0,-,-,-,-,225,-,-,-,-
gua sha metal,OFF_CATEGORY,GUA_SHA,659,23,,218,2,0,,NONE,1.03,0,-,-,284,-,218,-,-,-,-
facial tools for estheticians,RELEVANT,OTHER,659,12,,256,1,0,,NONE,1.07,0,-,-,-,256,-,-,-,-,-
line up tool,RELEVANT,OTHER,659,12,,257,2,0,,NONE,0.89,8,-,-,-,-,257,-,-,283,-
ice cream maker tray,OFF_CATEGORY,OTHER,659,4,,,0,0,,NONE,0.66,1,-,-,-,-,-,-,-,-,-
bevellea lymphatic face brush,RELEVANT,LYMPHATIC,656,15,136,3,9,7,B0FD354L27|B0GSQW56YT|B0GVBQ7P79|B0FD6Y9BX5|B0G3685P2S|B0H5MMYNWM|B0G2XLH8CG,CONSOLIDATED,1.22,0,3,14,10,27,5,4,16,9,58
facial massage brush,RELEVANT,BRUSH_MASSAGE,656,15,128,3,9,4,B0FD354L27|B0GSQW56YT|B0FD6Y9BX5|B0G3685P2S,CONSOLIDATED,1.22,0,20,5,44,25,3,11,23,27,276
therapy brush,RELEVANT,BRUSH_MASSAGE,656,24,,28,2,0,,NONE,0.9,15,-,-,64,28,-,-,-,-,-
doula bag essentials,RELEVANT,OTHER,656,5,,24,1,0,,NONE,0.93,1,24,-,-,-,-,-,-,-,-
guasha stone,RELEVANT,GUA_SHA,656,17,,70,2,0,,NONE,1.24,6,-,-,-,83,-,-,-,70,-
silicone facial brush,RELEVANT,BRUSH_MASSAGE,656,7,,72,2,0,,NONE,1.06,0,72,-,-,-,-,-,178,-,-
kitcsh,RELEVANT,OTHER,656,11,,4,3,1,B0H5MMYNWM,SINGLE,1.51,0,248,-,-,-,-,-,4,258,-
cleanser brush,RELEVANT,BRUSH_MASSAGE,656,6,,114,1,0,,NONE,1.4,2,-,-,-,-,-,-,114,-,-
dual makeup brush,RELEVANT,BRUSH_MASSAGE,656,10,,210,1,0,,NONE,1.04,0,-,-,-,-,-,-,-,210,-
gua sha for body,RELEVANT,GUA_SHA,656,15,,204,2,0,,NONE,1.11,1,-,204,-,-,-,-,-,226,-
neck patches,RELEVANT,JAWLINE_CHIN,656,10,,276,1,0,,NONE,1.35,12,-,-,-,-,-,276,-,-,-
rokaty lymphatic contour face brush,RELEVANT,CONTOUR,654,19,135,2,9,7,B0FD354L27|B0GSQW56YT|B0GVBQ7P79|B0FD6Y9BX5|B0G3685P2S|B0H5MMYNWM|B0G2XLH8CG,CONSOLIDATED,1.17,0,10,8,17,30,2,20,13,18,53
face shaper tool,RELEVANT,OTHER,654,13,,5,5,2,B0FD354L27|B0FD6Y9BX5,SHARED,1.21,0,5,74,-,45,8,-,-,57,-
gugug skin scrubber face spatula,RELEVANT,OTHER,654,13,,24,1,0,,NONE,1.06,0,24,-,-,-,-,-,-,-,-
brush for face mask,RELEVANT,BRUSH_MASSAGE,654,18,,65,7,0,,NONE,0.95,1,104,300,-,65,195,214,148,80,-
makeup face brushes,RELEVANT,BRUSH_MASSAGE,654,16,,95,6,0,,NONE,1.1,0,95,-,-,-,117,266,156,222,248
ive roller for face,RELEVANT,OTHER,654,15,,44,1,0,,NONE,1.25,0,44,-,-,-,-,-,-,-,-
beauty sale,RELEVANT,OTHER,654,1,,48,1,0,,NONE,1.11,0,-,-,-,-,48,-,-,-,-
cellulite massage roller,RELEVANT,BRUSH_MASSAGE,654,7,,87,1,0,,NONE,1.21,9,87,-,-,-,-,-,-,-,-
wooden body sculpting tools,RELEVANT,SCULPTING,654,9,,123,3,0,,NONE,1.03,0,-,145,175,123,-,-,-,-,-
self massager,RELEVANT,BRUSH_MASSAGE,654,14,,126,2,0,,NONE,1.39,0,126,-,-,-,-,-,-,232,-
guasha oil,OFF_CATEGORY,GUA_SHA,654,11,,154,1,0,,NONE,1.49,0,-,-,-,-,-,-,-,154,-
body contouring device,RELEVANT,CONTOUR,654,7,,204,1,0,,NONE,1.54,10,-,-,-,-,-,-,-,204,-
travel brushes,RELEVANT,BRUSH_MASSAGE,654,5,,194,2,0,,NONE,0.81,2,303,-,-,-,194,-,-,-,-
body brush exfoliator,RELEVANT,BRUSH_MASSAGE,654,17,,281,1,0,,NONE,1.44,0,-,-,281,-,-,-,-,-,-
bedazzleing kit,RELEVANT,OTHER,654,7,,,0,0,,NONE,0.72,0,-,-,-,-,-,-,-,-,-
dazzle kit,RELEVANT,OTHER,654,11,,,0,0,,NONE,0.76,0,-,-,-,-,-,-,-,-,-
kitch lymphatic drainage brush,RELEVANT,DRAINAGE,651,17,110,2,8,2,B0FD354L27|B0H5MMYNWM,SHARED,1.54,0,18,23,27,25,29,22,2,45,-
lymphatic drainage eye bags,RELEVANT,DRAINAGE,651,8,,17,6,1,B0FD6Y9BX5,SINGLE,1.65,0,68,60,-,105,17,55,-,70,-
kitsch gua sha brush,COMPETITOR_BRAND,GUA_SHA,651,-,,1,3,3,B0FD354L27|B0H5MMYNWM|B0G2XLH8CG,SHARED,,0,3,-,-,-,-,-,1,6,-
face drainage tool,RELEVANT,DRAINAGE,651,20,191,10,8,3,B0GSQW56YT|B0FD6Y9BX5|B0G3685P2S,SHARED,1.31,0,21,10,53,60,11,17,-,121,272
jawline sculpting tool,RELEVANT,SCULPTING,651,17,,15,6,2,B0FD354L27|B0FD6Y9BX5,SHARED,1.56,0,18,99,182,-,15,123,-,117,-
gu sha,RELEVANT,OTHER,651,19,,19,2,1,B0G2XLH8CG,SINGLE,1.25,0,-,-,-,78,-,-,-,19,-
biotyspa,RELEVANT,OTHER,651,10,,18,1,1,B0FD354L27,SINGLE,1.45,4,18,-,-,-,-,-,-,-,-
tofigo lymphatic drainage,RELEVANT,DRAINAGE,651,-,,41,1,0,,NONE,,0,41,-,-,-,-,-,-,-,-
medium brush,RELEVANT,BRUSH_MASSAGE,651,8,,126,5,0,,NONE,0.97,2,126,-,-,-,194,169,176,276,-
gua sha kit,RELEVANT,GUA_SHA,651,9,,71,2,0,,NONE,1.2,3,-,-,-,-,144,-,-,71,-
soft skin,RELEVANT,OTHER,651,5,,168,1,0,,NONE,1.38,2,-,-,-,-,-,168,-,-,-
cecily braden lymphatic brush,RELEVANT,LYMPHATIC,649,7,83,1,8,7,B0FD354L27|B0GSQW56YT|B0GVBQ7P79|B0FD6Y9BX5|B0G3685P2S|B0H5MMYNWM|B0G2XLH8CG,CONSOLIDATED,1.23,0,10,7,9,46,5,11,1,12,-
mykitsch face brush,COMPETITOR_BRAND,BRUSH_MASSAGE,649,20,,2,5,5,B0FD354L27|B0GC3HX5KH|B0G3685P2S|B0H5MMYNWM|B0G2XLH8CG,CONSOLIDATED,,0,6,-,-,18,-,7,2,8,-
double chin destroyer,RELEVANT,JAWLINE_CHIN,649,4,,17,1,1,B0FD354L27,SINGLE,1.43,0,17,-,-,-,-,-,-,-,-
shape up tool,RELEVANT,OTHER,649,9,,62,2,0,,NONE,0.9,3,115,-,-,-,62,-,-,-,-
gua sha facial tool,RELEVANT,GUA_SHA,649,22,,33,7,0,,NONE,1.38,9,33,100,235,154,43,209,-,48,-
face brush for cleansing,RELEVANT,BRUSH_MASSAGE,649,9,,97,7,0,,NONE,1.25,1,97,174,-,120,135,270,165,155,-
setting brush,RELEVANT,BRUSH_MASSAGE,649,16,,124,1,0,,NONE,1.36,3,124,-,-,-,-,-,-,-,-
little brush,RELEVANT,BRUSH_MASSAGE,649,14,,201,3,0,,NONE,1.07,0,203,-,-,-,218,-,201,-,-
brush for makeup,RELEVANT,BRUSH_MASSAGE,649,10,,162,2,0,,NONE,1.01,0,-,-,-,-,162,-,278,-,-
thin brush,RELEVANT,BRUSH_MASSAGE,649,10,,213,3,0,,NONE,1.01,1,213,-,-,-,284,-,219,-,-
women tool set,RELEVANT,OTHER,649,9,,246,1,0,,NONE,0.93,0,-,-,-,-,-,-,-,246,-
makeup beushes,RELEVANT,OTHER,649,16,,276,1,0,,NONE,1.34,0,-,-,-,-,276,-,-,-,-
face skin care set,RELEVANT,OTHER,649,6,,297,1,0,,NONE,1.3,0,-,-,-,-,-,-,-,297,-
kit sch face brush,RELEVANT,BRUSH_MASSAGE,646,25,,2,5,5,B0FD354L27|B0GC3HX5KH|B0G3685P2S|B0H5MMYNWM|B0G2XLH8CG,CONSOLIDATED,1.69,0,6,-,-,18,-,7,2,8,-
lymphedema massager,RELEVANT,LYMPHATIC,646,1,,12,1,1,B0FD354L27,SINGLE,1.25,0,12,-,-,-,-,-,-,-,-
lymphatic tools,RELEVANT,LYMPHATIC,646,13,263,21,8,0,,NONE,1.1,0,91,37,88,184,21,103,-,36,241
limphatic drainage,RELEVANT,DRAINAGE,646,9,,59,9,0,,NONE,,0,177,140,277,230,70,162,59,260,217
jaw roller,RELEVANT,OTHER,646,11,,23,1,0,,NONE,1.02,0,23,-,-,-,-,-,-,-,-
clarisonic face brush,RELEVANT,BRUSH_MASSAGE,646,9,200,46,7,0,,NONE,1.15,0,46,87,110,145,131,139,62,-,-
facial brush for mask,RELEVANT,BRUSH_MASSAGE,646,16,227,52,6,0,,NONE,0.81,0,163,-,-,52,182,268,158,216,-
makeupbrushes,RELEVANT,BRUSH_MASSAGE,646,11,,40,1,0,,NONE,1.29,0,-,-,-,-,40,-,-,-,-
anua guasha cream,OFF_CATEGORY,GUA_SHA,646,20,,47,1,0,,NONE,1.14,0,-,-,-,47,-,-,-,-,-
nuglos lymphatic drainage,RELEVANT,DRAINAGE,646,13,,48,1,0,,NONE,,0,-,-,-,-,-,-,-,48,-
gua sha and roller,RELEVANT,GUA_SHA,646,12,,51,1,0,,NONE,1.16,0,-,-,-,51,-,-,-,-,-
papada faja,RELEVANT,OTHER,646,14,,56,1,0,,NONE,1.37,0,56,-,-,-,-,-,-,-,-
carver,RELEVANT,OTHER,646,3,,267,1,0,,NONE,0.73,42,267,-,-,-,-,-,-,-,-
make brush,RELEVANT,BRUSH_MASSAGE,646,15,,277,1,0,,NONE,1.27,0,-,-,-,-,277,-,-,-,-
neuropoise lymphatic drainage,RELEVANT,DRAINAGE,646,16,,,0,0,,NONE,1.99,0,-,-,-,-,-,-,-,-,-
ice cream plate,OFF_CATEGORY,OTHER,646,7,,,0,0,,NONE,0.54,0,-,-,-,-,-,-,-,-,-
cepillo para la cara facial,OFF_CATEGORY,OTHER,643,10,162,15,9,1,B0FD6Y9BX5,SINGLE,1.31,0,53,36,98,60,15,59,50,88,269
contour tool,RELEVANT,CONTOUR,643,12,213,77,8,0,,NONE,1.18,0,77,84,174,115,87,126,-,96,206
vintage brush,RELEVANT,BRUSH_MASSAGE,643,2,,57,1,0,,NONE,0.97,0,-,-,57,-,-,-,-,-,-
face ice rollers for women,RELEVANT,OTHER,643,18,,75,1,0,,NONE,1.21,0,75,-,-,-,-,-,-,-,-
tension headache massager,RELEVANT,BRUSH_MASSAGE,643,10,,112,1,0,,NONE,1.63,1,112,-,-,-,-,-,-,-,-
go brush,RELEVANT,BRUSH_MASSAGE,643,7,,178,1,0,,NONE,1.22,37,-,-,-,-,-,-,-,-,178
womens brush,RELEVANT,BRUSH_MASSAGE,643,24,,183,1,0,,NONE,1.22,0,183,-,-,-,-,-,-,-,-
skin care makeup,RELEVANT,OTHER,643,5,,219,1,0,,NONE,1.27,0,-,-,-,-,219,-,-,-,-
face contour stick,RELEVANT,CONTOUR,643,17,,255,1,0,,NONE,1.26,0,-,-,-,-,-,-,-,255,-
copper brush,RELEVANT,BRUSH_MASSAGE,643,11,,264,1,0,,NONE,1.08,2,-,-,-,-,-,-,-,264,-
fascia blaster for cellulite,RELEVANT,OTHER,643,7,,280,1,0,,NONE,1.22,2,280,-,-,-,-,-,-,-,-
solena lymphatic brush,RELEVANT,LYMPHATIC,641,6,272,1,8,7,B0GSQW56YT|B0GVBQ7P79|B0GC3HX5KH|B0FD6Y9BX5|B0G3685P2S|B0H5MMYNWM|B0G2XLH8CG,CONSOLIDATED,1.27,0,25,9,11,17,1,12,7,18,-
lymphatic face brush kitsch,COMPETITOR_BRAND,LYMPHATIC,641,17,87,1,8,5,B0FD354L27|B0GVBQ7P79|B0FD6Y9BX5|B0G3685P2S|B0H5MMYNWM,CONSOLIDATED,1.12,0,6,27,19,38,20,17,1,26,-
morphe contour brush,RELEVANT,CONTOUR,641,7,227,11,2,1,B0H5MMYNWM,SINGLE,,0,-,-,-,-,79,-,11,-,-
kitsch',COMPETITOR_BRAND,OTHER,641,8,,17,1,1,B0H5MMYNWM,SINGLE,1.27,0,-,-,-,-,-,-,17,-,-
transparent mascara,RELEVANT,OTHER,641,9,,46,1,0,,NONE,1.53,2,46,-,-,-,-,-,-,-,-
brocha,RELEVANT,OTHER,641,5,,84,1,0,,NONE,,0,-,-,-,-,84,-,-,-,-
mens face scrub brush,RELEVANT,BRUSH_MASSAGE,641,15,,89,2,0,,NONE,,0,-,-,304,89,-,-,-,-,-
massage stone,RELEVANT,BRUSH_MASSAGE,641,13,,270,2,0,,NONE,1.24,10,270,-,-,-,-,-,-,293,-
best beauty products for women 2026,RELEVANT,OTHER,641,10,,292,1,0,,NONE,1.61,0,292,-,-,-,-,-,-,-,-
total tools,RELEVANT,OTHER,641,-,,298,1,0,,NONE,0.86,0,-,-,-,-,-,298,-,-,-
skincare brush,RELEVANT,BRUSH_MASSAGE,638,7,,28,8,0,,NONE,0.65,2,30,139,184,97,85,92,77,28,-
lymphatic dry brush,RELEVANT,LYMPHATIC,638,20,298,26,9,0,,NONE,1.32,1,121,26,48,130,37,42,128,94,278
double chin fat dissolver,RELEVANT,JAWLINE_CHIN,638,3,,17,1,1,B0FD354L27,SINGLE,1.44,0,17,-,-,-,-,-,-,-,-
gasha,RELEVANT,OTHER,638,11,,24,1,0,,NONE,1.33,0,24,-,-,-,-,-,-,-,-
cellulite suction massager,RELEVANT,BRUSH_MASSAGE,638,7,,42,1,0,,NONE,1.24,0,42,-,-,-,-,-,-,-,-
face massage roller,RELEVANT,BRUSH_MASSAGE,638,8,,77,1,0,,NONE,1.15,1,77,-,-,-,-,-,-,-,-
cheap item,RELEVANT,OTHER,638,26,,189,1,0,,NONE,,0,189,-,-,-,-,-,-,-,-
mdicube,RELEVANT,OTHER,638,6,,196,1,0,,NONE,1.25,0,196,-,-,-,-,-,-,-,-
in beauty eye cream,OFF_CATEGORY,OTHER,638,9,,201,1,0,,NONE,1.64,0,201,-,-,-,-,-,-,-,-
mini massager for hand,RELEVANT,BRUSH_MASSAGE,638,9,,233,1,0,,NONE,,0,-,-,-,-,-,-,-,233,-
lymphatic drainage drop,RELEVANT,DRAINAGE,638,6,,248,1,0,,NONE,2.62,0,-,-,-,-,-,-,-,248,-
shark gua sha,OFF_CATEGORY,GUA_SHA,638,2,,,0,0,,NONE,1.64,0,-,-,-,-,-,-,-,-,-
liquid contour brush,RELEVANT,CONTOUR,638,8,,,0,0,,NONE,1.15,1,-,-,-,-,-,-,-,-,-
kuznetsov applicator,RELEVANT,OTHER,638,9,,,0,0,,NONE,1.4,0,-,-,-,-,-,-,-,-,-
kitsch contour brush,COMPETITOR_BRAND,CONTOUR,636,13,,2,3,3,B0FD354L27|B0G3685P2S|B0H5MMYNWM,SHARED,0.92,0,3,-,-,-,-,17,2,-,-
lymphatic drainage brush for body,RELEVANT,DRAINAGE,636,7,,18,8,1,B0FD354L27,SINGLE,1.38,0,18,91,44,49,154,85,148,68,-
mens face brush,RELEVANT,BRUSH_MASSAGE,636,11,,31,4,0,,NONE,,0,31,-,154,55,-,-,-,89,-
under chin tightener,RELEVANT,OTHER,636,10,,8,1,1,B0FD354L27,SINGLE,,0,8,-,-,-,-,-,-,-,-
contiur,RELEVANT,OTHER,636,6,,45,8,0,,NONE,1.15,0,88,108,175,162,69,87,45,157,-
dry brush with handle,RELEVANT,BRUSH_MASSAGE,636,16,,121,8,0,,NONE,1.25,0,138,167,159,121,285,132,-,163,302
kitsch brushes for hair,COMPETITOR_BRAND,BRUSH_MASSAGE,636,20,,26,1,0,,NONE,0.94,0,-,-,-,-,-,-,26,-,-
makeuo brush,RELEVANT,BRUSH_MASSAGE,636,16,,47,1,0,,NONE,0.98,0,-,-,-,-,47,-,-,-,-
masajeador para la cara,RELEVANT,OTHER,636,6,,56,1,0,,NONE,1.44,0,56,-,-,-,-,-,-,-,-
affordable skincare,RELEVANT,OTHER,636,-,,124,1,0,,NONE,0.98,0,124,-,-,-,-,-,-,-,-
simple skincare,RELEVANT,OTHER,636,4,,197,1,0,,NONE,1.16,0,-,-,-,-,197,-,-,-,-
eye depuff,RELEVANT,DEPUFF,636,14,,222,2,0,,NONE,1.64,0,-,-,-,222,236,-,-,-,-
brush with handle,RELEVANT,BRUSH_MASSAGE,636,6,,233,1,0,,NONE,1.15,7,-,-,-,233,-,-,-,-,-
face oils,OFF_CATEGORY,OTHER,636,3,,244,1,0,,NONE,1.85,0,-,-,-,-,-,-,-,244,-
luxe makeup brush,RELEVANT,BRUSH_MASSAGE,636,23,,267,1,0,,NONE,,0,-,-,-,-,-,267,-,-,-
brush makeup set,RELEVANT,BRUSH_MASSAGE,636,8,,273,1,0,,NONE,1.13,0,-,-,-,-,273,-,-,-,-
dry skin brush,RELEVANT,BRUSH_MASSAGE,634,14,,61,9,0,,NONE,1.28,2,61,141,193,163,176,184,200,117,269
top beauty products for women 2026,RELEVANT,OTHER,633,12,,31,1,0,,NONE,1.41,0,31,-,-,-,-,-,-,-,-
vibrating gua sha,OFF_CATEGORY,GUA_SHA,633,4,,58,1,0,,NONE,1.9,0,-,-,-,-,-,-,-,58,-
real techniques contour brush,RELEVANT,CONTOUR,633,11,,60,5,0,,NONE,1.43,0,60,-,138,210,103,-,63,-,-
facial cups,RELEVANT,OTHER,633,12,,72,1,0,,NONE,1.04,7,72,-,-,-,-,-,-,-,-
sculptique lymphatic,RELEVANT,SCULPTING,633,6,,56,2,0,,NONE,2.18,4,56,-,-,-,-,139,-,-,-
wood body sculpting tools,RELEVANT,SCULPTING,633,8,,118,3,0,,NONE,1.12,0,-,118,129,153,-,-,-,-,-
complexion brush,RELEVANT,BRUSH_MASSAGE,633,10,,75,3,0,,NONE,1.25,4,-,172,-,-,-,-,75,-,196
drenaje limfatico,RELEVANT,OTHER,633,6,,113,1,0,,NONE,,0,-,-,-,-,113,-,-,-,-
neck firming device,RELEVANT,JAWLINE_CHIN,633,8,,295,1,0,,NONE,1.96,1,295,-,-,-,-,-,-,-,-
lymphatic draining brush,RELEVANT,LYMPHATIC,631,8,270,1,9,5,B0FD354L27|B0GSQW56YT|B0FD6Y9BX5|B0G3685P2S|B0G2XLH8CG,CONSOLIDATED,1.35,0,1,8,28,31,5,7,182,14,85
kitsch on sale,COMPETITOR_BRAND,OTHER,631,10,,7,1,1,B0H5MMYNWM,SINGLE,1.34,0,-,-,-,-,-,-,7,-,-
kitsch clearance,COMPETITOR_BRAND,OTHER,631,5,,9,1,1,B0H5MMYNWM,SINGLE,1.26,0,-,-,-,-,-,-,9,-,-
gua sha stones,RELEVANT,GUA_SHA,631,14,,83,2,0,,NONE,1.16,0,83,-,-,-,-,-,-,92,-
ice roller and gua sha set,RELEVANT,GUA_SHA,631,9,,48,1,0,,NONE,1.14,0,48,-,-,-,-,-,-,-,-
pore cleaning brush,RELEVANT,BRUSH_MASSAGE,631,9,,51,1,0,,NONE,1.05,8,-,-,-,51,-,-,-,-,-
icon tool set,COMPETITOR_BRAND,OTHER,631,-,,188,1,0,,NONE,1.03,0,-,-,-,-,-,188,-,-,-
brush bulk,RELEVANT,BRUSH_MASSAGE,631,6,,135,5,0,,NONE,1.18,12,168,-,-,-,264,-,239,135,227
massage hair brush,RELEVANT,BRUSH_MASSAGE,631,10,,269,1,0,,NONE,0.97,1,269,-,-,-,-,-,-,-,-
red light lymphatic drainage massager,RELEVANT,DRAINAGE,631,5,,272,1,0,,NONE,1.61,1,272,-,-,-,-,-,-,-,-
dry shampoo brush,RELEVANT,BRUSH_MASSAGE,631,11,,279,1,0,,NONE,1.02,1,-,279,-,-,-,-,-,-,-
facial rounds,RELEVANT,OTHER,631,24,,283,1,0,,NONE,1.64,0,-,-,-,283,-,-,-,-,-
harrys facial brush,RELEVANT,BRUSH_MASSAGE,628,12,,40,7,0,,NONE,,0,41,87,93,81,95,75,40,-,-
refy brush,RELEVANT,BRUSH_MASSAGE,628,4,,32,1,0,,NONE,1.14,0,32,-,-,-,-,-,-,-,-
vitro k beauty stick,RELEVANT,OTHER,628,14,,47,1,0,,NONE,1.3,1,47,-,-,-,-,-,-,-,-
contour set,RELEVANT,CONTOUR,628,10,,83,5,0,,NONE,0.94,1,-,-,134,279,84,265,-,83,-
lifting eyes,RELEVANT,OTHER,628,7,,140,2,0,,NONE,1.47,1,140,-,-,-,-,159,-,-,-
face care set for women over 40,RELEVANT,OTHER,628,5,,128,1,0,,NONE,1.24,0,128,-,-,-,-,-,-,-,-
neck skin tightening,RELEVANT,JAWLINE_CHIN,628,10,,148,1,0,,NONE,1.9,0,148,-,-,-,-,-,-,-,-
stainless steel guasha tool for face,OFF_CATEGORY,GUA_SHA,628,10,,170,1,0,,NONE,1.36,6,-,-,170,-,-,-,-,-,-
lymphatic drainage massage tool,RELEVANT,DRAINAGE,628,7,,136,8,0,,NONE,1.18,0,182,136,228,295,180,178,-,224,250
under eye patches sensitive skin,OFF_CATEGORY,OTHER,628,9,,216,1,0,,NONE,1.56,0,-,-,-,-,-,216,-,-,-
therabody theraface depuffing wand,RELEVANT,DEPUFF,628,5,,,0,0,,NONE,1.95,3,-,-,-,-,-,-,-,-,-
rolled icecream maker,OFF_CATEGORY,OTHER,628,4,,,0,0,,NONE,0.7,0,-,-,-,-,-,-,-,-,-
face lymphatic drainage massager,RELEVANT,DRAINAGE,625,6,232,12,9,1,B0FD6Y9BX5,SINGLE,1.47,1,37,25,134,190,12,90,100,117,265
neck roller for tightening,RELEVANT,JAWLINE_CHIN,625,14,,18,1,1,B0FD354L27,SINGLE,1.55,0,18,-,-,-,-,-,-,-,-
facial vibrating tool,OFF_CATEGORY,OTHER,625,13,,53,1,0,,NONE,1.38,0,53,-,-,-,-,-,-,-,-
handheld lymphatic drainage massager,RELEVANT,DRAINAGE,625,6,,62,1,0,,NONE,1.45,3,62,-,-,-,-,-,-,-,-
drawstring tool,RELEVANT,OTHER,625,10,,132,1,0,,NONE,0.62,2,-,-,-,132,-,-,-,-,-
real techniques eye brush set,RELEVANT,BRUSH_MASSAGE,625,7,,149,1,0,,NONE,0.93,0,-,-,-,-,149,-,-,-,-
makeup brushes small,RELEVANT,BRUSH_MASSAGE,625,14,,187,1,0,,NONE,1.06,1,-,-,-,-,187,-,-,-,-
neck massager tool,RELEVANT,JAWLINE_CHIN,625,9,,203,4,0,,NONE,,1,214,230,-,292,-,-,-,203,-
wheel face brush,RELEVANT,BRUSH_MASSAGE,625,6,,,0,0,,NONE,0.83,7,-,-,-,-,-,-,-,-,-
face exerciser,RELEVANT,OTHER,623,2,,26,2,0,,NONE,0.96,6,39,-,-,-,-,-,-,26,-
face exfoliating brush,RELEVANT,BRUSH_MASSAGE,623,15,302,45,8,0,,NONE,1.19,0,45,165,197,83,191,186,101,121,-
goop dry brush,RELEVANT,BRUSH_MASSAGE,623,19,,27,1,0,,NONE,1.35,0,-,-,-,-,-,-,-,27,-
korean gua sha,RELEVANT,GUA_SHA,623,7,,43,3,0,,NONE,1.47,1,43,-,-,117,-,-,-,54,-
aura skincare,RELEVANT,OTHER,623,10,,128,1,0,,NONE,1.18,0,-,-,128,-,-,-,-,-,-
cala brush,RELEVANT,BRUSH_MASSAGE,623,12,,133,1,0,,NONE,1,0,-,-,-,-,-,-,-,133,-
lymphatic oil massage,OFF_CATEGORY,LYMPHATIC,623,6,,198,1,0,,NONE,1.58,0,-,-,-,-,-,-,-,198,-
brush pack,RELEVANT,BRUSH_MASSAGE,623,10,,152,6,0,,NONE,,0,152,-,-,-,208,255,169,281,302
ice cream maker kids,OFF_CATEGORY,OTHER,623,8,,,0,0,,NONE,0.71,0,-,-,-,-,-,-,-,-,-
lymphatic drainage face massager,RELEVANT,DRAINAGE,620,12,262,11,9,1,B0FD6Y9BX5,SINGLE,1.6,0,26,23,128,209,11,80,116,109,183
angled contour brush,RELEVANT,CONTOUR,620,11,,51,4,0,,NONE,1.25,4,-,278,-,-,105,53,-,51,-
bed brush,RELEVANT,BRUSH_MASSAGE,620,16,,108,3,0,,NONE,0.95,6,-,-,-,-,108,124,-,125,-
wooden makeup,RELEVANT,OTHER,620,4,,142,1,0,,NONE,0.56,21,-,-,-,-,-,-,-,-,142
medicune mask,RELEVANT,OTHER,620,10,,201,1,0,,NONE,1.31,0,201,-,-,-,-,-,-,-,-
sculpting gel tool,RELEVANT,SCULPTING,620,8,,,0,0,,NONE,0.45,0,-,-,-,-,-,-,-,-,-
contour brushes,RELEVANT,CONTOUR,618,11,214,5,9,1,B0FD354L27,SINGLE,0.9,1,5,64,39,131,26,101,102,23,147
linfatico drainage massager,OFF_CATEGORY,DRAINAGE,618,4,169,36,4,0,,NONE,,0,36,54,-,-,-,98,-,44,-
oliveda skin care,RELEVANT,OTHER,618,2,,17,1,1,B0FD354L27,SINGLE,1.65,0,17,-,-,-,-,-,-,-,-
gua sha tools for lymphatic drainage,RELEVANT,DRAINAGE,618,10,229,47,7,0,,NONE,,0,47,53,-,105,134,162,-,87,199
ice stick for face,RELEVANT,OTHER,618,8,,33,1,0,,NONE,1.12,0,33,-,-,-,-,-,-,-,-
gua sha tool jade,RELEVANT,GUA_SHA,618,14,,33,1,0,,NONE,1.28,0,-,-,-,-,-,-,-,33,-
calcium stick for face dr melaxin,RELEVANT,OTHER,618,11,,44,1,0,,NONE,1.46,0,44,-,-,-,-,-,-,-,-
face roller massager,RELEVANT,BRUSH_MASSAGE,618,6,,62,1,0,,NONE,1.13,0,62,-,-,-,-,-,-,-,-
men face scrubber,RELEVANT,OTHER,618,11,,119,1,0,,NONE,1.38,0,119,-,-,-,-,-,-,-,-
medicube pore care,OFF_CATEGORY,OTHER,618,10,,138,1,0,,NONE,1.01,0,138,-,-,-,-,-,-,-,-
massage wooden tools,RELEVANT,BRUSH_MASSAGE,618,3,,201,3,0,,NONE,1.07,0,-,-,201,258,-,-,-,-,243
make up brush kit,RELEVANT,BRUSH_MASSAGE,618,9,,267,1,0,,NONE,1.15,2,-,-,-,-,267,-,-,-,-
makeup brushs,RELEVANT,BRUSH_MASSAGE,618,6,,304,1,0,,NONE,0.95,0,-,-,-,-,304,-,-,-,-
sculpting,RELEVANT,SCULPTING,615,1,,49,5,0,,NONE,0.69,40,-,-,-,239,49,56,-,67,180
skin tools,RELEVANT,OTHER,615,7,,65,5,0,,NONE,1.34,0,65,-,-,-,76,217,-,251,237
yes day skincare set,RELEVANT,OTHER,615,4,,76,1,0,,NONE,,0,-,-,-,-,-,-,-,76,-
bamboo earth skin care,RELEVANT,OTHER,615,3,,78,1,0,,NONE,1.66,0,78,-,-,-,-,-,-,-,-
stainless gua sha,OFF_CATEGORY,GUA_SHA,615,13,,187,1,0,,NONE,1.29,0,-,-,187,-,-,-,-,-,-
bueart makeup brushes,RELEVANT,BRUSH_MASSAGE,615,6,,285,1,0,,NONE,0.88,0,-,-,-,-,285,-,-,-,-
badaziling kit,RELEVANT,OTHER,615,6,,,0,0,,NONE,0.67,0,-,-,-,-,-,-,-,-,-
face smoother tool,RELEVANT,OTHER,613,16,,3,8,2,B0FD354L27|B0FD6Y9BX5,SHARED,1.18,0,14,62,112,104,3,89,-,67,172
gua dha facial tool,RELEVANT,OTHER,613,19,,35,5,0,,NONE,1.32,0,47,89,-,50,84,-,-,35,-
small contour brush,RELEVANT,CONTOUR,613,12,234,39,9,0,,NONE,,1,39,120,156,122,115,113,70,83,245
drenador linfático,RELEVANT,OTHER,613,1,,20,1,1,B0FD354L27,SINGLE,,0,20,-,-,-,-,-,-,-,-
makeup brshes,RELEVANT,OTHER,613,1,,37,1,0,,NONE,,0,-,-,-,-,37,-,-,-,-
kopari brush,RELEVANT,BRUSH_MASSAGE,613,16,,46,1,0,,NONE,1.17,0,-,-,-,-,-,46,-,-,-
skincare for sensitive skin,RELEVANT,OTHER,613,-,,58,1,0,,NONE,1.6,0,58,-,-,-,-,-,-,-,-
oil patches for face,OFF_CATEGORY,OTHER,613,13,,154,1,0,,NONE,1.24,0,-,-,-,-,-,154,-,-,-
even skin tone face,RELEVANT,OTHER,613,8,,237,1,0,,NONE,1.97,0,237,-,-,-,-,-,-,-,-
real techniques travel brush set,RELEVANT,BRUSH_MASSAGE,613,7,,189,2,0,,NONE,0.86,0,-,-,295,-,189,-,-,-,-
glow face,RELEVANT,OTHER,613,7,,235,3,0,,NONE,1.65,4,-,-,-,278,235,299,-,-,-
gentle jaw,RELEVANT,OTHER,613,7,,,0,0,,NONE,1.71,1,-,-,-,-,-,-,-,-,-
facial contour brush lymphatic,RELEVANT,CONTOUR,610,18,81,2,9,8,B0FD354L27|B0GSQW56YT|B0GVBQ7P79|B0GC3HX5KH|B0FD6Y9BX5|B0G3685P2S|B0H5MMYNWM|B0G2XLH8CG,CONSOLIDATED,1.21,0,3,8,12,16,2,7,5,17,68
dry brish,RELEVANT,OTHER,610,7,,62,8,0,,NONE,1.33,0,62,188,216,195,101,207,-,219,242
dry brush for cellulite,RELEVANT,BRUSH_MASSAGE,610,10,273,37,6,0,,NONE,1.36,1,37,96,272,81,143,72,-,-,-
cleansing face brush,RELEVANT,BRUSH_MASSAGE,610,10,,49,7,0,,NONE,1.28,1,49,174,-,300,256,291,139,135,-
dry brush body,RELEVANT,BRUSH_MASSAGE,610,5,,78,3,0,,NONE,1.42,0,-,291,146,-,-,-,-,78,-
cute under eye patches,OFF_CATEGORY,OTHER,610,2,,270,1,0,,NONE,,0,-,-,-,-,-,270,-,-,-
bedazzling kit kids,RELEVANT,OTHER,610,8,,,0,0,,NONE,0.75,0,-,-,-,-,-,-,-,-,-
wooden handle,RELEVANT,OTHER,610,10,,,0,0,,NONE,0.88,3,-,-,-,-,-,-,-,-,-
lymph face brush,RELEVANT,LYMPHATIC,607,11,114,4,9,6,B0FD354L27|B0GSQW56YT|B0FD6Y9BX5|B0G3685P2S|B0H5MMYNWM|B0G2XLH8CG,CONSOLIDATED,1.26,0,12,4,23,21,8,11,10,14,56
cold face depuffer,RELEVANT,DEPUFF,607,8,,18,1,1,B0FD354L27,SINGLE,,0,18,-,-,-,-,-,-,-,-
neck brush,RELEVANT,JAWLINE_CHIN,607,13,,54,7,0,,NONE,0.83,3,122,148,141,54,-,157,272,185,-
skincare tools for face,RELEVANT,OTHER,607,1,,12,6,1,B0FD6Y9BX5,SINGLE,1.13,0,192,-,285,183,12,95,-,207,-
ultra patches,RELEVANT,OTHER,607,7,,86,1,0,,NONE,1.83,0,-,-,-,-,-,86,-,-,-
neck tightening mask,RELEVANT,JAWLINE_CHIN,607,9,,90,1,0,,NONE,1.25,1,90,-,-,-,-,-,-,-,-
make up tools,RELEVANT,OTHER,607,4,,27,2,0,,NONE,1.02,0,-,-,-,-,27,-,-,267,-
spa tools,RELEVANT,OTHER,607,1,,27,2,0,,NONE,1.2,1,-,-,-,279,27,-,-,-,-
makeup brush travel,RELEVANT,BRUSH_MASSAGE,607,4,,116,1,0,,NONE,0.69,0,-,-,-,-,116,-,-,-,-
medicube face madk,OFF_CATEGORY,OTHER,607,10,,153,1,0,,NONE,1.2,0,153,-,-,-,-,-,-,-,-
glow & go,RELEVANT,OTHER,607,1,,221,1,0,,NONE,,0,-,-,-,-,221,-,-,-,-
makeup brushes eyes,RELEVANT,BRUSH_MASSAGE,607,9,,221,1,0,,NONE,0.77,0,-,-,-,-,221,-,-,-,-
facial cleansing brush rechargeable,RELEVANT,BRUSH_MASSAGE,607,10,,,0,0,,NONE,1.16,1,-,-,-,-,-,-,-,-,-
baddie essentials,RELEVANT,OTHER,605,2,,7,1,1,B0FD354L27,SINGLE,0.97,0,7,-,-,-,-,-,-,-,-
gwasha,RELEVANT,OTHER,605,13,,61,8,0,,NONE,1.19,0,64,61,212,271,105,257,208,102,-
esthetician brushes for facials,RELEVANT,BRUSH_MASSAGE,605,14,284,43,8,0,,NONE,0.69,0,43,156,298,236,179,191,172,60,-
alternative makeup,RELEVANT,OTHER,605,3,,48,1,0,,NONE,,0,-,-,-,-,48,-,-,-,-
black contour,RELEVANT,CONTOUR,605,2,,66,1,0,,NONE,0.86,0,-,-,-,-,-,-,66,-,-
brocha de maquillaje,RELEVANT,OTHER,605,6,,82,1,0,,NONE,1.02,0,-,-,-,-,82,-,-,-,-
skin care applicator,RELEVANT,OTHER,605,9,,89,1,0,,NONE,0.83,0,-,-,-,-,89,-,-,-,-
beauty under 10 dollars,RELEVANT,OTHER,605,1,,97,1,0,,NONE,1.03,0,-,-,-,-,97,-,-,-,-
cepillos,OFF_CATEGORY,OTHER,605,3,,118,1,0,,NONE,,0,-,-,-,-,118,-,-,-,-
black brush,RELEVANT,BRUSH_MASSAGE,605,8,,127,1,0,,NONE,,0,-,-,-,-,-,-,127,-,-
facial massage oil,OFF_CATEGORY,BRUSH_MASSAGE,605,12,,222,1,0,,NONE,1.56,2,-,-,-,-,-,-,-,222,-
gua sha massage tool,RELEVANT,GUA_SHA,605,2,,173,7,0,,NONE,1.37,7,173,211,301,214,230,244,-,193,-
brush for women,RELEVANT,BRUSH_MASSAGE,605,17,,207,2,0,,NONE,1.25,11,207,-,-,-,288,-,-,-,-
wet shower brush,RELEVANT,BRUSH_MASSAGE,605,17,,294,1,0,,NONE,0.8,0,294,-,-,-,-,-,-,-,-
face brish,RELEVANT,OTHER,602,13,286,26,9,0,,NONE,1.29,0,55,32,155,67,26,118,36,77,116
lymphatic cream,OFF_CATEGORY,LYMPHATIC,602,11,,23,2,0,,NONE,1.65,2,23,-,-,-,-,-,-,90,-
conair face brush,RELEVANT,BRUSH_MASSAGE,602,12,,13,4,1,B0H5MMYNWM,SINGLE,1.32,0,-,-,90,115,-,90,13,-,-
lymphatic drainage cream,OFF_CATEGORY,DRAINAGE,602,7,,29,3,0,,NONE,1.43,2,29,-,-,-,92,-,-,99,-
skin care tools for face,RELEVANT,OTHER,602,9,,23,7,0,,NONE,1.34,0,134,143,298,225,23,282,-,148,-
neuro poise lymphatic drainage,RELEVANT,DRAINAGE,602,6,,66,1,0,,NONE,,0,66,-,-,-,-,-,-,-,-
jaw mask,RELEVANT,OTHER,602,7,,69,1,0,,NONE,1.36,0,69,-,-,-,-,-,-,-,-
massage brush for hair,RELEVANT,BRUSH_MASSAGE,602,6,,126,1,0,,NONE,0.91,0,126,-,-,-,-,-,-,-,-
oil brushes,OFF_CATEGORY,BRUSH_MASSAGE,602,13,,208,1,0,,NONE,1.24,0,-,-,-,-,-,-,-,208,-
face fit roller,RELEVANT,OTHER,600,3,,6,1,1,B0FD354L27,SINGLE,1.22,0,6,-,-,-,-,-,-,-,-
dey brush,RELEVANT,BRUSH_MASSAGE,600,9,,59,8,0,,NONE,1.38,0,59,177,216,201,100,198,-,206,250
cepillo de limpieza facial,OFF_CATEGORY,OTHER,600,5,,38,6,0,,NONE,1.01,0,38,129,148,145,146,-,61,-,-
self lymphatic drainage massager,RELEVANT,DRAINAGE,600,6,,6,5,1,B0FD354L27,SINGLE,1.17,0,6,142,-,-,150,207,-,198,-
asian skin care,RELEVANT,OTHER,600,6,,67,1,0,,NONE,1.9,0,67,-,-,-,-,-,-,-,-
face set,RELEVANT,OTHER,600,3,,193,1,0,,NONE,1.21,0,-,-,-,-,-,-,-,193,-
dry exfoliating body brush,RELEVANT,BRUSH_MASSAGE,600,12,,159,2,0,,NONE,1.3,1,-,-,159,260,-,-,-,-,-
brush bristle,RELEVANT,BRUSH_MASSAGE,600,18,,203,2,0,,NONE,1.17,0,-,-,-,-,-,-,225,203,-
women's massager,RELEVANT,BRUSH_MASSAGE,600,11,,276,1,0,,NONE,1.23,0,-,-,-,-,-,-,-,276,-
eye cream applicator tool,OFF_CATEGORY,OTHER,600,10,,281,1,0,,NONE,1.01,3,-,-,-,-,281,-,-,-,-
facial lymphatic brush,RELEVANT,LYMPHATIC,597,17,103,7,9,5,B0FD354L27|B0GSQW56YT|B0FD6Y9BX5|B0G3685P2S|B0H5MMYNWM,CONSOLIDATED,1.09,0,16,7,29,87,8,11,9,62,92
gausha,RELEVANT,OTHER,597,8,,63,8,0,,NONE,1.21,0,78,63,293,158,106,171,222,110,-
soothsilk lymphatic massager,RELEVANT,LYMPHATIC,597,2,,40,3,0,,NONE,1.54,0,40,-,-,101,52,-,-,-,-
jade combs for scalp massage,RELEVANT,BRUSH_MASSAGE,597,8,,54,1,0,,NONE,0.93,0,54,-,-,-,-,-,-,-,-
chin massager,RELEVANT,BRUSH_MASSAGE,597,10,229,29,3,0,,NONE,1.52,1,29,142,-,234,-,-,-,-,-
lymphatic drainage system,RELEVANT,DRAINAGE,597,2,,160,2,0,,NONE,1.95,0,-,-,-,-,160,-,-,161,-
face muscle stimulator,RELEVANT,OTHER,597,2,,144,1,0,,NONE,1.53,1,-,144,-,-,-,-,-,-,-
cooling gua sha,RELEVANT,GUA_SHA,595,1,,34,2,0,,NONE,,0,-,127,-,-,-,-,-,34,-
face routine,RELEVANT,OTHER,595,5,,112,4,0,,NONE,1.36,1,112,261,-,-,-,251,174,-,-
face glow makeup,RELEVANT,OTHER,595,11,,137,3,0,,NONE,0.98,0,-,-,-,-,137,275,-,-,250
3d sculpting gel tool,RELEVANT,SCULPTING,595,6,,,0,0,,NONE,0.45,0,-,-,-,-,-,-,-,-,-
vibrating plates lymphatic drainage,OFF_CATEGORY,DRAINAGE,595,1,,,0,0,,NONE,,0,-,-,-,-,-,-,-,-,-
rolled ice cream kit,OFF_CATEGORY,OTHER,595,2,,,0,0,,NONE,0.68,1,-,-,-,-,-,-,-,-,-
advantage cats,RELEVANT,OTHER,595,13,,,0,0,,NONE,2.26,0,-,-,-,-,-,-,-,-,-
energy brush,RELEVANT,BRUSH_MASSAGE,592,4,,33,2,0,,NONE,,0,-,-,-,33,-,-,-,53,-
face stone gua sha,RELEVANT,GUA_SHA,592,7,,40,4,0,,NONE,1.42,2,40,-,-,109,-,49,-,80,-
cellulite brush,RELEVANT,BRUSH_MASSAGE,592,9,,25,8,0,,NONE,1.43,2,25,65,175,186,73,187,152,101,-
tmj face massager,RELEVANT,BRUSH_MASSAGE,592,10,,28,1,0,,NONE,1.3,0,28,-,-,-,-,-,-,-,-
elf nose contour brush,RELEVANT,CONTOUR,592,5,,31,1,0,,NONE,0.92,0,31,-,-,-,-,-,-,-,-
cupping for face,OFF_CATEGORY,OTHER,592,9,,62,1,0,,NONE,1.08,0,62,-,-,-,-,-,-,-,-
kit maderoterapia corporal,RELEVANT,OTHER,592,8,,63,1,0,,NONE,1.3,0,63,-,-,-,-,-,-,-,-
face massage oil,OFF_CATEGORY,BRUSH_MASSAGE,592,12,,136,2,0,,NONE,1.47,2,-,-,-,-,237,-,-,136,-
mens face wash brush,RELEVANT,BRUSH_MASSAGE,592,14,,104,1,0,,NONE,,0,-,-,-,104,-,-,-,-,-
makeup brushes black,RELEVANT,BRUSH_MASSAGE,592,6,,144,1,0,,NONE,0.9,0,-,-,-,-,-,-,144,-,-
channel makeup for women,RELEVANT,OTHER,592,1,,148,1,0,,NONE,0.93,0,148,-,-,-,-,-,-,-,-
detox kit,RELEVANT,OTHER,592,8,,161,1,0,,NONE,2.05,7,-,-,-,-,161,-,-,-,-
face massage cream,OFF_CATEGORY,BRUSH_MASSAGE,592,4,,165,1,0,,NONE,1.61,3,-,-,-,-,165,-,-,-,-
peelbrush,RELEVANT,BRUSH_MASSAGE,589,3,10,34,2,0,,NONE,0.91,0,-,48,-,34,-,-,-,-,-
red light face wand,RELEVANT,OTHER,589,8,,46,1,0,,NONE,2.48,0,46,-,-,-,-,-,-,-,-
facial suction cups,RELEVANT,OTHER,589,13,,63,1,0,,NONE,1.08,1,63,-,-,-,-,-,-,-,-
wooden handles,RELEVANT,OTHER,589,9,,167,1,0,,NONE,0.73,1,-,-,-,167,-,-,-,-,-
big brush,RELEVANT,BRUSH_MASSAGE,589,9,,115,4,0,,NONE,1.11,0,-,-,-,-,119,300,115,283,-
cat flea tick,RELEVANT,OTHER,589,15,,,0,0,,NONE,3.28,0,-,-,-,-,-,-,-,-,-
getaeki lymphatic brush,COMPETITOR_BRAND,LYMPHATIC,587,19,25,2,8,6,B0FD354L27|B0GSQW56YT|B0GVBQ7P79|B0FD6Y9BX5|B0G3685P2S|B0G2XLH8CG,CONSOLIDATED,,0,2,7,14,40,11,8,23,19,-
copper dry brush for lymphatic drainage,RELEVANT,DRAINAGE,587,10,210,19,8,1,B0FD354L27,SINGLE,1.63,3,19,35,57,279,76,25,59,43,-
hair brush kitsch,COMPETITOR_BRAND,BRUSH_MASSAGE,587,16,,23,1,0,,NONE,0.99,0,-,-,-,-,-,-,23,-,-
face scrubbing brush,RELEVANT,BRUSH_MASSAGE,587,15,,46,7,0,,NONE,,0,46,260,290,156,161,181,101,-,-
mary ruths lymphatic support,OFF_CATEGORY,LYMPHATIC,587,10,,46,1,0,,NONE,2.27,0,46,-,-,-,-,-,-,-,-
merit brush,RELEVANT,BRUSH_MASSAGE,587,8,,63,1,0,,NONE,,0,-,-,-,63,-,-,-,-,-
cream brush,OFF_CATEGORY,BRUSH_MASSAGE,587,11,,115,2,0,,NONE,1.39,0,115,-,-,-,142,-,-,-,-
face skincare,RELEVANT,OTHER,587,4,,168,1,0,,NONE,1.19,0,168,-,-,-,-,-,-,-,-
makeup brushes contour brushes,RELEVANT,CONTOUR,587,4,,115,7,0,,NONE,1.09,0,121,-,-,294,147,211,115,215,257
brush container,RELEVANT,BRUSH_MASSAGE,587,7,,242,1,0,,NONE,0.53,1,-,-,-,-,242,-,-,-,-
nuvetra,COMPETITOR_BRAND,OTHER,584,19,,4,4,2,B0FD354L27|B0G2XLH8CG,SHARED,1.11,2,4,-,-,38,-,24,-,16,-
skin glow face,RELEVANT,OTHER,584,5,,24,2,0,,NONE,,0,-,-,-,-,24,-,-,-,201
red light for face and neck,RELEVANT,JAWLINE_CHIN,584,5,,161,1,0,,NONE,3.03,0,-,-,-,-,-,161,-,-,-
pack of makeup brushes,RELEVANT,BRUSH_MASSAGE,584,8,,253,2,0,,NONE,1.09,0,-,-,-,-,253,-,293,-,-
wooden tool set,RELEVANT,OTHER,584,6,,280,1,0,,NONE,0.71,7,-,-,280,-,-,-,-,-,-
under eye patches for puffy eyes,OFF_CATEGORY,DEPUFF,584,12,,295,1,0,,NONE,1.53,9,-,-,-,-,-,295,-,-,-
harrys brush face,RELEVANT,BRUSH_MASSAGE,582,11,,29,2,0,,NONE,,0,-,-,-,-,-,-,29,33,-
gus sha facial tool,RELEVANT,OTHER,582,15,,38,2,0,,NONE,1.41,0,38,-,-,-,-,-,-,39,-
cellulite tool,RELEVANT,OTHER,582,8,,32,2,0,,NONE,1.47,1,32,-,-,-,54,-,-,-,-
contouring,RELEVANT,CONTOUR,582,1,,32,9,0,,NONE,0.85,6,53,159,147,171,32,141,84,117,174
harrys feel good cleansing kit brush,RELEVANT,BRUSH_MASSAGE,582,4,,31,1,0,,NONE,,0,31,-,-,-,-,-,-,-,-
facial massage tools,RELEVANT,BRUSH_MASSAGE,582,1,,9,7,1,B0FD6Y9BX5,SINGLE,1.33,1,30,144,192,107,9,132,-,98,-
ecotools brush,RELEVANT,BRUSH_MASSAGE,582,6,,54,1,0,,NONE,1.03,0,54,-,-,-,-,-,-,-,-
evertide lymphatic drainage,RELEVANT,DRAINAGE,582,9,,62,1,0,,NONE,2.08,4,62,-,-,-,-,-,-,-,-
eye puffiness reducer instant,RELEVANT,DEPUFF,582,16,,289,1,0,,NONE,1.85,0,-,-,-,-,289,-,-,-,-
lymphatic brush for face and neck,RELEVANT,JAWLINE_CHIN,579,15,187,7,9,5,B0FD354L27|B0GSQW56YT|B0GVBQ7P79|B0FD6Y9BX5|B0G3685P2S,CONSOLIDATED,1.31,0,12,8,11,31,10,7,26,22,85
lymphatic contour face,RELEVANT,CONTOUR,579,10,148,5,9,3,B0GSQW56YT|B0FD6Y9BX5|B0G2XLH8CG,SHARED,1.43,28,24,14,63,48,5,39,33,15,79
lymphatic drainage dry brush,RELEVANT,DRAINAGE,579,11,,2,9,3,B0FD354L27|B0GSQW56YT|B0FD6Y9BX5,SHARED,1.17,0,2,18,84,28,7,29,51,35,102
lymphatic drainage tool face,RELEVANT,DRAINAGE,579,11,179,1,9,3,B0FD354L27|B0GSQW56YT|B0FD6Y9BX5,SHARED,1.35,0,1,16,41,51,6,27,63,33,216
medicube face brush,OFF_CATEGORY,BRUSH_MASSAGE,579,5,209,11,8,1,B0H5MMYNWM,SINGLE,1.17,0,29,75,93,90,92,73,11,-,147
lymphatic drainage device,RELEVANT,DRAINAGE,579,5,,82,4,0,,NONE,1.46,0,97,-,-,-,107,91,-,82,-
neck lymphatic drainage massage,RELEVANT,DRAINAGE,579,1,,31,8,0,,NONE,1.46,0,31,103,201,79,115,134,284,225,-
rephr brush,RELEVANT,BRUSH_MASSAGE,579,4,,29,1,0,,NONE,1.11,0,-,-,29,-,-,-,-,-,-
silicone face,RELEVANT,OTHER,579,2,,64,1,0,,NONE,1.18,20,64,-,-,-,-,-,-,-,-
lymfcare massage roller,RELEVANT,BRUSH_MASSAGE,579,1,,96,1,0,,NONE,1.1,0,-,-,-,96,-,-,-,-,-
korean skin care acne treatment,RELEVANT,OTHER,579,2,,102,1,0,,NONE,1.52,0,102,-,-,-,-,-,-,-,-
smoothing tool,RELEVANT,OTHER,579,7,,113,1,0,,NONE,0.9,22,-,-,-,-,113,-,-,-,-
small edge brush,RELEVANT,BRUSH_MASSAGE,579,12,,171,1,0,,NONE,0.67,0,-,-,-,-,-,-,-,171,-
lymphatic drainage support,RELEVANT,DRAINAGE,579,6,,96,6,0,,NONE,2.63,4,96,133,204,-,-,278,188,277,-
lumisculpt lymphatic drainage massager,RELEVANT,DRAINAGE,579,6,,,0,0,,NONE,1.8,0,-,-,-,-,-,-,-,-,-
sacheu gua sha,RELEVANT,GUA_SHA,579,7,,,0,0,,NONE,1.17,0,-,-,-,-,-,-,-,-,-
cepillo para la cara,OFF_CATEGORY,OTHER,577,9,136,7,9,1,B0FD354L27,SINGLE,1.35,0,7,23,115,57,21,33,35,46,191
contouring brush,RELEVANT,CONTOUR,577,9,164,5,9,2,B0FD354L27|B0FD6Y9BX5,SHARED,1.19,1,5,78,98,108,11,63,44,48,183
wooden face massager tool,RELEVANT,BRUSH_MASSAGE,577,11,,11,4,1,B0GC3HX5KH,SINGLE,,0,54,117,224,11,-,-,-,-,-
wooden scalp gua sha,RELEVANT,GUA_SHA,577,6,,80,1,0,,NONE,,0,80,-,-,-,-,-,-,-,-
v lifting chin mask,RELEVANT,OTHER,577,8,,90,1,0,,NONE,1.58,0,90,-,-,-,-,-,-,-,-
bells palsy face massager,RELEVANT,BRUSH_MASSAGE,577,8,,,0,0,,NONE,,0,-,-,-,-,-,-,-,-,-
face brushes for lymphatic drainage,RELEVANT,DRAINAGE,574,12,68,1,9,7,B0FD354L27|B0GSQW56YT|B0GVBQ7P79|B0FD6Y9BX5|B0G3685P2S|B0H5MMYNWM|B0G2XLH8CG,CONSOLIDATED,1.36,0,1,4,13,34,15,11,18,19,45
lymphatic drain brush for face,RELEVANT,LYMPHATIC,574,15,88,5,9,6,B0FD354L27|B0GSQW56YT|B0GVBQ7P79|B0FD6Y9BX5|B0G3685P2S|B0G2XLH8CG,CONSOLIDATED,1.2,0,14,5,20,24,6,19,21,10,56
icon skin care,COMPETITOR_BRAND,OTHER,574,-,,5,1,1,B0G3685P2S,SINGLE,,0,-,-,-,-,-,5,-,-,-
gau sha,RELEVANT,OTHER,574,11,,63,8,0,,NONE,1.21,0,63,68,286,161,114,209,219,112,-
headspa tools,RELEVANT,OTHER,574,3,,21,1,0,,NONE,,0,21,-,-,-,-,-,-,-,-
face brush for men,RELEVANT,BRUSH_MASSAGE,574,10,,34,2,0,,NONE,1.33,1,34,-,157,-,-,-,-,-,-
lympathic drainage,RELEVANT,DRAINAGE,574,4,,76,7,0,,NONE,,0,171,145,276,-,98,150,76,250,-
lymphatic drainage kit,RELEVANT,DRAINAGE,574,2,,5,5,1,B0FD354L27,SINGLE,1.23,0,5,-,220,225,95,-,-,79,-
makeup brushes travel,RELEVANT,BRUSH_MASSAGE,574,4,,131,1,0,,NONE,0.85,1,-,-,-,-,131,-,-,-,-
make up brushes real technique,RELEVANT,BRUSH_MASSAGE,574,7,,184,3,0,,NONE,1.16,0,301,-,-,-,225,-,184,-,-
manual massager,OFF_CATEGORY,BRUSH_MASSAGE,574,10,,246,1,0,,NONE,1.07,4,246,-,-,-,-,-,-,-,-
medicube pore brush,OFF_CATEGORY,BRUSH_MASSAGE,574,10,,,0,0,,NONE,0.75,0,-,-,-,-,-,-,-,-,-
elf face brush,RELEVANT,BRUSH_MASSAGE,574,11,,,0,0,,NONE,1.34,0,-,-,-,-,-,-,-,-,-
soft bristle face brush,RELEVANT,BRUSH_MASSAGE,571,10,,21,8,0,,NONE,1.09,0,21,76,41,84,22,25,29,44,-
therahair brush redlight,RELEVANT,BRUSH_MASSAGE,571,3,,21,1,0,,NONE,1.21,0,21,-,-,-,-,-,-,-,-
lymphatic drainage wood tools,RELEVANT,DRAINAGE,571,5,,61,7,0,,NONE,,0,67,86,168,90,-,141,-,61,153
makeup skincare,RELEVANT,OTHER,571,1,,66,1,0,,NONE,1.28,1,-,-,-,-,66,-,-,-,-
real jade,RELEVANT,OTHER,571,2,,89,1,0,,NONE,1.28,5,-,-,-,-,-,-,-,89,-
real techniques eye brushes,RELEVANT,BRUSH_MASSAGE,571,3,,210,1,0,,NONE,,0,-,-,-,-,210,-,-,-,-
roller ice cream maker,OFF_CATEGORY,OTHER,571,1,,,0,0,,NONE,0.66,0,-,-,-,-,-,-,-,-,-
dry brushes for lymphatic drainage,RELEVANT,DRAINAGE,569,9,,25,9,0,,NONE,1.41,0,118,25,75,59,30,26,132,141,119
glov beauty lymphatic drainage,RELEVANT,DRAINAGE,569,4,144,74,6,0,,NONE,,0,89,84,-,184,74,133,-,173,-
facial at home,RELEVANT,OTHER,569,1,,44,1,0,,NONE,1.62,0,44,-,-,-,-,-,-,-,-
go pure skin care,RELEVANT,OTHER,569,3,,145,1,0,,NONE,1.53,0,-,-,-,-,-,-,-,145,-
beauty under $20,RELEVANT,OTHER,569,8,,149,1,0,,NONE,0.92,0,-,-,-,-,149,-,-,-,-
brush for edges,RELEVANT,BRUSH_MASSAGE,569,15,,182,1,0,,NONE,1.1,0,-,-,-,-,-,-,-,182,-
brush small,RELEVANT,BRUSH_MASSAGE,569,9,,207,3,0,,NONE,,1,207,-,-,-,279,-,210,-,-
lymphatic drainage sculplique,RELEVANT,DRAINAGE,566,15,,59,4,0,,NONE,,0,59,-,-,89,84,125,-,-,-
masaje linfático,RELEVANT,OTHER,566,3,,20,3,1,B0FD354L27,SINGLE,,0,20,123,-,-,-,-,-,124,-
neck strap for double chin for women,OFF_CATEGORY,JAWLINE_CHIN,566,15,,48,1,0,,NONE,1.7,0,48,-,-,-,-,-,-,-,-
pore scrubber for face,RELEVANT,OTHER,566,11,,54,1,0,,NONE,1.04,0,54,-,-,-,-,-,-,-,-
lymphatic drainage neck massager,RELEVANT,DRAINAGE,566,2,,85,4,0,,NONE,1.76,0,85,154,-,-,-,192,-,214,-
lotion brush,RELEVANT,BRUSH_MASSAGE,566,9,,40,2,0,,NONE,0.88,0,40,-,-,-,282,-,-,-,-
masajes linfaticos abdomen,OFF_CATEGORY,OTHER,566,2,,133,1,0,,NONE,1.3,0,-,133,-,-,-,-,-,-,-
massage cream for face,OFF_CATEGORY,BRUSH_MASSAGE,566,2,,236,1,0,,NONE,1.19,2,-,-,-,-,236,-,-,-,-
rena chris gua sha facial tool,RELEVANT,GUA_SHA,564,17,,50,2,0,,NONE,1.29,0,-,-,-,66,-,-,-,50,-
refa brush,RELEVANT,BRUSH_MASSAGE,564,-,,10,1,1,B0G2XLH8CG,SINGLE,1.26,0,-,-,-,-,-,-,-,10,-
shark facialpro glow,OFF_CATEGORY,OTHER,564,1,,21,1,0,,NONE,2.17,1,21,-,-,-,-,-,-,-,-
slim face,RELEVANT,OTHER,564,3,,23,1,0,,NONE,1.38,0,23,-,-,-,-,-,-,-,-
shas,RELEVANT,OTHER,564,-,,,0,0,,NONE,,0,-,-,-,-,-,-,-,-,-
lymphatic drainage facial brush,RELEVANT,DRAINAGE,561,12,85,6,9,6,B0FD354L27|B0GSQW56YT|B0GVBQ7P79|B0FD6Y9BX5|B0G3685P2S|B0H5MMYNWM,CONSOLIDATED,1.37,0,11,9,18,24,6,10,13,22,92
lymphatic drain brush,RELEVANT,LYMPHATIC,561,12,124,2,9,5,B0FD354L27|B0GSQW56YT|B0FD6Y9BX5|B0G3685P2S|B0G2XLH8CG,CONSOLIDATED,1.48,0,2,17,22,27,9,6,25,18,84
face tools for lymphatic drainage,RELEVANT,DRAINAGE,561,8,183,5,9,2,B0GSQW56YT|B0FD6Y9BX5,SHARED,1.51,0,31,5,56,67,7,50,25,91,122
depuffing,RELEVANT,DEPUFF,561,6,,6,6,1,B0FD6Y9BX5,SINGLE,,24,28,60,-,133,6,86,53,-,-
face contouring device,RELEVANT,CONTOUR,561,4,,62,2,0,,NONE,1.51,0,62,-,-,-,-,-,-,82,-
face spin brush,RELEVANT,BRUSH_MASSAGE,561,9,,55,2,0,,NONE,1.21,0,55,-,-,-,-,-,-,106,-
gua sha men,RELEVANT,GUA_SHA,561,8,,52,2,0,,NONE,1.3,0,-,-,138,-,-,-,-,52,-
manual face cleansing brush,OFF_CATEGORY,BRUSH_MASSAGE,561,9,,47,6,0,,NONE,1.11,1,151,181,299,47,-,167,142,-,-
gua sha bulk,RELEVANT,GUA_SHA,561,7,,106,5,0,,NONE,1.15,0,257,119,176,301,-,-,-,106,-
asmr massage tools,RELEVANT,BRUSH_MASSAGE,561,4,,84,1,0,,NONE,,0,84,-,-,-,-,-,-,-,-
edge brushes bulk,RELEVANT,BRUSH_MASSAGE,561,5,,121,1,0,,NONE,,3,-,-,-,-,-,-,-,121,-
exfoliating dry brush,RELEVANT,BRUSH_MASSAGE,561,9,,36,5,0,,NONE,1.47,0,-,155,298,284,-,189,-,36,-
face scrubber exfoliator brush,RELEVANT,BRUSH_MASSAGE,561,9,,149,6,0,,NONE,1.37,0,177,287,280,281,-,212,149,-,-
eye contour,RELEVANT,CONTOUR,561,8,,176,3,0,,NONE,,3,293,-,-,-,176,-,-,291,-
nervous system regulation tools,RELEVANT,OTHER,559,-,,7,1,1,B0FD354L27,SINGLE,0.99,1,7,-,-,-,-,-,-,-,-
icon skin,COMPETITOR_BRAND,OTHER,559,-,,24,1,0,,NONE,,0,-,-,-,-,-,24,-,-,-
vacuvia for cellulite,RELEVANT,OTHER,559,3,,46,1,0,,NONE,1.53,2,46,-,-,-,-,-,-,-,-
sculptra,RELEVANT,SCULPTING,559,3,,,0,0,,NONE,1.94,0,-,-,-,-,-,-,-,-,-
madera terapia,RELEVANT,OTHER,559,8,,,0,0,,NONE,1.3,0,-,-,-,-,-,-,-,-,-
it cosmetic brushes,RELEVANT,BRUSH_MASSAGE,559,12,,,0,0,,NONE,1.16,0,-,-,-,-,-,-,-,-,-
wood massage tools lymphatic kit,RELEVANT,LYMPHATIC,556,5,,52,3,0,,NONE,1.09,0,52,-,168,121,-,-,-,-,-
soft makeup brush,RELEVANT,BRUSH_MASSAGE,556,11,,129,2,0,,NONE,1.16,1,-,-,-,-,129,252,-,-,-
softer,RELEVANT,OTHER,556,11,,108,1,0,,NONE,,0,-,-,-,-,-,-,-,108,-
beauty clearance,RELEVANT,OTHER,556,2,,153,1,0,,NONE,,0,-,-,-,-,153,-,-,-,-
beauty puffs,RELEVANT,DEPUFF,556,19,,161,1,0,,NONE,0.62,0,-,-,-,-,161,-,-,-,-
dual ended makeup brush set,RELEVANT,BRUSH_MASSAGE,556,7,,211,1,0,,NONE,0.97,0,-,-,-,-,-,-,-,211,-
small tool set for women,RELEVANT,OTHER,556,4,,214,1,0,,NONE,0.8,0,-,-,-,-,-,-,-,214,-
women's tool set,RELEVANT,OTHER,556,6,,250,1,0,,NONE,0.92,0,-,-,-,-,-,-,-,250,-
best brush,RELEVANT,BRUSH_MASSAGE,556,12,,253,5,0,,NONE,,0,254,266,-,-,253,273,-,291,-
kojeva face brush,COMPETITOR_BRAND,BRUSH_MASSAGE,553,7,72,2,8,6,B0FD354L27|B0GSQW56YT|B0GVBQ7P79|B0FD6Y9BX5|B0G3685P2S|B0H5MMYNWM,CONSOLIDATED,1.19,0,4,8,13,24,2,9,12,21,-
face contour tool,RELEVANT,CONTOUR,553,8,164,4,8,1,B0FD6Y9BX5,SINGLE,1.3,0,69,27,74,82,4,64,-,30,168
lymphatic drainage massager for face,RELEVANT,DRAINAGE,553,6,233,13,9,1,B0FD6Y9BX5,SINGLE,1.51,2,35,22,132,192,13,89,63,46,172
dry brush lymphatic drainage,RELEVANT,DRAINAGE,553,9,,21,9,0,,NONE,1.27,0,22,21,74,44,80,29,267,69,278
french beauty products,RELEVANT,OTHER,553,1,,29,1,0,,NONE,1.3,0,29,-,-,-,-,-,-,-,-
facial cup,RELEVANT,OTHER,553,11,,48,1,0,,NONE,1.15,0,48,-,-,-,-,-,-,-,-
gentle face scrubber,RELEVANT,OTHER,553,8,,62,1,0,,NONE,,1,62,-,-,-,-,-,-,-,-
face cleaning brush for women,RELEVANT,BRUSH_MASSAGE,553,10,,56,4,0,,NONE,1.15,0,56,-,134,146,-,-,77,-,-
gua sha red light,RELEVANT,GUA_SHA,553,5,,45,2,0,,NONE,1.84,0,-,-,-,-,-,175,-,45,-
facia blaster,RELEVANT,OTHER,553,7,,114,2,0,,NONE,1.14,3,114,-,-,143,-,-,-,-,-
face washing tool,RELEVANT,OTHER,553,4,,58,3,0,,NONE,1.26,0,58,135,-,203,-,-,-,-,-
dual brush,RELEVANT,BRUSH_MASSAGE,553,4,,117,1,0,,NONE,,15,-,-,-,-,-,-,-,117,-
it makeup brushes,RELEVANT,BRUSH_MASSAGE,553,13,,198,1,0,,NONE,1.17,0,-,-,-,-,-,-,-,-,198
glow face oil,OFF_CATEGORY,OTHER,553,3,,243,1,0,,NONE,1.6,7,-,-,-,-,243,-,-,-,-
facial gift sets for women,RELEVANT,OTHER,553,3,,277,2,0,,NONE,1.24,0,-,-,277,-,-,-,-,290,-
derma edge massage tool,RELEVANT,BRUSH_MASSAGE,553,12,,,0,0,,NONE,1.28,0,-,-,-,-,-,-,-,-,-
icecream roll maker,OFF_CATEGORY,OTHER,553,2,,,0,0,,NONE,0.77,0,-,-,-,-,-,-,-,-,-
cold stone ice cream maker,OFF_CATEGORY,OTHER,553,-,,,0,0,,NONE,0.67,0,-,-,-,-,-,-,-,-,-
puffy face reducer,RELEVANT,DEPUFF,551,8,,4,6,2,B0FD354L27|B0FD6Y9BX5,SHARED,1.76,0,5,86,-,80,4,125,-,206,-
mount lai gua sha,RELEVANT,GUA_SHA,551,8,,25,2,0,,NONE,1.69,0,-,-,-,59,-,-,-,25,-
morpheus 8 skin tightening machine,OFF_CATEGORY,OTHER,551,1,,5,1,1,B0FD354L27,SINGLE,1.32,0,5,-,-,-,-,-,-,-,-
morning routine essentials,RELEVANT,OTHER,551,1,,7,1,1,B0FD354L27,SINGLE,,0,7,-,-,-,-,-,-,-,-
skin tools for face,RELEVANT,OTHER,551,7,,39,8,0,,NONE,1.19,0,39,158,279,234,108,57,-,188,241
linfatic drainage,RELEVANT,DRAINAGE,551,7,,72,2,0,,NONE,,0,111,-,-,-,-,72,-,-,-
rotating face cleansing brush,RELEVANT,BRUSH_MASSAGE,551,12,,40,1,0,,NONE,,0,40,-,-,-,-,-,-,-,-
lymphatic drainage best seller,RELEVANT,DRAINAGE,551,6,,24,2,0,,NONE,2.61,0,24,-,-,-,-,-,-,283,-
natural hair makeup brushes,RELEVANT,BRUSH_MASSAGE,551,4,,179,1,0,,NONE,1.18,3,-,-,-,-,-,-,-,179,-
reducer,RELEVANT,OTHER,551,6,,185,2,0,,NONE,,45,185,-,-,-,-,264,-,-,-
massager women,RELEVANT,BRUSH_MASSAGE,551,11,,241,1,0,,NONE,1.17,0,-,-,-,-,241,-,-,-,-
makeup eye brushes,RELEVANT,BRUSH_MASSAGE,551,11,,294,1,0,,NONE,0.92,0,-,-,-,-,294,-,-,-,-
outdoor incense sticks,RELEVANT,OTHER,551,14,,,0,0,,NONE,0.7,2,-,-,-,-,-,-,-,-,-
vanity planet face brush,RELEVANT,BRUSH_MASSAGE,548,5,,14,2,1,B0H5MMYNWM,SINGLE,1.3,0,-,-,-,-,-,-,14,47,-
at home hydrafacial,RELEVANT,OTHER,548,3,,9,1,1,B0FD354L27,SINGLE,1.89,0,9,-,-,-,-,-,-,-,-
best lymphatic drainage massager,RELEVANT,DRAINAGE,548,7,,58,6,0,,NONE,1.47,0,265,100,-,-,58,144,70,124,-
wooden gua sha,RELEVANT,GUA_SHA,548,3,,79,5,0,,NONE,0.95,12,-,197,179,79,-,-,-,134,298
stone setting tools,RELEVANT,OTHER,548,2,,129,1,0,,NONE,0.65,10,129,-,-,-,-,-,-,-,-
brush cleaning tool,RELEVANT,BRUSH_MASSAGE,548,7,,288,1,0,,NONE,1.09,15,288,-,-,-,-,-,-,-,-
therapy brush sensory,RELEVANT,BRUSH_MASSAGE,548,10,,,0,0,,NONE,0.87,6,-,-,-,-,-,-,-,-,-
tooth powder whitening,RELEVANT,OTHER,548,15,,,0,0,,NONE,1.54,0,-,-,-,-,-,-,-,-,-
face dry brush for lymphatic drainage,RELEVANT,DRAINAGE,546,12,109,4,9,7,B0FD354L27|B0GSQW56YT|B0GVBQ7P79|B0GC3HX5KH|B0FD6Y9BX5|B0G3685P2S|B0H5MMYNWM,CONSOLIDATED,1.38,0,20,4,16,17,6,11,5,21,39
fasha massage tool,RELEVANT,BRUSH_MASSAGE,546,4,,15,2,1,B0FD354L27,SINGLE,1.23,0,15,-,-,113,-,-,-,-,-
face washer electric,OFF_CATEGORY,OTHER,546,4,,54,1,0,,NONE,,0,54,-,-,-,-,-,-,-,-
gua sha hair brush,RELEVANT,GUA_SHA,546,3,212,88,5,0,,NONE,1.21,4,117,-,-,195,-,151,88,142,-
hair massage tool,RELEVANT,BRUSH_MASSAGE,546,4,,102,2,0,,NONE,1.02,0,102,-,-,-,-,-,-,194,-
exfoliating tool,RELEVANT,OTHER,546,7,,36,2,0,,NONE,1.19,0,36,-,288,-,-,-,-,-,-
gua sha rose quartz,RELEVANT,GUA_SHA,546,11,,106,1,0,,NONE,1.22,0,-,-,-,-,-,-,-,106,-
eyelid cleansing brush,RELEVANT,BRUSH_MASSAGE,546,7,,156,1,0,,NONE,,3,156,-,-,-,-,-,-,-,-
facial tool kit,RELEVANT,OTHER,546,5,,170,1,0,,NONE,,0,-,-,-,-,170,-,-,-,-
contour stick set,RELEVANT,CONTOUR,546,6,,189,1,0,,NONE,0.84,6,-,-,-,-,-,-,-,189,-
facial mirror,RELEVANT,OTHER,546,9,,288,1,0,,NONE,1.34,0,-,-,-,-,-,288,-,-,-
heated fleshlight,RELEVANT,OTHER,546,10,,,0,0,,NONE,,0,-,-,-,-,-,-,-,-,-
lymph brush for face and neck,RELEVANT,JAWLINE_CHIN,543,14,79,6,9,6,B0FD354L27|B0GSQW56YT|B0FD6Y9BX5|B0G3685P2S|B0H5MMYNWM|B0G2XLH8CG,CONSOLIDATED,1.27,0,9,6,21,52,10,8,16,15,61
skin care brush for face,RELEVANT,BRUSH_MASSAGE,543,9,185,10,9,1,B0FD354L27,SINGLE,1.12,0,10,46,136,114,42,126,40,104,226
make up brish,RELEVANT,OTHER,543,17,,21,2,0,,NONE,1.34,0,-,-,-,-,98,-,21,-,-
masajeador de cara y cuello,RELEVANT,OTHER,543,5,,11,1,1,B0FD354L27,SINGLE,,0,11,-,-,-,-,-,-,-,-
lymph massager,RELEVANT,LYMPHATIC,543,5,,64,6,0,,NONE,,0,64,123,-,204,284,268,-,101,-
medicube face scrubber,OFF_CATEGORY,OTHER,543,8,,38,1,0,,NONE,,0,38,-,-,-,-,-,-,-,-
lymphatic detox,RELEVANT,LYMPHATIC,543,2,,75,5,0,,NONE,2.19,0,105,-,-,286,75,136,-,109,-
real techniques dual ended brush,RELEVANT,BRUSH_MASSAGE,543,10,,74,1,0,,NONE,1.12,0,-,-,-,-,-,-,-,74,-
massage supplies,RELEVANT,BRUSH_MASSAGE,543,3,,80,1,0,,NONE,1.45,0,-,-,-,-,-,80,-,-,-
skincare applicator,RELEVANT,OTHER,543,5,,50,2,0,,NONE,0.77,1,50,-,-,-,162,-,-,-,-
smooth brush,RELEVANT,BRUSH_MASSAGE,543,11,,112,2,0,,NONE,1.15,0,112,-,-,-,139,-,-,-,-
lymphatic support drainage & detox,RELEVANT,DRAINAGE,543,-,,107,1,0,,NONE,,0,107,-,-,-,-,-,-,-,-
makeup brushes professional,RELEVANT,BRUSH_MASSAGE,543,2,,270,1,0,,NONE,1.3,1,-,-,-,-,270,-,-,-,-
oil applicator brush,OFF_CATEGORY,BRUSH_MASSAGE,543,5,,293,1,0,,NONE,,2,-,-,-,-,293,-,-,-,-
mary ruth lymphatic drainage,OFF_CATEGORY,DRAINAGE,543,9,,,0,0,,NONE,2.36,0,-,-,-,-,-,-,-,-,-
neck scrub for dark neck,RELEVANT,JAWLINE_CHIN,543,5,,,0,0,,NONE,1.87,0,-,-,-,-,-,-,-,-,-
washa face tool,RELEVANT,OTHER,541,8,179,4,6,1,B0FD354L27,SINGLE,,0,4,24,-,109,104,39,-,100,-
body dry brush lymphatic drainage,RELEVANT,DRAINAGE,541,15,298,18,9,1,B0FD354L27,SINGLE,,0,18,76,70,38,131,77,115,162,154
wellness tools,RELEVANT,OTHER,541,1,,17,2,1,B0FD354L27,SINGLE,1.31,0,17,-,-,-,50,-,-,-,-
under chin tightening and lifting,RELEVANT,OTHER,541,11,,31,1,0,,NONE,1.37,0,31,-,-,-,-,-,-,-,-
skin soft,RELEVANT,OTHER,541,5,,172,1,0,,NONE,1.35,2,-,-,-,-,-,172,-,-,-
wide brush,RELEVANT,BRUSH_MASSAGE,541,16,,137,4,0,,NONE,,1,137,-,-,-,255,-,198,181,-
real techniques makeup brushes,RELEVANT,BRUSH_MASSAGE,541,6,,200,3,0,,NONE,1.01,0,203,-,-,-,202,-,200,-,-
wooden massager,RELEVANT,BRUSH_MASSAGE,541,4,,212,1,0,,NONE,0.87,6,-,-,-,212,-,-,-,-,-
benifit,RELEVANT,OTHER,541,3,,158,2,0,,NONE,0.88,0,-,-,-,-,158,-,-,295,-
wooden brushes bulk,RELEVANT,BRUSH_MASSAGE,541,2,,214,3,0,,NONE,0.98,0,-,-,214,238,-,-,-,-,242
womens skin care set,RELEVANT,OTHER,541,2,,243,1,0,,NONE,1.46,0,-,-,-,-,-,-,-,243,-
beauty creations brushes,RELEVANT,BRUSH_MASSAGE,541,1,,,0,0,,NONE,,0,-,-,-,-,-,-,-,-,-
face drainage brush,RELEVANT,DRAINAGE,538,11,62,4,9,5,B0FD354L27|B0GSQW56YT|B0FD6Y9BX5|B0G3685P2S|B0H5MMYNWM,CONSOLIDATED,1.23,0,13,8,34,26,4,17,12,24,79
face drainage,RELEVANT,DRAINAGE,538,2,132,16,9,2,B0FD354L27|B0FD6Y9BX5,SHARED,,0,20,23,46,71,16,49,34,33,136
contour brushes for face sculpting,RELEVANT,SCULPTING,538,15,116,4,9,4,B0GSQW56YT|B0FD6Y9BX5|B0G3685P2S|B0H5MMYNWM,CONSOLIDATED,1,0,23,18,40,33,4,11,14,28,277
fascia tools,RELEVANT,OTHER,538,7,,9,1,1,B0FD354L27,SINGLE,0.98,0,9,-,-,-,-,-,-,-,-
facial wash brush,RELEVANT,BRUSH_MASSAGE,538,6,288,94,8,0,,NONE,,0,94,139,176,170,166,195,118,168,-
amazon beauty,RELEVANT,OTHER,538,1,,21,1,0,,NONE,1.4,0,-,-,-,-,21,-,-,-,-
guasha face oil,OFF_CATEGORY,GUA_SHA,538,9,221,46,7,0,,NONE,1.64,0,48,111,206,-,129,186,-,46,167
esponja para lavar la cara,RELEVANT,OTHER,538,6,,71,1,0,,NONE,1.07,0,71,-,-,-,-,-,-,-,-
face cooling,RELEVANT,OTHER,538,6,,83,1,0,,NONE,1.3,0,-,-,-,-,-,-,-,83,-
chin wrap,OFF_CATEGORY,OTHER,538,9,,86,1,0,,NONE,1.3,0,86,-,-,-,-,-,-,-,-
hair gua sha,RELEVANT,GUA_SHA,538,6,,129,3,0,,NONE,1.12,5,129,178,-,-,-,-,-,184,-
beauty gadgets,RELEVANT,OTHER,538,1,,146,2,0,,NONE,1.29,0,146,-,-,185,-,-,-,-,-
face cooling device,RELEVANT,OTHER,538,6,,107,1,0,,NONE,,0,-,-,-,-,-,-,-,107,-
contour stick with brush,RELEVANT,CONTOUR,538,3,,224,1,0,,NONE,,0,-,-,-,-,-,-,-,224,-
essential oil set for skin,OFF_CATEGORY,OTHER,538,2,,261,1,0,,NONE,1.3,1,-,-,-,-,-,-,-,261,-
kitsch black lymphatic contour face brush,COMPETITOR_BRAND,CONTOUR,535,-,78,2,8,2,B0FD354L27|B0H5MMYNWM,SHARED,,0,3,21,29,32,30,22,2,24,-
kitch terracotta lymphatic contour face brush,RELEVANT,CONTOUR,535,9,92,1,9,4,B0FD354L27|B0GSQW56YT|B0FD6Y9BX5|B0H5MMYNWM,CONSOLIDATED,,0,19,18,22,26,9,21,1,44,42
face massage brush,RELEVANT,BRUSH_MASSAGE,535,6,108,6,9,5,B0FD354L27|B0GSQW56YT|B0FD6Y9BX5|B0G3685P2S|B0H5MMYNWM,CONSOLIDATED,1.21,2,17,9,24,23,6,7,8,25,115
lymphatic tool,RELEVANT,LYMPHATIC,535,1,,23,8,0,,NONE,,0,121,90,69,180,23,85,-,49,204
qua sha,RELEVANT,OTHER,535,7,,89,8,0,,NONE,1.46,0,91,89,270,192,134,210,180,148,-
lymphatic drainage massager neck,RELEVANT,DRAINAGE,535,8,,81,6,0,,NONE,1.54,0,81,100,-,227,152,153,-,156,-
lymphatic drainage tool body,RELEVANT,DRAINAGE,535,5,,52,7,0,,NONE,,0,52,159,207,280,210,95,-,131,-
oil for gua sha,OFF_CATEGORY,GUA_SHA,535,10,,50,1,0,,NONE,1.73,6,-,50,-,-,-,-,-,-,-
lymphatic wooden massage tools,RELEVANT,LYMPHATIC,535,6,,40,5,0,,NONE,0.8,0,40,126,65,67,-,-,-,-,204
lymphatic pills,OFF_CATEGORY,LYMPHATIC,535,5,,83,1,0,,NONE,,0,83,-,-,-,-,-,-,-,-
facial stuff,RELEVANT,OTHER,535,2,,59,2,0,,NONE,1.15,0,207,-,-,-,59,-,-,-,-
lymphatic drainage mary ruth,OFF_CATEGORY,DRAINAGE,535,6,,124,1,0,,NONE,2.03,0,-,-,-,-,-,-,-,124,-
makeup brush small,RELEVANT,BRUSH_MASSAGE,535,9,,144,1,0,,NONE,1.31,0,-,-,-,-,144,-,-,-,-
it brushes for makeup,RELEVANT,BRUSH_MASSAGE,535,8,,155,3,0,,NONE,1.26,0,167,-,-,-,301,-,-,-,155
neck line massager,RELEVANT,JAWLINE_CHIN,535,8,,190,2,0,,NONE,1.49,0,-,-,-,-,-,190,-,270,-
eye contour cream,OFF_CATEGORY,CONTOUR,535,2,,261,1,0,,NONE,1.87,6,261,-,-,-,-,-,-,-,-
large dry box,RELEVANT,OTHER,535,1,,261,1,0,,NONE,0.68,0,-,-,261,-,-,-,-,-,-
￼lymphatic drainage brush,RELEVANT,DRAINAGE,533,11,82,6,9,4,B0FD354L27|B0GSQW56YT|B0FD6Y9BX5|B0H5MMYNWM,CONSOLIDATED,,0,20,19,43,31,18,27,6,25,48
soothe silk massager,RELEVANT,BRUSH_MASSAGE,533,2,,18,2,1,B0FD354L27,SINGLE,1.91,0,18,-,-,85,-,-,-,-,-
tiktok viral products,RELEVANT,OTHER,533,1,,9,1,1,B0FD354L27,SINGLE,1.53,0,9,-,-,-,-,-,-,-,-
stomach lymphatic drainage tool,RELEVANT,DRAINAGE,533,3,295,100,7,0,,NONE,1.12,0,157,100,-,201,145,191,-,208,238
stone gua sha,RELEVANT,GUA_SHA,533,11,,95,1,0,,NONE,0.89,14,-,-,-,-,-,-,-,95,-
professional body sculpting & lymphatic drainage massage tool,RELEVANT,DRAINAGE,533,9,,94,3,0,,NONE,1.58,0,271,137,-,-,94,-,-,-,-
steel guasha,RELEVANT,GUA_SHA,533,10,,171,1,0,,NONE,1.27,13,-,-,171,-,-,-,-,-,-
skin oil for face,OFF_CATEGORY,OTHER,533,10,,213,1,0,,NONE,1.8,0,-,-,-,-,-,-,-,213,-
wooden round brush,RELEVANT,BRUSH_MASSAGE,533,6,,211,2,0,,NONE,,0,-,-,-,211,-,-,-,-,233
texture tools,RELEVANT,OTHER,533,7,,266,1,0,,NONE,,5,266,-,-,-,-,-,-,-,-
tooth whitening powder top rated,RELEVANT,OTHER,533,12,,,0,0,,NONE,,0,-,-,-,-,-,-,-,-,-
cepillo linfatico facial,OFF_CATEGORY,OTHER,530,7,87,8,9,6,B0FD354L27|B0GSQW56YT|B0FD6Y9BX5|B0G3685P2S|B0H5MMYNWM|B0G2XLH8CG,CONSOLIDATED,1.31,0,11,9,31,22,8,12,16,13,78
dry brushing body brushes for lymphatic system,RELEVANT,LYMPHATIC,530,3,304,12,9,1,B0FD354L27,SINGLE,,0,12,34,75,62,110,109,126,101,80
comtour,RELEVANT,OTHER,530,1,,33,9,0,,NONE,0.89,0,140,110,199,231,79,116,33,66,208
face firming tool,RELEVANT,OTHER,530,5,,9,3,1,B0FD354L27,SINGLE,1.57,0,9,-,-,149,75,-,-,-,-
brush handle,RELEVANT,BRUSH_MASSAGE,530,3,,135,1,0,,NONE,0.96,2,-,-,-,135,-,-,-,-,-
mykitsch lymphatic brush,COMPETITOR_BRAND,LYMPHATIC,528,-,113,2,8,4,B0FD354L27|B0GSQW56YT|B0H5MMYNWM|B0G2XLH8CG,CONSOLIDATED,,0,9,20,25,42,26,24,2,19,-
face depuff,RELEVANT,DEPUFF,528,8,173,5,7,2,B0FD354L27|B0FD6Y9BX5,SHARED,,0,19,39,-,123,5,97,39,90,-
dry body brushes for lymphatic drainage,RELEVANT,DRAINAGE,528,6,,23,9,0,,NONE,1.35,0,23,80,52,42,136,82,178,51,157
lymphatica,RELEVANT,LYMPHATIC,528,-,,26,8,0,,NONE,,0,106,63,173,258,26,179,62,74,-
gia sha tool face,RELEVANT,OTHER,528,14,,18,1,1,B0G2XLH8CG,SINGLE,,0,-,-,-,-,-,-,-,18,-
dry face,RELEVANT,OTHER,528,7,,53,6,0,,NONE,1.93,0,-,53,253,219,-,70,-,90,233
dr terry dubrow products,RELEVANT,OTHER,528,2,,95,1,0,,NONE,2.22,0,95,-,-,-,-,-,-,-,-
groove it brush,RELEVANT,BRUSH_MASSAGE,528,8,,137,1,0,,NONE,0.87,0,-,-,-,-,-,-,-,137,-
manual neck massager tool,OFF_CATEGORY,JAWLINE_CHIN,528,3,,164,1,0,,NONE,0.88,1,164,-,-,-,-,-,-,-,-
konjac facial sponge,RELEVANT,OTHER,528,7,,,0,0,,NONE,0.96,6,-,-,-,-,-,-,-,-,-
lymphatic contour face tool,RELEVANT,CONTOUR,525,8,178,4,9,2,B0FD6Y9BX5|B0G2XLH8CG,SHARED,1.58,0,42,23,65,81,4,75,59,18,133
sauna accessories for women,RELEVANT,OTHER,525,1,,21,1,0,,NONE,1.33,0,21,-,-,-,-,-,-,-,-
lymphatic drainage gloves,RELEVANT,DRAINAGE,525,6,,22,1,0,,NONE,1.16,0,22,-,-,-,-,-,-,-,-
pore polishing wand,RELEVANT,OTHER,525,9,,29,1,0,,NONE,1.15,2,29,-,-,-,-,-,-,-,-
soft bristle face cleansing brush,RELEVANT,BRUSH_MASSAGE,525,8,,89,6,0,,NONE,,3,268,255,96,96,-,-,94,89,-
neck roller cream,OFF_CATEGORY,JAWLINE_CHIN,525,9,,86,1,0,,NONE,1.84,0,86,-,-,-,-,-,-,-,-
lymphatic cleanse,RELEVANT,LYMPHATIC,525,3,,141,3,0,,NONE,2.39,6,-,141,190,-,-,-,-,158,-
silicon face scrubber,COMPETITOR_BRAND,OTHER,525,10,,151,1,0,,NONE,1.2,0,151,-,-,-,-,-,-,-,-
makeup brush real techniques,RELEVANT,BRUSH_MASSAGE,525,11,,179,3,0,,NONE,1.21,0,192,-,-,-,225,-,179,-,-
small make up brush,RELEVANT,BRUSH_MASSAGE,525,10,,293,1,0,,NONE,,0,-,-,-,-,293,-,-,-,-
lymphatic gloves with rollers,RELEVANT,LYMPHATIC,525,1,,,0,0,,NONE,0.88,1,-,-,-,-,-,-,-,-,-
aeki brush,COMPETITOR_BRAND,BRUSH_MASSAGE,523,8,,7,5,2,B0FD6Y9BX5|B0G3685P2S,SHARED,1.22,0,24,-,25,-,7,10,-,22,-
tool sets for women,RELEVANT,OTHER,523,4,,278,1,0,,NONE,0.84,1,-,-,-,-,-,-,-,278,-
allure beauty winners,RELEVANT,OTHER,523,1,,288,1,0,,NONE,1.22,0,288,-,-,-,-,-,-,-,-
wood massage,RELEVANT,BRUSH_MASSAGE,523,1,,299,1,0,,NONE,1.36,6,-,-,-,299,-,-,-,-,-
teeth whitening powder peroxide free,RELEVANT,OTHER,523,10,,,0,0,,NONE,1.51,0,-,-,-,-,-,-,-,-,-
dry brush for lymphatic drainage face,RELEVANT,DRAINAGE,520,9,108,4,9,7,B0GSQW56YT|B0GVBQ7P79|B0GC3HX5KH|B0FD6Y9BX5|B0G3685P2S|B0H5MMYNWM|B0G2XLH8CG,CONSOLIDATED,,0,22,5,16,18,4,13,9,12,47
facial sculpting brush,RELEVANT,SCULPTING,520,10,86,2,9,7,B0FD354L27|B0GSQW56YT|B0GC3HX5KH|B0FD6Y9BX5|B0G3685P2S|B0H5MMYNWM|B0G2XLH8CG,CONSOLIDATED,1.22,0,10,4,22,17,2,8,14,18,73
face lymphatic brush,RELEVANT,LYMPHATIC,520,7,107,3,9,7,B0FD354L27|B0GSQW56YT|B0GVBQ7P79|B0FD6Y9BX5|B0G3685P2S|B0H5MMYNWM|B0G2XLH8CG,CONSOLIDATED,1.35,0,13,9,20,27,7,19,3,18,71
facial depuffer,RELEVANT,DEPUFF,520,5,,2,6,2,B0FD354L27|B0FD6Y9BX5,SHARED,,0,15,39,-,91,2,92,-,69,-
cepillo para cara facial,OFF_CATEGORY,OTHER,520,2,150,19,9,1,B0FD6Y9BX5,SINGLE,1.28,0,38,41,116,58,19,31,70,94,283
double chin massager,RELEVANT,JAWLINE_CHIN,520,2,,24,2,0,,NONE,1.63,0,24,-,-,103,-,-,-,-,-
facial gua sha,RELEVANT,GUA_SHA,520,8,242,37,8,0,,NONE,1.27,0,42,67,283,182,181,216,178,37,-
brocha para contorno,RELEVANT,OTHER,520,3,,30,1,0,,NONE,,0,-,-,-,-,30,-,-,-,-
face cleanser machine,OFF_CATEGORY,OTHER,520,4,,34,1,0,,NONE,1.35,0,34,-,-,-,-,-,-,-,-
body contour,RELEVANT,CONTOUR,520,3,,60,1,0,,NONE,0.71,0,-,60,-,-,-,-,-,-,-
cosmetic brush,RELEVANT,BRUSH_MASSAGE,520,13,,75,1,0,,NONE,0.93,0,-,-,-,-,75,-,-,-,-
edge brush pack,RELEVANT,BRUSH_MASSAGE,520,1,,152,1,0,,NONE,,0,-,-,-,-,-,-,-,152,-
body makeup brush for legs,OFF_CATEGORY,BRUSH_MASSAGE,520,16,,164,2,0,,NONE,1.24,0,-,296,164,-,-,-,-,-,-
brush and mirror set,RELEVANT,BRUSH_MASSAGE,520,7,,236,1,0,,NONE,,0,-,-,-,-,-,236,-,-,-
brocha para maquillaje,RELEVANT,OTHER,520,2,,258,1,0,,NONE,0.9,0,-,-,-,-,258,-,-,-,-
cool girl accessories,RELEVANT,OTHER,520,1,,,0,0,,NONE,0.69,0,-,-,-,-,-,-,-,-,-
icon lymphatic contour face brush,COMPETITOR_BRAND,CONTOUR,517,20,123,3,9,1,B0G3685P2S,SINGLE,1.07,2,25,23,35,48,28,3,31,29,81
lymphatic brushes,RELEVANT,LYMPHATIC,517,6,124,9,9,4,B0GSQW56YT|B0FD6Y9BX5|B0G3685P2S|B0H5MMYNWM,CONSOLIDATED,1.39,0,23,9,42,30,12,10,17,31,136
lymphatic drainage body tool,RELEVANT,DRAINAGE,517,5,,45,7,0,,NONE,1.37,0,45,169,202,260,178,102,-,145,-
lymphatika drainage,RELEVANT,DRAINAGE,517,-,,40,1,0,,NONE,,0,40,-,-,-,-,-,-,-,-
mens facial cleansing brush,RELEVANT,BRUSH_MASSAGE,517,11,,104,2,0,,NONE,,0,104,-,-,116,-,-,-,-,-
kitsche,COMPETITOR_BRAND,OTHER,517,8,,5,2,1,B0H5MMYNWM,SINGLE,,0,-,-,-,-,-,-,5,240,-
face tanning brush,RELEVANT,BRUSH_MASSAGE,517,8,273,101,3,0,,NONE,1.2,3,-,-,-,129,140,-,101,-,-
green makeup brushes,RELEVANT,BRUSH_MASSAGE,517,4,,152,1,0,,NONE,0.82,0,-,-,-,-,-,-,-,152,-
gua sha tools for body,RELEVANT,GUA_SHA,517,10,,181,1,0,,NONE,1.02,0,-,181,-,-,-,-,-,-,-
good makeup brushes,RELEVANT,BRUSH_MASSAGE,517,3,,184,1,0,,NONE,0.98,0,-,-,-,-,184,-,-,-,-
makeup brush cleaning,RELEVANT,BRUSH_MASSAGE,517,10,,186,1,0,,NONE,1.49,9,186,-,-,-,-,-,-,-,-
lymph support,RELEVANT,LYMPHATIC,517,11,,169,2,0,,NONE,1.57,3,-,-,-,-,-,235,-,169,-
makeup face,RELEVANT,OTHER,517,1,,234,1,0,,NONE,1.27,2,-,-,-,-,234,-,-,-,-
ice cream maker plate,OFF_CATEGORY,OTHER,517,1,,,0,0,,NONE,0.7,0,-,-,-,-,-,-,-,-,-
pure lymphatic drainage,RELEVANT,DRAINAGE,515,3,,98,1,0,,NONE,,0,-,-,-,-,-,-,-,98,-
travel make up brush,RELEVANT,BRUSH_MASSAGE,515,9,,289,1,0,,NONE,1.06,0,-,-,-,-,289,-,-,-,-
brush lymphatic drainage,RELEVANT,DRAINAGE,512,12,106,6,9,3,B0GSQW56YT|B0FD6Y9BX5|B0H5MMYNWM,SHARED,1.29,2,28,17,50,53,6,24,7,54,69
biohacking products,RELEVANT,OTHER,512,2,,1,1,1,B0FD354L27,SINGLE,2.04,0,1,-,-,-,-,-,-,-,-
￼contour,RELEVANT,CONTOUR,512,4,,91,8,0,,NONE,,0,168,163,216,213,91,148,93,114,-
wood gua sha,RELEVANT,GUA_SHA,512,7,,56,5,0,,NONE,,4,-,150,189,56,-,-,-,129,239
wooden lymphatic massage tools,RELEVANT,LYMPHATIC,512,5,,41,5,0,,NONE,1.13,0,41,149,190,212,-,-,-,-,244
top korean skin care products,RELEVANT,OTHER,512,1,,72,1,0,,NONE,1.81,0,72,-,-,-,-,-,-,-,-
amazon beauty products,RELEVANT,OTHER,512,1,,78,1,0,,NONE,,0,-,-,-,-,78,-,-,-,-
wood tools for body sculpting,RELEVANT,SCULPTING,512,7,,114,3,0,,NONE,0.89,0,-,114,268,123,-,-,-,-,-
bulk edge brushes,RELEVANT,BRUSH_MASSAGE,512,4,,118,1,0,,NONE,,0,-,-,-,-,-,-,-,118,-
wooden box with handle,RELEVANT,OTHER,512,-,,183,2,0,,NONE,,0,-,-,183,216,-,-,-,-,-
gua sha neck,RELEVANT,GUA_SHA,510,5,,97,8,0,,NONE,1.58,3,173,109,147,176,182,180,229,97,-
jade guasha,RELEVANT,GUA_SHA,510,9,,50,2,0,,NONE,,4,-,-,-,105,-,-,-,50,-
face swelling reducer,RELEVANT,OTHER,510,7,289,50,6,0,,NONE,1.27,0,65,301,-,98,172,165,-,50,-
emijay brush,RELEVANT,BRUSH_MASSAGE,510,2,,39,1,0,,NONE,1,0,-,39,-,-,-,-,-,-,-
collagen chin lifting mask,OFF_CATEGORY,OTHER,510,4,,56,1,0,,NONE,1.42,0,56,-,-,-,-,-,-,-,-
face smoother,RELEVANT,OTHER,510,6,,19,5,1,B0FD6Y9BX5,SINGLE,1.75,0,41,-,-,169,19,113,-,253,-
face gua sha tool,RELEVANT,GUA_SHA,510,8,230,40,4,0,,NONE,,0,-,40,-,241,-,193,-,61,-
facial care kit,RELEVANT,OTHER,510,5,,68,1,0,,NONE,1.35,2,68,-,-,-,-,-,-,-,-
health tools,RELEVANT,OTHER,510,-,,91,1,0,,NONE,,0,91,-,-,-,-,-,-,-,-
exfoliate brush,RELEVANT,BRUSH_MASSAGE,510,9,,114,2,0,,NONE,1.43,0,-,-,-,-,-,143,114,-,-
facial scruber,RELEVANT,OTHER,510,12,,57,2,0,,NONE,,0,-,-,-,273,-,-,-,57,-
cooling skincare,RELEVANT,OTHER,510,1,,198,1,0,,NONE,,1,-,-,-,-,-,-,-,198,-
glow makeup for face,RELEVANT,OTHER,510,2,,130,3,0,,NONE,1.07,1,-,-,-,-,130,226,-,-,247
head and eye massager,RELEVANT,BRUSH_MASSAGE,510,6,,271,1,0,,NONE,1.73,6,-,-,-,-,-,-,-,271,-
dense makeup brushes,RELEVANT,BRUSH_MASSAGE,510,3,,291,1,0,,NONE,1.67,0,-,-,-,-,291,-,-,-,-
dalba brush on botox cream,OFF_CATEGORY,BRUSH_MASSAGE,510,6,,,0,0,,NONE,,0,-,-,-,-,-,-,-,-,-
hot and cold gua sha,RELEVANT,GUA_SHA,510,3,,,0,0,,NONE,,0,-,-,-,-,-,-,-,-,-
kit sch lymphatic face brush,RELEVANT,LYMPHATIC,507,-,88,1,9,3,B0FD354L27|B0GSQW56YT|B0H5MMYNWM,SHARED,,0,20,8,23,43,28,26,1,70,75
mens facial brush,RELEVANT,BRUSH_MASSAGE,507,13,,35,2,0,,NONE,,0,-,-,72,35,-,-,-,-,-
kitsch products for women,COMPETITOR_BRAND,OTHER,507,9,,23,1,0,,NONE,,0,-,-,-,-,-,-,23,-,-
manual face brush,OFF_CATEGORY,BRUSH_MASSAGE,507,5,241,93,7,0,,NONE,,4,138,152,223,132,133,158,93,-,-
lymph drainage massager,RELEVANT,DRAINAGE,507,3,,47,6,0,,NONE,1.73,0,47,109,-,237,176,208,-,199,-
foreo face scrubber,RELEVANT,OTHER,507,1,,44,1,0,,NONE,1.13,0,-,44,-,-,-,-,-,-,-
medicube face stick,OFF_CATEGORY,OTHER,507,8,,70,1,0,,NONE,1.46,0,70,-,-,-,-,-,-,-,-
natural bristle body brush,RELEVANT,BRUSH_MASSAGE,507,12,,196,3,0,,NONE,1.39,0,-,262,196,257,-,-,-,-,-
glow skincare,RELEVANT,OTHER,507,7,,239,1,0,,NONE,1.5,0,-,-,-,-,239,-,-,-,-
lymphatic drainage traditional lymphatic support,RELEVANT,DRAINAGE,507,5,,,0,0,,NONE,,0,-,-,-,-,-,-,-,-,-
sculpting brush lymphatic drainage,RELEVANT,DRAINAGE,505,18,97,4,9,8,B0FD354L27|B0GSQW56YT|B0GVBQ7P79|B0GC3HX5KH|B0FD6Y9BX5|B0G3685P2S|B0H5MMYNWM|B0G2XLH8CG,CONSOLIDATED,2.46,0,11,6,19,18,8,4,12,17,53
skin inflammation relief,RELEVANT,OTHER,505,-,,108,1,0,,NONE,2.08,0,108,-,-,-,-,-,-,-,-
steel bristle brush,RELEVANT,BRUSH_MASSAGE,505,10,,120,1,0,,NONE,,0,-,-,120,-,-,-,-,-,-
real techniques mini brush,RELEVANT,BRUSH_MASSAGE,505,5,,177,1,0,,NONE,0.71,0,-,-,-,177,-,-,-,-,-
red tool bag,RELEVANT,OTHER,505,5,,196,1,0,,NONE,,0,-,-,-,-,-,196,-,-,-
stainless steel gua sha facial tool,OFF_CATEGORY,GUA_SHA,505,10,,216,1,0,,NONE,1.23,2,-,-,216,-,-,-,-,-,-
nose brush,RELEVANT,BRUSH_MASSAGE,505,5,,,0,0,,NONE,1.15,2,-,-,-,-,-,-,-,-,-
beauty tools for face,RELEVANT,OTHER,502,6,,9,7,2,B0FD354L27|B0FD6Y9BX5,SHARED,1.43,0,14,262,221,251,9,127,-,152,-
beauty treats,RELEVANT,OTHER,502,2,,96,1,0,,NONE,0.62,3,96,-,-,-,-,-,-,-,-
under eye massager,RELEVANT,BRUSH_MASSAGE,502,2,,209,3,0,,NONE,1.72,7,209,-,-,-,260,-,-,255,-
cheap brushes,RELEVANT,BRUSH_MASSAGE,502,15,,285,2,0,,NONE,,0,287,-,-,-,-,285,-,-,-
facial lymphatic drainage,RELEVANT,DRAINAGE,499,3,208,9,9,1,B0FD6Y9BX5,SINGLE,1.41,0,33,26,46,74,9,78,55,45,249
face sculptor,RELEVANT,SCULPTING,499,8,,9,4,1,B0FD354L27,SINGLE,1.62,0,9,-,-,-,30,41,-,77,-
dr melixin,RELEVANT,OTHER,499,4,,33,1,0,,NONE,,0,33,-,-,-,-,-,-,-,-
healthier home products,RELEVANT,OTHER,499,8,,43,1,0,,NONE,1.82,0,43,-,-,-,-,-,-,-,-
exfoliator tool,RELEVANT,OTHER,499,6,,57,1,0,,NONE,1.26,0,57,-,-,-,-,-,-,-,-
face shaper for women,RELEVANT,OTHER,499,5,,118,2,0,,NONE,1.43,0,126,-,-,-,118,-,-,-,-
curve brush,RELEVANT,BRUSH_MASSAGE,499,11,,115,3,0,,NONE,0.95,0,-,-,-,-,151,-,115,-,140
black face makeup,RELEVANT,OTHER,499,5,,184,1,0,,NONE,0.91,0,-,-,-,-,-,-,184,-,-
facial cleansing brushes,RELEVANT,BRUSH_MASSAGE,499,6,,228,2,0,,NONE,1.27,0,236,228,-,-,-,-,-,-,-
face set skincare,RELEVANT,OTHER,499,1,,237,1,0,,NONE,,0,-,-,-,-,-,-,-,237,-
dual sided makeup brush,RELEVANT,BRUSH_MASSAGE,499,6,,255,1,0,,NONE,,0,-,-,-,-,-,-,-,255,-
dry eye patches,OFF_CATEGORY,OTHER,499,6,,264,1,0,,NONE,,0,-,-,-,-,-,264,-,-,-
clay mask brush,RELEVANT,BRUSH_MASSAGE,499,9,,,0,0,,NONE,0.95,0,-,-,-,-,-,-,-,-,-
lymphatic drainage oil for face,OFF_CATEGORY,DRAINAGE,497,11,171,33,4,0,,NONE,1.57,0,39,72,-,-,-,145,-,33,-
lymphatic roller for face,RELEVANT,LYMPHATIC,497,11,271,25,8,0,,NONE,,0,25,117,288,164,28,53,115,71,-
lymphatic drainage patches,RELEVANT,DRAINAGE,497,4,,66,1,0,,NONE,1.43,4,-,-,-,-,-,66,-,-,-
lymphatic body massager,RELEVANT,LYMPHATIC,497,6,,100,3,0,,NONE,1.16,0,100,213,-,-,-,-,-,226,-
medicube pdrn collagen stick,OFF_CATEGORY,OTHER,497,7,,105,1,0,,NONE,1.23,0,105,-,-,-,-,-,-,-,-
ice rollers for face,RELEVANT,OTHER,497,8,,121,1,0,,NONE,1.14,0,121,-,-,-,-,-,-,-,-
icon tool,COMPETITOR_BRAND,OTHER,497,1,,163,1,0,,NONE,,0,-,-,-,-,-,163,-,-,-
silicone fave scrubbers,RELEVANT,OTHER,494,11,,64,1,0,,NONE,,0,64,-,-,-,-,-,-,-,-
rituals cosmetics,RELEVANT,OTHER,494,2,,105,4,0,,NONE,1.22,0,-,-,144,-,-,298,105,106,-
neck lifting,RELEVANT,JAWLINE_CHIN,494,5,,138,1,0,,NONE,1.2,3,-,-,-,-,-,138,-,-,-
pc tools kit,RELEVANT,OTHER,494,11,,147,1,0,,NONE,,0,-,-,-,-,147,-,-,-,-
silicone face brush for cleansing,RELEVANT,BRUSH_MASSAGE,494,5,,166,1,0,,NONE,,0,-,-,-,-,-,-,166,-,-
oil control for face,OFF_CATEGORY,OTHER,494,4,,198,1,0,,NONE,1.1,0,-,-,-,-,-,-,198,-,-
wooden massage brush,RELEVANT,BRUSH_MASSAGE,492,2,,41,4,0,,NONE,,2,41,283,192,211,-,-,-,-,-
y brush,RELEVANT,BRUSH_MASSAGE,492,7,,200,1,0,,NONE,0.83,0,-,-,-,-,-,-,-,200,-
yeamon gua sha facial tools and face roller set,RELEVANT,GUA_SHA,492,1,,,0,0,,NONE,1.22,4,-,-,-,-,-,-,-,-,-
tanner brush,RELEVANT,BRUSH_MASSAGE,492,9,,,0,0,,NONE,1.2,20,-,-,-,-,-,-,-,-,-
chin lifting,RELEVANT,OTHER,489,3,,29,2,0,,NONE,1.55,10,29,-,-,239,-,-,-,-,-
bliss exfoliator,RELEVANT,OTHER,489,11,,119,1,0,,NONE,1.21,0,-,-,-,-,-,119,-,-,-
bs mall,RELEVANT,OTHER,489,4,,,0,0,,NONE,0.97,0,-,-,-,-,-,-,-,-,-
contour scraper,RELEVANT,CONTOUR,489,6,,,0,0,,NONE,1.2,4,-,-,-,-,-,-,-,-,-
face brush lymphatic drainage,RELEVANT,DRAINAGE,487,7,101,5,9,6,B0GSQW56YT|B0GC3HX5KH|B0FD6Y9BX5|B0H5MMYNWM|B0G2XLH8CG|B0H93V3MNM,CONSOLIDATED,1.38,3,21,9,27,17,5,23,10,16,11
koheva lymphatic face brush,RELEVANT,LYMPHATIC,487,5,109,5,9,7,B0FD354L27|B0GSQW56YT|B0GVBQ7P79|B0FD6Y9BX5|B0G3685P2S|B0H5MMYNWM|B0G2XLH8CG,CONSOLIDATED,1.3,0,11,13,10,29,5,9,12,15,47
expensive makeup,RELEVANT,OTHER,487,-,,26,1,0,,NONE,1.49,0,-,-,-,-,26,-,-,-,-
lifatic drainage,RELEVANT,DRAINAGE,487,4,,31,1,0,,NONE,,0,-,-,-,31,-,-,-,-,-
facial stone,RELEVANT,OTHER,487,12,,50,2,0,,NONE,1.06,1,50,-,-,-,-,-,-,119,-
lymphatic drainage massager tool,RELEVANT,DRAINAGE,487,1,,61,6,0,,NONE,,2,70,126,-,61,167,90,-,124,-
face scrub brush for women,RELEVANT,BRUSH_MASSAGE,487,10,,25,6,0,,NONE,1.35,0,25,154,139,134,-,164,90,-,-
face snatcher,RELEVANT,OTHER,487,7,79,44,1,0,,NONE,1.65,0,44,-,-,-,-,-,-,-,-
makup brush,RELEVANT,BRUSH_MASSAGE,487,7,,87,1,0,,NONE,1.25,0,-,-,-,-,87,-,-,-,-
gua sha with cream,OFF_CATEGORY,GUA_SHA,487,1,223,78,3,0,,NONE,,0,78,-,-,-,128,-,-,-,140
guasha serum,OFF_CATEGORY,GUA_SHA,487,2,194,35,3,0,,NONE,,0,-,-,221,-,-,153,-,35,-
gua sha scalp,RELEVANT,GUA_SHA,487,3,,142,2,0,,NONE,,1,155,-,-,-,-,-,-,142,-
makeupbrush,RELEVANT,BRUSH_MASSAGE,487,8,,100,1,0,,NONE,1.27,0,-,-,-,-,100,-,-,-,-
facial scrubbers,RELEVANT,OTHER,487,8,,149,1,0,,NONE,1.12,0,-,-,-,149,-,-,-,-,-
compact makeup brush,RELEVANT,BRUSH_MASSAGE,487,6,,188,1,0,,NONE,0.86,0,188,-,-,-,-,-,-,-,-
luxe eye,RELEVANT,OTHER,487,5,,239,1,0,,NONE,1.85,4,-,-,-,-,-,239,-,-,-
it cosmetics brush set,RELEVANT,BRUSH_MASSAGE,487,4,,264,1,0,,NONE,1.27,0,-,-,-,-,-,-,-,264,-
high quality makeup brushes,RELEVANT,BRUSH_MASSAGE,487,1,,292,1,0,,NONE,1.13,0,-,-,-,-,292,-,-,-,-
ice cream stone,OFF_CATEGORY,OTHER,487,2,,,0,0,,NONE,1.17,0,-,-,-,-,-,-,-,-,-
kitsxh,RELEVANT,OTHER,484,8,,7,1,1,B0H5MMYNWM,SINGLE,,0,-,-,-,-,-,-,7,-,-
lymphatic massage tools,RELEVANT,LYMPHATIC,484,2,,90,8,0,,NONE,,0,166,157,247,92,90,222,-,111,250
massage items,RELEVANT,BRUSH_MASSAGE,484,8,,24,1,0,,NONE,1.83,0,24,-,-,-,-,-,-,-,-
rose quartz gua sha facial tool,RELEVANT,GUA_SHA,484,6,,44,3,0,,NONE,1.33,1,72,-,-,44,-,-,-,119,-
sculpting kit,RELEVANT,SCULPTING,484,5,,214,1,0,,NONE,0.81,1,-,-,-,-,214,-,-,-,-
massage set,RELEVANT,BRUSH_MASSAGE,484,2,,288,2,0,,NONE,1.17,6,-,-,288,-,-,-,-,289,-
root touch up brush applicator,RELEVANT,BRUSH_MASSAGE,484,7,,,0,0,,NONE,,3,-,-,-,-,-,-,-,-,-
￼lymphatic brush,RELEVANT,LYMPHATIC,481,8,137,10,9,3,B0GSQW56YT|B0FD6Y9BX5|B0H5MMYNWM,SHARED,,0,59,17,39,23,10,55,18,61,152
skin care brush,RELEVANT,BRUSH_MASSAGE,481,3,,16,8,1,B0FD354L27,SINGLE,1.16,0,16,135,163,152,67,90,108,124,-
saie makeup brush,RELEVANT,BRUSH_MASSAGE,481,4,,46,1,0,,NONE,1.35,0,46,-,-,-,-,-,-,-,-
vibe ball for lymphatic drainage,RELEVANT,DRAINAGE,481,5,,90,1,0,,NONE,1.34,0,-,-,-,-,-,-,-,90,-
cheek brush,RELEVANT,BRUSH_MASSAGE,479,5,,46,6,0,,NONE,,2,46,297,-,-,160,122,127,251,-
facial drainage brush,RELEVANT,DRAINAGE,476,7,89,2,9,6,B0FD354L27|B0GSQW56YT|B0GC3HX5KH|B0FD6Y9BX5|B0G3685P2S|B0H5MMYNWM,CONSOLIDATED,1.47,0,13,12,32,20,2,10,18,83,90
facial reflexology tool,RELEVANT,OTHER,476,7,,24,2,0,,NONE,1.05,6,24,-,-,-,-,29,-,-,-
double chin reducer overnight,RELEVANT,JAWLINE_CHIN,476,7,,6,1,1,B0FD354L27,SINGLE,1.47,0,6,-,-,-,-,-,-,-,-
gua sha for face,RELEVANT,GUA_SHA,476,9,163,20,8,1,B0G2XLH8CG,SINGLE,1.35,0,21,87,156,191,114,141,83,20,-
gua sha face,RELEVANT,GUA_SHA,476,8,224,11,8,2,B0FD354L27|B0G2XLH8CG,SHARED,1.2,1,19,75,302,101,139,185,70,11,-
facial cupping tool,OFF_CATEGORY,OTHER,476,2,,19,1,1,B0FD354L27,SINGLE,1.26,0,19,-,-,-,-,-,-,-,-
face essentials,RELEVANT,OTHER,476,1,,24,1,0,,NONE,,0,24,-,-,-,-,-,-,-,-
face care tools,RELEVANT,OTHER,476,1,,21,7,0,,NONE,1.3,0,21,150,291,215,47,134,-,135,-
ems for face,RELEVANT,OTHER,476,1,,39,1,0,,NONE,,0,39,-,-,-,-,-,-,-,-
face suction,RELEVANT,OTHER,476,2,,49,1,0,,NONE,1.1,0,49,-,-,-,-,-,-,-,-
chin lipo faja,RELEVANT,OTHER,476,3,,62,1,0,,NONE,1.17,0,62,-,-,-,-,-,-,-,-
face massage oil for facial,OFF_CATEGORY,BRUSH_MASSAGE,476,6,,138,4,0,,NONE,1.63,0,-,170,-,-,148,199,-,138,-
fascia release tool,RELEVANT,OTHER,476,6,,78,1,0,,NONE,1.24,3,78,-,-,-,-,-,-,-,-
eco tools dry body brushes,RELEVANT,BRUSH_MASSAGE,476,12,,87,1,0,,NONE,1.28,0,-,-,-,87,-,-,-,-,-
facial mask brush applicator,RELEVANT,BRUSH_MASSAGE,476,8,,77,3,0,,NONE,,0,-,-,-,77,142,140,-,-,-
beush,RELEVANT,OTHER,476,12,,106,2,0,,NONE,,0,-,-,-,-,106,147,-,-,-
collage tools,RELEVANT,OTHER,476,8,,133,1,0,,NONE,,0,-,-,133,-,-,-,-,-,-
eye brow brushes for makeup,RELEVANT,BRUSH_MASSAGE,476,9,,266,1,0,,NONE,,0,-,-,-,-,266,-,-,-,-
face cream applicator tool,OFF_CATEGORY,OTHER,476,5,,272,1,0,,NONE,,0,-,-,-,-,272,-,-,-,-
cramp massager,RELEVANT,BRUSH_MASSAGE,476,5,,272,1,0,,NONE,1.44,3,-,-,-,272,-,-,-,-,-
body make up brush,RELEVANT,BRUSH_MASSAGE,476,11,,274,1,0,,NONE,1.41,2,-,-,274,-,-,-,-,-,-
diamond art kits adults,RELEVANT,OTHER,476,5,,,0,0,,NONE,,0,-,-,-,-,-,-,-,-,-
lymphatic facial brush for face,RELEVANT,LYMPHATIC,474,12,123,5,9,6,B0FD354L27|B0GSQW56YT|B0GVBQ7P79|B0FD6Y9BX5|B0G3685P2S|B0H5MMYNWM,CONSOLIDATED,,0,15,5,17,65,10,6,16,72,68
lumidew gua sha,RELEVANT,GUA_SHA,474,8,73,29,2,0,,NONE,1.24,0,-,-,-,35,-,-,-,29,-
lymphatic drainage massage tools,RELEVANT,DRAINAGE,474,1,,102,8,0,,NONE,1.05,0,151,107,220,149,102,166,-,197,247
nose contouring brush,RELEVANT,CONTOUR,474,5,,76,2,0,,NONE,0.75,1,-,-,-,-,-,76,-,87,-
lynphatic drainage,RELEVANT,DRAINAGE,474,6,,58,7,0,,NONE,,0,178,137,-,-,70,167,58,246,251
gua sha wood,RELEVANT,GUA_SHA,474,6,,30,4,0,,NONE,1.1,1,-,165,207,30,-,-,-,-,213
lymphatic drainage body massager,RELEVANT,DRAINAGE,474,1,,51,3,0,,NONE,,0,51,264,-,-,-,-,-,247,-
makeup brushes dual ended,RELEVANT,BRUSH_MASSAGE,474,8,,176,1,0,,NONE,1.03,0,-,-,-,-,-,-,-,176,-
magic brush pet hair remover,RELEVANT,BRUSH_MASSAGE,474,14,,,0,0,,NONE,1.68,15,-,-,-,-,-,-,-,-,-
medicube face massager,OFF_CATEGORY,BRUSH_MASSAGE,471,1,,28,1,0,,NONE,1.38,0,28,-,-,-,-,-,-,-,-
quartz roller,RELEVANT,OTHER,471,9,,268,1,0,,NONE,1.4,21,268,-,-,-,-,-,-,-,-
powder contour brush,RELEVANT,CONTOUR,471,7,,,0,0,,NONE,,0,-,-,-,-,-,-,-,-,-
wellness essentials for women,RELEVANT,OTHER,469,2,,6,1,1,B0FD354L27,SINGLE,,0,6,-,-,-,-,-,-,-,-
skin dry brush,RELEVANT,BRUSH_MASSAGE,469,7,,81,8,0,,NONE,1.28,0,81,149,212,135,152,168,-,96,224
scrub brush for face,RELEVANT,BRUSH_MASSAGE,469,8,,49,7,0,,NONE,,0,49,269,115,282,176,187,133,-,-
tmj jaw massager,RELEVANT,BRUSH_MASSAGE,469,1,,42,1,0,,NONE,1.22,2,42,-,-,-,-,-,-,-,-
wooden gua sha massage tools,RELEVANT,GUA_SHA,469,1,,119,3,0,,NONE,,0,-,194,203,119,-,-,-,-,-
best lymphatic drainage,RELEVANT,DRAINAGE,466,4,,39,8,0,,NONE,2.42,0,39,100,198,196,131,148,74,139,-
bronzing brush for face,RELEVANT,BRUSH_MASSAGE,466,15,235,50,3,0,,NONE,,0,-,-,-,91,101,-,50,-,-
brush for face wash,RELEVANT,BRUSH_MASSAGE,466,6,,74,5,0,,NONE,,0,74,-,-,-,182,266,164,107,-
big edge brush,RELEVANT,BRUSH_MASSAGE,466,5,,129,1,0,,NONE,,0,-,-,-,-,-,-,-,129,-
baby wooden brush,RELEVANT,BRUSH_MASSAGE,466,2,,139,1,0,,NONE,,0,-,-,139,-,-,-,-,-,-
facial brish,RELEVANT,OTHER,463,3,302,17,9,1,B0H5MMYNWM,SINGLE,,0,102,79,96,149,38,73,17,87,147
de puffer for face,RELEVANT,DEPUFF,463,6,,5,5,1,B0FD6Y9BX5,SINGLE,1.28,0,27,43,-,47,5,71,-,-,-
face pack brush,RELEVANT,BRUSH_MASSAGE,463,7,244,66,9,0,,NONE,1.29,0,103,87,176,86,98,90,66,139,249
face brush for mask,RELEVANT,BRUSH_MASSAGE,463,12,,67,8,0,,NONE,0.82,0,67,175,271,278,215,226,137,76,-
double chin dissolver,RELEVANT,JAWLINE_CHIN,463,3,,23,1,0,,NONE,,0,23,-,-,-,-,-,-,-,-
chin roller,RELEVANT,OTHER,463,4,,24,1,0,,NONE,1.38,0,24,-,-,-,-,-,-,-,-
facial scrub brush for women,RELEVANT,BRUSH_MASSAGE,463,2,295,49,7,0,,NONE,,0,49,147,143,135,167,164,136,-,-
face wash brush for women,RELEVANT,BRUSH_MASSAGE,463,7,,54,7,0,,NONE,1.2,0,54,254,135,159,150,158,114,-,-
face makeup brush,RELEVANT,BRUSH_MASSAGE,463,6,,97,6,0,,NONE,1.02,3,147,-,-,231,97,284,128,233,-
eye depuffer instant,RELEVANT,DEPUFF,463,1,,173,1,0,,NONE,2.05,0,-,-,-,-,-,-,-,173,-
facial kit tools,RELEVANT,OTHER,463,1,,178,1,0,,NONE,,0,-,-,-,-,178,-,-,-,-
full body contouring device,RELEVANT,CONTOUR,463,3,,204,1,0,,NONE,,10,-,-,-,-,-,-,-,204,-
face puffs for makeup,RELEVANT,DEPUFF,463,10,,214,1,0,,NONE,,0,-,-,-,-,214,-,-,-,-
face skin care set for women,RELEVANT,OTHER,463,1,,248,1,0,,NONE,1.41,0,-,-,-,-,-,-,-,248,-
electrostatic pet hair remover,RELEVANT,OTHER,463,5,,,0,0,,NONE,1.9,5,-,-,-,-,-,-,-,-,-
contour nose brush,RELEVANT,CONTOUR,463,9,141,,0,0,,NONE,0.81,3,-,-,-,-,-,-,-,-,-
lymphatic contour brush for face,RELEVANT,CONTOUR,461,4,100,1,9,5,B0FD354L27|B0GSQW56YT|B0FD6Y9BX5|B0G3685P2S|B0H5MMYNWM,CONSOLIDATED,1.46,2,1,10,24,26,2,14,13,21,52
lymphatic drainage brush kitsch,COMPETITOR_BRAND,DRAINAGE,461,4,90,1,8,3,B0FD354L27|B0GSQW56YT|B0H5MMYNWM,SHARED,,0,5,20,25,56,21,24,1,29,-
gua sha face brush,RELEVANT,GUA_SHA,461,8,66,3,9,3,B0GSQW56YT|B0FD6Y9BX5|B0H5MMYNWM,SHARED,1.17,0,21,3,35,78,6,26,14,31,65
medicube brush for face,OFF_CATEGORY,BRUSH_MASSAGE,461,5,166,25,8,0,,NONE,,0,25,57,74,85,70,58,39,52,-
glidelift facial massager,RELEVANT,BRUSH_MASSAGE,461,1,,11,1,1,B0FD354L27,SINGLE,,0,11,-,-,-,-,-,-,-,-
lymphedema drainage massager,RELEVANT,DRAINAGE,461,1,,17,1,1,B0FD354L27,SINGLE,1.81,0,17,-,-,-,-,-,-,-,-
lymphatic drainage tool massager,RELEVANT,DRAINAGE,461,2,,53,6,0,,NONE,,0,110,133,-,280,122,192,-,53,-
makwup brushes,RELEVANT,BRUSH_MASSAGE,461,1,,45,1,0,,NONE,,0,-,-,-,-,45,-,-,-,-
harry's face scrubber,RELEVANT,OTHER,461,10,,68,1,0,,NONE,,0,-,-,-,68,-,-,-,-,-
korean skin care stick,RELEVANT,OTHER,461,5,,77,1,0,,NONE,1.35,1,77,-,-,-,-,-,-,-,-
lymphora lymphatic drainage,RELEVANT,DRAINAGE,461,6,,135,3,0,,NONE,2.01,0,135,-,-,228,-,-,-,-,206
loose skin tightening,RELEVANT,OTHER,461,2,,130,1,0,,NONE,1.64,0,130,-,-,-,-,-,-,-,-
hair line up tools,RELEVANT,OTHER,461,3,,177,1,0,,NONE,0.86,0,-,-,-,-,-,-,-,177,-
massage oil for face,OFF_CATEGORY,BRUSH_MASSAGE,461,6,,186,1,0,,NONE,1.73,2,-,-,-,-,-,-,-,186,-
lifting tool,RELEVANT,OTHER,461,1,,134,3,0,,NONE,1.13,7,-,-,-,-,134,-,-,301,210
lymphatic drainage for men,RELEVANT,DRAINAGE,461,2,,,0,0,,NONE,,0,-,-,-,-,-,-,-,-,-
my kitsch brush,COMPETITOR_BRAND,BRUSH_MASSAGE,458,7,,1,1,1,B0H5MMYNWM,SINGLE,,0,-,-,-,-,-,-,1,-,-
skin brush for face,RELEVANT,BRUSH_MASSAGE,456,7,42,4,8,1,B0FD354L27,SINGLE,1.39,0,4,46,115,51,26,56,65,66,-
smooth silk lymphatic massager,RELEVANT,LYMPHATIC,456,2,,43,2,0,,NONE,1.77,0,-,-,-,80,-,-,-,43,-
therawand depuffing wand,RELEVANT,DEPUFF,456,4,,28,1,0,,NONE,1.93,0,-,-,-,28,-,-,-,-,-
wood lymphatic massage tools,RELEVANT,LYMPHATIC,456,6,,60,4,0,,NONE,1.12,0,-,148,164,60,-,-,-,-,252
stainless steel gold,OFF_CATEGORY,OTHER,456,1,,74,1,0,,NONE,0.67,0,-,-,74,-,-,-,-,-,-
waterproof face cleansing brush,RELEVANT,BRUSH_MASSAGE,456,9,,94,2,0,,NONE,1.26,0,-,-,148,-,-,-,94,-,-
small brush makeup,RELEVANT,BRUSH_MASSAGE,456,5,,126,1,0,,NONE,,0,-,-,-,-,126,-,-,-,-
upper eyelid lift,RELEVANT,OTHER,456,5,,191,1,0,,NONE,1.84,1,191,-,-,-,-,-,-,-,-
scratch brush,RELEVANT,BRUSH_MASSAGE,456,1,,208,1,0,,NONE,,34,208,-,-,-,-,-,-,-,-
thin brushes,RELEVANT,BRUSH_MASSAGE,456,7,,163,5,0,,NONE,,0,163,-,-,-,291,254,206,194,-
shampoo massage brush,RELEVANT,BRUSH_MASSAGE,456,9,,303,1,0,,NONE,1.22,1,-,303,-,-,-,-,-,-,-
waterproof facial cleansing brush,RELEVANT,BRUSH_MASSAGE,453,9,,100,4,0,,NONE,,0,-,100,136,138,-,-,103,-,-
two sided makeup brush,RELEVANT,BRUSH_MASSAGE,453,11,,187,2,0,,NONE,1.07,0,-,-,-,-,187,-,-,301,-
puur house lymphatic contour face brush,COMPETITOR_BRAND,CONTOUR,451,-,116,6,9,6,B0FD354L27|B0GC3HX5KH|B0FD6Y9BX5|B0G3685P2S|B0H5MMYNWM|B0G2XLH8CG,CONSOLIDATED,,0,6,21,24,13,19,7,14,18,42
best face oil for gua sha massage,OFF_CATEGORY,GUA_SHA,451,-,,88,4,0,,NONE,,0,-,88,285,-,-,105,-,122,-
key chin,RELEVANT,OTHER,451,-,,121,1,0,,NONE,,0,121,-,-,-,-,-,-,-,-
best dry brush for lymphatic,RELEVANT,LYMPHATIC,450,-,,19,9,1,B0G3685P2S,SINGLE,,0,23,32,24,63,50,19,70,55,270
brush washer make up,RELEVANT,BRUSH_MASSAGE,450,-,,138,1,0,,NONE,1.17,0,138,-,-,-,-,-,-,-,-
makebup brush,RELEVANT,BRUSH_MASSAGE,450,-,,284,1,0,,NONE,,0,-,-,-,-,284,-,-,-,-
neck cream gua sha,OFF_CATEGORY,GUA_SHA,449,-,177,68,2,0,,NONE,,0,68,-,-,-,121,-,-,-,-
face sculpting wand,RELEVANT,SCULPTING,449,-,,49,1,0,,NONE,1.65,0,-,-,-,-,49,-,-,-,-
slimming double chin reducer,RELEVANT,JAWLINE_CHIN,449,-,,57,1,0,,NONE,,0,57,-,-,-,-,-,-,-,-
guasha stone for face,RELEVANT,GUA_SHA,448,-,,45,3,0,,NONE,1.22,0,85,-,-,45,-,-,-,71,-
face care routine for women,RELEVANT,OTHER,448,-,,177,1,0,,NONE,,0,177,-,-,-,-,-,-,-,-
esthetician tools for facials,RELEVANT,OTHER,448,-,,256,1,0,,NONE,1.05,0,-,-,-,256,-,-,-,-,-
face contour device,RELEVANT,CONTOUR,447,-,,3,2,1,B0FD354L27,SINGLE,,0,3,-,-,-,-,-,-,39,-
under chin tightening,RELEVANT,OTHER,447,-,,27,1,0,,NONE,,0,27,-,-,-,-,-,-,-,-
contourglow brush,RELEVANT,CONTOUR,446,9,47,3,7,6,B0FD354L27|B0GVBQ7P79|B0FD6Y9BX5|B0G3685P2S|B0H5MMYNWM|B0G2XLH8CG,CONSOLIDATED,1.36,0,5,-,20,24,3,10,9,11,-
awki lymphatic face brush,RELEVANT,LYMPHATIC,446,-,109,3,9,5,B0FD354L27|B0GSQW56YT|B0FD6Y9BX5|B0G3685P2S|B0G2XLH8CG,CONSOLIDATED,1.16,0,6,10,25,28,3,14,22,18,46
taichi massage tools,RELEVANT,BRUSH_MASSAGE,446,-,,8,1,1,B0FD354L27,SINGLE,1,0,8,-,-,-,-,-,-,-,-
dry skin brush lymphatic massage,RELEVANT,LYMPHATIC,446,-,262,27,9,0,,NONE,1.2,0,124,53,70,194,27,84,127,122,168
jade gua sha tool,RELEVANT,GUA_SHA,446,-,,19,1,1,B0G2XLH8CG,SINGLE,1.3,2,-,-,-,-,-,-,-,19,-
self myofascial release tool,RELEVANT,OTHER,446,-,,42,1,0,,NONE,,1,42,-,-,-,-,-,-,-,-
exfoliating scrubber for face,RELEVANT,OTHER,446,3,,103,1,0,,NONE,1.53,0,103,-,-,-,-,-,-,-,-
cough lymphatic brush,RELEVANT,LYMPHATIC,445,-,291,2,8,5,B0FD354L27|B0GC3HX5KH|B0FD6Y9BX5|B0G3685P2S|B0H5MMYNWM,CONSOLIDATED,,0,6,25,36,4,2,18,17,24,-
facewash brush,RELEVANT,BRUSH_MASSAGE,445,-,,99,5,0,,NONE,,0,99,295,-,244,-,213,159,-,-
scilptique lymphatic drainage,RELEVANT,DRAINAGE,445,7,,,0,0,,NONE,2.28,0,-,-,-,-,-,-,-,-,-
rael chin mask,RELEVANT,OTHER,444,-,,33,1,0,,NONE,1.47,0,33,-,-,-,-,-,-,-,-
redu sculpt,RELEVANT,SCULPTING,444,4,,36,1,0,,NONE,1.91,2,36,-,-,-,-,-,-,-,-
face aesthetics,RELEVANT,OTHER,444,-,230,,0,0,,NONE,,0,-,-,-,-,-,-,-,-,-
self tanner brush for face,RELEVANT,BRUSH_MASSAGE,444,-,,,0,0,,NONE,1.11,2,-,-,-,-,-,-,-,-,-
lymphatic contour face brush￼,RELEVANT,CONTOUR,443,-,130,7,9,5,B0FD354L27|B0GSQW56YT|B0FD6Y9BX5|B0H5MMYNWM|B0H93V3MNM,CONSOLIDATED,1.37,0,15,8,23,60,9,22,7,69,11
facial pro glow,RELEVANT,OTHER,443,-,,18,1,1,B0FD6Y9BX5,SINGLE,1.91,0,-,-,-,-,18,-,-,-,-
skincare tool,RELEVANT,OTHER,443,-,,25,5,0,,NONE,1.09,2,76,-,-,249,25,155,-,304,-
one skin face,RELEVANT,OTHER,443,6,,162,1,0,,NONE,,0,-,-,-,-,-,-,-,162,-
lymphatic face brish,RELEVANT,LYMPHATIC,442,-,128,3,9,8,B0FD354L27|B0GSQW56YT|B0GVBQ7P79|B0FD6Y9BX5|B0G3685P2S|B0H5MMYNWM|B0G2XLH8CG|B0H93V3MNM,CONSOLIDATED,,0,15,7,16,28,17,20,9,18,3
lifting facial,RELEVANT,OTHER,442,-,,5,6,1,B0FD6Y9BX5,SINGLE,1.58,0,61,-,-,276,5,232,105,242,-
manual lifting tool,OFF_CATEGORY,OTHER,442,-,,214,1,0,,NONE,,0,214,-,-,-,-,-,-,-,-
lymphatic face,RELEVANT,LYMPHATIC,441,5,197,1,9,3,B0GSQW56YT|B0FD6Y9BX5|B0H5MMYNWM,SHARED,1.32,2,23,14,47,66,1,41,19,22,182
brushing therapy,RELEVANT,BRUSH_MASSAGE,441,-,,,0,0,,NONE,,0,-,-,-,-,-,-,-,-,-
conair scalp massager,RELEVANT,BRUSH_MASSAGE,440,11,,,0,0,,NONE,0.96,0,-,-,-,-,-,-,-,-,-
k glow face sculpting brush,RELEVANT,SCULPTING,439,-,33,5,7,4,B0FD354L27|B0GSQW56YT|B0FD6Y9BX5|B0G3685P2S,CONSOLIDATED,1.39,0,19,9,-,37,5,6,40,28,-
face shaping,RELEVANT,OTHER,439,7,,8,2,2,B0FD354L27|B0FD6Y9BX5,SHARED,,0,13,-,-,-,8,-,-,-,-
spa things for women,RELEVANT,OTHER,439,-,,24,1,0,,NONE,,0,24,-,-,-,-,-,-,-,-
mkeup brushes,RELEVANT,BRUSH_MASSAGE,439,-,,35,1,0,,NONE,,0,-,-,-,-,35,-,-,-,-
glow brush,RELEVANT,BRUSH_MASSAGE,438,-,37,6,8,2,B0FD354L27|B0FD6Y9BX5,SHARED,1.09,2,7,67,284,96,6,36,-,76,90
exfoliating face brush for women,RELEVANT,BRUSH_MASSAGE,438,-,,31,7,0,,NONE,,0,31,121,142,37,154,149,87,-,-
brush guasha for face,RELEVANT,GUA_SHA,437,-,70,3,9,3,B0FD354L27|B0GSQW56YT|B0FD6Y9BX5,SHARED,,0,9,5,39,69,3,27,49,41,93
celulitis massager,RELEVANT,BRUSH_MASSAGE,437,-,,24,1,0,,NONE,1.53,0,24,-,-,-,-,-,-,-,-
drainage box,RELEVANT,DRAINAGE,437,1,,68,1,0,,NONE,,3,-,-,68,-,-,-,-,-,-
ionic face massager,RELEVANT,BRUSH_MASSAGE,437,-,,,0,0,,NONE,,0,-,-,-,-,-,-,-,-,-
soft body brush,RELEVANT,BRUSH_MASSAGE,435,5,,84,1,0,,NONE,1.29,0,-,-,84,-,-,-,-,-,-
acupressure comb,RELEVANT,OTHER,435,-,,102,1,0,,NONE,1.08,0,102,-,-,-,-,-,-,-,-
cupping face,OFF_CATEGORY,OTHER,434,-,,44,1,0,,NONE,1.15,0,44,-,-,-,-,-,-,-,-
prime deal beauty,RELEVANT,OTHER,434,-,,46,1,0,,NONE,,0,46,-,-,-,-,-,-,-,-
cellulite brush for legs,OFF_CATEGORY,BRUSH_MASSAGE,434,-,,136,2,0,,NONE,,0,-,-,-,166,-,136,-,-,-
collagen gua sha,OFF_CATEGORY,GUA_SHA,434,-,,287,1,0,,NONE,,8,-,-,287,-,-,-,-,-,-
lymphatic brushes for face,RELEVANT,LYMPHATIC,433,-,120,6,9,5,B0FD354L27|B0GSQW56YT|B0FD6Y9BX5|B0G3685P2S|B0H5MMYNWM,CONSOLIDATED,1.24,0,16,6,21,109,13,7,11,61,46
scrandie beauty concealer base,RELEVANT,OTHER,433,-,,17,1,1,B0FD354L27,SINGLE,,0,17,-,-,-,-,-,-,-,-
exfoliating tools for face,RELEVANT,OTHER,433,-,,47,6,0,,NONE,1.43,0,47,145,178,219,185,188,-,-,-
gua sha facial tools stainless steel,OFF_CATEGORY,GUA_SHA,433,-,,214,1,0,,NONE,1.07,0,-,-,214,-,-,-,-,-,-
body sculpt kit,RELEVANT,SCULPTING,431,-,,46,2,0,,NONE,1.3,1,46,-,147,-,-,-,-,-,-
kitsch lymphatic drainage,COMPETITOR_BRAND,DRAINAGE,430,-,,1,2,2,B0FD354L27|B0H5MMYNWM,SHARED,,0,17,-,-,-,-,-,1,-,-
at home facial tools,RELEVANT,OTHER,430,2,,23,5,0,,NONE,,0,23,-,158,132,26,123,-,-,-
sculpting tool,RELEVANT,SCULPTING,430,4,,121,8,0,,NONE,0.75,6,129,191,290,121,173,126,-,199,201
kitsch paddle brush,COMPETITOR_BRAND,BRUSH_MASSAGE,430,-,,20,1,1,B0H5MMYNWM,SINGLE,,0,-,-,-,-,-,-,20,-,-
hydrofacial machine,OFF_CATEGORY,OTHER,430,-,,25,1,0,,NONE,1.64,0,25,-,-,-,-,-,-,-,-
pmd clean pro,RELEVANT,OTHER,430,4,,31,1,0,,NONE,1.29,0,31,-,-,-,-,-,-,-,-
lumi face cleansing brush,RELEVANT,BRUSH_MASSAGE,430,2,,24,3,0,,NONE,1.15,0,24,-,-,-,-,-,64,108,-
guasha comb,RELEVANT,GUA_SHA,430,-,,36,2,0,,NONE,,0,-,-,-,36,-,-,-,103,-
neck wrap for wrinkles,OFF_CATEGORY,JAWLINE_CHIN,430,-,,56,1,0,,NONE,1.29,0,56,-,-,-,-,-,-,-,-
scalp acupressure comb,RELEVANT,OTHER,430,-,,92,1,0,,NONE,1.08,0,92,-,-,-,-,-,-,-,-
half moon edge tool,RELEVANT,OTHER,430,-,,93,1,0,,NONE,1.21,0,-,93,-,-,-,-,-,-,-
facial lifting device,RELEVANT,OTHER,430,1,,169,1,0,,NONE,1.9,0,-,-,-,-,-,-,-,169,-
edge hair brush,RELEVANT,BRUSH_MASSAGE,430,12,,176,1,0,,NONE,0.87,0,-,-,-,-,-,-,-,176,-
wood brushes,RELEVANT,BRUSH_MASSAGE,430,9,,194,2,0,,NONE,1.06,0,-,-,194,200,-,-,-,-,-
double chin fat reducer,RELEVANT,JAWLINE_CHIN,430,-,,,0,0,,NONE,1.31,0,-,-,-,-,-,-,-,-,-
lymphatic drainage suction,RELEVANT,DRAINAGE,430,6,,,0,0,,NONE,1.21,0,-,-,-,-,-,-,-,-,-
medical neck brace,RELEVANT,JAWLINE_CHIN,430,1,,,0,0,,NONE,1.22,0,-,-,-,-,-,-,-,-,-
teriyaki face brush,RELEVANT,BRUSH_MASSAGE,429,-,58,1,5,4,B0FD354L27|B0GSQW56YT|B0G3685P2S|B0H5MMYNWM,CONSOLIDATED,1.29,0,1,12,-,25,-,8,4,-,-
makeup kit dark skin,RELEVANT,OTHER,429,-,,266,1,0,,NONE,,0,-,-,-,-,266,-,-,-,-
brush for body,RELEVANT,BRUSH_MASSAGE,429,-,,280,2,0,,NONE,,4,-,280,286,-,-,-,-,-,-
anti aging tools,RELEVANT,OTHER,427,-,,6,2,1,B0FD6Y9BX5,SINGLE,,0,-,-,-,107,6,-,-,-,-
brush with the best,RELEVANT,BRUSH_MASSAGE,427,-,,61,5,0,,NONE,,0,61,-,-,-,170,203,275,257,-
esthetician facial supplies,RELEVANT,OTHER,427,1,,276,1,0,,NONE,,2,-,-,-,276,-,-,-,-,-
vanity planet facial cleansing brush,RELEVANT,BRUSH_MASSAGE,426,-,,82,1,0,,NONE,1.65,0,-,-,-,-,-,-,82,-,-
sungboon editor deep collagen retinol capsule cream | for fine lines and dry skin | white spicules +,OFF_CATEGORY,OTHER,426,-,,274,1,0,,NONE,1.4,0,-,-,-,-,274,-,-,-,-
brush for face drainage,RELEVANT,DRAINAGE,425,-,56,4,9,5,B0FD354L27|B0GSQW56YT|B0FD6Y9BX5|B0G3685P2S|B0H5MMYNWM,CONSOLIDATED,1.36,0,18,6,31,22,4,9,13,79,60
cepillo facial de contorno linfático,OFF_CATEGORY,OTHER,425,8,88,2,9,6,B0FD354L27|B0GSQW56YT|B0GC3HX5KH|B0FD6Y9BX5|B0G3685P2S|B0H5MMYNWM,CONSOLIDATED,1.57,0,12,17,29,19,2,6,13,36,125
chin sculpting,RELEVANT,SCULPTING,425,9,,2,4,1,B0FD354L27,SINGLE,1.6,1,2,62,-,85,53,-,-,-,-
kitsch body brush,COMPETITOR_BRAND,BRUSH_MASSAGE,425,-,,20,2,1,B0H5MMYNWM,SINGLE,1.53,0,-,-,-,-,-,-,20,67,-
fascial release tool,RELEVANT,OTHER,425,-,,14,1,1,B0FD354L27,SINGLE,1.53,0,14,-,-,-,-,-,-,-,-
lyphatic drainage,RELEVANT,DRAINAGE,425,-,,57,8,0,,NONE,,0,179,152,281,-,57,150,82,272,240
kitsch beard brush,COMPETITOR_BRAND,BRUSH_MASSAGE,425,32,,17,1,1,B0H5MMYNWM,SINGLE,1.09,0,-,-,-,-,-,-,17,-,-
face scubber,RELEVANT,OTHER,425,-,,17,1,1,B0H5MMYNWM,SINGLE,,0,-,-,-,-,-,-,17,-,-
wireless face massager tool,RELEVANT,BRUSH_MASSAGE,425,2,,18,1,1,B0FD354L27,SINGLE,1.81,1,18,-,-,-,-,-,-,-,-
vibrating facial massage tool,OFF_CATEGORY,BRUSH_MASSAGE,425,-,,34,2,0,,NONE,1.5,0,34,-,-,-,116,-,-,-,-
neutrogena face scrubber,RELEVANT,OTHER,425,-,,45,1,0,,NONE,,0,45,-,-,-,-,-,-,-,-
dry brush exfoliator,RELEVANT,BRUSH_MASSAGE,425,11,,99,4,0,,NONE,1.27,0,-,161,188,99,-,155,-,-,-
skin detox,RELEVANT,OTHER,425,3,,97,3,0,,NONE,1.85,3,97,-,-,-,126,-,-,-,268
ladies tool set,RELEVANT,OTHER,425,7,,195,1,0,,NONE,1.03,0,-,-,-,-,-,-,-,195,-
facial care gift sets for women,RELEVANT,OTHER,425,-,,253,2,0,,NONE,,0,-,-,253,-,-,-,-,270,-
abdomen skin tightening device,RELEVANT,OTHER,424,-,,33,1,0,,NONE,1.7,0,33,-,-,-,-,-,-,-,-
double ended makeup brushes,RELEVANT,BRUSH_MASSAGE,424,-,,79,2,0,,NONE,0.94,0,79,-,-,-,-,-,-,267,-
massage brush for belly fat,RELEVANT,BRUSH_MASSAGE,424,-,,199,4,0,,NONE,1.14,4,-,249,-,199,-,273,-,237,-
chinese brush,RELEVANT,BRUSH_MASSAGE,424,-,,273,1,0,,NONE,0.45,5,-,-,-,273,-,-,-,-,-
face depuffer korean,RELEVANT,DEPUFF,423,-,,6,4,2,B0FD354L27|B0FD6Y9BX5,SHARED,,0,17,-,-,-,6,81,-,56,-
depuffer wand,RELEVANT,DEPUFF,423,-,,45,4,0,,NONE,2.16,0,80,-,-,-,53,68,-,45,-
medicube lymphatic drainage,OFF_CATEGORY,DRAINAGE,423,-,,20,1,1,B0FD354L27,SINGLE,,0,20,-,-,-,-,-,-,-,-
scuptique lymphatic drainage,RELEVANT,DRAINAGE,422,-,,101,4,0,,NONE,,0,137,101,-,187,-,175,-,-,-
gua sha facial oil,OFF_CATEGORY,GUA_SHA,422,11,,90,2,0,,NONE,1.7,0,-,117,-,-,-,-,-,90,-
portable lymphatic drainage massager,RELEVANT,DRAINAGE,422,-,,191,3,0,,NONE,,0,-,-,-,-,191,199,-,225,-
sensitive skin skincare,RELEVANT,OTHER,422,3,,260,1,0,,NONE,,1,260,-,-,-,-,-,-,-,-
no snore,RELEVANT,OTHER,422,-,,,0,0,,NONE,1.63,0,-,-,-,-,-,-,-,-,-
kitch lymphatic face brush,RELEVANT,LYMPHATIC,421,-,65,1,9,6,B0FD354L27|B0GSQW56YT|B0GVBQ7P79|B0FD6Y9BX5|B0G3685P2S|B0H5MMYNWM,CONSOLIDATED,,0,14,7,13,44,19,12,1,58,79
lymphatic contour face brush soft,RELEVANT,CONTOUR,421,-,85,2,9,3,B0GSQW56YT|B0FD6Y9BX5|B0H5MMYNWM,SHARED,1.24,1,34,5,25,46,2,28,13,51,261
chin fat reducer,RELEVANT,OTHER,421,-,,17,1,1,B0FD354L27,SINGLE,1.33,0,17,-,-,-,-,-,-,-,-
celulitis machine,OFF_CATEGORY,OTHER,421,-,,31,1,0,,NONE,1.52,0,31,-,-,-,-,-,-,-,-
electric meridian brush,OFF_CATEGORY,BRUSH_MASSAGE,421,2,,49,1,0,,NONE,1.45,2,-,-,-,-,-,-,-,49,-
dry exfoliating brush,RELEVANT,BRUSH_MASSAGE,421,-,,71,4,0,,NONE,1.2,0,-,176,210,71,-,177,-,-,-
jade gua sha stone,RELEVANT,GUA_SHA,421,-,,80,1,0,,NONE,1.24,2,-,-,-,-,-,-,-,80,-
self tan face brush,RELEVANT,BRUSH_MASSAGE,421,10,301,101,2,0,,NONE,1.11,0,-,-,-,155,-,-,101,-,-
small cooler soft,RELEVANT,OTHER,421,-,,166,1,0,,NONE,,0,-,-,-,-,-,-,-,166,-
womens makeup brushes,RELEVANT,BRUSH_MASSAGE,421,-,,213,1,0,,NONE,1.28,0,-,-,-,-,213,-,-,-,-
facial skin care,RELEVANT,OTHER,421,-,,228,1,0,,NONE,1.27,3,228,-,-,-,-,-,-,-,-
it cosmetics makeup brushes,RELEVANT,BRUSH_MASSAGE,421,-,,232,2,0,,NONE,1.53,0,-,-,-,-,-,-,-,277,232
exfoliating tools,RELEVANT,OTHER,421,-,,270,2,0,,NONE,,0,-,-,270,-,-,292,-,-,-
facial massager lymphatic drainage,RELEVANT,DRAINAGE,420,-,229,45,8,0,,NONE,2.03,0,45,54,285,198,63,68,94,70,-
刮痧,RELEVANT,OTHER,420,5,,24,1,0,,NONE,1.12,0,-,-,-,-,-,-,-,24,-
tens unit for face,RELEVANT,OTHER,420,-,,32,1,0,,NONE,1.79,0,32,-,-,-,-,-,-,-,-
face sculpting tool red light,RELEVANT,SCULPTING,420,-,,79,1,0,,NONE,1.72,0,-,-,-,-,-,79,-,-,-
du care makeup brushes set,RELEVANT,BRUSH_MASSAGE,420,-,,151,3,0,,NONE,1.03,0,-,-,-,-,179,183,-,151,-
cold gua sha,RELEVANT,GUA_SHA,420,-,,133,1,0,,NONE,,1,133,-,-,-,-,-,-,-,-
one day shipping,RELEVANT,OTHER,420,-,,203,1,0,,NONE,1.47,0,-,-,-,-,-,203,-,-,-
kojiva lymphatic face brush,COMPETITOR_BRAND,LYMPHATIC,419,-,95,2,9,6,B0FD354L27|B0GSQW56YT|B0GVBQ7P79|B0FD6Y9BX5|B0G3685P2S|B0G2XLH8CG,CONSOLIDATED,1.21,0,9,18,13,83,2,7,21,10,66
best thing for puffy eyes,RELEVANT,DEPUFF,419,-,,191,1,0,,NONE,2.16,0,-,-,-,-,-,191,-,-,-
instant firm eye,RELEVANT,OTHER,419,-,,223,1,0,,NONE,1.15,5,-,-,-,-,-,-,-,223,-
getaeki facial brush,COMPETITOR_BRAND,BRUSH_MASSAGE,418,-,61,7,8,5,B0FD354L27|B0GSQW56YT|B0G3685P2S|B0H5MMYNWM|B0G2XLH8CG,CONSOLIDATED,,0,7,10,24,29,22,8,14,19,-
kitsch smooth & polish hair brush,COMPETITOR_BRAND,BRUSH_MASSAGE,418,11,,16,1,1,B0H5MMYNWM,SINGLE,,0,-,-,-,-,-,-,16,-,-
woosh beauty arc brush,RELEVANT,BRUSH_MASSAGE,418,14,,25,1,0,,NONE,1.28,0,-,-,25,-,-,-,-,-,-
led lymphatic drainage massager face,RELEVANT,DRAINAGE,418,-,189,60,7,0,,NONE,,0,60,77,180,224,163,146,-,94,-
good molecules skin care set,RELEVANT,OTHER,418,-,,101,1,0,,NONE,1.06,0,-,-,-,-,-,-,-,101,-
green neck massager with hands,RELEVANT,JAWLINE_CHIN,418,-,,245,1,0,,NONE,1.39,0,-,-,-,-,-,-,-,245,-
jade roller massager charminer,RELEVANT,BRUSH_MASSAGE,418,-,,,0,0,,NONE,,0,-,-,-,-,-,-,-,-,-
face beauty workshop lymphatic brush,RELEVANT,LYMPHATIC,417,-,69,1,9,7,B0FD354L27|B0GSQW56YT|B0GC3HX5KH|B0FD6Y9BX5|B0G3685P2S|B0H5MMYNWM|B0G2XLH8CG,CONSOLIDATED,,0,1,18,23,15,2,19,10,13,57
kitsch lifting facial roller,COMPETITOR_BRAND,OTHER,417,-,,16,1,1,B0H5MMYNWM,SINGLE,,0,-,-,-,-,-,-,16,-,-
skincare things,RELEVANT,OTHER,417,-,,114,2,0,,NONE,,0,114,-,-,-,-,258,-,-,-
piedra gua sha facial,RELEVANT,GUA_SHA,417,-,,,0,0,,NONE,1.22,0,-,-,-,-,-,-,-,-,-
lymphatic brush aeki,COMPETITOR_BRAND,LYMPHATIC,416,-,103,5,9,6,B0FD354L27|B0GSQW56YT|B0FD6Y9BX5|B0G3685P2S|B0H5MMYNWM|B0G2XLH8CG,CONSOLIDATED,,0,5,20,25,27,9,8,13,18,60
soft lymphatic face brush,RELEVANT,LYMPHATIC,416,-,258,2,9,7,B0FD354L27|B0GSQW56YT|B0GVBQ7P79|B0FD6Y9BX5|B0G3685P2S|B0H5MMYNWM|B0G2XLH8CG,CONSOLIDATED,1.25,0,2,5,7,26,3,10,8,11,278
face slimming device,RELEVANT,OTHER,416,4,,7,2,1,B0FD354L27,SINGLE,1.51,0,7,-,-,-,66,-,-,-,-
how to get rid of cellulite,RELEVANT,OTHER,416,-,,27,1,0,,NONE,1.46,0,27,-,-,-,-,-,-,-,-
silicone face scrubber for men,RELEVANT,OTHER,416,7,,49,1,0,,NONE,1.27,9,49,-,-,-,-,-,-,-,-
therabrush 4 in 1 hair therapy tool,RELEVANT,BRUSH_MASSAGE,416,-,,55,1,0,,NONE,1.63,0,55,-,-,-,-,-,-,-,-
light wand for face,RELEVANT,OTHER,416,-,,60,1,0,,NONE,,0,60,-,-,-,-,-,-,-,-
drenaje linfatic,RELEVANT,OTHER,416,-,,86,1,0,,NONE,,0,-,-,-,-,86,-,-,-,-
face acrubber,RELEVANT,OTHER,416,12,,15,2,1,B0H5MMYNWM,SINGLE,,0,-,-,-,179,-,-,15,-,-
brocha para mascarilla facial,RELEVANT,OTHER,416,7,,94,3,0,,NONE,0.68,0,108,-,-,94,131,-,-,-,-
￼make up brush,RELEVANT,BRUSH_MASSAGE,416,1,,100,1,0,,NONE,,0,-,-,-,-,100,-,-,-,-
real techniques mini,RELEVANT,OTHER,416,-,,146,1,0,,NONE,,0,-,-,-,146,-,-,-,-,-
it cosmetics brushes,RELEVANT,BRUSH_MASSAGE,416,4,,178,1,0,,NONE,1.37,0,-,-,-,-,-,-,-,-,178
olay face brush,RELEVANT,BRUSH_MASSAGE,415,-,,35,2,0,,NONE,1.67,0,-,-,-,72,-,-,35,-,-
rose quartz roller ball,RELEVANT,OTHER,415,5,,116,1,0,,NONE,1.29,14,116,-,-,-,-,-,-,-,-
make up contour,RELEVANT,CONTOUR,415,3,,124,6,0,,NONE,,0,291,-,-,-,124,267,154,284,243
mentoneras para papada,RELEVANT,OTHER,415,-,,,0,0,,NONE,,0,-,-,-,-,-,-,-,-,-
lymphatic drainage massager double chin reducer natural makeup brushes with durable soft bristles,RELEVANT,DRAINAGE,414,-,191,1,8,2,B0FD354L27|B0GSQW56YT,SHARED,,0,1,10,67,37,21,29,51,31,-
dry brush for lymphatic drainage body,RELEVANT,DRAINAGE,414,7,,52,8,0,,NONE,,0,52,89,82,56,124,85,263,88,-
metal face sculpting tool,OFF_CATEGORY,SCULPTING,414,9,,33,4,0,,NONE,1.24,1,37,-,173,-,150,-,-,33,-
okay face and neck lifting treatment,RELEVANT,JAWLINE_CHIN,414,-,,87,1,0,,NONE,,0,-,-,-,-,-,87,-,-,-
qivange face brushes,RELEVANT,BRUSH_MASSAGE,414,-,,,0,0,,NONE,,0,-,-,-,-,-,-,-,-,-
dry brush lymphatic drainage body,RELEVANT,DRAINAGE,413,-,,72,9,0,,NONE,,0,150,74,72,188,147,79,176,159,293
neck and eye care set,RELEVANT,JAWLINE_CHIN,413,-,,148,2,0,,NONE,1.76,0,-,-,-,-,148,-,-,267,-
brush box,RELEVANT,BRUSH_MASSAGE,413,5,,211,1,0,,NONE,,4,-,-,211,-,-,-,-,-,-
real techniques brushes set,RELEVANT,BRUSH_MASSAGE,413,4,,277,1,0,,NONE,0.74,0,-,-,-,-,277,-,-,-,-
nagracoola face scrubber,RELEVANT,OTHER,413,-,,,0,0,,NONE,,0,-,-,-,-,-,-,-,-,-
kojevs lymphatic face brush,RELEVANT,LYMPHATIC,412,-,117,4,9,7,B0FD354L27|B0GSQW56YT|B0GVBQ7P79|B0FD6Y9BX5|B0G3685P2S|B0H5MMYNWM|B0G2XLH8CG,CONSOLIDATED,,0,6,13,8,34,4,18,15,14,55
angellift,RELEVANT,OTHER,412,-,,2,1,1,B0FD354L27,SINGLE,1.3,0,2,-,-,-,-,-,-,-,-
chin fat remover,RELEVANT,OTHER,412,5,,5,1,1,B0FD354L27,SINGLE,1.43,0,5,-,-,-,-,-,-,-,-
anti cellulite brush,RELEVANT,BRUSH_MASSAGE,412,-,305,68,8,0,,NONE,1.22,1,68,103,275,110,84,270,74,105,-
amazon must haves for women,RELEVANT,OTHER,412,-,,26,1,0,,NONE,1.07,0,-,-,-,-,26,-,-,-,-
csm body brush,RELEVANT,BRUSH_MASSAGE,412,-,,26,1,0,,NONE,1.23,0,26,-,-,-,-,-,-,-,-
cocobeauty,RELEVANT,OTHER,412,-,,28,1,0,,NONE,1.67,17,28,-,-,-,-,-,-,-,-
gia sha,RELEVANT,OTHER,412,7,,58,2,0,,NONE,0.99,0,-,-,-,108,-,-,-,58,-
large gua sha,RELEVANT,GUA_SHA,412,8,,87,6,0,,NONE,1.03,4,149,137,-,193,-,261,-,87,208
chin exerciser,RELEVANT,OTHER,412,7,,68,1,0,,NONE,1,0,68,-,-,-,-,-,-,-,-
korean facial cleansing brush,RELEVANT,BRUSH_MASSAGE,412,-,,96,3,0,,NONE,,0,-,-,178,108,-,-,96,-,-
lymphatic drainage patch,RELEVANT,DRAINAGE,412,-,,104,1,0,,NONE,1.17,3,-,-,-,-,-,104,-,-,-
neck relieve massager,RELEVANT,JAWLINE_CHIN,412,-,,114,1,0,,NONE,,0,114,-,-,-,-,-,-,-,-
instant face lifting serum,OFF_CATEGORY,OTHER,412,-,,119,1,0,,NONE,,0,-,-,-,-,119,-,-,-,-
alba skin care,RELEVANT,OTHER,412,-,,131,1,0,,NONE,,0,-,-,-,-,-,-,-,131,-
best upper eyelid tightening cream,OFF_CATEGORY,OTHER,412,2,,145,1,0,,NONE,1.97,0,145,-,-,-,-,-,-,-,-
best face glow,RELEVANT,OTHER,412,-,,47,3,0,,NONE,1.57,0,-,-,-,-,47,276,-,-,304
spa care,RELEVANT,OTHER,412,-,,239,1,0,,NONE,1.22,5,239,-,-,-,-,-,-,-,-
makeup brushes brown,RELEVANT,BRUSH_MASSAGE,412,-,,305,1,0,,NONE,0.96,0,-,-,-,-,305,-,-,-,-
kit de masajes reductores,RELEVANT,OTHER,412,-,,,0,0,,NONE,,0,-,-,-,-,-,-,-,-,-
face silicone brush,RELEVANT,BRUSH_MASSAGE,412,-,,,0,0,,NONE,,0,-,-,-,-,-,-,-,-,-
pores brush,RELEVANT,BRUSH_MASSAGE,412,-,,,0,0,,NONE,1.16,0,-,-,-,-,-,-,-,-,-
facial spa,RELEVANT,OTHER,411,1,,25,1,0,,NONE,0.96,3,25,-,-,-,-,-,-,-,-
face tanner brush,RELEVANT,BRUSH_MASSAGE,411,-,286,87,2,0,,NONE,1.18,1,-,-,-,196,-,-,87,-,-
rose quartz guasha tool for face,RELEVANT,GUA_SHA,411,-,,,0,0,,NONE,1.36,3,-,-,-,-,-,-,-,-,-
rolled ice cream plate,OFF_CATEGORY,OTHER,411,-,,,0,0,,NONE,0.72,0,-,-,-,-,-,-,-,-,-
nuventra facial brush,RELEVANT,BRUSH_MASSAGE,410,-,55,1,6,5,B0FD354L27|B0GC3HX5KH|B0FD6Y9BX5|B0G3685P2S|B0G2XLH8CG,CONSOLIDATED,,0,1,-,28,9,3,10,-,7,-
back lymphatic drainage massager,RELEVANT,DRAINAGE,410,-,,42,1,0,,NONE,,0,42,-,-,-,-,-,-,-,-
nice makeup brushes,RELEVANT,BRUSH_MASSAGE,410,-,,250,1,0,,NONE,1.28,0,-,-,-,-,250,-,-,-,-
makeup brush contour,RELEVANT,CONTOUR,409,-,,65,8,0,,NONE,,0,101,-,253,158,73,65,126,199,249
￼lymphatic face brush,RELEVANT,LYMPHATIC,408,-,100,8,9,6,B0FD354L27|B0GSQW56YT|B0GVBQ7P79|B0FD6Y9BX5|B0H5MMYNWM|B0G2XLH8CG,CONSOLIDATED,1.28,0,13,9,15,35,8,22,12,20,42
clinique facial scrub brush,RELEVANT,BRUSH_MASSAGE,408,-,,31,1,0,,NONE,,0,-,-,-,-,-,-,31,-,-
anti cellulite roller & lymphatic drainage massager,RELEVANT,DRAINAGE,408,-,,37,1,0,,NONE,,0,37,-,-,-,-,-,-,-,-
luxe under eye,RELEVANT,OTHER,408,11,,96,1,0,,NONE,1.57,1,-,-,-,-,-,96,-,-,-
makeup face brush set,RELEVANT,BRUSH_MASSAGE,408,6,,230,2,0,,NONE,0.84,0,-,-,-,-,230,-,-,239,-
cecily braden lymphatic face brush,RELEVANT,LYMPHATIC,407,-,91,1,9,7,B0FD354L27|B0GSQW56YT|B0GVBQ7P79|B0FD6Y9BX5|B0G3685P2S|B0H5MMYNWM|B0G2XLH8CG,CONSOLIDATED,1.31,0,6,5,11,56,1,8,7,18,35
kavifo lymphatic drainage,RELEVANT,DRAINAGE,407,-,,44,3,0,,NONE,2.13,1,44,-,-,-,71,-,-,137,-
anissa beauty brushes,RELEVANT,BRUSH_MASSAGE,407,-,,74,3,0,,NONE,1.27,0,-,79,-,116,-,74,-,-,-
gua sha tool face,RELEVANT,GUA_SHA,407,-,300,44,7,0,,NONE,,0,57,51,176,102,179,205,-,44,-
cepillo exfoliante para cara,OFF_CATEGORY,OTHER,407,4,174,83,6,0,,NONE,,0,83,119,137,107,-,153,101,-,-
makeuo brishes,RELEVANT,OTHER,407,-,,34,1,0,,NONE,,0,-,-,-,-,34,-,-,-,-
skin scrubber for face,RELEVANT,OTHER,407,-,,42,1,0,,NONE,,0,42,-,-,-,-,-,-,-,-
make up brushed,RELEVANT,BRUSH_MASSAGE,407,5,,72,1,0,,NONE,1.1,0,-,-,-,-,72,-,-,-,-
exfoliating face scrubber for women,RELEVANT,OTHER,407,9,,84,1,0,,NONE,,0,84,-,-,-,-,-,-,-,-
rare beauty brush,RELEVANT,BRUSH_MASSAGE,407,3,,106,1,0,,NONE,0.99,0,-,-,-,-,-,106,-,-,-
luxe color changing makeup,RELEVANT,OTHER,407,3,,163,1,0,,NONE,1.61,0,-,-,-,-,-,163,-,-,-
facial routine kit for women,RELEVANT,OTHER,407,3,,230,1,0,,NONE,1.21,0,-,-,230,-,-,-,-,-,-
small make up brushes,RELEVANT,BRUSH_MASSAGE,407,11,,257,1,0,,NONE,,0,-,-,-,-,257,-,-,-,-
beauty device for face,RELEVANT,OTHER,407,-,,258,1,0,,NONE,,3,-,-,-,-,-,-,-,258,-
activia lymphatic drainage,RELEVANT,DRAINAGE,407,-,,,0,0,,NONE,,0,-,-,-,-,-,-,-,-,-
contour glow brush,RELEVANT,CONTOUR,406,43,33,4,9,6,B0FD354L27|B0GSQW56YT|B0FD6Y9BX5|B0G3685P2S|B0H5MMYNWM|B0G2XLH8CG,CONSOLIDATED,1.14,1,15,17,40,44,4,6,11,18,49
it contour brush,RELEVANT,CONTOUR,406,-,,7,9,2,B0FD354L27|B0H5MMYNWM,SHARED,,0,7,49,95,127,52,82,10,88,141
skincare brushes for face,RELEVANT,BRUSH_MASSAGE,406,5,223,12,9,1,B0FD354L27,SINGLE,0.7,0,12,261,165,110,43,116,37,133,201
kitsch skin care,COMPETITOR_BRAND,OTHER,406,-,,20,1,1,B0H5MMYNWM,SINGLE,,0,-,-,-,-,-,-,20,-,-
gua sha massage tools for lymphatic drainage,RELEVANT,DRAINAGE,406,-,211,35,7,0,,NONE,1.05,0,64,114,-,111,148,138,-,35,270
clairsonic,RELEVANT,OTHER,406,-,,41,1,0,,NONE,1.87,0,41,-,-,-,-,-,-,-,-
gua sha with case,RELEVANT,GUA_SHA,406,-,,33,5,0,,NONE,,0,100,-,-,144,162,132,-,33,-
eye make up brushes for women,RELEVANT,BRUSH_MASSAGE,406,-,,167,1,0,,NONE,0.98,0,-,-,-,-,167,-,-,-,-
wooden massage tool,RELEVANT,BRUSH_MASSAGE,406,2,,115,4,0,,NONE,1.15,3,-,234,222,115,-,-,-,-,274
neck and face tightening cream,OFF_CATEGORY,JAWLINE_CHIN,406,-,,243,1,0,,NONE,,0,243,-,-,-,-,-,-,-,-
metal body gua sha,OFF_CATEGORY,GUA_SHA,406,-,,278,1,0,,NONE,,0,-,-,278,-,-,-,-,-,-
soothesilk,COMPETITOR_BRAND,OTHER,405,-,,17,1,1,B0FD354L27,SINGLE,1.71,0,17,-,-,-,-,-,-,-,-
mesicube mask,RELEVANT,OTHER,405,-,,208,1,0,,NONE,,0,208,-,-,-,-,-,-,-,-
big makeup brushes,RELEVANT,BRUSH_MASSAGE,405,-,,165,3,0,,NONE,0.84,0,165,-,-,-,171,-,302,-,-
lymphatic drainage tool for face,RELEVANT,DRAINAGE,404,-,159,6,9,2,B0GSQW56YT|B0FD6Y9BX5,SHARED,1.45,0,34,6,50,64,7,71,25,73,103
get rid of double chin,RELEVANT,JAWLINE_CHIN,404,-,,14,1,1,B0FD354L27,SINGLE,1.26,0,14,-,-,-,-,-,-,-,-
face skin tightening,RELEVANT,OTHER,404,-,,83,2,0,,NONE,1.94,0,83,-,-,-,90,-,-,-,-
bamboo body brush,RELEVANT,BRUSH_MASSAGE,404,-,,57,1,0,,NONE,1.25,0,-,-,-,57,-,-,-,-,-
brush set make up real techniques,RELEVANT,BRUSH_MASSAGE,404,-,,232,1,0,,NONE,,0,-,-,-,-,232,-,-,-,-
tryaeki lymphatic contour face brush,COMPETITOR_BRAND,CONTOUR,403,-,121,7,9,5,B0FD354L27|B0GSQW56YT|B0FD6Y9BX5|B0G3685P2S|B0G2XLH8CG,CONSOLIDATED,1.23,0,10,8,25,27,7,12,34,18,29
facial contour brush,RELEVANT,CONTOUR,403,-,102,2,9,7,B0FD354L27|B0GSQW56YT|B0GVBQ7P79|B0FD6Y9BX5|B0G3685P2S|B0H5MMYNWM|B0G2XLH8CG,CONSOLIDATED,1.29,0,13,18,19,21,2,15,8,11,76
nubetra lymphatic brush,RELEVANT,LYMPHATIC,403,-,94,7,8,3,B0FD354L27|B0FD6Y9BX5|B0G3685P2S,SHARED,1.19,0,18,23,38,35,7,8,25,27,-
nubetra brush,RELEVANT,BRUSH_MASSAGE,403,-,,2,2,2,B0FD354L27|B0G3685P2S,SHARED,1.33,0,2,-,-,-,-,4,-,-,-
lumi face brush,RELEVANT,BRUSH_MASSAGE,403,1,126,15,5,1,B0H5MMYNWM,SINGLE,1.19,0,-,-,-,65,32,39,15,27,-
dry brush for skin,RELEVANT,BRUSH_MASSAGE,403,13,,45,9,0,,NONE,1.25,0,45,149,198,146,147,66,173,95,235
reduce double chin for women,RELEVANT,JAWLINE_CHIN,403,-,,50,1,0,,NONE,,0,50,-,-,-,-,-,-,-,-
spa facial products,RELEVANT,OTHER,403,-,,54,1,0,,NONE,,0,54,-,-,-,-,-,-,-,-
lymphatic system,RELEVANT,LYMPHATIC,403,6,,56,2,0,,NONE,,11,-,-,-,-,56,-,-,211,-
lymphatic drainage board,RELEVANT,DRAINAGE,403,6,,107,1,0,,NONE,1.94,0,-,-,-,-,-,107,-,-,-
luxury makeup gift sets,RELEVANT,OTHER,403,-,,130,1,0,,NONE,0.78,0,-,-,-,-,-,-,-,130,-
real techniques face makeup brush set,RELEVANT,BRUSH_MASSAGE,403,8,,170,1,0,,NONE,1.14,0,-,-,-,-,170,-,-,-,-
one day detox,RELEVANT,OTHER,403,-,,176,2,0,,NONE,1.74,0,176,-,-,-,223,-,-,-,-
makeup brush set with bag,RELEVANT,BRUSH_MASSAGE,403,1,,218,1,0,,NONE,0.86,7,-,-,-,-,218,-,-,-,-
"ceramic guasha tool for face & body - lymphatic drainage massager, face sculpting tool, jawline shap",RELEVANT,DRAINAGE,402,-,,39,4,0,,NONE,1.53,0,63,39,-,155,-,-,-,96,-
sculpting face cream,OFF_CATEGORY,SCULPTING,402,-,,42,2,0,,NONE,,1,42,-,-,-,111,-,-,-,-
chib grip,RELEVANT,OTHER,402,-,,194,1,0,,NONE,,0,-,-,-,194,-,-,-,-,-
application brush,RELEVANT,BRUSH_MASSAGE,402,-,,175,2,0,,NONE,,2,-,-,-,-,175,-,284,-,-
gran naturals facial brush,RELEVANT,BRUSH_MASSAGE,401,-,,8,3,1,B0H5MMYNWM,SINGLE,,0,-,-,25,48,-,-,8,-,-
patch face,RELEVANT,OTHER,401,-,,212,1,0,,NONE,2.17,0,-,-,-,-,-,212,-,-,-
contour glow brush for face,RELEVANT,CONTOUR,400,-,31,2,9,6,B0FD354L27|B0GSQW56YT|B0FD6Y9BX5|B0G3685P2S|B0H5MMYNWM|B0G2XLH8CG,CONSOLIDATED,1.41,0,2,9,21,29,4,8,15,20,54
lymphatic contour face brush 2 pk,RELEVANT,CONTOUR,400,-,152,4,9,3,B0GC3HX5KH|B0FD6Y9BX5|B0G3685P2S,SHARED,1.28,0,33,68,87,4,13,14,123,51,122
makeup for dry skin,RELEVANT,OTHER,400,-,,40,1,0,,NONE,0.9,1,-,-,-,-,40,-,-,-,-
nuvetra contour brush,COMPETITOR_BRAND,CONTOUR,399,-,37,1,3,3,B0FD354L27|B0FD6Y9BX5|B0G3685P2S,SHARED,,0,1,-,-,-,2,4,-,-,-
manual fascia blaster,OFF_CATEGORY,OTHER,399,-,,33,1,0,,NONE,1.21,0,33,-,-,-,-,-,-,-,-
shaping facial lift,RELEVANT,OTHER,399,-,,42,2,0,,NONE,,0,160,-,-,-,42,-,-,-,-
stomach gua sha,RELEVANT,GUA_SHA,399,-,,111,1,0,,NONE,1.22,0,-,-,-,111,-,-,-,-,-
jade stone massager,RELEVANT,BRUSH_MASSAGE,399,-,,117,1,0,,NONE,,1,-,-,-,-,-,-,-,117,-
cat flea tick treatment,RELEVANT,OTHER,399,-,,,0,0,,NONE,2.47,0,-,-,-,-,-,-,-,-,-
taeki lymphatic drain brush,COMPETITOR_BRAND,LYMPHATIC,398,-,,5,7,5,B0FD354L27|B0GSQW56YT|B0GVBQ7P79|B0GC3HX5KH|B0FD6Y9BX5,CONSOLIDATED,,0,5,6,18,19,7,32,-,21,-
kogeva lymphatic face brush,RELEVANT,LYMPHATIC,398,-,90,7,9,5,B0FD354L27|B0GSQW56YT|B0G3685P2S|B0H5MMYNWM|B0G2XLH8CG,CONSOLIDATED,1.23,0,7,10,26,35,23,12,18,14,55
lymphatic contour,RELEVANT,CONTOUR,398,-,141,1,9,4,B0FD354L27|B0GSQW56YT|B0FD6Y9BX5|B0G3685P2S,CONSOLIDATED,1.45,37,15,14,58,89,1,20,25,21,92
swedish beauty face,RELEVANT,OTHER,398,-,,17,1,1,B0FD6Y9BX5,SINGLE,,0,-,-,-,-,17,-,-,-,-
face scrub brush proactive,RELEVANT,BRUSH_MASSAGE,398,-,,27,1,0,,NONE,,0,-,-,-,-,-,-,27,-,-
icon usa,COMPETITOR_BRAND,OTHER,398,-,,31,1,0,,NONE,,0,-,-,-,-,-,31,-,-,-
sinus massager face,RELEVANT,BRUSH_MASSAGE,398,-,,47,2,0,,NONE,,0,47,-,-,-,136,-,-,-,-
glow beauty brush,RELEVANT,BRUSH_MASSAGE,398,-,54,10,6,1,B0H5MMYNWM,SINGLE,,0,-,-,292,53,24,113,10,132,-
parts brush,RELEVANT,BRUSH_MASSAGE,398,17,,103,1,0,,NONE,,1,-,-,-,-,-,-,103,-,-
gua sha stainless steel face,OFF_CATEGORY,GUA_SHA,398,-,,133,1,0,,NONE,,0,-,-,133,-,-,-,-,-,-
makeup brush set face,RELEVANT,BRUSH_MASSAGE,398,7,,232,2,0,,NONE,0.9,0,-,-,-,-,232,-,-,241,-
gua sha steel,RELEVANT,GUA_SHA,398,12,,252,1,0,,NONE,1.04,0,-,-,252,-,-,-,-,-,-
silk face,RELEVANT,OTHER,398,-,,254,1,0,,NONE,1.82,8,-,-,-,254,-,-,-,-,-
skin sculpting device,RELEVANT,SCULPTING,398,-,,258,1,0,,NONE,2.14,0,-,-,-,-,-,-,-,258,-
makeup brushes for eyes,RELEVANT,BRUSH_MASSAGE,398,11,,280,1,0,,NONE,1.02,1,-,-,-,-,280,-,-,-,-
pink gua sha,RELEVANT,GUA_SHA,398,8,59,,0,0,,NONE,1.03,0,-,-,-,-,-,-,-,-,-
facial exfoliating brush,RELEVANT,BRUSH_MASSAGE,397,3,,50,8,0,,NONE,1.17,0,50,180,179,161,174,183,131,185,-
skingym,RELEVANT,OTHER,397,-,,33,1,0,,NONE,1.26,0,33,-,-,-,-,-,-,-,-
annua guasha cream,OFF_CATEGORY,GUA_SHA,397,-,,55,1,0,,NONE,,0,-,-,-,-,-,-,-,55,-
medicube nexk,OFF_CATEGORY,OTHER,397,-,,115,1,0,,NONE,,0,115,-,-,-,-,-,-,-,-
mini real techniques brushes,RELEVANT,BRUSH_MASSAGE,397,-,,176,1,0,,NONE,0.68,0,-,-,-,176,-,-,-,-,-
womans tool set,RELEVANT,OTHER,397,-,,247,1,0,,NONE,,0,-,-,-,-,-,-,-,247,-
gua sha pink,RELEVANT,GUA_SHA,397,7,59,,0,0,,NONE,1.27,0,-,-,-,-,-,-,-,-,-
lymphatic dry brush for body,RELEVANT,LYMPHATIC,396,10,,33,8,0,,NONE,1.24,0,33,161,102,221,150,86,90,196,-
countur,RELEVANT,OTHER,396,-,,44,7,0,,NONE,,0,91,109,152,-,69,87,44,153,-
face exfoliant scrubber,RELEVANT,OTHER,396,-,,42,1,0,,NONE,,0,42,-,-,-,-,-,-,-,-
natural fiber makeup brushes,RELEVANT,BRUSH_MASSAGE,396,-,,197,2,0,,NONE,,0,-,-,-,-,-,197,-,201,-
brazilian lymphatic drainage tools,RELEVANT,DRAINAGE,395,-,239,39,6,0,,NONE,1.07,0,65,39,-,112,48,139,-,74,-
double chin reducer machine,OFF_CATEGORY,JAWLINE_CHIN,395,2,,22,1,0,,NONE,1.5,0,22,-,-,-,-,-,-,-,-
body guasha lymphatic drainage tool,RELEVANT,DRAINAGE,395,-,269,27,7,0,,NONE,,0,27,84,244,207,216,209,-,167,-
serum applicator tool,OFF_CATEGORY,OTHER,395,-,,231,1,0,,NONE,,1,-,-,-,-,231,-,-,-,-
contour glow face brush,RELEVANT,CONTOUR,394,40,41,4,9,5,B0FD354L27|B0GSQW56YT|B0FD6Y9BX5|B0G3685P2S|B0H5MMYNWM,CONSOLIDATED,1.16,0,13,11,23,32,4,8,16,24,40
facial brushes for lymphatic drainage,RELEVANT,DRAINAGE,394,-,88,6,9,8,B0FD354L27|B0GSQW56YT|B0GVBQ7P79|B0GC3HX5KH|B0FD6Y9BX5|B0G3685P2S|B0H5MMYNWM|B0G2XLH8CG,CONSOLIDATED,,0,10,11,20,18,8,9,6,15,116
brush guasha,RELEVANT,GUA_SHA,394,6,60,3,9,5,B0FD354L27|B0GSQW56YT|B0GC3HX5KH|B0FD6Y9BX5|B0G2XLH8CG,CONSOLIDATED,1.47,0,11,5,25,6,3,28,36,12,89
lymphatic dry face brush,RELEVANT,LYMPHATIC,394,-,257,2,9,5,B0GSQW56YT|B0GVBQ7P79|B0FD6Y9BX5|B0G3685P2S|B0G2XLH8CG,CONSOLIDATED,1.18,0,37,7,11,62,2,14,32,16,75
linfatico drainage massage machine,OFF_CATEGORY,DRAINAGE,394,-,,5,1,1,B0FD354L27,SINGLE,1.63,0,5,-,-,-,-,-,-,-,-
body contouring,RELEVANT,CONTOUR,394,-,,59,2,0,,NONE,1.5,12,-,59,119,-,-,-,-,-,-
tiktok must haves,RELEVANT,OTHER,394,2,,47,1,0,,NONE,1,0,-,-,-,-,47,-,-,-,-
brush for dry brushing body,RELEVANT,BRUSH_MASSAGE,394,-,,49,4,0,,NONE,1.34,0,-,198,98,87,-,-,-,49,-
lyphoria lymphatic drainage,RELEVANT,DRAINAGE,394,5,,94,1,0,,NONE,2.42,3,94,-,-,-,-,-,-,-,-
facial applicator,RELEVANT,OTHER,394,-,,42,3,0,,NONE,,2,42,-,-,252,152,-,-,-,-
nature's best lymphatic drainage,RELEVANT,DRAINAGE,394,-,,122,1,0,,NONE,,0,-,122,-,-,-,-,-,-,-
gua sha tools for legs,OFF_CATEGORY,GUA_SHA,394,-,,187,2,0,,NONE,,0,-,187,221,-,-,-,-,-,-
heart style-stainless steel gua sha facial tools,OFF_CATEGORY,GUA_SHA,394,-,,,0,0,,NONE,,0,-,-,-,-,-,-,-,-,-
dry beush,RELEVANT,OTHER,393,-,,77,8,0,,NONE,1.24,0,77,175,204,182,98,89,-,218,240
garshana gloves for the lymphatic system,RELEVANT,LYMPHATIC,393,-,,18,1,1,B0FD354L27,SINGLE,1.33,0,18,-,-,-,-,-,-,-,-
face puffiness reducer,RELEVANT,DEPUFF,393,-,,4,7,2,B0FD354L27|B0FD6Y9BX5,SHARED,1.72,0,4,273,-,234,7,91,121,299,-
nuevetra face brush,RELEVANT,BRUSH_MASSAGE,392,-,88,2,7,4,B0FD354L27|B0GSQW56YT|B0FD6Y9BX5|B0G3685P2S,CONSOLIDATED,1.35,0,4,8,30,26,2,10,-,23,-
compression lymphatic drainage massager,RELEVANT,DRAINAGE,392,-,,105,1,0,,NONE,,0,105,-,-,-,-,-,-,-,-
skin products for women,RELEVANT,OTHER,392,-,,296,1,0,,NONE,2.03,0,296,-,-,-,-,-,-,-,-
manual facial cleansing brush,OFF_CATEGORY,BRUSH_MASSAGE,391,-,,91,6,0,,NONE,,4,181,145,210,91,-,194,151,-,-
dr melaxin bundle set skin care,RELEVANT,OTHER,391,-,,40,1,0,,NONE,1.33,0,40,-,-,-,-,-,-,-,-
body sculpting tool,RELEVANT,SCULPTING,391,-,,158,2,0,,NONE,,3,-,158,-,-,-,-,-,231,-
guasha anua,OFF_CATEGORY,GUA_SHA,391,-,,,0,0,,NONE,1.25,0,-,-,-,-,-,-,-,-,-
kojeva lymphatic brush,COMPETITOR_BRAND,LYMPHATIC,390,-,92,1,8,4,B0FD354L27|B0GSQW56YT|B0GVBQ7P79|B0FD6Y9BX5,CONSOLIDATED,1.23,0,4,10,17,26,1,31,22,23,-
kitsch charm brush,COMPETITOR_BRAND,BRUSH_MASSAGE,390,-,,18,1,1,B0H5MMYNWM,SINGLE,0.71,0,-,-,-,-,-,-,18,-,-
scratch brushes,RELEVANT,BRUSH_MASSAGE,390,-,,173,1,0,,NONE,,7,173,-,-,-,-,-,-,-,-
medicube volufiline gua sha,OFF_CATEGORY,GUA_SHA,390,-,,,0,0,,NONE,,0,-,-,-,-,-,-,-,-,-
clentra lymphatic drainage,RELEVANT,DRAINAGE,390,-,,,0,0,,NONE,2.69,0,-,-,-,-,-,-,-,-,-
favorite things,RELEVANT,OTHER,390,2,,,0,0,,NONE,0.79,6,-,-,-,-,-,-,-,-,-
face lifting brush for women,RELEVANT,BRUSH_MASSAGE,389,-,118,2,8,4,B0FD354L27|B0GSQW56YT|B0FD6Y9BX5|B0H5MMYNWM,CONSOLIDATED,0.96,0,12,9,49,44,2,29,15,25,-
kojava brush,RELEVANT,BRUSH_MASSAGE,389,-,,1,2,2,B0FD354L27|B0G3685P2S,SHARED,1.15,0,1,-,-,-,-,4,-,-,-
washa for face,RELEVANT,OTHER,389,-,,6,2,1,B0FD354L27,SINGLE,,0,6,-,-,-,-,-,-,49,-
yerba prima dry skin brush,RELEVANT,BRUSH_MASSAGE,389,-,,37,3,0,,NONE,,0,-,-,55,37,-,-,43,-,-
lymphatic drainage body brush,RELEVANT,DRAINAGE,389,8,,38,9,0,,NONE,,0,155,110,51,38,146,52,98,46,172
exfoliating facial brush,RELEVANT,BRUSH_MASSAGE,389,-,,61,8,0,,NONE,,1,61,150,270,136,194,170,154,176,-
kitsch dry brushing body brush,COMPETITOR_BRAND,BRUSH_MASSAGE,389,-,,44,1,0,,NONE,1.42,0,-,-,-,-,-,-,44,-,-
facial tools for wrinkles,RELEVANT,OTHER,389,-,,125,1,0,,NONE,,0,-,-,-,-,-,-,-,125,-
real techniques eye makeup brushes,RELEVANT,BRUSH_MASSAGE,389,3,,205,2,0,,NONE,,0,205,-,-,-,217,-,-,-,-
dry face skin care,RELEVANT,OTHER,389,-,,255,1,0,,NONE,2.02,0,255,-,-,-,-,-,-,-,-
pretty makeup brushes,RELEVANT,BRUSH_MASSAGE,389,2,,277,1,0,,NONE,0.94,0,277,-,-,-,-,-,-,-,-
fsa lymphatic drainage,RELEVANT,DRAINAGE,388,3,,69,2,0,,NONE,1.77,0,79,-,-,-,-,-,-,69,-
chin exerciser for women,RELEVANT,OTHER,388,-,,46,1,0,,NONE,1.29,0,46,-,-,-,-,-,-,-,-
the peel brush,RELEVANT,BRUSH_MASSAGE,388,-,,,0,0,,NONE,0.81,0,-,-,-,-,-,-,-,-,-
under 25 dollar items for women,RELEVANT,OTHER,388,-,,,0,0,,NONE,0.83,0,-,-,-,-,-,-,-,-,-
face electric stimulator,OFF_CATEGORY,OTHER,387,-,,12,1,1,B0FD354L27,SINGLE,1.81,0,12,-,-,-,-,-,-,-,-
face lifting tool,RELEVANT,OTHER,387,-,,1,7,2,B0FD354L27|B0FD6Y9BX5,SHARED,1.35,0,8,93,-,242,1,97,-,84,285
firming neck cream with roller,OFF_CATEGORY,JAWLINE_CHIN,387,-,,99,1,0,,NONE,1.4,4,99,-,-,-,-,-,-,-,-
cat tick treatment,RELEVANT,OTHER,387,-,,,0,0,,NONE,2.44,0,-,-,-,-,-,-,-,-,-
kojiva brand lymphatic face brush,COMPETITOR_BRAND,LYMPHATIC,386,-,13,8,9,5,B0FD354L27|B0GSQW56YT|B0FD6Y9BX5|B0H5MMYNWM|B0G2XLH8CG,CONSOLIDATED,,0,10,8,26,49,18,24,17,16,70
slim spa,RELEVANT,OTHER,386,-,,40,1,0,,NONE,,0,40,-,-,-,-,-,-,-,-
glow touch for face,RELEVANT,OTHER,386,-,,49,3,0,,NONE,1.84,0,-,-,-,264,49,-,-,77,-
dry brush for face lymphatic drainage,RELEVANT,DRAINAGE,385,-,257,2,9,7,B0GSQW56YT|B0GVBQ7P79|B0GC3HX5KH|B0FD6Y9BX5|B0G3685P2S|B0H5MMYNWM|B0G2XLH8CG,CONSOLIDATED,1.42,0,31,6,4,14,2,10,8,13,32
cepillo de drenaje linfático facial,OFF_CATEGORY,OTHER,385,-,66,1,9,8,B0FD354L27|B0GSQW56YT|B0GVBQ7P79|B0GC3HX5KH|B0FD6Y9BX5|B0G3685P2S|B0H5MMYNWM|B0G2XLH8CG,CONSOLIDATED,,0,1,11,6,13,18,5,12,17,90
lymphatic facial drainage brush,RELEVANT,DRAINAGE,385,-,74,7,9,7,B0FD354L27|B0GSQW56YT|B0GVBQ7P79|B0FD6Y9BX5|B0G3685P2S|B0H5MMYNWM|B0G2XLH8CG,CONSOLIDATED,1.5,0,10,9,20,22,7,19,12,14,100
depuffing face,RELEVANT,DEPUFF,385,-,,4,8,2,B0FD354L27|B0FD6Y9BX5,SHARED,,0,18,50,295,119,4,88,43,76,-
pcs skincare,RELEVANT,OTHER,385,-,,26,1,0,,NONE,,3,-,-,-,-,26,-,-,-,-
led gua sha,RELEVANT,GUA_SHA,385,4,,72,1,0,,NONE,1.74,3,-,-,-,-,-,-,-,72,-
medicube stick collagen,OFF_CATEGORY,OTHER,385,-,,80,1,0,,NONE,1.36,0,80,-,-,-,-,-,-,-,-
bliss skin care,RELEVANT,OTHER,385,-,,147,1,0,,NONE,1.78,0,-,-,-,-,-,147,-,-,-
clearance under $20,RELEVANT,OTHER,385,3,,208,1,0,,NONE,1.17,0,-,-,-,-,-,208,-,-,-
craft brush,RELEVANT,BRUSH_MASSAGE,385,17,,226,1,0,,NONE,,0,226,-,-,-,-,-,-,-,-
fit me makeup,RELEVANT,OTHER,385,-,,245,1,0,,NONE,0.89,0,-,-,-,-,245,-,-,-,-
empress stone gua sha,RELEVANT,GUA_SHA,385,-,,,0,0,,NONE,1.49,1,-,-,-,-,-,-,-,-,-
lymphatic contour face brushes,RELEVANT,CONTOUR,384,-,159,7,9,5,B0FD354L27|B0GSQW56YT|B0FD6Y9BX5|B0G3685P2S|B0H5MMYNWM,CONSOLIDATED,,0,12,7,23,45,11,20,10,73,53
gentle facial brush,RELEVANT,BRUSH_MASSAGE,384,-,283,27,9,0,,NONE,,0,27,62,98,68,70,86,43,75,300
medicube chin,OFF_CATEGORY,OTHER,384,-,,45,1,0,,NONE,,0,45,-,-,-,-,-,-,-,-
expert tools,RELEVANT,OTHER,384,-,,66,1,0,,NONE,,0,-,-,-,-,-,-,-,66,-
pregnancy swelling feet relief,OFF_CATEGORY,OTHER,384,-,,80,1,0,,NONE,1.81,0,80,-,-,-,-,-,-,-,-
face and neck tightening cream,OFF_CATEGORY,JAWLINE_CHIN,384,-,,180,1,0,,NONE,,0,-,-,-,-,180,-,-,-,-
dry skin care sets,RELEVANT,OTHER,384,-,,205,2,0,,NONE,,0,-,-,272,-,-,-,-,205,-
makeup brushes set real techniques,RELEVANT,BRUSH_MASSAGE,384,-,,272,1,0,,NONE,1.15,0,-,-,-,-,272,-,-,-,-
medicine guasha,RELEVANT,GUA_SHA,384,-,,,0,0,,NONE,1.4,0,-,-,-,-,-,-,-,-,-
p band sculpting tool,RELEVANT,SCULPTING,384,-,,,0,0,,NONE,,0,-,-,-,-,-,-,-,-,-
face tightening skin,RELEVANT,OTHER,383,-,,75,2,0,,NONE,2.21,0,111,-,-,-,75,-,-,-,-
guasha kit,RELEVANT,GUA_SHA,383,-,,180,1,0,,NONE,1.24,0,-,-,-,180,-,-,-,-,-
tool handle,RELEVANT,OTHER,383,-,,233,1,0,,NONE,,1,-,-,-,233,-,-,-,-,-
solena brush,RELEVANT,BRUSH_MASSAGE,382,-,,2,4,3,B0FD354L27|B0G3685P2S|B0G2XLH8CG,SHARED,1.16,0,2,-,-,34,-,14,-,9,-
lymphatic drainage massage machine,OFF_CATEGORY,DRAINAGE,382,-,,27,1,0,,NONE,1.64,0,27,-,-,-,-,-,-,-,-
spa brush for hair,RELEVANT,BRUSH_MASSAGE,382,-,,154,2,0,,NONE,,0,154,-,-,-,-,-,-,164,-
eteros brush,COMPETITOR_BRAND,BRUSH_MASSAGE,382,-,,,0,0,,NONE,,0,-,-,-,-,-,-,-,-,-
soothe silk lymphatic massager,RELEVANT,LYMPHATIC,381,-,,37,2,0,,NONE,,0,-,-,-,37,-,-,-,43,-
face brushes for cleansing manual,OFF_CATEGORY,BRUSH_MASSAGE,381,-,,50,6,0,,NONE,,0,138,152,248,50,-,172,112,-,-
contour wand,RELEVANT,CONTOUR,381,7,,42,1,0,,NONE,0.99,17,42,-,-,-,-,-,-,-,-
facial cleansing tool,RELEVANT,OTHER,381,3,,159,3,0,,NONE,1.28,0,172,159,-,-,-,-,-,197,-
makeup brush set double ended,RELEVANT,BRUSH_MASSAGE,381,-,,179,1,0,,NONE,,0,-,-,-,-,-,-,-,179,-
under eye tightening,RELEVANT,OTHER,381,-,,180,1,0,,NONE,1.79,1,180,-,-,-,-,-,-,-,-
cupping for lymphatic drainage,OFF_CATEGORY,DRAINAGE,381,-,,,0,0,,NONE,,0,-,-,-,-,-,-,-,-,-
contour brush nose,RELEVANT,CONTOUR,381,-,,,0,0,,NONE,,0,-,-,-,-,-,-,-,-,-
soothe silk contour face brush,RELEVANT,CONTOUR,380,-,37,1,5,5,B0GSQW56YT|B0GC3HX5KH|B0FD6Y9BX5|B0G3685P2S|B0H5MMYNWM,CONSOLIDATED,,0,-,7,-,13,1,15,6,-,-
brush face,RELEVANT,BRUSH_MASSAGE,380,5,122,1,9,4,B0FD354L27|B0FD6Y9BX5|B0G3685P2S|B0H5MMYNWM,CONSOLIDATED,1.2,6,1,21,109,58,6,10,4,93,111
heated lymph brush,RELEVANT,LYMPHATIC,380,-,,7,5,1,B0FD354L27,SINGLE,1.49,1,7,-,-,81,43,52,-,62,-
facial sculptor,RELEVANT,SCULPTING,380,-,,5,4,1,B0FD354L27,SINGLE,1.53,1,5,22,-,-,134,189,-,-,-
facial massager for lymphatic drainage,RELEVANT,DRAINAGE,380,3,235,42,8,0,,NONE,1.45,0,63,50,251,70,74,42,129,144,-
face love makeup,RELEVANT,OTHER,380,-,,64,2,0,,NONE,,0,64,-,-,-,100,-,-,-,-
massager for face,RELEVANT,BRUSH_MASSAGE,380,-,,58,6,0,,NONE,1.63,1,58,190,-,272,187,293,-,114,-
wooden lymphatic drainage massage tools,RELEVANT,DRAINAGE,380,-,,43,5,0,,NONE,,0,51,124,103,43,-,-,-,-,206
massaging dry brush,RELEVANT,BRUSH_MASSAGE,380,-,,42,4,0,,NONE,,0,-,95,249,114,-,42,-,-,-
tension brush,RELEVANT,BRUSH_MASSAGE,380,-,,95,5,0,,NONE,1.01,0,140,141,-,-,143,95,112,-,-
masajeador facial coreano,RELEVANT,OTHER,380,3,,73,1,0,,NONE,,0,73,-,-,-,-,-,-,-,-
dry brushing body brush for cellulite,RELEVANT,BRUSH_MASSAGE,380,-,,110,4,0,,NONE,1.28,0,-,110,286,247,-,253,-,-,-
morphe portrait mode 5-piece face brush set,RELEVANT,BRUSH_MASSAGE,380,9,,,0,0,,NONE,0.89,0,-,-,-,-,-,-,-,-,-
ice cream roll machine,OFF_CATEGORY,OTHER,380,1,,,0,0,,NONE,0.56,11,-,-,-,-,-,-,-,-,-
gua shau,RELEVANT,GUA_SHA,379,-,,69,7,0,,NONE,,0,83,69,301,167,115,-,224,109,-
female massagers,RELEVANT,BRUSH_MASSAGE,379,-,,195,1,0,,NONE,1.21,0,-,-,-,195,-,-,-,-,-
oil for lymphatic drainage massage,OFF_CATEGORY,DRAINAGE,379,-,,288,1,0,,NONE,,1,-,-,-,-,-,-,-,288,-
womens facial care,RELEVANT,OTHER,379,-,,305,1,0,,NONE,1.47,0,-,-,-,-,305,-,-,-,-
tweezerman gua sha,RELEVANT,GUA_SHA,379,-,,,0,0,,NONE,,0,-,-,-,-,-,-,-,-,-
auvorra lymphatic brush,RELEVANT,LYMPHATIC,378,-,99,3,8,4,B0GSQW56YT|B0FD6Y9BX5|B0G3685P2S|B0H5MMYNWM,CONSOLIDATED,1.3,1,22,11,34,24,3,8,7,26,-
cepillo drenaje linfático facial,OFF_CATEGORY,OTHER,378,-,75,8,9,5,B0FD354L27|B0GVBQ7P79|B0GC3HX5KH|B0FD6Y9BX5|B0G3685P2S,CONSOLIDATED,,0,11,25,20,12,17,8,28,44,260
medicube face mask brush,OFF_CATEGORY,BRUSH_MASSAGE,378,-,162,15,6,1,B0GC3HX5KH,SINGLE,,0,30,-,119,15,112,94,55,-,-
double chin remover tool,RELEVANT,JAWLINE_CHIN,378,-,,15,1,1,B0FD354L27,SINGLE,,0,15,-,-,-,-,-,-,-,-
brush for applying face mask,RELEVANT,BRUSH_MASSAGE,378,-,,26,4,0,,NONE,,0,-,-,-,297,144,129,-,26,-
face treatment,RELEVANT,OTHER,378,-,,160,1,0,,NONE,1.84,1,160,-,-,-,-,-,-,-,-
real techniques brush set eye,RELEVANT,BRUSH_MASSAGE,378,-,,180,1,0,,NONE,,0,-,-,-,-,180,-,-,-,-
dry face brush for lymphatic drainage,RELEVANT,DRAINAGE,377,-,122,3,9,5,B0GSQW56YT|B0GVBQ7P79|B0FD6Y9BX5|B0G3685P2S|B0G2XLH8CG,CONSOLIDATED,,1,35,4,20,22,3,9,33,16,34
lymphira jaw massager,RELEVANT,LYMPHATIC,377,-,,9,1,1,B0FD354L27,SINGLE,,0,9,-,-,-,-,-,-,-,-
massager for women self care,RELEVANT,BRUSH_MASSAGE,377,-,,145,2,0,,NONE,1.09,0,207,-,-,-,145,-,-,-,-
esthetician supplies for facials,RELEVANT,OTHER,377,-,,147,1,0,,NONE,1.11,2,-,-,-,147,-,-,-,-,-
gua sha stick,RELEVANT,GUA_SHA,377,-,,198,1,0,,NONE,1.08,2,-,-,-,-,-,-,-,198,-
kit facial,RELEVANT,OTHER,377,-,,286,1,0,,NONE,,0,-,-,-,-,286,-,-,-,-
cellulite fascia massager,RELEVANT,BRUSH_MASSAGE,377,-,,,0,0,,NONE,1.08,0,-,-,-,-,-,-,-,-,-
face debloat for men,RELEVANT,OTHER,376,9,,3,4,1,B0FD354L27,SINGLE,2.01,0,3,24,-,-,43,-,-,48,-
health gadgets for men,RELEVANT,OTHER,376,-,,8,1,1,B0FD354L27,SINGLE,,0,8,-,-,-,-,-,-,-,-
gua cha,RELEVANT,OTHER,376,5,,68,8,0,,NONE,1.21,0,68,70,267,167,117,161,220,112,-
dry brusg,RELEVANT,OTHER,376,-,,80,8,0,,NONE,1.29,0,80,181,218,193,100,126,-,214,242
kitsch smoothing brush,COMPETITOR_BRAND,BRUSH_MASSAGE,376,8,,18,1,1,B0H5MMYNWM,SINGLE,,0,-,-,-,-,-,-,18,-,-
gua sha stones for face,RELEVANT,GUA_SHA,376,11,,53,2,0,,NONE,1.11,0,53,-,-,-,-,-,-,88,-
gua sha anua,OFF_CATEGORY,GUA_SHA,376,12,,45,1,0,,NONE,1.04,0,-,-,-,45,-,-,-,-,-
drainage massager,RELEVANT,DRAINAGE,376,-,,92,5,0,,NONE,1.34,42,92,165,-,-,171,257,-,210,-
brush gripper,RELEVANT,BRUSH_MASSAGE,376,-,,42,2,0,,NONE,0.99,13,-,-,197,-,-,-,42,-,-
wooden rollers for lymphatic drainage,RELEVANT,DRAINAGE,376,-,,29,3,0,,NONE,0.97,0,29,-,-,173,-,-,-,-,169
vibrating lymphatic drainage tool,OFF_CATEGORY,DRAINAGE,376,-,,168,2,0,,NONE,,1,168,-,-,-,-,200,-,-,-
travel brush makeup,RELEVANT,BRUSH_MASSAGE,376,-,,133,1,0,,NONE,,0,-,-,-,-,133,-,-,-,-
dry brush exfoliator for body,RELEVANT,BRUSH_MASSAGE,376,-,,162,2,0,,NONE,,0,-,251,162,-,-,-,-,-,-
glow for face,RELEVANT,OTHER,376,-,,162,3,0,,NONE,,3,-,-,-,-,162,277,-,299,-
face washer scrubber,RELEVANT,OTHER,376,-,,,0,0,,NONE,1.31,0,-,-,-,-,-,-,-,-,-
face lifting brush,RELEVANT,BRUSH_MASSAGE,375,10,108,5,9,5,B0FD354L27|B0GSQW56YT|B0FD6Y9BX5|B0G3685P2S|B0G2XLH8CG,CONSOLIDATED,1.25,0,11,17,35,76,5,7,37,16,75
flex face brush for men,RELEVANT,BRUSH_MASSAGE,375,-,,42,3,0,,NONE,1.39,0,-,42,-,68,-,48,-,-,-
my kitsch hair brush,COMPETITOR_BRAND,BRUSH_MASSAGE,375,-,,21,1,0,,NONE,,0,-,-,-,-,-,-,21,-,-
fix my double chin,RELEVANT,JAWLINE_CHIN,375,-,,,0,0,,NONE,1.34,0,-,-,-,-,-,-,-,-,-
contour glow brush nuvetra,COMPETITOR_BRAND,CONTOUR,374,14,22,3,7,7,B0FD354L27|B0GSQW56YT|B0GVBQ7P79|B0GC3HX5KH|B0FD6Y9BX5|B0G3685P2S|B0G2XLH8CG,CONSOLIDATED,1.22,0,5,17,20,11,3,4,-,12,-
contourglow brush nuvetra,COMPETITOR_BRAND,CONTOUR,374,10,76,4,7,5,B0FD354L27|B0GC3HX5KH|B0FD6Y9BX5|B0G3685P2S|B0G2XLH8CG,CONSOLIDATED,1.11,0,6,23,30,10,4,9,-,20,-
strong lymphatic drainage,RELEVANT,DRAINAGE,374,-,,24,2,0,,NONE,2.85,0,24,-,-,-,70,-,-,-,-
lymphatic drainage massager wood,RELEVANT,DRAINAGE,374,-,,106,3,0,,NONE,0.98,2,-,128,130,106,-,-,-,-,-
leg gua sha,RELEVANT,GUA_SHA,374,-,,56,3,0,,NONE,1,0,-,168,251,56,-,-,-,-,-
arki lymphatic face brush,RELEVANT,LYMPHATIC,373,-,114,3,9,4,B0FD354L27|B0FD6Y9BX5|B0G3685P2S|B0G2XLH8CG,CONSOLIDATED,1.12,0,3,22,29,24,6,17,23,14,70
recuvia lymphatic contour face brush eliminate puffiness in minutes,COMPETITOR_BRAND,DEPUFF,373,-,96,5,9,5,B0GSQW56YT|B0FD6Y9BX5|B0G3685P2S|B0H5MMYNWM|B0G2XLH8CG,CONSOLIDATED,0.99,0,26,9,48,60,7,6,5,18,72
lymphatic drainage roller for face,RELEVANT,DRAINAGE,373,-,266,63,8,0,,NONE,1.3,0,63,70,184,107,150,109,131,96,-
bueaty,RELEVANT,OTHER,373,-,,121,1,0,,NONE,,2,-,-,-,-,121,-,-,-,-
face stone massager,RELEVANT,BRUSH_MASSAGE,373,-,,141,3,0,,NONE,,1,143,-,-,295,-,-,-,141,-
the mud brush,RELEVANT,BRUSH_MASSAGE,373,-,,,0,0,,NONE,1.29,0,-,-,-,-,-,-,-,-,-
real techniques instapop face brush 202,RELEVANT,BRUSH_MASSAGE,373,-,,,0,0,,NONE,,0,-,-,-,-,-,-,-,-,-
long handle dry brush for lymphatic drainage,RELEVANT,DRAINAGE,372,10,,58,4,0,,NONE,,0,-,79,58,103,-,97,-,-,-
wooden gua sha body massage tool,RELEVANT,GUA_SHA,372,-,,192,3,0,,NONE,0.94,1,-,192,228,277,-,-,-,-,-
makeu brushes,RELEVANT,BRUSH_MASSAGE,372,-,,293,1,0,,NONE,,0,-,-,-,-,293,-,-,-,-
cmwgkbc,RELEVANT,OTHER,372,-,,,0,0,,NONE,1.45,0,-,-,-,-,-,-,-,-,-
kitsch dry brush for lymphatic drainage,COMPETITOR_BRAND,DRAINAGE,371,-,196,1,8,1,B0H5MMYNWM,SINGLE,,0,40,23,37,66,38,35,1,74,-
"lymphatic contour face brush, manual lymphatic drainage massager, natural makeup brushes with durabl",OFF_CATEGORY,DRAINAGE,371,-,70,9,9,3,B0FD354L27|B0GSQW56YT|B0H5MMYNWM,SHARED,1.26,0,9,14,98,63,24,55,16,43,109
vddo contour face brush,RELEVANT,CONTOUR,371,-,37,3,3,3,B0FD6Y9BX5|B0G3685P2S|B0H5MMYNWM,SHARED,1.19,0,-,-,-,-,3,7,4,-,-
lymphatic contour face brush lymphatic drainage massager double chin reducer lymphatic drainage brus,RELEVANT,DRAINAGE,371,-,102,1,9,2,B0FD354L27|B0GSQW56YT,SHARED,1.15,0,1,15,151,54,34,59,73,60,147
lollipop brush for face,RELEVANT,BRUSH_MASSAGE,371,3,54,6,3,1,B0FD354L27,SINGLE,0.85,0,6,-,-,-,-,30,-,84,-
dry bush,RELEVANT,OTHER,371,5,,18,1,1,B0G3685P2S,SINGLE,1.1,0,-,-,-,-,-,18,-,-,-
copper infused dry brush,RELEVANT,BRUSH_MASSAGE,371,-,,23,1,0,,NONE,,0,-,-,-,-,-,-,-,23,-
at home facial kit for women,RELEVANT,OTHER,371,-,,28,1,0,,NONE,1.35,0,28,-,-,-,-,-,-,-,-
cool sculpting,RELEVANT,SCULPTING,371,2,,32,1,0,,NONE,1.25,0,-,-,-,-,-,-,-,32,-
beauty goods,RELEVANT,OTHER,371,-,,37,2,0,,NONE,,0,95,-,-,-,37,-,-,-,-
lifting and firming facial massage device,RELEVANT,BRUSH_MASSAGE,371,-,,51,2,0,,NONE,1.41,1,128,-,-,-,51,-,-,-,-
neck sculpting tool,RELEVANT,SCULPTING,371,-,,45,7,0,,NONE,1.47,0,45,62,207,84,58,166,-,161,-
facial cleaner brush,RELEVANT,BRUSH_MASSAGE,371,10,,56,6,0,,NONE,1.25,0,56,143,164,165,159,-,98,-,-
copper gua sha,RELEVANT,GUA_SHA,371,-,,34,1,0,,NONE,1,6,-,-,-,-,-,-,-,34,-
wood sculpting tools for body,RELEVANT,SCULPTING,371,2,,55,4,0,,NONE,1.16,0,55,131,143,153,-,-,-,-,-
face plunge,RELEVANT,OTHER,371,7,,80,1,0,,NONE,1.08,6,-,80,-,-,-,-,-,-,-
body ease brush,RELEVANT,BRUSH_MASSAGE,371,-,,185,2,0,,NONE,,0,-,185,190,-,-,-,-,-,-
small steel brush,RELEVANT,BRUSH_MASSAGE,371,-,,187,1,0,,NONE,,0,-,-,187,-,-,-,-,-,-
amazing cosmetics,RELEVANT,OTHER,371,1,,238,1,0,,NONE,2.01,0,238,-,-,-,-,-,-,-,-
face brush electric,OFF_CATEGORY,BRUSH_MASSAGE,371,-,,,0,0,,NONE,1.33,0,-,-,-,-,-,-,-,-,-
jowls,RELEVANT,OTHER,370,-,,6,1,1,B0FD354L27,SINGLE,,11,6,-,-,-,-,-,-,-,-
cheekface,RELEVANT,OTHER,370,-,,70,3,0,,NONE,1.28,0,-,-,-,-,226,98,70,-,-
lollipop facial brush,RELEVANT,BRUSH_MASSAGE,369,-,152,9,8,1,B0H5MMYNWM,SINGLE,1.18,0,36,25,59,68,47,55,9,60,-
kitsch pop brush,COMPETITOR_BRAND,BRUSH_MASSAGE,369,-,,3,1,1,B0H5MMYNWM,SINGLE,0.98,0,-,-,-,-,-,-,3,-,-
facial cleansing brush skin massager,RELEVANT,BRUSH_MASSAGE,369,-,261,68,8,0,,NONE,,0,68,85,131,127,97,128,106,98,-
soothesilk lymphatic drainage massager,COMPETITOR_BRAND,DRAINAGE,369,6,,23,1,0,,NONE,1.67,0,23,-,-,-,-,-,-,-,-
my favorite things gift ideas,RELEVANT,OTHER,369,-,,,0,0,,NONE,0.99,0,-,-,-,-,-,-,-,-,-
maya chia brush,RELEVANT,BRUSH_MASSAGE,368,-,,2,1,1,B0FD354L27,SINGLE,1.31,0,2,-,-,-,-,-,-,-,-
wellness products for woman,RELEVANT,OTHER,368,-,,3,1,1,B0FD354L27,SINGLE,,0,3,-,-,-,-,-,-,-,-
get rid double chin,RELEVANT,JAWLINE_CHIN,368,-,,5,1,1,B0FD354L27,SINGLE,1.03,0,5,-,-,-,-,-,-,-,-
brush cute,RELEVANT,BRUSH_MASSAGE,368,-,,290,1,0,,NONE,,0,-,-,-,-,290,-,-,-,-
kitch dry brush face,RELEVANT,BRUSH_MASSAGE,367,-,,1,6,6,B0FD354L27|B0GVBQ7P79|B0GC3HX5KH|B0FD6Y9BX5|B0G3685P2S|B0H5MMYNWM,CONSOLIDATED,,0,3,-,8,6,20,18,1,-,-
facial sculpting brushes for lymphatic drainage,RELEVANT,DRAINAGE,367,-,84,6,9,7,B0FD354L27|B0GSQW56YT|B0GC3HX5KH|B0FD6Y9BX5|B0G3685P2S|B0H5MMYNWM|B0G2XLH8CG,CONSOLIDATED,,0,7,8,21,15,6,11,16,9,66
korean face lifting brush,RELEVANT,BRUSH_MASSAGE,367,-,94,3,8,4,B0FD354L27|B0FD6Y9BX5|B0G3685P2S|B0G2XLH8CG,CONSOLIDATED,,0,7,22,42,46,3,8,27,14,-
face tightner,RELEVANT,OTHER,367,4,,57,3,0,,NONE,1.75,0,104,-,-,-,57,88,-,-,-
lymphatic drainage self massager,RELEVANT,DRAINAGE,367,-,,88,6,0,,NONE,,0,88,138,-,226,116,204,-,152,-
clarasonic,RELEVANT,OTHER,367,-,,51,1,0,,NONE,,0,51,-,-,-,-,-,-,-,-
double chin reducer face lifting,RELEVANT,JAWLINE_CHIN,367,-,,63,2,0,,NONE,,0,63,-,-,150,-,-,-,-,-
dry brush for legs,OFF_CATEGORY,BRUSH_MASSAGE,367,-,,139,2,0,,NONE,,0,-,155,139,-,-,-,-,-,-
real technique brushes,RELEVANT,BRUSH_MASSAGE,367,-,,124,3,0,,NONE,1.06,0,124,-,-,-,188,-,151,-,-
one thing skincare,RELEVANT,OTHER,367,-,,149,2,0,,NONE,1.3,0,149,-,-,-,-,206,-,-,-
japanese scalp brush,RELEVANT,BRUSH_MASSAGE,367,-,,138,1,0,,NONE,1,0,-,-,-,-,-,-,-,138,-
mothers day facial gift set,RELEVANT,OTHER,367,-,,225,1,0,,NONE,1.43,0,-,-,225,-,-,-,-,-,-
neck beauty device,RELEVANT,JAWLINE_CHIN,367,-,,233,1,0,,NONE,1.79,2,-,-,-,-,-,-,-,233,-
skincare routine set women,RELEVANT,OTHER,367,-,,253,1,0,,NONE,1.12,0,-,-,-,-,-,-,-,253,-
makeup brushes eye,RELEVANT,BRUSH_MASSAGE,367,15,,256,1,0,,NONE,1.07,0,-,-,-,-,256,-,-,-,-
cream makeup brush,OFF_CATEGORY,BRUSH_MASSAGE,367,5,,277,2,0,,NONE,0.81,0,277,-,-,-,303,-,-,-,-
under eye puffiness reducer instant,RELEVANT,DEPUFF,367,-,,300,1,0,,NONE,2.08,0,-,-,-,-,300,-,-,-,-
soft brush for face,RELEVANT,BRUSH_MASSAGE,366,-,,5,8,3,B0FD354L27|B0FD6Y9BX5|B0G3685P2S,SHARED,,0,6,61,68,78,5,7,23,36,-
best face exfoliator tool,RELEVANT,OTHER,366,-,,31,4,0,,NONE,1.35,0,-,31,96,-,33,92,-,-,-
lymphatic drainage brush body,RELEVANT,DRAINAGE,366,3,,26,9,0,,NONE,,0,26,121,49,70,155,88,114,82,177
what are the best lymphatic drainage products for home use,RELEVANT,DRAINAGE,366,-,,45,1,0,,NONE,2.17,0,45,-,-,-,-,-,-,-,-
lip plumping device,RELEVANT,OTHER,366,2,,82,1,0,,NONE,1.01,7,82,-,-,-,-,-,-,-,-
gua sha comb for scalp,RELEVANT,GUA_SHA,366,-,,150,1,0,,NONE,1.14,2,150,-,-,-,-,-,-,-,-
makeip brushes,RELEVANT,BRUSH_MASSAGE,366,-,,261,1,0,,NONE,,0,-,-,-,-,261,-,-,-,-
shiftalter,RELEVANT,OTHER,366,-,,,0,0,,NONE,1.08,0,-,-,-,-,-,-,-,-,-
best lymphatic face brush,RELEVANT,LYMPHATIC,365,-,282,1,9,8,B0FD354L27|B0GSQW56YT|B0GVBQ7P79|B0GC3HX5KH|B0FD6Y9BX5|B0G3685P2S|B0H5MMYNWM|B0G2XLH8CG,CONSOLIDATED,1.31,0,1,5,8,19,2,7,10,13,44
lymphatic contour face brush korean,RELEVANT,CONTOUR,365,-,67,1,9,6,B0FD354L27|B0GSQW56YT|B0GC3HX5KH|B0FD6Y9BX5|B0H5MMYNWM|B0G2XLH8CG,CONSOLIDATED,,0,12,14,32,20,1,21,16,7,59
lymphatic drainage for face,RELEVANT,DRAINAGE,365,2,,1,9,4,B0FD354L27|B0GSQW56YT|B0FD6Y9BX5|B0G2XLH8CG,CONSOLIDATED,1.43,0,7,8,55,70,1,21,24,19,292
yonka nutri contour,RELEVANT,CONTOUR,365,-,,36,3,0,,NONE,,0,57,-,-,-,36,69,-,-,-
elf stipple brush,RELEVANT,BRUSH_MASSAGE,365,11,,25,1,0,,NONE,0.48,0,25,-,-,-,-,-,-,-,-
best face tightening and lifting,RELEVANT,OTHER,365,-,,74,2,0,,NONE,2.31,0,74,-,-,-,84,-,-,-,-
extra large body makeup brush,RELEVANT,BRUSH_MASSAGE,365,-,,37,1,0,,NONE,1.39,22,-,-,-,-,37,-,-,-,-
heated lymph brush red light,RELEVANT,LYMPHATIC,364,-,,8,1,1,B0FD354L27,SINGLE,,0,8,-,-,-,-,-,-,-,-
arc brush for eyeshadow,RELEVANT,BRUSH_MASSAGE,364,-,,,0,0,,NONE,1,0,-,-,-,-,-,-,-,-,-
face stones,RELEVANT,OTHER,363,-,,115,3,0,,NONE,0.81,0,160,-,-,-,115,-,-,118,-
cellu light stick,RELEVANT,OTHER,363,-,,,0,0,,NONE,,0,-,-,-,-,-,-,-,-,-
lymphatic face brush natural bristles,RELEVANT,LYMPHATIC,362,8,157,3,9,3,B0GSQW56YT|B0GVBQ7P79|B0FD6Y9BX5,SHARED,,0,40,5,3,21,9,25,27,74,53
best tool for lymphatic drainage,RELEVANT,DRAINAGE,362,3,,9,7,2,B0FD354L27|B0FD6Y9BX5,SHARED,1.53,0,9,24,178,83,19,61,-,57,-
bk beauty face brushes,RELEVANT,BRUSH_MASSAGE,362,-,,24,2,0,,NONE,1.34,0,24,-,-,-,-,-,46,-,-
icon a,COMPETITOR_BRAND,OTHER,362,-,,2,1,1,B0G3685P2S,SINGLE,,0,-,-,-,-,-,2,-,-,-
facefit roller from canada,RELEVANT,OTHER,362,3,,6,1,1,B0FD354L27,SINGLE,,0,6,-,-,-,-,-,-,-,-
ultimate sha,RELEVANT,OTHER,362,-,,27,1,0,,NONE,0.82,0,-,-,-,-,-,-,-,27,-
jade stone gua sha,RELEVANT,GUA_SHA,362,-,,53,1,0,,NONE,1.25,10,-,-,-,-,-,-,-,53,-
make up brushes natural fiber,RELEVANT,BRUSH_MASSAGE,362,-,,106,2,0,,NONE,,0,106,-,-,-,-,184,-,-,-
ridged tools,RELEVANT,OTHER,362,-,,184,1,0,,NONE,,0,-,184,-,-,-,-,-,-,-
medicub mask,RELEVANT,OTHER,362,-,,195,1,0,,NONE,,0,195,-,-,-,-,-,-,-,-
abdomen massager,RELEVANT,BRUSH_MASSAGE,362,-,,281,1,0,,NONE,,0,-,281,-,-,-,-,-,-,-
lymphatic contour face brush soft bristles,RELEVANT,CONTOUR,361,-,57,4,9,8,B0GSQW56YT|B0GVBQ7P79|B0GC3HX5KH|B0FD6Y9BX5|B0G3685P2S|B0H5MMYNWM|B0G2XLH8CG|B0H93V3MNM,CONSOLIDATED,1.37,0,21,12,14,16,4,11,20,10,7
cepillos faciales para la cara,OFF_CATEGORY,OTHER,361,-,164,21,8,0,,NONE,1.09,0,43,42,126,64,21,67,50,92,-
hyaluxe lymphatic,RELEVANT,LYMPHATIC,361,-,,35,2,0,,NONE,,0,47,-,-,-,35,-,-,-,-
flex face brush for men douxds,RELEVANT,BRUSH_MASSAGE,361,-,,37,2,0,,NONE,1.52,0,-,45,-,-,-,37,-,-,-
farad beauty heated lymph brush red light,RELEVANT,LYMPHATIC,361,-,,13,3,1,B0G3685P2S,SINGLE,1.57,0,-,48,-,83,-,13,-,-,-
face product,RELEVANT,OTHER,361,-,,189,1,0,,NONE,,0,189,-,-,-,-,-,-,-,-
kojeca lymphatic face brush,RELEVANT,LYMPHATIC,360,-,87,3,9,6,B0FD354L27|B0GSQW56YT|B0GC3HX5KH|B0FD6Y9BX5|B0G3685P2S|B0G2XLH8CG,CONSOLIDATED,,0,7,17,24,20,3,12,21,11,49
lymphatic drainage brush face,RELEVANT,DRAINAGE,360,-,72,7,9,7,B0FD354L27|B0GSQW56YT|B0GVBQ7P79|B0FD6Y9BX5|B0G3685P2S|B0H5MMYNWM|B0G2XLH8CG,CONSOLIDATED,1.38,0,13,11,16,24,7,14,8,19,53
mykitsch brush,COMPETITOR_BRAND,BRUSH_MASSAGE,360,-,,1,1,1,B0H5MMYNWM,SINGLE,0.97,0,-,-,-,-,-,-,1,-,-
body oil for lymphatic drainage,OFF_CATEGORY,DRAINAGE,360,-,,84,1,0,,NONE,,0,-,-,-,-,-,-,-,84,-
chin sculpting device,RELEVANT,SCULPTING,360,-,,71,2,0,,NONE,,0,71,-,-,-,158,-,-,-,-
guasha body,RELEVANT,GUA_SHA,360,-,,159,3,0,,NONE,,1,-,159,174,286,-,-,-,-,-
eye massager for dry eyes,RELEVANT,BRUSH_MASSAGE,360,-,,198,5,0,,NONE,2.24,0,224,-,-,237,198,219,-,228,-
korean brush for face,RELEVANT,BRUSH_MASSAGE,359,-,107,1,8,3,B0FD354L27|B0GC3HX5KH|B0FD6Y9BX5,SHARED,1.16,0,1,26,40,12,2,35,29,32,-
chinology double chin lifting,RELEVANT,JAWLINE_CHIN,359,-,,28,1,0,,NONE,1.59,9,28,-,-,-,-,-,-,-,-
gua sha oil for face lymphatic,OFF_CATEGORY,GUA_SHA,359,-,108,19,2,1,B0G2XLH8CG,SINGLE,,0,-,-,-,-,-,-,-,19,148
lymphatic oil for face,OFF_CATEGORY,LYMPHATIC,359,-,,40,1,0,,NONE,,0,-,-,-,-,-,-,-,40,-
deep clensing brush,RELEVANT,BRUSH_MASSAGE,359,-,,46,4,0,,NONE,,0,-,-,193,215,-,196,46,-,-
gua sha',RELEVANT,GUA_SHA,359,6,,64,4,0,,NONE,1.29,0,-,64,300,191,-,-,-,168,-
kojiva face brush,COMPETITOR_BRAND,BRUSH_MASSAGE,358,-,75,4,7,6,B0FD354L27|B0GC3HX5KH|B0FD6Y9BX5|B0G3685P2S|B0H5MMYNWM|B0G2XLH8CG,CONSOLIDATED,1.43,0,4,-,32,13,10,7,14,8,-
lymphatic fave brush,RELEVANT,LYMPHATIC,358,-,75,2,9,6,B0FD354L27|B0GSQW56YT|B0FD6Y9BX5|B0G3685P2S|B0H5MMYNWM|B0G2XLH8CG,CONSOLIDATED,,0,5,13,21,23,2,10,12,14,60
alvora lymphatic brush,COMPETITOR_BRAND,LYMPHATIC,358,-,96,6,8,3,B0GSQW56YT|B0FD6Y9BX5|B0G3685P2S,SHARED,1.21,0,33,19,23,28,6,17,31,24,-
dry guasha brush for face,RELEVANT,GUA_SHA,358,13,147,2,9,5,B0FD354L27|B0GSQW56YT|B0GC3HX5KH|B0FD6Y9BX5|B0G3685P2S,CONSOLIDATED,1.47,0,15,5,23,20,2,12,54,57,40
farad beauty heated lymph brush,RELEVANT,LYMPHATIC,358,-,,7,5,1,B0G2XLH8CG,SINGLE,1.39,0,-,46,50,69,-,52,-,7,-
masajeador linfatico,OFF_CATEGORY,OTHER,358,-,,29,3,0,,NONE,1.56,0,29,108,-,-,-,-,-,36,-
lymphatic drainage sculptique,RELEVANT,DRAINAGE,358,-,,24,3,0,,NONE,,0,24,-,-,80,-,82,-,-,-
kitish,RELEVANT,OTHER,358,5,,4,1,1,B0H5MMYNWM,SINGLE,,0,-,-,-,-,-,-,4,-,-
doge and voller face massager,RELEVANT,BRUSH_MASSAGE,358,6,,9,1,1,B0FD354L27,SINGLE,1.56,0,9,-,-,-,-,-,-,-,-
chin firming and tightening,RELEVANT,OTHER,358,-,,25,1,0,,NONE,,0,25,-,-,-,-,-,-,-,-
tool daily,RELEVANT,OTHER,358,5,,72,6,0,,NONE,1.37,0,72,140,120,-,96,122,-,104,-
chin wrap for sleeping,OFF_CATEGORY,OTHER,358,13,,62,1,0,,NONE,1.01,0,62,-,-,-,-,-,-,-,-
copper body brush,RELEVANT,BRUSH_MASSAGE,358,-,,63,1,0,,NONE,1.33,5,-,-,-,-,-,-,-,63,-
lymphatic drainage tool for legs,OFF_CATEGORY,DRAINAGE,358,1,,167,4,0,,NONE,1.15,0,173,167,227,-,-,187,-,-,-
5 in 1 cushion brush,RELEVANT,BRUSH_MASSAGE,358,-,,68,1,0,,NONE,1.27,0,-,-,-,-,68,-,-,-,-
anti cellulite roller,RELEVANT,OTHER,358,-,,76,1,0,,NONE,1.01,3,76,-,-,-,-,-,-,-,-
amazon makeup brushes,RELEVANT,BRUSH_MASSAGE,358,-,,132,2,0,,NONE,1.14,0,151,-,-,-,132,-,-,-,-
same day detox,RELEVANT,OTHER,358,4,,155,2,0,,NONE,,0,155,-,-,-,170,-,-,-,-
wooden makeup set,RELEVANT,OTHER,358,4,,256,1,0,,NONE,0.62,0,-,-,-,256,-,-,-,-,-
dry facial brush,RELEVANT,BRUSH_MASSAGE,357,-,,3,9,2,B0GSQW56YT|B0FD6Y9BX5,SHARED,1.15,1,74,15,24,113,3,22,67,84,91
lancya face massager,RELEVANT,BRUSH_MASSAGE,357,4,,17,1,1,B0FD354L27,SINGLE,,0,17,-,-,-,-,-,-,-,-
neck care,RELEVANT,JAWLINE_CHIN,357,-,,23,1,0,,NONE,,2,23,-,-,-,-,-,-,-,-
face tightene,RELEVANT,OTHER,357,-,,76,3,0,,NONE,,0,97,-,-,-,76,80,-,-,-
face serum set,OFF_CATEGORY,OTHER,357,-,,236,1,0,,NONE,1.84,7,-,-,-,-,236,-,-,-,-
wood tool,RELEVANT,OTHER,357,2,,243,1,0,,NONE,0.94,0,-,-,-,243,-,-,-,-,-
massage face tool,RELEVANT,BRUSH_MASSAGE,356,-,,12,7,1,B0FD6Y9BX5,SINGLE,1.35,0,35,127,184,122,12,209,-,132,-
add on items face products,RELEVANT,OTHER,356,-,,53,1,0,,NONE,,0,53,-,-,-,-,-,-,-,-
dermaplaning blades for face,RELEVANT,OTHER,356,10,,89,1,0,,NONE,1.35,0,89,-,-,-,-,-,-,-,-
beauty care for women,RELEVANT,OTHER,356,-,,98,1,0,,NONE,1.39,0,-,-,-,-,98,-,-,-,-
face gift sets for women,RELEVANT,OTHER,356,-,,286,1,0,,NONE,1.32,0,-,-,-,-,-,-,-,286,-
facial lymphatic drainage tools,RELEVANT,DRAINAGE,355,-,176,5,9,3,B0GSQW56YT|B0FD6Y9BX5|B0G2XLH8CG,SHARED,1.29,0,82,19,104,130,5,99,64,20,202
red light lymph brush,RELEVANT,LYMPHATIC,355,-,74,69,2,0,,NONE,,0,-,-,-,69,-,87,-,-,-
leg roller for cellulite,RELEVANT,OTHER,355,-,,69,1,0,,NONE,1.04,0,69,-,-,-,-,-,-,-,-
keys skin care,RELEVANT,OTHER,355,-,,91,1,0,,NONE,,0,91,-,-,-,-,-,-,-,-
produce brushes,RELEVANT,BRUSH_MASSAGE,355,-,,180,1,0,,NONE,,2,-,-,-,-,180,-,-,-,-
leg exfoliator tool,RELEVANT,OTHER,355,-,,255,2,0,,NONE,,0,-,266,255,-,-,-,-,-,-
fascia brush for cellulite,RELEVANT,BRUSH_MASSAGE,354,-,203,11,8,1,B0FD354L27,SINGLE,,0,11,54,133,69,76,74,-,172,160
face lifter device,RELEVANT,OTHER,354,-,,73,1,0,,NONE,1.87,0,73,-,-,-,-,-,-,-,-
gua sha horn,RELEVANT,GUA_SHA,354,-,,74,1,0,,NONE,0.97,0,-,-,-,-,-,-,-,74,-
gu sha tool,RELEVANT,OTHER,354,-,,74,2,0,,NONE,1.16,0,-,-,261,-,-,-,-,74,-
face cleanser tool,RELEVANT,OTHER,354,4,,169,2,0,,NONE,1.21,0,-,169,-,205,-,-,-,-,-
self care gifts women,RELEVANT,OTHER,354,-,,,0,0,,NONE,1.33,0,-,-,-,-,-,-,-,-,-
soft gua sha brush,RELEVANT,GUA_SHA,353,9,58,1,9,6,B0FD354L27|B0GSQW56YT|B0GC3HX5KH|B0FD6Y9BX5|B0G3685P2S|B0G2XLH8CG,CONSOLIDATED,1.44,0,5,4,61,10,1,7,24,3,94
omulikj face brush,RELEVANT,BRUSH_MASSAGE,353,-,31,1,4,3,B0FD354L27|B0FD6Y9BX5|B0H5MMYNWM,SHARED,,0,1,-,-,21,5,-,2,-,-
i dew care face brush,RELEVANT,BRUSH_MASSAGE,353,-,,11,3,1,B0H5MMYNWM,SINGLE,,0,-,-,-,49,-,37,11,-,-
red light lymphatic brush,RELEVANT,LYMPHATIC,353,-,,33,8,0,,NONE,2.06,0,33,98,129,284,118,108,61,121,-
copper bristle dry brush,RELEVANT,BRUSH_MASSAGE,353,-,,20,1,1,B0G2XLH8CG,SINGLE,1.7,0,-,-,-,-,-,-,-,20,-
skin zen,RELEVANT,OTHER,353,11,,47,1,0,,NONE,1.43,3,47,-,-,-,-,-,-,-,-
dry brush for cellulite legs,OFF_CATEGORY,BRUSH_MASSAGE,353,-,,92,2,0,,NONE,1.4,0,-,-,-,290,-,92,-,-,-
green contour makeup,RELEVANT,CONTOUR,353,-,,134,1,0,,NONE,,0,-,-,-,-,-,-,-,134,-
slim cleaning brush,RELEVANT,BRUSH_MASSAGE,353,-,,202,1,0,,NONE,1.14,0,202,-,-,-,-,-,-,-,-
real techniques makeup brush sets,RELEVANT,BRUSH_MASSAGE,353,6,,208,1,0,,NONE,,0,-,-,-,-,208,-,-,-,-
skincare cooler,RELEVANT,OTHER,353,-,,256,1,0,,NONE,0.88,0,-,-,-,-,-,-,-,256,-
clean produce brush,RELEVANT,BRUSH_MASSAGE,353,-,,278,1,0,,NONE,1.09,0,-,-,-,-,278,-,-,-,-
highest rated gua sha,RELEVANT,GUA_SHA,352,-,,24,2,0,,NONE,1.38,0,24,-,-,-,-,-,-,35,-
"neck face massager, face sculpting tool",RELEVANT,SCULPTING,352,-,,47,6,0,,NONE,2.1,1,97,78,-,184,47,149,-,127,-
meridian brush for belly,RELEVANT,BRUSH_MASSAGE,352,-,,34,1,0,,NONE,1.11,3,34,-,-,-,-,-,-,-,-
isinis hair brush,RELEVANT,BRUSH_MASSAGE,352,-,,272,1,0,,NONE,,0,-,-,-,-,-,-,-,272,-
shiseido brush,RELEVANT,BRUSH_MASSAGE,351,2,,21,1,0,,NONE,0.9,0,-,-,-,-,-,-,21,-,-
eyes depuffer,RELEVANT,DEPUFF,351,-,,83,1,0,,NONE,,0,-,-,-,-,-,-,-,83,-
hypoallergenic makeup brushes,RELEVANT,BRUSH_MASSAGE,351,-,,271,1,0,,NONE,,0,-,-,-,-,-,-,271,-,-
contour angled brush,RELEVANT,CONTOUR,351,-,,,0,0,,NONE,,0,-,-,-,-,-,-,-,-,-
gua sha skincare,RELEVANT,GUA_SHA,350,-,,61,9,0,,NONE,,0,70,102,171,141,116,111,140,61,151
neck sling for double chin,RELEVANT,JAWLINE_CHIN,350,-,,46,1,0,,NONE,,0,46,-,-,-,-,-,-,-,-
gold tools,RELEVANT,OTHER,350,1,,156,1,0,,NONE,,0,-,-,156,-,-,-,-,-,-
bevella lymphatic brush,RELEVANT,LYMPHATIC,349,-,263,3,8,5,B0FD354L27|B0GSQW56YT|B0FD6Y9BX5|B0G3685P2S|B0H5MMYNWM,CONSOLIDATED,,0,15,20,37,38,7,5,3,21,-
face gua sha brush,RELEVANT,GUA_SHA,349,15,74,4,9,6,B0FD354L27|B0GSQW56YT|B0GC3HX5KH|B0FD6Y9BX5|B0H5MMYNWM|B0G2XLH8CG,CONSOLIDATED,1.16,0,16,8,31,13,4,30,5,7,100
sculpting face brush,RELEVANT,SCULPTING,349,-,96,3,9,6,B0FD354L27|B0GSQW56YT|B0GVBQ7P79|B0FD6Y9BX5|B0G3685P2S|B0H5MMYNWM,CONSOLIDATED,,0,9,7,15,75,3,11,5,35,73
best lymphatic drainage tools face,RELEVANT,DRAINAGE,349,7,,2,9,5,B0FD354L27|B0GSQW56YT|B0FD6Y9BX5|B0G3685P2S|B0G2XLH8CG,CONSOLIDATED,1.53,0,2,6,36,76,12,17,21,11,254
lymphatic brush body,RELEVANT,LYMPHATIC,349,-,,19,8,1,B0FD354L27,SINGLE,,0,19,104,69,215,22,161,129,72,-
face needling,RELEVANT,OTHER,349,-,,19,1,1,B0FD6Y9BX5,SINGLE,,0,-,-,-,-,19,-,-,-,-
dermal therapy,RELEVANT,OTHER,349,12,,19,1,1,B0FD354L27,SINGLE,1.43,1,19,-,-,-,-,-,-,-,-
sculpt nouveau,RELEVANT,SCULPTING,349,-,,52,1,0,,NONE,,4,-,-,-,-,-,52,-,-,-
brocha maquillaje,RELEVANT,OTHER,349,-,,63,1,0,,NONE,,0,-,-,-,-,63,-,-,-,-
masajeador para la cara facial,RELEVANT,OTHER,349,-,,83,1,0,,NONE,,0,-,-,-,-,83,-,-,-,-
terracotta makeup,RELEVANT,OTHER,349,-,,89,1,0,,NONE,,0,-,-,-,-,-,-,89,-,-
blushly cleansing body brush,RELEVANT,BRUSH_MASSAGE,349,-,258,66,3,0,,NONE,1.4,0,-,-,-,167,-,120,66,-,-
wood therapy lymphatic drainage massage roller stick,RELEVANT,DRAINAGE,349,-,,194,1,0,,NONE,0.99,0,-,-,-,194,-,-,-,-,-
medicube maak,OFF_CATEGORY,OTHER,349,-,,200,1,0,,NONE,,0,200,-,-,-,-,-,-,-,-
hair brush cleaning solution,RELEVANT,BRUSH_MASSAGE,349,3,,258,1,0,,NONE,,0,-,258,-,-,-,-,-,-,-
meridian massage comb,RELEVANT,BRUSH_MASSAGE,349,-,,,0,0,,NONE,,5,-,-,-,-,-,-,-,-,-
de-bloat face sculpting brush,RELEVANT,SCULPTING,348,-,62,2,8,7,B0FD354L27|B0GSQW56YT|B0GC3HX5KH|B0FD6Y9BX5|B0G3685P2S|B0H5MMYNWM|B0G2XLH8CG,CONSOLIDATED,1.29,0,16,10,29,14,2,5,7,12,-
cepillado en seco,OFF_CATEGORY,OTHER,348,-,,20,2,1,B0GVBQ7P79,SINGLE,,0,-,-,20,25,-,-,-,-,-
hwahong brush,RELEVANT,BRUSH_MASSAGE,348,-,,32,1,0,,NONE,,0,-,-,-,32,-,-,-,-,-
facial dry brush for face,RELEVANT,BRUSH_MASSAGE,347,-,,1,9,5,B0FD354L27|B0GSQW56YT|B0GC3HX5KH|B0FD6Y9BX5|B0G3685P2S,CONSOLIDATED,1.04,1,1,17,23,18,2,11,29,21,76
lymphatic drainage brush soft,RELEVANT,DRAINAGE,347,-,58,3,9,6,B0FD354L27|B0GSQW56YT|B0GC3HX5KH|B0FD6Y9BX5|B0H5MMYNWM|B0G2XLH8CG,CONSOLIDATED,,0,3,7,22,20,5,30,8,19,260
myofunctional therapy tools,RELEVANT,OTHER,347,-,,26,1,0,,NONE,1.08,2,26,-,-,-,-,-,-,-,-
lymphatic drainage￼,RELEVANT,DRAINAGE,347,-,,12,6,1,B0FD354L27,SINGLE,2.12,0,12,137,-,215,49,186,-,163,-
yuri korean skin care,RELEVANT,OTHER,347,-,,107,1,0,,NONE,1.44,0,107,-,-,-,-,-,-,-,-
stainless brush,OFF_CATEGORY,BRUSH_MASSAGE,347,-,,188,1,0,,NONE,,0,-,-,188,-,-,-,-,-,-
face lift serum,OFF_CATEGORY,OTHER,347,-,,239,1,0,,NONE,1.76,9,-,-,-,-,239,-,-,-,-
amazon cleaning brush,RELEVANT,BRUSH_MASSAGE,347,-,,258,1,0,,NONE,1.23,0,258,-,-,-,-,-,-,-,-
facial contour dry brush,RELEVANT,CONTOUR,346,-,150,4,9,3,B0GSQW56YT|B0FD6Y9BX5|B0G3685P2S,SHARED,,0,23,10,22,41,4,14,27,33,78
viral lymphatic face brush,RELEVANT,LYMPHATIC,346,-,,1,9,6,B0FD354L27|B0GSQW56YT|B0FD6Y9BX5|B0G3685P2S|B0H5MMYNWM|B0G2XLH8CG,CONSOLIDATED,1.32,0,2,8,22,21,1,19,6,11,269
kitsch brush set,COMPETITOR_BRAND,BRUSH_MASSAGE,346,-,,19,1,1,B0H5MMYNWM,SINGLE,,0,-,-,-,-,-,-,19,-,-
face wand massager,RELEVANT,BRUSH_MASSAGE,346,-,,24,1,0,,NONE,1.93,0,24,-,-,-,-,-,-,-,-
cooling for neck and face,RELEVANT,JAWLINE_CHIN,346,-,,168,2,0,,NONE,1.08,0,193,-,-,-,-,-,-,168,-
face scrubbers exfoliating,RELEVANT,OTHER,346,-,,98,1,0,,NONE,1.05,0,98,-,-,-,-,-,-,-,-
vough lymphatic contour face brush,COMPETITOR_BRAND,CONTOUR,345,-,96,5,9,4,B0FD354L27|B0GSQW56YT|B0FD6Y9BX5|B0G2XLH8CG,CONSOLIDATED,,0,7,19,39,69,5,21,24,20,56
face brush makeup,RELEVANT,BRUSH_MASSAGE,345,-,,65,6,0,,NONE,1.24,0,134,-,-,-,65,251,120,194,241
mothers day gifts skin care,RELEVANT,OTHER,345,-,,39,1,0,,NONE,1.24,0,39,-,-,-,-,-,-,-,-
face washing accessories,RELEVANT,OTHER,345,-,,48,1,0,,NONE,0.69,0,48,-,-,-,-,-,-,-,-
sculpt and cleanse,RELEVANT,SCULPTING,345,-,,60,1,0,,NONE,1.98,0,-,60,-,-,-,-,-,-,-
beauty and health,RELEVANT,OTHER,345,-,,83,2,0,,NONE,,0,120,-,-,-,83,-,-,-,-
facial oils for gua sha massage,OFF_CATEGORY,GUA_SHA,345,-,,123,2,0,,NONE,,0,-,123,-,-,-,-,-,145,-
face oils for women,OFF_CATEGORY,OTHER,345,-,,127,1,0,,NONE,1.57,0,-,-,-,-,-,-,-,127,-
body sculpting essentials,RELEVANT,SCULPTING,345,-,,128,1,0,,NONE,1.66,0,-,-,-,-,-,-,-,128,-
koje a lymphatic face brush,RELEVANT,LYMPHATIC,344,-,108,2,9,6,B0FD354L27|B0GSQW56YT|B0GVBQ7P79|B0FD6Y9BX5|B0H5MMYNWM|B0G2XLH8CG,CONSOLIDATED,1.68,0,7,11,10,23,2,26,15,14,45
lymphatic beauty brush,RELEVANT,LYMPHATIC,344,-,81,1,9,5,B0FD354L27|B0GSQW56YT|B0GVBQ7P79|B0FD6Y9BX5|B0G2XLH8CG,CONSOLIDATED,,0,3,12,10,24,1,44,26,20,123
face firming depuffer,RELEVANT,DEPUFF,344,-,,26,4,0,,NONE,,0,26,-,-,158,54,117,-,-,-
skincare must haves,RELEVANT,OTHER,344,-,,25,1,0,,NONE,1.58,0,-,-,-,-,25,-,-,-,-
stone face roller,RELEVANT,OTHER,344,-,,66,1,0,,NONE,1.02,2,66,-,-,-,-,-,-,-,-
instant neck lift,RELEVANT,JAWLINE_CHIN,344,-,,95,1,0,,NONE,1.4,12,-,-,-,-,-,95,-,-,-
double chin cream,OFF_CATEGORY,JAWLINE_CHIN,344,-,,96,1,0,,NONE,1.73,0,96,-,-,-,-,-,-,-,-
face srubber,RELEVANT,OTHER,344,6,,16,2,1,B0H5MMYNWM,SINGLE,,0,-,-,-,230,-,-,16,-,-
massager amazon,RELEVANT,BRUSH_MASSAGE,344,-,,113,1,0,,NONE,,0,113,-,-,-,-,-,-,-,-
hair massager brush,RELEVANT,BRUSH_MASSAGE,344,-,,193,1,0,,NONE,1.24,0,-,-,-,-,-,-,-,193,-
get rid of eye bag,RELEVANT,OTHER,344,-,,194,3,0,,NONE,2.3,0,194,-,-,-,230,271,-,-,-
make up brushes for women professional,RELEVANT,BRUSH_MASSAGE,344,-,,176,2,0,,NONE,,0,293,-,-,-,176,-,-,-,-
face routine kit,RELEVANT,OTHER,344,1,,226,2,0,,NONE,,0,-,-,275,-,226,-,-,-,-
soft face brush for lymphatic drainage,RELEVANT,DRAINAGE,343,-,271,1,9,8,B0FD354L27|B0GSQW56YT|B0GVBQ7P79|B0GC3HX5KH|B0FD6Y9BX5|B0G3685P2S|B0H5MMYNWM|B0G2XLH8CG,CONSOLIDATED,,0,2,5,8,14,1,10,7,13,282
eco brush,RELEVANT,BRUSH_MASSAGE,343,7,,47,1,0,,NONE,,0,47,-,-,-,-,-,-,-,-
beauty deals clearance,RELEVANT,OTHER,342,-,,152,1,0,,NONE,1.41,0,-,-,-,-,152,-,-,-,-
touch beauty essentials facial brush,RELEVANT,BRUSH_MASSAGE,341,-,145,6,4,2,B0FD354L27|B0H5MMYNWM,SHARED,,0,6,-,-,-,22,-,14,155,-
gua sha facial,RELEVANT,GUA_SHA,341,-,290,35,8,0,,NONE,,32,35,45,251,194,211,218,201,36,-
sculpta lymphatic drainage,RELEVANT,DRAINAGE,341,-,,33,2,0,,NONE,2.06,0,33,-,-,-,-,127,-,-,-
body glow with brush,RELEVANT,BRUSH_MASSAGE,341,-,,142,2,0,,NONE,,0,-,142,166,-,-,-,-,-,-
medicubeask,OFF_CATEGORY,OTHER,341,-,,209,1,0,,NONE,,0,209,-,-,-,-,-,-,-,-
eye cream with applicator brush,OFF_CATEGORY,BRUSH_MASSAGE,341,-,,250,1,0,,NONE,,0,-,-,-,-,250,-,-,-,-
lume facial sculptor,RELEVANT,SCULPTING,340,-,,1,1,1,B0FD354L27,SINGLE,1.55,0,1,-,-,-,-,-,-,-,-
activea lymphatic drainage,RELEVANT,DRAINAGE,340,-,,26,1,0,,NONE,2.03,0,26,-,-,-,-,-,-,-,-
gua sha face tool,RELEVANT,GUA_SHA,340,-,285,41,7,0,,NONE,,0,59,41,180,105,157,189,-,43,-
gaucha for face,RELEVANT,OTHER,340,-,,86,3,0,,NONE,,0,-,86,-,122,-,-,-,110,-
￼face scrubber,RELEVANT,OTHER,340,-,,117,1,0,,NONE,,0,-,-,-,-,-,-,117,-,-
resin brushes,RELEVANT,BRUSH_MASSAGE,340,-,,156,1,0,,NONE,,8,-,156,-,-,-,-,-,-,-
jaw massage,RELEVANT,BRUSH_MASSAGE,340,-,,139,2,0,,NONE,1.55,1,-,-,-,-,139,-,-,270,-
eye and temple massager,RELEVANT,BRUSH_MASSAGE,340,-,,199,2,0,,NONE,2.01,0,-,-,-,-,286,-,-,199,-
heart shaped gua sha,RELEVANT,GUA_SHA,340,-,,,0,0,,NONE,,2,-,-,-,-,-,-,-,-,-
sefvako lymphatic contour face brush,COMPETITOR_BRAND,CONTOUR,339,20,95,2,9,5,B0FD354L27|B0GSQW56YT|B0FD6Y9BX5|B0H5MMYNWM|B0G2XLH8CG,CONSOLIDATED,,1,20,5,26,47,8,30,13,2,44
guasha for face,RELEVANT,GUA_SHA,339,9,220,10,8,2,B0FD354L27|B0FD6Y9BX5,SHARED,1.2,1,10,47,253,69,18,178,-,49,143
face oil for lymphatic drainage,OFF_CATEGORY,DRAINAGE,339,-,147,33,4,0,,NONE,,0,56,57,-,-,-,102,-,33,-
gua sh,RELEVANT,OTHER,339,-,,43,2,0,,NONE,1.28,0,-,-,-,120,-,-,-,43,-
hand held lymphatic drainage massager,RELEVANT,DRAINAGE,339,-,,52,1,0,,NONE,,0,52,-,-,-,-,-,-,-,-
gua sha for legs,OFF_CATEGORY,GUA_SHA,339,13,,150,3,0,,NONE,0.94,0,-,187,227,-,-,-,-,150,-
best dermaplane razor for women face,RELEVANT,OTHER,339,13,,100,1,0,,NONE,,0,100,-,-,-,-,-,-,-,-
glow brush hair,RELEVANT,BRUSH_MASSAGE,339,-,,135,1,0,,NONE,0.99,0,-,-,-,-,-,-,-,135,-
best face oil for gua sha,OFF_CATEGORY,GUA_SHA,339,5,254,81,3,0,,NONE,1.67,0,-,81,-,-,-,278,-,281,-
esthetician uniform spa,RELEVANT,OTHER,339,-,,226,1,0,,NONE,,0,-,-,-,226,-,-,-,-,-
cream brush makeup,OFF_CATEGORY,BRUSH_MASSAGE,339,7,,252,2,0,,NONE,,0,252,-,-,-,256,-,-,-,-
skin massage,RELEVANT,BRUSH_MASSAGE,339,-,,265,1,0,,NONE,,1,-,-,-,-,265,-,-,-,-
quality makeup brushes,RELEVANT,BRUSH_MASSAGE,339,-,,293,1,0,,NONE,,0,-,-,-,-,293,-,-,-,-
gua sha jade stone tools guasha tool for face skincare facial body relieve muscle tensions reduce puffiness festive gifts,RELEVANT,GUA_SHA,339,-,,,0,0,,NONE,,0,-,-,-,-,-,-,-,-,-
bobby design,RELEVANT,OTHER,339,-,,,0,0,,NONE,,2,-,-,-,-,-,-,-,-,-
flahold,RELEVANT,OTHER,338,-,,2,2,2,B0FD354L27|B0GC3HX5KH,SHARED,,0,2,-,-,6,-,-,-,-,-
facial skin tightening,RELEVANT,OTHER,338,-,,63,1,0,,NONE,,0,63,-,-,-,-,-,-,-,-
face maks skincare,RELEVANT,OTHER,338,-,,94,1,0,,NONE,1.68,0,94,-,-,-,-,-,-,-,-
lymph node drainage,RELEVANT,DRAINAGE,338,-,,49,3,0,,NONE,1.85,0,79,-,-,-,49,-,-,-,263
cosmetic cooler,RELEVANT,OTHER,338,-,,143,1,0,,NONE,0.7,0,-,-,-,-,-,-,-,143,-
anua guadha,OFF_CATEGORY,OTHER,338,-,,,0,0,,NONE,,0,-,-,-,-,-,-,-,-,-
lymphatic drainage suction cup,RELEVANT,DRAINAGE,338,-,,,0,0,,NONE,1.43,0,-,-,-,-,-,-,-,-,-
magnetic facial,RELEVANT,OTHER,338,-,,,0,0,,NONE,,6,-,-,-,-,-,-,-,-,-
kojeva lymphatic brush face,COMPETITOR_BRAND,LYMPHATIC,337,-,46,5,9,7,B0FD354L27|B0GSQW56YT|B0GVBQ7P79|B0FD6Y9BX5|B0G3685P2S|B0H5MMYNWM|B0G2XLH8CG,CONSOLIDATED,1.3,0,9,11,10,95,5,6,15,13,67
face lymphatic contour brush,RELEVANT,CONTOUR,337,7,107,4,9,5,B0FD354L27|B0GSQW56YT|B0FD6Y9BX5|B0G3685P2S|B0H5MMYNWM,CONSOLIDATED,1.33,0,20,11,26,84,4,13,10,74,54
korean face massage tool,RELEVANT,BRUSH_MASSAGE,337,-,,26,4,0,,NONE,,0,26,80,-,164,63,-,-,-,-
guasha massage tool,RELEVANT,GUA_SHA,337,-,,78,7,0,,NONE,1.17,3,78,180,82,181,179,300,-,224,-
face depuffing wand,RELEVANT,DEPUFF,337,-,,38,1,0,,NONE,,0,-,-,-,-,38,-,-,-,-
beauty brush,RELEVANT,BRUSH_MASSAGE,337,-,,63,4,0,,NONE,0.86,0,77,-,-,-,63,-,271,252,-
medical grade lymphatic drainage,RELEVANT,DRAINAGE,337,-,,72,1,0,,NONE,2.75,0,72,-,-,-,-,-,-,-,-
glow beauty,RELEVANT,OTHER,337,-,,94,1,0,,NONE,1.9,3,-,-,-,-,94,-,-,-,-
lymphatic drainage wooden tool set,RELEVANT,DRAINAGE,337,-,,60,3,0,,NONE,,0,-,-,80,156,-,-,-,60,-
everyside lymphatic drainage,RELEVANT,DRAINAGE,337,6,,170,2,0,,NONE,2.42,0,170,-,-,-,-,181,-,-,-
makeup brushes sets,RELEVANT,BRUSH_MASSAGE,337,-,,289,1,0,,NONE,0.83,0,-,-,-,-,289,-,-,-,-
eye inflammation relief,RELEVANT,OTHER,337,-,,301,1,0,,NONE,,0,301,-,-,-,-,-,-,-,-
contourglow™ brush,RELEVANT,CONTOUR,336,-,45,2,8,6,B0FD354L27|B0GVBQ7P79|B0FD6Y9BX5|B0G3685P2S|B0H5MMYNWM|B0G2XLH8CG,CONSOLIDATED,1.16,0,6,-,20,21,2,10,12,11,62
lymph node brush,RELEVANT,LYMPHATIC,336,-,148,5,8,3,B0FD354L27|B0GSQW56YT|B0G3685P2S,SHARED,,0,5,7,31,87,24,19,-,25,75
best face sculpting tool,RELEVANT,SCULPTING,336,-,,6,8,2,B0FD354L27|B0FD6Y9BX5,SHARED,1.39,0,11,24,66,115,6,40,-,258,250
large sculpting tools,RELEVANT,SCULPTING,336,-,,88,7,0,,NONE,,0,88,153,-,272,93,189,-,208,250
large make up brush,RELEVANT,BRUSH_MASSAGE,336,-,,96,1,0,,NONE,,0,-,-,-,-,96,-,-,-,-
skin care systems,RELEVANT,OTHER,336,-,,115,1,0,,NONE,,0,-,-,-,-,115,-,-,-,-
dry brush for stretch marks,RELEVANT,BRUSH_MASSAGE,336,-,,,0,0,,NONE,,0,-,-,-,-,-,-,-,-,-
korean lymphatic brush,RELEVANT,LYMPHATIC,335,-,93,1,8,7,B0FD354L27|B0GSQW56YT|B0GC3HX5KH|B0FD6Y9BX5|B0G3685P2S|B0H5MMYNWM|B0G2XLH8CG,CONSOLIDATED,,0,6,2,22,20,1,5,10,4,-
lymphatic contour face brush puur house,COMPETITOR_BRAND,CONTOUR,335,-,106,3,9,6,B0FD354L27|B0GSQW56YT|B0FD6Y9BX5|B0G3685P2S|B0H5MMYNWM|B0G2XLH8CG,CONSOLIDATED,1.13,0,3,19,30,22,18,8,12,20,60
masajeador linfático facial,RELEVANT,OTHER,335,6,172,8,6,2,B0FD354L27|B0G3685P2S,SHARED,1.5,0,9,21,-,42,22,8,-,31,-
kitsch face dry brush,COMPETITOR_BRAND,BRUSH_MASSAGE,335,-,,1,4,4,B0FD354L27|B0GVBQ7P79|B0GC3HX5KH|B0H5MMYNWM,CONSOLIDATED,,0,3,-,4,18,-,-,1,-,-
soft facial brush,RELEVANT,BRUSH_MASSAGE,335,9,,8,8,2,B0FD354L27|B0FD6Y9BX5,SHARED,1.04,0,8,77,66,70,18,64,49,30,-
mumoya gobrush,RELEVANT,BRUSH_MASSAGE,335,-,,27,5,0,,NONE,,0,-,27,36,73,28,-,-,37,-
zazkhc,RELEVANT,OTHER,335,-,,10,1,1,B0GC3HX5KH,SINGLE,,2,-,-,-,10,-,-,-,-,-
fascia massage,RELEVANT,BRUSH_MASSAGE,335,2,,18,1,1,B0FD354L27,SINGLE,1.35,16,18,-,-,-,-,-,-,-,-
clarisonic brush,RELEVANT,BRUSH_MASSAGE,335,-,,43,3,0,,NONE,1.35,1,-,-,-,-,43,114,65,-,-
gua sha case,RELEVANT,GUA_SHA,335,3,,74,2,0,,NONE,,0,-,-,-,84,-,74,-,-,-
face tan brush,RELEVANT,BRUSH_MASSAGE,335,-,303,100,5,0,,NONE,,1,-,-,252,156,162,155,100,-,-
double chin reduction,RELEVANT,JAWLINE_CHIN,335,-,,88,2,0,,NONE,,4,88,-,-,206,-,-,-,-,-
hair stimulator brush,RELEVANT,BRUSH_MASSAGE,335,11,,163,2,0,,NONE,,0,172,-,-,-,-,-,-,163,-
masajeador de abdomen,RELEVANT,OTHER,335,1,,194,1,0,,NONE,,0,-,194,-,-,-,-,-,-,-
lymphatic drainage massager & anti cellulite massage tool,RELEVANT,DRAINAGE,335,-,,80,6,0,,NONE,1.55,0,80,284,-,277,114,279,-,287,-
glowing serum for face,OFF_CATEGORY,OTHER,335,1,,249,1,0,,NONE,1.79,0,-,-,-,-,249,-,-,-,-
massage kits,RELEVANT,BRUSH_MASSAGE,335,-,,251,1,0,,NONE,,0,-,-,-,-,251,-,-,-,-
revlon drying brush,RELEVANT,BRUSH_MASSAGE,335,-,,,0,0,,NONE,1.56,0,-,-,-,-,-,-,-,-,-
soft gua sha,RELEVANT,GUA_SHA,334,-,45,1,8,5,B0FD354L27|B0GSQW56YT|B0GC3HX5KH|B0FD6Y9BX5|B0G2XLH8CG,CONSOLIDATED,,0,6,9,-,19,1,30,33,8,86
gua sha facial tools jade,RELEVANT,GUA_SHA,334,-,,34,1,0,,NONE,1.27,0,-,-,-,-,-,-,-,34,-
fully pore cleansing brush,RELEVANT,BRUSH_MASSAGE,334,-,,56,1,0,,NONE,0.98,0,-,-,-,-,-,-,56,-,-
portable makeup brush,RELEVANT,BRUSH_MASSAGE,334,8,,131,2,0,,NONE,0.75,0,-,-,-,-,299,131,-,-,-
ems lymphatic drainage massager,RELEVANT,DRAINAGE,334,-,,,0,0,,NONE,,0,-,-,-,-,-,-,-,-,-
2-in-1 double-sided silicone face brush,RELEVANT,BRUSH_MASSAGE,334,-,,,0,0,,NONE,,0,-,-,-,-,-,-,-,-,-
eterros lymphatic brush,RELEVANT,LYMPHATIC,333,-,253,7,8,4,B0GSQW56YT|B0FD6Y9BX5|B0G3685P2S|B0H5MMYNWM,CONSOLIDATED,,0,35,9,29,28,8,10,7,23,-
wholesome beauty dry brush,RELEVANT,BRUSH_MASSAGE,333,-,,,0,0,,NONE,,0,-,-,-,-,-,-,-,-,-
organic dry brush,RELEVANT,BRUSH_MASSAGE,332,-,,44,2,0,,NONE,1.53,0,-,-,-,71,-,44,-,-,-
angel lift mouth strips shark tank,OFF_CATEGORY,OTHER,332,3,,1,1,1,B0FD354L27,SINGLE,1.36,0,1,-,-,-,-,-,-,-,-
anua with guasha,OFF_CATEGORY,GUA_SHA,332,-,,29,1,0,,NONE,,0,-,-,-,-,-,-,-,29,-
scalp gua sha tool,RELEVANT,GUA_SHA,332,-,,47,1,0,,NONE,,0,-,-,-,47,-,-,-,-,-
reusable chin lifting mask,RELEVANT,OTHER,332,-,,55,1,0,,NONE,,0,55,-,-,-,-,-,-,-,-
massage patch,RELEVANT,BRUSH_MASSAGE,332,-,,85,1,0,,NONE,1.51,1,-,-,-,-,-,85,-,-,-
thumb massage tool,RELEVANT,BRUSH_MASSAGE,331,-,,186,2,0,,NONE,1.12,0,-,-,190,186,-,-,-,-,-
cepillo drenaje linfático cara,OFF_CATEGORY,OTHER,330,-,21,6,8,7,B0FD354L27|B0GSQW56YT|B0GC3HX5KH|B0FD6Y9BX5|B0G3685P2S|B0H5MMYNWM|B0G2XLH8CG,CONSOLIDATED,1.45,0,9,10,60,14,6,11,18,12,-
￼lymphatic drainage face brush,RELEVANT,DRAINAGE,330,-,96,7,9,5,B0FD354L27|B0GSQW56YT|B0FD6Y9BX5|B0H5MMYNWM|B0G2XLH8CG,CONSOLIDATED,,0,19,7,25,21,8,22,9,15,51
skinn double-ended face massage brush,RELEVANT,BRUSH_MASSAGE,330,-,49,9,9,3,B0FD354L27|B0GSQW56YT|B0FD6Y9BX5,SHARED,,0,17,20,39,41,9,62,35,28,115
natural bristle dry brush lymphatic drainage,RELEVANT,DRAINAGE,330,-,274,26,9,0,,NONE,,0,123,49,33,118,95,26,87,34,138
kitsch face roller,COMPETITOR_BRAND,OTHER,330,7,,20,3,1,B0H5MMYNWM,SINGLE,1.28,0,-,-,57,-,-,-,20,80,-
lymphatic face oil,OFF_CATEGORY,LYMPHATIC,330,-,,34,4,0,,NONE,,1,38,80,-,-,-,202,-,34,-
face slim,RELEVANT,OTHER,330,-,,20,1,1,B0FD354L27,SINGLE,1.35,0,20,-,-,-,-,-,-,-,-
fashia release tool,RELEVANT,OTHER,330,-,,29,1,0,,NONE,,0,29,-,-,-,-,-,-,-,-
gua sha for men,RELEVANT,GUA_SHA,330,-,,45,2,0,,NONE,,0,-,-,116,-,-,-,-,45,-
self massage,RELEVANT,BRUSH_MASSAGE,330,6,,43,1,0,,NONE,1.23,4,43,-,-,-,-,-,-,-,-
dr melaxin neck tightening,RELEVANT,JAWLINE_CHIN,330,9,,48,1,0,,NONE,1.28,0,48,-,-,-,-,-,-,-,-
cold pack for face,RELEVANT,OTHER,330,13,,88,1,0,,NONE,,1,88,-,-,-,-,-,-,-,-
face puffs,RELEVANT,DEPUFF,330,10,,26,2,0,,NONE,0.77,1,-,-,-,-,26,-,-,261,-
clean brushes makeup,RELEVANT,BRUSH_MASSAGE,330,7,,109,1,0,,NONE,1.25,0,-,-,-,-,109,-,-,-,-
daily face care routine,RELEVANT,OTHER,330,-,,114,1,0,,NONE,2.28,1,114,-,-,-,-,-,-,-,-
icon lights,COMPETITOR_BRAND,OTHER,330,-,,133,1,0,,NONE,,0,-,-,-,-,-,133,-,-,-
mothers day gifts for mom massage,RELEVANT,BRUSH_MASSAGE,330,-,,140,1,0,,NONE,1.68,0,-,-,140,-,-,-,-,-,-
eye puffy reducer,RELEVANT,DEPUFF,330,9,,193,3,0,,NONE,1.65,0,193,-,-,-,216,208,-,-,-
lymphatic drainage massager for stomach,RELEVANT,DRAINAGE,330,-,,131,2,0,,NONE,,0,131,-,-,-,-,301,-,-,-
makeup fit me,RELEVANT,OTHER,330,-,,244,1,0,,NONE,,0,-,-,-,-,244,-,-,-,-
makeup brush bag small,RELEVANT,BRUSH_MASSAGE,330,9,,292,1,0,,NONE,,1,-,-,-,-,292,-,-,-,-
kivori pet hair removal gloves,RELEVANT,OTHER,330,5,,,0,0,,NONE,1.96,0,-,-,-,-,-,-,-,-,-
i.f by sono contour makina,RELEVANT,CONTOUR,330,-,,,0,0,,NONE,,0,-,-,-,-,-,-,-,-,-
contour glow face brush nuvetra,COMPETITOR_BRAND,CONTOUR,329,-,35,1,9,6,B0FD354L27|B0GSQW56YT|B0FD6Y9BX5|B0G3685P2S|B0H5MMYNWM|B0G2XLH8CG,CONSOLIDATED,1.32,0,6,8,30,24,1,7,10,11,31
guasha face brush,RELEVANT,GUA_SHA,329,-,67,3,9,5,B0FD354L27|B0GSQW56YT|B0GC3HX5KH|B0FD6Y9BX5|B0H5MMYNWM,CONSOLIDATED,1.38,0,12,4,22,8,3,25,5,32,47
lymphatic drainage brish,RELEVANT,DRAINAGE,329,-,159,1,9,6,B0FD354L27|B0GSQW56YT|B0FD6Y9BX5|B0G3685P2S|B0H5MMYNWM|B0G2XLH8CG,CONSOLIDATED,,0,1,11,48,64,19,14,10,20,68
best face depuffer,RELEVANT,DEPUFF,329,-,,5,6,1,B0FD6Y9BX5,SINGLE,,0,21,37,-,69,5,55,-,43,-
lymphatic drainage heated brush,RELEVANT,DRAINAGE,329,-,152,48,8,0,,NONE,1.65,0,48,56,89,98,60,71,-,51,151
it brushes,RELEVANT,BRUSH_MASSAGE,329,-,,33,4,0,,NONE,1.41,0,-,95,-,-,81,33,-,-,116
needling for face,RELEVANT,OTHER,329,-,,36,1,0,,NONE,1.13,0,36,-,-,-,-,-,-,-,-
facial bowl and brush set,RELEVANT,BRUSH_MASSAGE,329,-,,,0,0,,NONE,,5,-,-,-,-,-,-,-,-,-
cepillo facial para drenaje linfático,OFF_CATEGORY,OTHER,328,-,80,1,9,8,B0FD354L27|B0GSQW56YT|B0GVBQ7P79|B0GC3HX5KH|B0FD6Y9BX5|B0G3685P2S|B0H5MMYNWM|B0G2XLH8CG,CONSOLIDATED,,0,1,11,13,9,10,4,17,7,93
facelift device,RELEVANT,OTHER,328,-,,24,1,0,,NONE,1.87,0,24,-,-,-,-,-,-,-,-
skincare gadgets,RELEVANT,OTHER,328,-,,4,2,1,B0FD354L27,SINGLE,,0,4,-,-,149,-,-,-,-,-
sculpting sticks contour,RELEVANT,SCULPTING,328,-,,191,1,0,,NONE,0.97,0,-,-,-,-,-,-,-,191,-
neck stretcher massager,RELEVANT,JAWLINE_CHIN,328,-,,225,1,0,,NONE,1.3,0,-,225,-,-,-,-,-,-,-
sculpted face,RELEVANT,SCULPTING,327,-,,3,6,2,B0FD354L27|B0FD6Y9BX5,SHARED,,7,4,25,-,75,3,46,-,27,-
fascia roller face,RELEVANT,OTHER,327,-,,25,1,0,,NONE,1.26,0,25,-,-,-,-,-,-,-,-
foreo facial cleaning brush,RELEVANT,BRUSH_MASSAGE,327,-,,86,4,0,,NONE,,0,112,-,-,169,-,135,86,-,-
lymphatic drainage body,RELEVANT,DRAINAGE,327,-,,60,4,0,,NONE,1.4,0,60,175,90,-,-,-,-,224,-
face instant tightening and lifting,RELEVANT,OTHER,327,-,,111,2,0,,NONE,,0,111,-,-,-,133,-,-,-,-
female detox,RELEVANT,OTHER,327,-,,159,1,0,,NONE,,0,-,-,-,-,159,-,-,-,-
neck sculpting wrap,OFF_CATEGORY,SCULPTING,327,-,,286,1,0,,NONE,,0,-,-,286,-,-,-,-,-,-
lymphatic drainage electric massager,OFF_CATEGORY,DRAINAGE,327,-,,,0,0,,NONE,,0,-,-,-,-,-,-,-,-,-
trykojeva lymphatic face brush,COMPETITOR_BRAND,LYMPHATIC,326,-,95,5,9,8,B0FD354L27|B0GSQW56YT|B0GVBQ7P79|B0GC3HX5KH|B0FD6Y9BX5|B0G3685P2S|B0H5MMYNWM|B0G2XLH8CG,CONSOLIDATED,1.6,0,7,8,5,17,6,14,10,12,52
try aeki face brush,COMPETITOR_BRAND,BRUSH_MASSAGE,326,-,37,5,5,4,B0FD354L27|B0GC3HX5KH|B0G3685P2S|B0H5MMYNWM,CONSOLIDATED,,0,5,-,-,18,21,9,11,-,-
aeki lymphatic brush,COMPETITOR_BRAND,LYMPHATIC,326,13,125,11,9,2,B0FD354L27|B0FD6Y9BX5,SHARED,1.34,0,20,26,23,80,11,25,29,89,99
face sculpter,RELEVANT,SCULPTING,326,-,,16,4,1,B0FD354L27,SINGLE,1.34,0,16,-,-,-,38,29,-,79,-
duo face brush,RELEVANT,BRUSH_MASSAGE,326,-,,33,2,0,,NONE,,2,-,-,-,-,71,-,33,-,-
guasha face,RELEVANT,GUA_SHA,326,-,229,9,8,2,B0FD354L27|B0FD6Y9BX5,SHARED,1.38,2,13,33,281,72,9,153,-,68,152
lymphatic drainage for body,RELEVANT,DRAINAGE,326,-,,52,2,0,,NONE,,0,52,-,117,-,-,-,-,-,-
zen brush,RELEVANT,BRUSH_MASSAGE,326,-,,100,1,0,,NONE,0.87,5,100,-,-,-,-,-,-,-,-
travel brish,RELEVANT,OTHER,326,-,,109,1,0,,NONE,,0,-,-,-,-,109,-,-,-,-
body massager roller,RELEVANT,BRUSH_MASSAGE,326,-,,252,1,0,,NONE,,0,252,-,-,-,-,-,-,-,-
massage tooks,RELEVANT,BRUSH_MASSAGE,326,1,,226,2,0,,NONE,,0,-,-,-,226,-,-,-,301,-
soft face wheel brush,RELEVANT,BRUSH_MASSAGE,326,-,,,0,0,,NONE,,0,-,-,-,-,-,-,-,-,-
drenaje linfático manual,OFF_CATEGORY,OTHER,326,-,,,0,0,,NONE,,2,-,-,-,-,-,-,-,-,-
eteros face brush,COMPETITOR_BRAND,BRUSH_MASSAGE,325,-,,1,1,1,B0FD354L27,SINGLE,,0,1,-,-,-,-,-,-,-,-
lymph cleanse,RELEVANT,LYMPHATIC,325,-,,173,2,0,,NONE,2.47,2,-,203,-,-,-,-,-,173,-
wrinkle reducing massager,RELEVANT,BRUSH_MASSAGE,325,-,,126,1,0,,NONE,,0,-,-,-,-,-,-,-,126,-
brush on block broad spectrum,RELEVANT,BRUSH_MASSAGE,325,-,,,0,0,,NONE,,0,-,-,-,-,-,-,-,-,-
gua sha facial brush,RELEVANT,GUA_SHA,324,-,73,2,9,6,B0FD354L27|B0GSQW56YT|B0GC3HX5KH|B0FD6Y9BX5|B0G3685P2S|B0H5MMYNWM,CONSOLIDATED,1.28,0,2,4,37,11,5,15,10,34,68
best gua sha tool for face,RELEVANT,GUA_SHA,324,-,,25,7,0,,NONE,,0,30,47,267,116,71,104,-,25,-
tao clean face brush,RELEVANT,BRUSH_MASSAGE,324,-,,25,3,0,,NONE,1.49,0,-,-,-,76,55,-,25,-,-
guasa,RELEVANT,OTHER,324,-,,6,1,1,B0FD354L27,SINGLE,,0,6,-,-,-,-,-,-,-,-
fibroblast plasma pen professional,RELEVANT,OTHER,324,-,,23,1,0,,NONE,1.61,0,23,-,-,-,-,-,-,-,-
at home massage,RELEVANT,BRUSH_MASSAGE,324,-,,28,1,0,,NONE,1.71,0,28,-,-,-,-,-,-,-,-
body dry brush for women,RELEVANT,BRUSH_MASSAGE,324,-,,83,4,0,,NONE,1.52,0,83,-,109,167,-,-,-,152,-
precision makeup brush,RELEVANT,BRUSH_MASSAGE,324,-,,224,1,0,,NONE,,0,-,-,-,-,224,-,-,-,-
glow up must haves,RELEVANT,OTHER,323,-,,3,1,1,B0FD6Y9BX5,SINGLE,,0,-,-,-,-,3,-,-,-,-
black obsidian gua sha facial tool,RELEVANT,GUA_SHA,323,-,,41,2,0,,NONE,1.18,0,41,-,-,-,-,-,-,88,-
skin tightening face,RELEVANT,OTHER,323,-,,96,2,0,,NONE,,0,96,-,-,-,104,-,-,-,-
facial stones for face massage,RELEVANT,BRUSH_MASSAGE,323,-,,40,2,0,,NONE,1.16,0,40,-,-,-,-,-,-,169,-
hair sculpting products for women,RELEVANT,SCULPTING,323,-,,164,2,0,,NONE,,0,164,-,-,-,-,-,-,192,-
obsidian gua sha stone,RELEVANT,GUA_SHA,323,-,,,0,0,,NONE,1.28,1,-,-,-,-,-,-,-,-,-
best lymphatic drainage face brush,RELEVANT,DRAINAGE,322,-,260,2,9,7,B0FD354L27|B0GSQW56YT|B0GVBQ7P79|B0FD6Y9BX5|B0G3685P2S|B0H5MMYNWM|B0G2XLH8CG,CONSOLIDATED,,0,6,5,8,22,3,17,2,11,42
contour massage brush,RELEVANT,CONTOUR,322,-,114,1,9,5,B0GSQW56YT|B0GC3HX5KH|B0FD6Y9BX5|B0G3685P2S|B0H5MMYNWM,CONSOLIDATED,,0,22,17,24,13,1,11,12,29,63
contour lymphatic face brush,RELEVANT,CONTOUR,322,-,103,5,9,5,B0FD354L27|B0GSQW56YT|B0FD6Y9BX5|B0G3685P2S|B0H5MMYNWM,CONSOLIDATED,1.32,0,18,10,22,85,5,12,14,67,55
face puffiness,RELEVANT,DEPUFF,322,-,,5,1,1,B0FD354L27,SINGLE,,0,5,-,-,-,-,-,-,-,-
face blending brush,RELEVANT,BRUSH_MASSAGE,322,-,,58,1,0,,NONE,,1,-,-,-,-,-,-,58,-,-
glow contouring device,RELEVANT,CONTOUR,322,-,,59,1,0,,NONE,1.98,0,-,-,-,-,-,-,-,59,-
well nature hair removal,RELEVANT,OTHER,322,-,,63,1,0,,NONE,1.15,0,-,63,-,-,-,-,-,-,-
mini dry brush,RELEVANT,BRUSH_MASSAGE,322,-,,66,4,0,,NONE,1.12,1,-,136,-,285,-,66,-,275,-
skin brush vegan,RELEVANT,BRUSH_MASSAGE,322,-,,11,2,1,B0H5MMYNWM,SINGLE,,0,-,-,-,304,-,-,11,-,-
instant tightening face lift,RELEVANT,OTHER,322,-,,218,1,0,,NONE,2.09,0,218,-,-,-,-,-,-,-,-
sonia brush,RELEVANT,BRUSH_MASSAGE,322,-,,,0,0,,NONE,,0,-,-,-,-,-,-,-,-,-
chemical peel brush,RELEVANT,BRUSH_MASSAGE,322,-,,,0,0,,NONE,,0,-,-,-,-,-,-,-,-,-
kitsch lymphatic contour face brush - terracotta,COMPETITOR_BRAND,CONTOUR,321,-,113,1,8,5,B0FD354L27|B0GSQW56YT|B0GVBQ7P79|B0G3685P2S|B0H5MMYNWM,CONSOLIDATED,1.32,0,19,17,8,50,21,20,1,55,-
soft dry brush,RELEVANT,BRUSH_MASSAGE,321,-,,22,8,0,,NONE,1.15,0,48,125,97,77,96,32,-,22,251
chubby face reducer,RELEVANT,OTHER,321,2,,2,1,1,B0FD354L27,SINGLE,1.39,0,2,-,-,-,-,-,-,-,-
face exfoliant brush,RELEVANT,BRUSH_MASSAGE,321,4,299,20,9,1,B0FD354L27,SINGLE,,0,20,81,131,109,129,121,49,136,171
vx power rolling massager,RELEVANT,BRUSH_MASSAGE,321,2,,19,1,1,B0FD354L27,SINGLE,1.2,0,19,-,-,-,-,-,-,-,-
massage tools for date night,RELEVANT,BRUSH_MASSAGE,321,-,,21,1,0,,NONE,1.16,0,21,-,-,-,-,-,-,-,-
built in gua sha,RELEVANT,GUA_SHA,321,-,,50,1,0,,NONE,,0,-,-,-,50,-,-,-,-,-
drenaje linfático masajeador,RELEVANT,OTHER,321,-,,53,1,0,,NONE,0.93,0,53,-,-,-,-,-,-,-,-
good molecules gift set skincare set,RELEVANT,OTHER,321,-,,75,1,0,,NONE,,0,-,-,-,-,-,-,-,75,-
wooden tool box with handle,RELEVANT,OTHER,321,-,,135,2,0,,NONE,,0,-,-,226,135,-,-,-,-,-
wooden edge brush,RELEVANT,BRUSH_MASSAGE,321,-,,152,1,0,,NONE,,0,-,-,-,152,-,-,-,-,-
beauty brushes for makeup,RELEVANT,BRUSH_MASSAGE,321,-,,162,1,0,,NONE,1.14,0,-,-,-,-,162,-,-,-,-
medicuve mask,RELEVANT,OTHER,321,4,,195,1,0,,NONE,,0,195,-,-,-,-,-,-,-,-
skin exfoliator tool,RELEVANT,OTHER,321,-,,196,2,0,,NONE,,1,-,196,277,-,-,-,-,-,-
face oils makeup,OFF_CATEGORY,OTHER,321,-,,274,1,0,,NONE,,0,-,-,-,-,274,-,-,-,-
stainless steel gua sha tools,OFF_CATEGORY,GUA_SHA,321,-,,275,1,0,,NONE,1.3,3,-,-,275,-,-,-,-,-,-
zdeer guasha,RELEVANT,GUA_SHA,321,-,,,0,0,,NONE,,0,-,-,-,-,-,-,-,-,-
face scrubber stick,RELEVANT,OTHER,321,-,,,0,0,,NONE,,0,-,-,-,-,-,-,-,-,-
fur hero,RELEVANT,OTHER,321,-,,,0,0,,NONE,1.97,2,-,-,-,-,-,-,-,-,-
bravecto cats,RELEVANT,OTHER,321,-,,,0,0,,NONE,1.91,0,-,-,-,-,-,-,-,-,-
fave sculpting brush,RELEVANT,SCULPTING,320,-,102,1,9,4,B0FD354L27|B0GSQW56YT|B0FD6Y9BX5|B0G3685P2S,CONSOLIDATED,,0,14,11,39,87,1,8,26,59,73
lymphatic drainage under eye,RELEVANT,DRAINAGE,320,-,,19,6,1,B0FD6Y9BX5,SINGLE,2.01,0,71,-,136,67,19,48,-,39,-
lymphatic drainage gua sha tools,RELEVANT,DRAINAGE,320,-,221,59,7,0,,NONE,1.21,0,141,59,-,102,148,158,-,93,270
face lift brush lymphatic,RELEVANT,LYMPHATIC,319,-,113,4,9,4,B0FD354L27|B0GSQW56YT|B0FD6Y9BX5|B0G3685P2S,CONSOLIDATED,,0,16,10,49,57,4,15,25,21,73
nayori globrush - goodbye puffy face,COMPETITOR_BRAND,DEPUFF,319,-,7,1,2,2,B0FD354L27|B0H5MMYNWM,SHARED,,0,1,-,-,-,-,-,2,-,-
best lymphatic drainage tool,RELEVANT,DRAINAGE,319,-,,6,8,2,B0FD354L27|B0FD6Y9BX5,SHARED,1.55,0,6,48,163,117,19,55,88,39,-
lipera lymphatic,RELEVANT,LYMPHATIC,319,-,,22,1,0,,NONE,,4,22,-,-,-,-,-,-,-,-
masajeador de rostro facial,RELEVANT,OTHER,319,-,,83,1,0,,NONE,,0,-,83,-,-,-,-,-,-,-
spa brushes for body,RELEVANT,BRUSH_MASSAGE,319,-,,134,3,0,,NONE,,0,-,193,134,188,-,-,-,-,-
to face makeup,RELEVANT,OTHER,319,-,,177,1,0,,NONE,,0,-,-,-,-,177,-,-,-,-
medicube guadha,OFF_CATEGORY,OTHER,319,-,,,0,0,,NONE,,0,-,-,-,-,-,-,-,-,-
washa brush,RELEVANT,BRUSH_MASSAGE,318,-,,1,3,3,B0FD354L27|B0GC3HX5KH|B0FD6Y9BX5,SHARED,1.03,0,1,-,-,8,2,-,-,-,-
filterless era,RELEVANT,OTHER,318,-,,22,2,0,,NONE,1.43,0,22,-,-,30,-,-,-,-,-
rejuvenating set for face,RELEVANT,OTHER,318,-,,135,1,0,,NONE,,0,-,-,-,-,135,-,-,-,-
mario badescu triple light thermal face & neck massager,RELEVANT,JAWLINE_CHIN,317,3,,27,1,0,,NONE,2,0,27,-,-,-,-,-,-,-,-
manual lymphatic drainage tools,OFF_CATEGORY,DRAINAGE,317,-,254,35,3,0,,NONE,,0,67,-,-,-,-,117,-,35,-
oil brush for body,OFF_CATEGORY,BRUSH_MASSAGE,317,-,,117,1,0,,NONE,,0,-,-,-,-,-,-,-,117,-
depuff eye,RELEVANT,DEPUFF,317,4,,167,2,0,,NONE,,1,-,-,-,230,167,-,-,-,-
large brush,RELEVANT,BRUSH_MASSAGE,317,-,,133,3,0,,NONE,,0,-,-,-,-,-,265,133,303,-
dual brush set,RELEVANT,BRUSH_MASSAGE,317,-,,255,1,0,,NONE,,0,-,-,-,-,-,-,-,255,-
acne light therapy,RELEVANT,OTHER,317,5,,256,1,0,,NONE,1.8,0,256,-,-,-,-,-,-,-,-
ice cream roll,OFF_CATEGORY,OTHER,317,-,,,0,0,,NONE,1.07,15,-,-,-,-,-,-,-,-,-
face slimming tool,RELEVANT,OTHER,316,-,213,5,5,2,B0FD354L27|B0FD6Y9BX5,SHARED,1.97,0,7,77,-,173,5,127,-,-,-
glass gua sha,RELEVANT,GUA_SHA,316,-,,26,1,0,,NONE,1.27,0,-,-,-,-,-,-,-,26,-
eye lifting device,RELEVANT,OTHER,316,-,,45,1,0,,NONE,2.15,1,45,-,-,-,-,-,-,-,-
skincare gift sets,RELEVANT,OTHER,316,-,,279,1,0,,NONE,1.11,0,-,-,-,-,-,-,-,279,-
dead skin fork,RELEVANT,OTHER,316,-,,,0,0,,NONE,,8,-,-,-,-,-,-,-,-,-
soft face brush lymphatic,RELEVANT,LYMPHATIC,315,-,86,1,9,8,B0FD354L27|B0GSQW56YT|B0GVBQ7P79|B0GC3HX5KH|B0FD6Y9BX5|B0G3685P2S|B0H5MMYNWM|B0G2XLH8CG,CONSOLIDATED,,0,4,7,11,15,1,8,5,14,70
magnetic meridian brush,RELEVANT,BRUSH_MASSAGE,315,-,,17,2,1,B0G2XLH8CG,SINGLE,1.14,1,25,-,-,-,-,-,-,17,-
kitsch beauty,COMPETITOR_BRAND,OTHER,315,-,,3,1,1,B0H5MMYNWM,SINGLE,,0,-,-,-,-,-,-,3,-,-
neck lymphatic drainage massager,RELEVANT,DRAINAGE,315,-,,114,6,0,,NONE,1.71,0,114,126,-,240,161,164,-,194,-
thin makeup brushes,RELEVANT,BRUSH_MASSAGE,315,-,,129,2,0,,NONE,,0,129,-,-,-,142,-,-,-,-
facial tool for lymphatic drainage,RELEVANT,DRAINAGE,314,-,165,4,9,2,B0GSQW56YT|B0FD6Y9BX5,SHARED,1.44,0,37,8,63,64,4,58,99,77,159
neck beauty,RELEVANT,JAWLINE_CHIN,314,-,,63,1,0,,NONE,,1,63,-,-,-,-,-,-,-,-
digestive massager,RELEVANT,BRUSH_MASSAGE,314,-,,98,1,0,,NONE,,0,-,98,-,-,-,-,-,-,-
skin care set for dry skin,RELEVANT,OTHER,314,-,,223,3,0,,NONE,1.43,1,-,-,223,-,-,236,-,225,-
solena,RELEVANT,OTHER,314,-,,,0,0,,NONE,1.18,15,-,-,-,-,-,-,-,-,-
lymphatic drainage poster,RELEVANT,DRAINAGE,314,-,,,0,0,,NONE,,1,-,-,-,-,-,-,-,-,-
elf total face brush,RELEVANT,BRUSH_MASSAGE,314,-,,,0,0,,NONE,,0,-,-,-,-,-,-,-,-,-
facial cups for lymphatic drainage,RELEVANT,DRAINAGE,313,-,,70,5,0,,NONE,,0,77,-,-,129,91,97,-,70,-
heated lymphatic brush red light,RELEVANT,LYMPHATIC,313,-,143,78,3,0,,NONE,1.58,0,78,-,-,-,81,91,-,-,-
face cleaning tool,RELEVANT,OTHER,313,-,,53,3,0,,NONE,,0,53,167,-,-,-,-,-,205,-
wood massage tools cellulite,RELEVANT,BRUSH_MASSAGE,313,-,,130,1,0,,NONE,,0,-,-,-,130,-,-,-,-,-
lymphatic contour face brush kojeva,COMPETITOR_BRAND,CONTOUR,312,-,118,6,9,5,B0GSQW56YT|B0FD6Y9BX5|B0G3685P2S|B0H5MMYNWM|B0G2XLH8CG,CONSOLIDATED,,0,21,8,34,70,6,11,10,7,50
2pcs lymphatic contour face brush for jawline & chin sculpting dry brushing massager for lymphatic d,RELEVANT,SCULPTING,312,-,297,25,8,0,,NONE,,0,25,40,99,75,42,35,270,49,-
cecily braden brush,RELEVANT,BRUSH_MASSAGE,312,-,,1,1,1,B0FD354L27,SINGLE,,0,1,-,-,-,-,-,-,-,-
exfoliating brush face,RELEVANT,BRUSH_MASSAGE,312,-,,37,8,0,,NONE,1.26,1,37,165,185,85,179,177,92,138,-
gua sha set jade,RELEVANT,GUA_SHA,312,-,,24,1,0,,NONE,,0,-,-,-,-,-,-,-,24,-
the stone face,RELEVANT,OTHER,312,-,,24,1,0,,NONE,0.94,1,24,-,-,-,-,-,-,-,-
rose quartz face stone,RELEVANT,OTHER,312,-,,42,1,0,,NONE,,0,42,-,-,-,-,-,-,-,-
contour brush set,RELEVANT,CONTOUR,312,-,,53,5,0,,NONE,1.15,4,53,-,127,-,104,171,-,115,-
kitsch dry body brush,COMPETITOR_BRAND,BRUSH_MASSAGE,312,-,,76,1,0,,NONE,,0,-,-,-,-,-,-,76,-,-
benefit set,RELEVANT,OTHER,312,-,,88,1,0,,NONE,,0,-,-,-,-,-,-,-,88,-
silicon mask brush,COMPETITOR_BRAND,BRUSH_MASSAGE,312,-,,,0,0,,NONE,,0,-,-,-,-,-,-,-,-,-
face scrub brush electric,OFF_CATEGORY,BRUSH_MASSAGE,312,-,,,0,0,,NONE,,0,-,-,-,-,-,-,-,-,-
small dry brush,RELEVANT,BRUSH_MASSAGE,311,-,,110,8,0,,NONE,1.1,0,139,163,183,204,131,110,-,181,216
cepillo para exfoliar la cara,OFF_CATEGORY,OTHER,311,-,214,58,7,0,,NONE,,0,58,127,155,94,112,135,72,-,-
gosha,RELEVANT,OTHER,311,-,,34,1,0,,NONE,1.06,2,34,-,-,-,-,-,-,-,-
cleansing tools for face,RELEVANT,OTHER,311,-,,60,3,0,,NONE,,0,92,60,-,-,-,-,-,159,-
face spa,RELEVANT,OTHER,311,5,,17,3,1,B0FD354L27,SINGLE,1.45,1,17,-,-,255,-,-,132,-,-
dry body brush natural bristles,RELEVANT,BRUSH_MASSAGE,311,-,,147,3,0,,NONE,,0,-,185,147,195,-,-,-,-,-
tools patch,RELEVANT,OTHER,311,-,,100,1,0,,NONE,,0,-,-,-,-,-,100,-,-,-
gua sha moisturizer,RELEVANT,GUA_SHA,311,-,,199,1,0,,NONE,1.48,1,-,-,-,-,-,199,-,-,-
facial device for face lift,RELEVANT,OTHER,311,-,,202,1,0,,NONE,1.25,0,-,-,-,-,-,-,-,202,-
conture glow brush,RELEVANT,BRUSH_MASSAGE,310,-,28,3,4,4,B0FD354L27|B0GC3HX5KH|B0FD6Y9BX5|B0G3685P2S,CONSOLIDATED,1.4,0,4,-,-,13,3,5,-,-,-
make up brushes bulk,RELEVANT,BRUSH_MASSAGE,310,-,,164,1,0,,NONE,,0,-,-,-,-,164,-,-,-,-
smincare,RELEVANT,OTHER,310,-,,197,1,0,,NONE,,0,-,-,-,-,197,-,-,-,-
brush wood,RELEVANT,BRUSH_MASSAGE,310,-,,192,2,0,,NONE,,0,-,-,-,192,-,-,-,-,212
best face oil,OFF_CATEGORY,OTHER,310,-,,287,1,0,,NONE,1.83,0,-,-,-,-,-,-,-,287,-
anua retinol gua sha,OFF_CATEGORY,GUA_SHA,310,-,,,0,0,,NONE,1.13,0,-,-,-,-,-,-,-,-,-
dr melanin kit,RELEVANT,OTHER,310,-,,,0,0,,NONE,,0,-,-,-,-,-,-,-,-,-
kivori,RELEVANT,OTHER,310,-,,,0,0,,NONE,2.31,14,-,-,-,-,-,-,-,-,-
facial dry brushing,RELEVANT,BRUSH_MASSAGE,309,-,242,1,9,5,B0FD354L27|B0GVBQ7P79|B0GC3HX5KH|B0FD6Y9BX5|B0G3685P2S,CONSOLIDATED,,0,6,29,19,4,1,18,35,62,96
skin brushes for body lymphatic,RELEVANT,LYMPHATIC,309,-,,19,8,1,B0FD354L27,SINGLE,1.31,0,19,90,112,113,34,100,89,108,-
zip halo face device,RELEVANT,OTHER,309,-,,9,1,1,B0FD354L27,SINGLE,,0,9,-,-,-,-,-,-,-,-
dual ended contour brush,RELEVANT,CONTOUR,309,-,,79,2,0,,NONE,,0,-,108,-,-,-,-,-,79,-
gua sha massage,RELEVANT,GUA_SHA,309,-,,84,7,0,,NONE,,8,107,216,232,236,145,185,-,84,-
beauty sales,RELEVANT,OTHER,309,-,,47,1,0,,NONE,,0,-,-,-,-,47,-,-,-,-
massager for lymphatic drainage,RELEVANT,DRAINAGE,309,-,,42,5,0,,NONE,1.6,0,42,79,-,-,85,291,-,94,-
or tools,RELEVANT,OTHER,309,-,,131,1,0,,NONE,,0,-,-,-,-,131,-,-,-,-
thick makeup brush,RELEVANT,BRUSH_MASSAGE,309,-,,134,1,0,,NONE,,0,-,-,-,-,134,-,-,-,-
dry skin face,RELEVANT,OTHER,309,-,,149,4,0,,NONE,1.66,0,149,-,-,-,-,269,-,293,248
gua sha tools stainless steel,OFF_CATEGORY,GUA_SHA,309,-,,289,1,0,,NONE,,0,-,-,289,-,-,-,-,-,-
brush face cleaner,RELEVANT,BRUSH_MASSAGE,309,-,,,0,0,,NONE,1.1,0,-,-,-,-,-,-,-,-,-
medicube for dark spots on face,OFF_CATEGORY,OTHER,308,-,,73,1,0,,NONE,,0,73,-,-,-,-,-,-,-,-
beauty must haves 2026,RELEVANT,OTHER,308,1,,13,3,1,B0FD6Y9BX5,SINGLE,1.07,0,267,-,-,-,13,156,-,-,-
lumiless gua sha,RELEVANT,GUA_SHA,308,-,,,0,0,,NONE,,0,-,-,-,-,-,-,-,-,-
lifting brush,RELEVANT,BRUSH_MASSAGE,307,-,,1,8,5,B0FD354L27|B0GSQW56YT|B0FD6Y9BX5|B0G3685P2S|B0H5MMYNWM,CONSOLIDATED,1.17,0,1,6,-,35,4,13,18,30,77
korean face lifting device,RELEVANT,OTHER,307,-,,7,1,1,B0FD354L27,SINGLE,,0,7,-,-,-,-,-,-,-,-
lymph brush for body,RELEVANT,LYMPHATIC,307,-,,17,7,1,B0FD354L27,SINGLE,,0,17,105,96,33,151,155,-,204,-
bj beauty brushes,RELEVANT,BRUSH_MASSAGE,307,-,,69,1,0,,NONE,,0,-,69,-,-,-,-,-,-,-
cosmetics amazon,RELEVANT,OTHER,307,-,,108,1,0,,NONE,1.21,0,-,-,-,-,108,-,-,-,-
couples spa gift set,RELEVANT,OTHER,307,-,,161,1,0,,NONE,,1,-,-,-,-,-,-,-,161,-
under eye device,RELEVANT,OTHER,307,-,,197,1,0,,NONE,,1,-,-,-,-,-,-,-,197,-
brush with bristles,RELEVANT,BRUSH_MASSAGE,307,-,,171,2,0,,NONE,1.49,0,-,-,-,-,-,-,171,240,-
perfection eye tightening,RELEVANT,OTHER,307,-,,190,2,0,,NONE,1.25,0,190,-,-,-,227,-,-,-,-
face brush gua sha,RELEVANT,GUA_SHA,306,-,65,2,9,5,B0FD354L27|B0GSQW56YT|B0GC3HX5KH|B0FD6Y9BX5|B0H5MMYNWM,CONSOLIDATED,,1,2,6,30,13,3,21,18,28,96
lymphatic contour face brush 2 pack,RELEVANT,CONTOUR,306,-,168,3,9,4,B0FD354L27|B0GC3HX5KH|B0G3685P2S|B0H93V3MNM,CONSOLIDATED,,1,13,42,53,3,29,11,48,32,7
loryn contour brush,RELEVANT,CONTOUR,306,-,,1,2,2,B0FD354L27|B0FD6Y9BX5,SHARED,,0,1,-,-,-,3,-,-,-,-
real techniques sculpting brush,RELEVANT,SCULPTING,306,-,,36,5,0,,NONE,,0,40,-,128,112,36,-,46,-,-
jaw sculpting tool,RELEVANT,SCULPTING,306,-,,53,2,0,,NONE,1.41,0,-,-,-,-,53,-,-,139,-
lymphatic drainage set,RELEVANT,DRAINAGE,306,-,,18,6,1,B0FD354L27,SINGLE,,1,18,-,75,208,78,175,-,29,-
makeup brushes face set,RELEVANT,BRUSH_MASSAGE,306,-,,236,2,0,,NONE,1.12,0,-,-,-,-,236,-,-,289,-
skin care tool,RELEVANT,OTHER,305,-,,31,5,0,,NONE,1.5,2,116,270,-,-,31,240,-,238,-
best face lifting device,RELEVANT,OTHER,305,-,,143,1,0,,NONE,1.69,0,-,-,-,-,-,-,-,143,-
real technique makeup brushes,RELEVANT,BRUSH_MASSAGE,305,6,,173,2,0,,NONE,1.06,0,-,-,-,-,260,-,173,-,-
auslina glow brush,COMPETITOR_BRAND,BRUSH_MASSAGE,304,-,,1,2,2,B0FD354L27|B0FD6Y9BX5,SHARED,1.07,0,1,-,-,-,2,-,-,-,-
neck faja,RELEVANT,JAWLINE_CHIN,304,-,,28,1,0,,NONE,,0,28,-,-,-,-,-,-,-,-
facial hair brush,RELEVANT,BRUSH_MASSAGE,304,-,,67,7,0,,NONE,,1,102,127,67,294,-,118,83,120,-
face exfoliating tool,RELEVANT,OTHER,304,-,,32,6,0,,NONE,,0,32,119,118,286,140,265,-,-,-
under 25 dollars,RELEVANT,OTHER,304,-,,63,1,0,,NONE,1.1,0,-,-,-,-,63,-,-,-,-
line brush,RELEVANT,BRUSH_MASSAGE,304,-,,189,1,0,,NONE,,0,-,-,-,-,189,-,-,-,-
ventosas faciales para la cara,RELEVANT,OTHER,304,-,,,0,0,,NONE,,0,-,-,-,-,-,-,-,-,-
liftlab face sculpting tool,RELEVANT,SCULPTING,303,-,243,21,4,0,,NONE,1.93,0,58,-,-,126,21,118,-,-,-
kabuki face brush,RELEVANT,BRUSH_MASSAGE,303,-,,48,5,0,,NONE,,2,-,-,137,161,203,168,48,-,-
eye tightening and lifting,RELEVANT,OTHER,303,-,,151,1,0,,NONE,,1,151,-,-,-,-,-,-,-,-
wooden bath brush,RELEVANT,BRUSH_MASSAGE,303,-,,201,1,0,,NONE,,5,-,-,-,201,-,-,-,-,-
dry brush long,RELEVANT,BRUSH_MASSAGE,303,-,,282,1,0,,NONE,,0,-,282,-,-,-,-,-,-,-
long handle massager,RELEVANT,BRUSH_MASSAGE,303,-,,284,1,0,,NONE,,1,-,284,-,-,-,-,-,-,-
lymphatic drainage lifepro,RELEVANT,DRAINAGE,303,-,,,0,0,,NONE,,0,-,-,-,-,-,-,-,-,-
revolution cats,RELEVANT,OTHER,303,-,,,0,0,,NONE,,0,-,-,-,-,-,-,-,-,-
contour brush lymphatic drainage,RELEVANT,DRAINAGE,302,-,80,1,9,6,B0FD354L27|B0GSQW56YT|B0FD6Y9BX5|B0G3685P2S|B0H5MMYNWM|B0G2XLH8CG,CONSOLIDATED,1.29,0,19,10,32,27,1,6,8,12,46
loryn face brush,RELEVANT,BRUSH_MASSAGE,302,-,,1,3,3,B0FD354L27|B0GC3HX5KH|B0H5MMYNWM,SHARED,1.23,0,1,-,-,9,-,-,6,-,-
under eye lymphatic drainage tool,RELEVANT,DRAINAGE,302,-,235,17,7,1,B0FD6Y9BX5,SINGLE,1.38,0,69,66,172,48,17,117,-,91,-
womens beauty must haves,RELEVANT,OTHER,302,-,,42,2,0,,NONE,0.75,0,45,-,-,-,42,-,-,-,-
best face cleansing brush,RELEVANT,BRUSH_MASSAGE,302,-,,51,8,0,,NONE,,0,160,66,126,169,109,142,51,158,-
contour glow,RELEVANT,CONTOUR,302,-,74,2,6,1,B0FD6Y9BX5,SINGLE,,2,-,-,289,112,2,86,-,281,88
face oil for gua sha massage,OFF_CATEGORY,GUA_SHA,302,-,,58,3,0,,NONE,1.85,0,-,122,-,-,-,131,-,58,-
light facial massager,RELEVANT,BRUSH_MASSAGE,302,-,,155,3,0,,NONE,,0,184,155,-,-,-,-,-,219,-
face wash tools,RELEVANT,OTHER,302,-,,162,1,0,,NONE,,0,-,-,-,162,-,-,-,-,-
massage wood,RELEVANT,BRUSH_MASSAGE,302,-,,171,1,0,,NONE,,0,-,-,-,171,-,-,-,-,-
face massage hammer,RELEVANT,BRUSH_MASSAGE,302,-,,,0,0,,NONE,1.33,2,-,-,-,-,-,-,-,-,-
glowbrush,RELEVANT,BRUSH_MASSAGE,301,-,7,2,2,2,B0GC3HX5KH|B0G3685P2S,SHARED,,0,-,-,-,4,-,2,-,-,-
glov beauty lymphatic,RELEVANT,LYMPHATIC,301,-,61,32,2,0,,NONE,,0,-,37,-,-,-,32,-,-,-
lymphatic patches,RELEVANT,LYMPHATIC,301,-,,69,1,0,,NONE,1.15,2,-,-,-,-,-,69,-,-,-
skin care pouch,RELEVANT,OTHER,301,1,,149,1,0,,NONE,,1,-,-,149,-,-,-,-,-,-
natural bristle body brush for dry brushing,RELEVANT,BRUSH_MASSAGE,301,-,,190,3,0,,NONE,,0,-,193,190,280,-,-,-,-,-
depuff brush for face,RELEVANT,DEPUFF,300,-,108,1,9,7,B0FD354L27|B0GSQW56YT|B0GC3HX5KH|B0FD6Y9BX5|B0G3685P2S|B0H5MMYNWM|B0G2XLH8CG,CONSOLIDATED,1.07,0,6,9,35,14,1,2,7,16,70
sculpt brush for face,RELEVANT,SCULPTING,300,-,90,2,9,5,B0FD354L27|B0GSQW56YT|B0FD6Y9BX5|B0G3685P2S|B0G2XLH8CG,CONSOLIDATED,,0,5,8,24,38,2,9,22,14,80
nuvetra face sculpting brush,COMPETITOR_BRAND,SCULPTING,300,-,86,2,8,4,B0FD354L27|B0GSQW56YT|B0FD6Y9BX5|B0G3685P2S,CONSOLIDATED,,0,4,12,37,51,2,6,44,36,-
lymphatic brush by cecily braden,RELEVANT,LYMPHATIC,300,-,116,1,9,6,B0FD354L27|B0GSQW56YT|B0GVBQ7P79|B0FD6Y9BX5|B0G3685P2S|B0H5MMYNWM,CONSOLIDATED,1.19,0,18,6,8,77,7,10,1,33,61
face lift brush,RELEVANT,BRUSH_MASSAGE,300,-,119,1,9,4,B0FD354L27|B0GSQW56YT|B0FD6Y9BX5|B0G3685P2S,CONSOLIDATED,1.18,0,16,20,40,70,1,11,29,25,83
brush for lymphatic drainage,RELEVANT,DRAINAGE,300,-,,1,9,4,B0FD354L27|B0GSQW56YT|B0FD6Y9BX5|B0H5MMYNWM,CONSOLIDATED,1.33,16,1,19,53,52,8,21,15,25,263
face masajeador,RELEVANT,OTHER,300,-,,37,3,0,,NONE,,0,92,45,-,-,37,-,-,-,-
spa women,RELEVANT,OTHER,300,-,,34,1,0,,NONE,,0,34,-,-,-,-,-,-,-,-
eco tools face scrub brush,RELEVANT,BRUSH_MASSAGE,300,-,,89,4,0,,NONE,0.91,0,-,-,130,137,-,103,89,-,-
cellulite lymphatic drainage tool,RELEVANT,DRAINAGE,300,-,,34,5,0,,NONE,,0,34,153,-,-,253,283,-,221,-
gifts for spa lovers,RELEVANT,OTHER,300,-,,148,1,0,,NONE,,0,-,148,-,-,-,-,-,-,-
prime makeup brush,RELEVANT,BRUSH_MASSAGE,300,-,,252,1,0,,NONE,,0,252,-,-,-,-,-,-,-,-
lumera brand,RELEVANT,OTHER,300,-,,,0,0,,NONE,1.24,0,-,-,-,-,-,-,-,-,-
body brush for lymphatic drainage,RELEVANT,DRAINAGE,299,-,,33,8,0,,NONE,1.4,14,33,86,44,95,112,87,250,77,-
lymph heated brush,RELEVANT,LYMPHATIC,299,-,,21,1,0,,NONE,1.83,0,-,-,-,-,-,-,-,21,-
skin dry brush body,RELEVANT,BRUSH_MASSAGE,299,-,,188,2,0,,NONE,,0,-,-,188,-,-,-,-,193,-
facial brushes for cleaning and exfoliating,RELEVANT,BRUSH_MASSAGE,299,-,,42,6,0,,NONE,1,1,42,302,305,268,-,186,131,-,-
catrice brush,RELEVANT,BRUSH_MASSAGE,298,-,,69,1,0,,NONE,,0,-,-,-,-,-,-,-,69,-
makeup brushes designed,RELEVANT,BRUSH_MASSAGE,298,-,,132,2,0,,NONE,,0,-,-,-,-,132,-,-,-,208
for your skin,RELEVANT,OTHER,298,-,,105,1,0,,NONE,,1,-,-,-,-,105,-,-,-,-
all in one makeup brush,RELEVANT,BRUSH_MASSAGE,298,-,,146,2,0,,NONE,0.65,0,295,-,-,-,146,-,-,-,-
body oil set,OFF_CATEGORY,OTHER,298,-,,242,1,0,,NONE,1.17,0,-,-,-,-,-,-,-,242,-
akei lymphatic facial brush,RELEVANT,LYMPHATIC,297,-,100,3,9,5,B0FD354L27|B0FD6Y9BX5|B0G3685P2S|B0H5MMYNWM|B0G2XLH8CG,CONSOLIDATED,1.41,0,3,21,27,32,11,5,14,18,80
lymph drainage face tool,RELEVANT,DRAINAGE,297,-,187,5,9,2,B0GSQW56YT|B0FD6Y9BX5,SHARED,,0,35,17,55,183,5,71,49,23,129
geisha face tool,RELEVANT,OTHER,297,11,,60,2,0,,NONE,,0,-,60,-,-,-,-,-,63,-
dry brushing body brush lymphatic,RELEVANT,LYMPHATIC,297,-,,31,9,0,,NONE,,0,31,85,114,90,108,134,95,140,254
face massage cream for facial,OFF_CATEGORY,BRUSH_MASSAGE,297,-,,65,2,0,,NONE,,0,65,-,-,-,177,-,-,-,-
brush cleansing facial,RELEVANT,BRUSH_MASSAGE,297,-,,76,3,0,,NONE,,0,76,276,-,-,-,-,-,296,-
heinkel design facial brush,RELEVANT,BRUSH_MASSAGE,296,-,,2,4,2,B0FD6Y9BX5|B0H5MMYNWM,SHARED,,0,-,-,26,36,6,-,2,-,-
face and neck massager tool,RELEVANT,JAWLINE_CHIN,296,-,,120,6,0,,NONE,,2,156,127,-,235,120,201,-,208,-
cheekbone beauty,RELEVANT,OTHER,296,-,,35,1,0,,NONE,1.29,0,-,-,-,-,35,-,-,-,-
face cold roller,RELEVANT,OTHER,296,-,,60,1,0,,NONE,1.63,0,60,-,-,-,-,-,-,-,-
electric fascia massager,OFF_CATEGORY,BRUSH_MASSAGE,296,-,,73,1,0,,NONE,,3,73,-,-,-,-,-,-,-,-
real techniques cheek hugging contour brush,RELEVANT,CONTOUR,296,-,,,0,0,,NONE,,0,-,-,-,-,-,-,-,-,-
contour facial brush,RELEVANT,CONTOUR,295,-,77,3,9,7,B0FD354L27|B0GSQW56YT|B0GVBQ7P79|B0FD6Y9BX5|B0G3685P2S|B0H5MMYNWM|B0G2XLH8CG,CONSOLIDATED,,0,15,20,5,25,3,16,14,13,87
lymphatic facial contour brush,RELEVANT,CONTOUR,295,-,95,3,9,6,B0FD354L27|B0GSQW56YT|B0FD6Y9BX5|B0H5MMYNWM|B0G2XLH8CG|B0H93V3MNM,CONSOLIDATED,1.5,0,13,11,32,78,3,28,19,14,7
face bloating reducer,RELEVANT,OTHER,295,-,,46,2,0,,NONE,1.63,0,46,95,-,-,-,-,-,-,-
beauty by earth brush,RELEVANT,BRUSH_MASSAGE,295,-,,39,1,0,,NONE,,0,-,-,-,39,-,-,-,-,-
professional skincare tools dermaplaning cupping gua sha,OFF_CATEGORY,GUA_SHA,295,-,,43,1,0,,NONE,,0,-,-,-,-,43,-,-,-,-
overnight chin lifting mask,RELEVANT,OTHER,295,-,,64,1,0,,NONE,1.27,0,64,-,-,-,-,-,-,-,-
facial stimulator for wrinkles,RELEVANT,OTHER,295,-,,175,1,0,,NONE,,0,-,-,-,-,-,-,-,175,-
dual brush makeup,RELEVANT,BRUSH_MASSAGE,295,-,,185,1,0,,NONE,,0,-,-,-,-,-,-,-,185,-
instant face and neck lift,RELEVANT,JAWLINE_CHIN,295,-,,196,2,0,,NONE,,0,196,-,-,-,227,-,-,-,-
sculpting gel brush,RELEVANT,SCULPTING,295,-,,,0,0,,NONE,,0,-,-,-,-,-,-,-,-,-
skincare brushes,RELEVANT,BRUSH_MASSAGE,294,-,,49,7,0,,NONE,0.71,1,49,-,260,97,96,97,66,174,-
bamboo dry brush,RELEVANT,BRUSH_MASSAGE,294,-,,75,1,0,,NONE,1.22,1,-,-,-,75,-,-,-,-,-
bliss exfoliating dry brush,RELEVANT,BRUSH_MASSAGE,294,-,,161,1,0,,NONE,,0,-,-,-,-,-,161,-,-,-
medicubr mask,RELEVANT,OTHER,294,-,,201,1,0,,NONE,,0,201,-,-,-,-,-,-,-,-
dual end makeup brush,RELEVANT,BRUSH_MASSAGE,294,-,,203,1,0,,NONE,,1,-,-,-,-,-,-,-,203,-
gua sha tool kit,RELEVANT,GUA_SHA,294,-,,208,1,0,,NONE,1.29,0,-,-,-,-,208,-,-,-,-
escova drenagem facial,RELEVANT,OTHER,293,-,27,2,8,7,B0FD354L27|B0GSQW56YT|B0GC3HX5KH|B0FD6Y9BX5|B0G3685P2S|B0H5MMYNWM|B0G2XLH8CG,CONSOLIDATED,,0,5,17,38,7,2,11,16,12,-
kojiva brush,COMPETITOR_BRAND,BRUSH_MASSAGE,293,-,,7,5,4,B0FD354L27|B0GC3HX5KH|B0G3685P2S|B0G2XLH8CG,CONSOLIDATED,1.58,0,17,-,21,9,-,7,-,12,-
drybrush body for lymphatic,RELEVANT,LYMPHATIC,293,-,215,17,9,1,B0FD354L27,SINGLE,1.36,0,17,99,85,32,132,130,87,38,272
silk gloves for lymphatic massage,RELEVANT,LYMPHATIC,293,-,,23,1,0,,NONE,1.11,0,23,-,-,-,-,-,-,-,-
best neck tightening and lifting,RELEVANT,JAWLINE_CHIN,293,-,,121,2,0,,NONE,,0,180,-,-,-,121,-,-,-,-
prime skin care,RELEVANT,OTHER,293,-,,284,1,0,,NONE,1.92,0,-,-,284,-,-,-,-,-,-
koneva lymphatic face brush,RELEVANT,LYMPHATIC,292,-,81,4,9,6,B0FD354L27|B0GSQW56YT|B0FD6Y9BX5|B0G3685P2S|B0H5MMYNWM|B0G2XLH8CG,CONSOLIDATED,1.5,0,5,12,22,21,4,7,20,9,63
washa brush face,RELEVANT,BRUSH_MASSAGE,292,-,101,3,8,4,B0GSQW56YT|B0GC3HX5KH|B0FD6Y9BX5|B0G2XLH8CG,CONSOLIDATED,,0,24,5,32,10,3,31,22,18,-
face tightening,RELEVANT,OTHER,292,1,,18,2,1,B0FD354L27,SINGLE,1.69,1,18,-,-,-,109,-,-,-,-
facecare,RELEVANT,OTHER,292,-,,14,1,1,B0FD354L27,SINGLE,,0,14,-,-,-,-,-,-,-,-
body lymphatic drainage massager,RELEVANT,DRAINAGE,292,-,,41,3,0,,NONE,,1,41,266,-,-,-,-,-,246,-
contour and blush brush,RELEVANT,CONTOUR,292,-,,129,1,0,,NONE,,0,-,-,-,-,129,-,-,-,-
korean brush cleaner,RELEVANT,BRUSH_MASSAGE,292,-,,,0,0,,NONE,1.15,0,-,-,-,-,-,-,-,-,-
depuff face brush,RELEVANT,DEPUFF,291,-,113,1,8,7,B0FD354L27|B0GSQW56YT|B0GC3HX5KH|B0FD6Y9BX5|B0G3685P2S|B0H5MMYNWM|B0G2XLH8CG,CONSOLIDATED,,0,5,4,29,20,1,8,3,13,-
aeki brush lymphatic,COMPETITOR_BRAND,LYMPHATIC,291,-,148,7,8,2,B0FD6Y9BX5|B0G2XLH8CG,SHARED,1.28,0,24,25,32,83,7,26,28,20,-
oil for gua sha massage for face,OFF_CATEGORY,GUA_SHA,291,-,,30,2,0,,NONE,1.61,0,-,112,-,-,-,-,-,30,-
complexion brush for washing face,RELEVANT,BRUSH_MASSAGE,290,-,214,42,7,0,,NONE,,0,42,80,87,99,89,133,50,-,-
gua sha holic,RELEVANT,GUA_SHA,290,-,,4,1,1,B0G2XLH8CG,SINGLE,,0,-,-,-,-,-,-,-,4,-
lymph roller,RELEVANT,LYMPHATIC,290,-,,41,1,0,,NONE,,0,-,-,-,41,-,-,-,-,-
lifting chin,RELEVANT,OTHER,290,-,,50,1,0,,NONE,,0,50,-,-,-,-,-,-,-,-
kojovia face brush for lymphatic drainage,RELEVANT,DRAINAGE,289,-,110,1,9,6,B0FD354L27|B0GSQW56YT|B0FD6Y9BX5|B0G3685P2S|B0H5MMYNWM|B0G2XLH8CG,CONSOLIDATED,,0,11,8,29,24,1,17,13,14,40
pharmacy skin brush,RELEVANT,BRUSH_MASSAGE,289,-,155,9,6,1,B0H5MMYNWM,SINGLE,,0,-,32,54,59,-,37,9,-,114
contouring brushes for face,RELEVANT,CONTOUR,289,-,161,10,9,2,B0FD6Y9BX5|B0G3685P2S,SHARED,0.85,0,55,44,71,116,10,19,52,111,148
kokeva brush,RELEVANT,BRUSH_MASSAGE,289,-,,1,1,1,B0FD354L27,SINGLE,,0,1,-,-,-,-,-,-,-,-
cleaning face brush,RELEVANT,BRUSH_MASSAGE,289,-,,80,6,0,,NONE,,0,80,262,-,-,200,180,131,285,-
daily ritual women,RELEVANT,OTHER,289,-,,128,1,0,,NONE,0.74,0,-,-,-,-,-,-,-,128,-
lymphatic massager for legs,OFF_CATEGORY,LYMPHATIC,289,-,,269,1,0,,NONE,,0,-,269,-,-,-,-,-,-,-
facial gift sets,RELEVANT,OTHER,289,-,,288,1,0,,NONE,,0,-,-,-,-,-,-,-,288,-
hza gobrush pro,RELEVANT,BRUSH_MASSAGE,289,-,,,0,0,,NONE,1.01,0,-,-,-,-,-,-,-,-,-
rose quartz gua sha massage,RELEVANT,GUA_SHA,289,-,,,0,0,,NONE,1.31,1,-,-,-,-,-,-,-,-,-
bk beauty contour brushes,RELEVANT,CONTOUR,289,-,,,0,0,,NONE,,0,-,-,-,-,-,-,-,-,-
real jade gua sha,RELEVANT,GUA_SHA,288,-,,52,2,0,,NONE,1.3,1,63,-,-,-,-,-,-,52,-
beard brush kitsch,COMPETITOR_BRAND,BRUSH_MASSAGE,288,-,,18,1,1,B0H5MMYNWM,SINGLE,,0,-,-,-,-,-,-,18,-,-
post liposuction massager,RELEVANT,BRUSH_MASSAGE,288,-,,47,1,0,,NONE,1.25,2,47,-,-,-,-,-,-,-,-
make up bruhes,RELEVANT,OTHER,288,-,,66,1,0,,NONE,,0,-,-,-,-,66,-,-,-,-
face scurbber,RELEVANT,OTHER,288,-,,16,2,1,B0H5MMYNWM,SINGLE,,0,-,-,-,226,-,-,16,-,-
too face contour,RELEVANT,CONTOUR,288,-,,132,2,0,,NONE,,0,-,-,-,144,-,132,-,-,-
brush for body oil,OFF_CATEGORY,BRUSH_MASSAGE,288,-,,129,2,0,,NONE,,0,-,-,258,-,-,-,-,129,-
make up brush container,RELEVANT,BRUSH_MASSAGE,288,-,,206,1,0,,NONE,,1,-,-,-,-,206,-,-,-,-
lymphatic detox and drainage,RELEVANT,DRAINAGE,288,3,,124,3,0,,NONE,2.44,0,289,-,-,256,124,-,-,-,-
well spa,RELEVANT,OTHER,287,-,,30,1,0,,NONE,1.66,0,30,-,-,-,-,-,-,-,-
chin slimmer for women,RELEVANT,OTHER,287,-,,36,1,0,,NONE,1.17,0,36,-,-,-,-,-,-,-,-
face lift roller massage tool,RELEVANT,BRUSH_MASSAGE,287,-,,51,3,0,,NONE,,0,170,-,-,173,51,-,-,-,-
irritated eye relief,RELEVANT,OTHER,287,-,,277,1,0,,NONE,2.3,0,277,-,-,-,-,-,-,-,-
contour for dark skin,RELEVANT,CONTOUR,287,-,,276,2,0,,NONE,0.79,0,276,-,-,-,286,-,-,-,-
lymphatic drainage massager brush,RELEVANT,DRAINAGE,286,-,211,2,8,4,B0FD354L27|B0FD6Y9BX5|B0H5MMYNWM|B0G2XLH8CG,CONSOLIDATED,1.16,0,7,22,90,34,2,26,18,17,-
lose face fat,RELEVANT,OTHER,286,-,,2,1,1,B0FD354L27,SINGLE,1.81,0,2,-,-,-,-,-,-,-,-
chinese skin care,RELEVANT,OTHER,286,-,,17,1,1,B0FD354L27,SINGLE,1.51,0,17,-,-,-,-,-,-,-,-
hizoo lymphatic drainage massager,RELEVANT,DRAINAGE,286,-,,18,1,1,B0FD354L27,SINGLE,1.93,0,18,-,-,-,-,-,-,-,-
brushed stainless steel,OFF_CATEGORY,BRUSH_MASSAGE,286,-,,126,1,0,,NONE,,11,-,-,126,-,-,-,-,-,-
best make-up brushes,RELEVANT,BRUSH_MASSAGE,286,-,,250,1,0,,NONE,,0,-,-,-,-,250,-,-,-,-
medicube massager face,OFF_CATEGORY,BRUSH_MASSAGE,286,-,,,0,0,,NONE,,0,-,-,-,-,-,-,-,-,-
shampoo massage comb,RELEVANT,BRUSH_MASSAGE,286,-,,,0,0,,NONE,,0,-,-,-,-,-,-,-,-,-
escova de drenagem para o rosto,RELEVANT,OTHER,285,-,,7,6,3,B0FD354L27|B0GC3HX5KH|B0G3685P2S,SHARED,1.39,0,7,25,32,11,36,10,-,-,-
contouring stick for face,RELEVANT,CONTOUR,285,-,,156,1,0,,NONE,0.89,3,-,-,-,-,-,-,-,156,-
point self massage,RELEVANT,BRUSH_MASSAGE,285,-,,208,1,0,,NONE,,1,-,-,-,-,-,208,-,-,-
face lifting serum,OFF_CATEGORY,OTHER,285,-,,242,1,0,,NONE,,12,-,-,-,-,242,-,-,-,-
facial lymphatic drainage massager,RELEVANT,DRAINAGE,284,-,218,14,8,1,B0FD6Y9BX5,SINGLE,1.23,0,47,60,158,61,14,40,78,75,-
long roller lymphatic,RELEVANT,LYMPHATIC,284,-,,42,1,0,,NONE,,0,-,-,-,42,-,-,-,-,-
it brush,RELEVANT,BRUSH_MASSAGE,284,-,,86,5,0,,NONE,,0,-,86,-,-,119,128,-,99,100
gua sha facial tool set,RELEVANT,GUA_SHA,284,-,,74,5,0,,NONE,1.3,6,-,-,151,269,210,198,-,74,-
dry brushing body brush natural bristles,RELEVANT,BRUSH_MASSAGE,284,-,,148,3,0,,NONE,,0,-,185,164,148,-,-,-,-,-
face cleaning set,RELEVANT,OTHER,284,-,,144,1,0,,NONE,,0,-,-,-,-,-,-,-,144,-
masaje facial,RELEVANT,OTHER,283,-,,6,3,2,B0FD354L27|B0FD6Y9BX5,SHARED,,0,14,136,-,-,6,-,-,-,-
lymphatic drainage fsa,RELEVANT,DRAINAGE,283,-,,71,1,0,,NONE,,0,71,-,-,-,-,-,-,-,-
tension headache massage tool,RELEVANT,BRUSH_MASSAGE,283,-,,152,1,0,,NONE,,0,152,-,-,-,-,-,-,-,-
￼edge brush,RELEVANT,BRUSH_MASSAGE,283,-,,168,1,0,,NONE,,0,-,-,-,-,-,-,-,168,-
body sculpting device,RELEVANT,SCULPTING,283,-,,264,1,0,,NONE,1.45,4,-,-,-,-,-,-,-,264,-
guasha oil for face lymphatic,OFF_CATEGORY,GUA_SHA,282,-,113,29,6,0,,NONE,,0,29,-,144,-,85,91,-,49,111
slim define face massager,RELEVANT,BRUSH_MASSAGE,282,-,,37,2,0,,NONE,1.43,0,37,-,-,-,84,-,-,-,-
a better gua sha alternative,RELEVANT,GUA_SHA,282,-,36,7,1,1,B0G3685P2S,SINGLE,,0,-,-,-,-,-,7,-,-,-
cepillo en seco para celulitis,OFF_CATEGORY,OTHER,282,5,,38,6,0,,NONE,1.35,0,47,108,120,-,-,249,-,38,252
wood sculpting tools,RELEVANT,SCULPTING,282,-,,150,4,0,,NONE,1,0,-,169,184,150,-,-,-,-,177
face double chin reducer,RELEVANT,JAWLINE_CHIN,282,-,,42,2,0,,NONE,,0,42,-,-,212,-,-,-,-,-
face applicator tool,RELEVANT,OTHER,282,6,,179,1,0,,NONE,0.72,0,-,-,-,-,179,-,-,-,-
contour kit for mature skin,RELEVANT,CONTOUR,282,-,,,0,0,,NONE,1.32,0,-,-,-,-,-,-,-,-,-
lipedema brush,RELEVANT,BRUSH_MASSAGE,281,-,185,22,7,0,,NONE,,0,22,56,88,50,39,43,-,-,129
sculpiflex cellulite,RELEVANT,OTHER,281,-,,26,1,0,,NONE,1.91,0,26,-,-,-,-,-,-,-,-
under eye milia remover,RELEVANT,OTHER,281,3,,42,1,0,,NONE,1.47,0,42,-,-,-,-,-,-,-,-
kitsch serum,OFF_CATEGORY,OTHER,281,-,,55,1,0,,NONE,,0,-,-,-,-,-,-,55,-,-
double brush,RELEVANT,BRUSH_MASSAGE,281,-,,86,4,0,,NONE,0.64,5,86,-,107,303,-,-,-,105,-
full body lymphatic drainage tool,RELEVANT,DRAINAGE,281,-,,95,4,0,,NONE,,0,95,-,-,-,-,107,-,185,232
chin reducer,RELEVANT,OTHER,281,-,,31,2,0,,NONE,1.4,20,31,-,-,196,-,-,-,-,-
eye makeup helper tool,RELEVANT,OTHER,281,-,,142,2,0,,NONE,,0,142,-,-,-,-,187,-,-,-
wooden brush set,RELEVANT,BRUSH_MASSAGE,281,-,,206,1,0,,NONE,,0,-,-,206,-,-,-,-,-,-
face skincare set,RELEVANT,OTHER,281,-,,226,2,0,,NONE,1.37,0,-,-,-,-,292,-,-,226,-
puffy eye bags treatment for women,RELEVANT,DEPUFF,281,-,,292,1,0,,NONE,,0,-,-,-,-,292,-,-,-,-
lymphatic drainage suction cups for face,RELEVANT,DRAINAGE,281,-,,,0,0,,NONE,1.19,0,-,-,-,-,-,-,-,-,-
face rollers for lymphatic drainage,RELEVANT,DRAINAGE,280,-,274,20,8,1,B0FD354L27,SINGLE,,0,20,99,218,111,140,133,105,90,-
sculptoque lymphatic drainage,RELEVANT,DRAINAGE,280,-,239,97,6,0,,NONE,,0,111,97,-,163,100,179,-,207,-
cepillo para el cuerpo en seco,OFF_CATEGORY,OTHER,280,-,,46,1,0,,NONE,,0,-,-,-,46,-,-,-,-,-
cepillo en seco,OFF_CATEGORY,OTHER,280,-,,52,1,0,,NONE,,0,-,-,-,52,-,-,-,-,-
eye massager fsa,RELEVANT,BRUSH_MASSAGE,280,-,,69,1,0,,NONE,1.96,0,69,-,-,-,-,-,-,-,-
chin shaper,RELEVANT,OTHER,280,-,,80,1,0,,NONE,1.06,0,80,-,-,-,-,-,-,-,-
clenser brush,RELEVANT,BRUSH_MASSAGE,280,-,,86,1,0,,NONE,,0,-,-,-,-,-,-,86,-,-
eye temple massager,RELEVANT,BRUSH_MASSAGE,280,-,,157,2,0,,NONE,,0,-,-,-,-,157,-,-,203,-
stress relief self care kit,RELEVANT,OTHER,280,-,,206,1,0,,NONE,,0,-,-,-,-,206,-,-,-,-
skin care travel,RELEVANT,OTHER,280,-,,234,1,0,,NONE,,1,234,-,-,-,-,-,-,-,-
lymphatic drainage mary,RELEVANT,DRAINAGE,280,-,,,0,0,,NONE,,0,-,-,-,-,-,-,-,-,-
neck gua sha cream,OFF_CATEGORY,GUA_SHA,280,-,289,,0,0,,NONE,,0,-,-,-,-,-,-,-,-,-
masaje para la cara,RELEVANT,OTHER,279,-,,19,2,1,B0FD6Y9BX5,SINGLE,,0,-,-,-,-,19,-,-,92,-
careprost,RELEVANT,OTHER,279,-,,4,1,1,B0FD354L27,SINGLE,1.38,0,4,-,-,-,-,-,-,-,-
serene skincare,RELEVANT,OTHER,279,-,,6,1,1,B0FD354L27,SINGLE,1.27,0,6,-,-,-,-,-,-,-,-
guansha,RELEVANT,OTHER,279,-,,56,9,0,,NONE,1.24,0,98,56,279,155,106,290,194,100,241
meaningful beauty kit,RELEVANT,OTHER,279,-,,103,1,0,,NONE,1.54,0,-,-,103,-,-,-,-,-,-
facial care products,RELEVANT,OTHER,279,-,,154,1,0,,NONE,,0,154,-,-,-,-,-,-,-,-
skin care box,RELEVANT,OTHER,279,-,,200,1,0,,NONE,0.78,0,-,-,200,-,-,-,-,-,-
brush for mask application,RELEVANT,BRUSH_MASSAGE,279,-,,,0,0,,NONE,,1,-,-,-,-,-,-,-,-,-
lymphatic wellness,RELEVANT,LYMPHATIC,278,-,,95,9,0,,NONE,2.53,3,241,96,184,294,95,183,99,125,276
instant smooth face,RELEVANT,OTHER,278,-,,58,1,0,,NONE,1.61,0,58,-,-,-,-,-,-,-,-
guasha serum for face,OFF_CATEGORY,GUA_SHA,278,-,257,68,5,0,,NONE,,0,-,-,175,68,83,143,-,-,144
gua sha kit with oil,OFF_CATEGORY,GUA_SHA,278,-,,174,1,0,,NONE,,0,-,-,-,-,174,-,-,-,-
wood gift box set,RELEVANT,OTHER,278,-,,,0,0,,NONE,,0,-,-,-,-,-,-,-,-,-
dry lymphatic massage brush for face,RELEVANT,LYMPHATIC,277,-,96,2,9,6,B0FD354L27|B0GSQW56YT|B0GVBQ7P79|B0GC3HX5KH|B0FD6Y9BX5|B0G2XLH8CG,CONSOLIDATED,1.15,0,17,7,12,13,2,23,33,20,60
nucetra brush,RELEVANT,BRUSH_MASSAGE,277,-,,3,2,2,B0GC3HX5KH|B0G3685P2S,SHARED,,0,-,-,-,3,-,5,-,-,-
nova face brush,RELEVANT,BRUSH_MASSAGE,277,-,90,30,2,0,,NONE,0.93,0,-,-,-,50,-,-,30,-,-
lympatic drainage,RELEVANT,DRAINAGE,277,-,,44,8,0,,NONE,,0,211,157,231,-,44,179,81,296,227
cellulite patches,RELEVANT,OTHER,277,-,,26,1,0,,NONE,1.15,0,26,-,-,-,-,-,-,-,-
large edge brush,RELEVANT,BRUSH_MASSAGE,277,-,,130,1,0,,NONE,,0,-,-,-,-,-,-,-,130,-
gousha for face,RELEVANT,OTHER,276,-,,7,4,1,B0FD354L27,SINGLE,,0,7,77,-,34,-,-,-,70,-
jade gua sha tools for face,RELEVANT,GUA_SHA,276,-,,51,2,0,,NONE,1.24,0,-,-,-,51,-,-,-,55,-
slim sculpt md,RELEVANT,SCULPTING,276,-,,22,1,0,,NONE,1.88,0,22,-,-,-,-,-,-,-,-
gua sha tool jade stone,RELEVANT,GUA_SHA,276,-,,53,1,0,,NONE,,0,-,-,-,-,-,-,-,53,-
skin tightening massager,RELEVANT,BRUSH_MASSAGE,276,-,,97,2,0,,NONE,1.57,0,106,-,-,-,97,-,-,-,-
lymphatic system drainage,RELEVANT,DRAINAGE,276,-,,112,2,0,,NONE,2.28,0,-,-,-,-,112,-,-,124,-
neck skin tightening cream,OFF_CATEGORY,JAWLINE_CHIN,276,-,,291,1,0,,NONE,2.15,0,291,-,-,-,-,-,-,-,-
microcurrent face lifter,RELEVANT,OTHER,276,-,,,0,0,,NONE,,0,-,-,-,-,-,-,-,-,-
orynel globrush lymphatic,COMPETITOR_BRAND,LYMPHATIC,275,-,71,2,9,5,B0FD354L27|B0GSQW56YT|B0FD6Y9BX5|B0G3685P2S|B0H5MMYNWM,CONSOLIDATED,,0,18,20,25,44,2,12,4,36,57
floriem lymphatic face brush,COMPETITOR_BRAND,LYMPHATIC,275,-,86,2,9,4,B0FD354L27|B0GSQW56YT|B0FD6Y9BX5|B0H5MMYNWM,CONSOLIDATED,,0,17,19,24,77,2,22,14,21,74
auvora sculpt brush,RELEVANT,SCULPTING,275,-,,1,4,4,B0FD354L27|B0FD6Y9BX5|B0G3685P2S|B0G2XLH8CG,CONSOLIDATED,,0,1,-,-,-,2,3,-,6,-
face yoga tool,RELEVANT,OTHER,275,-,,12,2,1,B0FD354L27,SINGLE,1.23,0,12,-,-,-,-,-,-,27,-
dru brush,RELEVANT,BRUSH_MASSAGE,275,-,,80,8,0,,NONE,1.14,0,80,172,217,193,96,130,-,221,241
turmeric face scrub pads,RELEVANT,OTHER,275,-,,96,1,0,,NONE,1.28,11,96,-,-,-,-,-,-,-,-
anua gua sha retinol,OFF_CATEGORY,GUA_SHA,275,-,,,0,0,,NONE,1.61,0,-,-,-,-,-,-,-,-,-
gua sha dry brush,RELEVANT,GUA_SHA,274,-,62,2,8,4,B0GSQW56YT|B0FD6Y9BX5|B0G3685P2S|B0H5MMYNWM,CONSOLIDATED,1.38,0,21,9,47,45,2,13,16,24,-
lymphatic drainage tool for stomach,RELEVANT,DRAINAGE,274,-,274,127,7,0,,NONE,,0,174,143,-,221,177,188,-,127,265
korean jawline shaper,RELEVANT,JAWLINE_CHIN,274,-,,44,1,0,,NONE,,0,44,-,-,-,-,-,-,-,-
cooling face,RELEVANT,OTHER,274,3,,94,1,0,,NONE,,7,-,-,-,-,-,-,-,94,-
produce brish,RELEVANT,OTHER,274,-,,193,1,0,,NONE,,0,-,-,-,-,193,-,-,-,-
face it 2.0 brush cleaner,RELEVANT,BRUSH_MASSAGE,274,-,,,0,0,,NONE,1.21,0,-,-,-,-,-,-,-,-,-
guasha ring,RELEVANT,GUA_SHA,274,-,,,0,0,,NONE,1.15,2,-,-,-,-,-,-,-,-,-
facial lymph drainage brush,RELEVANT,DRAINAGE,273,-,94,5,9,6,B0FD354L27|B0GSQW56YT|B0GC3HX5KH|B0FD6Y9BX5|B0G3685P2S|B0G2XLH8CG,CONSOLIDATED,,0,19,5,32,18,15,9,23,8,66
skin sculpt,RELEVANT,SCULPTING,273,-,,2,6,1,B0FD6Y9BX5,SINGLE,,0,-,75,-,-,2,122,56,46,148
firming face massager,RELEVANT,BRUSH_MASSAGE,273,-,,81,3,0,,NONE,,1,88,93,-,-,81,-,-,-,-
swelling face reducer,RELEVANT,OTHER,273,-,,67,5,0,,NONE,,0,-,306,-,99,100,175,-,67,-
lymphatic and cellulite massager,RELEVANT,LYMPHATIC,273,-,,68,1,0,,NONE,1.37,0,68,-,-,-,-,-,-,-,-
rituals gift sets for women,RELEVANT,OTHER,273,-,,126,1,0,,NONE,1.33,0,-,-,-,-,-,-,-,126,-
star makeup brushes,RELEVANT,BRUSH_MASSAGE,273,-,,147,1,0,,NONE,,0,-,-,147,-,-,-,-,-,-
contour sets makeup,RELEVANT,CONTOUR,273,-,,150,2,0,,NONE,,0,-,-,-,-,150,-,-,271,-
massage oil and tools,OFF_CATEGORY,BRUSH_MASSAGE,273,-,,188,4,0,,NONE,,0,-,206,-,-,188,300,-,210,-
best body brush for dry brushing,RELEVANT,BRUSH_MASSAGE,273,-,,258,2,0,,NONE,,0,-,258,283,-,-,-,-,-,-
silicone pore brush for face,RELEVANT,BRUSH_MASSAGE,273,-,,,0,0,,NONE,1.21,0,-,-,-,-,-,-,-,-,-
health accessories,RELEVANT,OTHER,272,-,,28,1,0,,NONE,,0,28,-,-,-,-,-,-,-,-
face brushes set,RELEVANT,BRUSH_MASSAGE,272,-,,142,4,0,,NONE,1.12,0,-,-,158,-,142,182,-,143,-
ritual for women,RELEVANT,OTHER,272,-,,69,1,0,,NONE,,0,-,-,-,-,-,-,-,69,-
gua sha hair & scalp brush,RELEVANT,GUA_SHA,272,-,,35,3,0,,NONE,1.42,0,-,129,-,183,-,-,-,35,-
waterproof contour,RELEVANT,CONTOUR,272,-,,118,2,0,,NONE,,1,-,-,-,-,-,289,-,-,118
按摩梳,RELEVANT,OTHER,272,-,,,0,0,,NONE,0.92,0,-,-,-,-,-,-,-,-,-
wet n wild powder brush,RELEVANT,BRUSH_MASSAGE,272,-,,,0,0,,NONE,1.75,0,-,-,-,-,-,-,-,-,-
face lymph brush,RELEVANT,LYMPHATIC,271,-,141,5,9,5,B0FD354L27|B0GSQW56YT|B0FD6Y9BX5|B0H5MMYNWM|B0G2XLH8CG,CONSOLIDATED,,0,11,5,22,24,7,21,9,16,66
eteross lymphatic face brush,COMPETITOR_BRAND,LYMPHATIC,271,-,121,4,9,5,B0FD354L27|B0GSQW56YT|B0GVBQ7P79|B0FD6Y9BX5|B0H5MMYNWM,CONSOLIDATED,1.35,0,13,14,18,74,4,28,16,57,61
kohiva facial brush,RELEVANT,BRUSH_MASSAGE,271,-,,1,4,4,B0GVBQ7P79|B0GC3HX5KH|B0H5MMYNWM|B0G2XLH8CG,CONSOLIDATED,,0,-,-,6,19,-,-,1,3,-
drenaje linfático facial,RELEVANT,OTHER,271,-,,10,6,1,B0G2XLH8CG,SINGLE,1.63,0,66,53,-,45,35,60,-,10,-
viddo face brush,RELEVANT,BRUSH_MASSAGE,271,-,,1,2,2,B0FD354L27|B0FD6Y9BX5,SHARED,,0,2,-,-,-,1,-,-,-,-
scalp fascia release,RELEVANT,OTHER,271,-,,18,1,1,B0FD354L27,SINGLE,,0,18,-,-,-,-,-,-,-,-
cellulite tape for legs,OFF_CATEGORY,OTHER,271,-,,31,1,0,,NONE,1.42,1,31,-,-,-,-,-,-,-,-
lymphatic drainage wooden tool,RELEVANT,DRAINAGE,271,-,,38,7,0,,NONE,0.95,0,38,120,64,187,-,83,-,51,175
olay neck roller,RELEVANT,JAWLINE_CHIN,271,-,,35,1,0,,NONE,1.99,0,35,-,-,-,-,-,-,-,-
keys skincare,RELEVANT,OTHER,271,-,,152,1,0,,NONE,1.52,0,152,-,-,-,-,-,-,-,-
kojeva face sculpting brush,COMPETITOR_BRAND,SCULPTING,270,-,84,3,8,7,B0FD354L27|B0GSQW56YT|B0GVBQ7P79|B0GC3HX5KH|B0FD6Y9BX5|B0G3685P2S|B0G2XLH8CG,CONSOLIDATED,,0,4,13,19,16,3,8,30,7,-
kokeva lymphatic brush,RELEVANT,LYMPHATIC,270,-,83,1,8,6,B0FD354L27|B0GSQW56YT|B0FD6Y9BX5|B0G3685P2S|B0H5MMYNWM|B0G2XLH8CG,CONSOLIDATED,1.42,0,1,20,29,22,2,17,10,19,-
makeup brushes face only,RELEVANT,BRUSH_MASSAGE,270,-,,57,6,0,,NONE,,0,98,-,-,-,57,183,90,214,215
self clean brush,RELEVANT,BRUSH_MASSAGE,270,-,,93,3,0,,NONE,,0,-,-,-,-,102,123,93,-,-
self tanning face brush,RELEVANT,BRUSH_MASSAGE,270,-,,109,3,0,,NONE,1.26,0,-,-,-,184,126,-,109,-,-
facial mask application brush,RELEVANT,BRUSH_MASSAGE,270,-,,170,3,0,,NONE,,1,-,-,-,205,180,170,-,-,-
dry tool box,RELEVANT,OTHER,270,-,,205,2,0,,NONE,,0,-,-,205,225,-,-,-,-,-
premium beauty gifts,RELEVANT,OTHER,270,-,,263,1,0,,NONE,1.13,0,-,-,-,-,-,-,-,-,263
makeup vrushes,RELEVANT,OTHER,270,-,,281,1,0,,NONE,,0,-,-,-,-,281,-,-,-,-
firming depuffer sonic,RELEVANT,DEPUFF,269,-,,23,3,0,,NONE,,0,82,-,-,-,23,84,-,-,-
face brush plastic,RELEVANT,BRUSH_MASSAGE,269,-,212,29,4,0,,NONE,,0,39,124,-,93,-,-,29,-,-
natural bristle skin brush,RELEVANT,BRUSH_MASSAGE,269,-,222,75,8,0,,NONE,,0,75,154,101,153,-,110,128,259,216
vibration lymphatic tool,OFF_CATEGORY,LYMPHATIC,269,-,,9,3,1,B0FD354L27,SINGLE,,0,9,-,-,-,94,126,-,-,-
face washing brush for women,RELEVANT,BRUSH_MASSAGE,269,-,252,33,7,0,,NONE,,0,33,113,117,131,137,293,81,-,-
nose contour kit,RELEVANT,CONTOUR,269,-,,41,1,0,,NONE,0.91,0,41,-,-,-,-,-,-,-,-
beauty massager for face,RELEVANT,BRUSH_MASSAGE,269,-,,83,5,0,,NONE,,1,83,220,-,-,148,301,-,201,-
head gua sha,RELEVANT,GUA_SHA,269,-,,82,3,0,,NONE,,2,-,153,-,-,-,-,-,82,226
"morphe ready, set, pro 16-piece face & eye brush set",RELEVANT,BRUSH_MASSAGE,269,-,,,0,0,,NONE,,0,-,-,-,-,-,-,-,-,-
rokaty,RELEVANT,OTHER,268,-,,2,4,4,B0FD354L27|B0GC3HX5KH|B0FD6Y9BX5|B0G2XLH8CG,CONSOLIDATED,0.89,0,6,-,-,17,2,-,-,10,-
face slimmer tool,RELEVANT,OTHER,268,-,,4,1,1,B0FD354L27,SINGLE,1.3,0,4,-,-,-,-,-,-,-,-
yoseng drybrush set,RELEVANT,BRUSH_MASSAGE,268,-,,18,1,1,B0GC3HX5KH,SINGLE,0.92,4,-,-,-,18,-,-,-,-,-
medicube neck mask,OFF_CATEGORY,JAWLINE_CHIN,268,-,,41,1,0,,NONE,,0,41,-,-,-,-,-,-,-,-
fb brush,RELEVANT,BRUSH_MASSAGE,268,-,,73,1,0,,NONE,,0,-,-,73,-,-,-,-,-,-
3 minute face lift,RELEVANT,OTHER,268,-,,61,2,0,,NONE,,0,-,61,-,-,-,-,-,157,-
irritated eyelid relief,RELEVANT,OTHER,268,-,,189,1,0,,NONE,,0,189,-,-,-,-,-,-,-,-
skincare beginner set,RELEVANT,OTHER,268,-,,248,1,0,,NONE,,0,-,-,-,-,-,-,-,248,-
korean lymphatic face brush,RELEVANT,LYMPHATIC,267,-,110,7,9,8,B0FD354L27|B0GSQW56YT|B0GVBQ7P79|B0GC3HX5KH|B0FD6Y9BX5|B0G3685P2S|B0H5MMYNWM|B0G2XLH8CG,CONSOLIDATED,1.36,0,10,7,18,17,16,11,13,15,48
glowche brush,COMPETITOR_BRAND,BRUSH_MASSAGE,267,-,20,1,4,4,B0FD354L27|B0FD6Y9BX5|B0G3685P2S|B0G2XLH8CG,CONSOLIDATED,,0,1,-,-,-,8,7,-,6,-
stone for face,RELEVANT,OTHER,267,-,,30,2,0,,NONE,1.05,1,30,-,-,-,-,-,-,83,-
cepillo para lift,OFF_CATEGORY,OTHER,267,-,,1,1,1,B0FD6Y9BX5,SINGLE,,0,-,-,-,-,1,-,-,-,-
collagen face sculpt wrap,OFF_CATEGORY,SCULPTING,267,-,,28,1,0,,NONE,1.54,17,28,-,-,-,-,-,-,-,-
instant double chin reducer,RELEVANT,JAWLINE_CHIN,267,-,,34,1,0,,NONE,,0,34,-,-,-,-,-,-,-,-
wooden baby brush set,RELEVANT,BRUSH_MASSAGE,267,-,,187,1,0,,NONE,0.75,2,-,-,187,-,-,-,-,-,-
face beauty kit,RELEVANT,OTHER,267,-,,223,1,0,,NONE,,0,-,-,-,-,223,-,-,-,-
300 dual-ended precision contour brush,RELEVANT,CONTOUR,267,-,,,0,0,,NONE,,0,-,-,-,-,-,-,-,-,-
silicone face scrubber manual,OFF_CATEGORY,OTHER,267,-,,,0,0,,NONE,,1,-,-,-,-,-,-,-,-,-
prolux makeup,RELEVANT,OTHER,267,-,84,,0,0,,NONE,1.15,0,-,-,-,-,-,-,-,-,-
lymphatic contour face brush k glow,RELEVANT,CONTOUR,266,-,34,4,9,6,B0FD354L27|B0GSQW56YT|B0FD6Y9BX5|B0G3685P2S|B0H5MMYNWM|B0G2XLH8CG,CONSOLIDATED,,0,14,11,48,35,4,7,20,13,58
flahold lymphatic contour face brush,RELEVANT,CONTOUR,266,-,114,2,9,3,B0FD354L27|B0H5MMYNWM|B0G2XLH8CG,SHARED,1.12,0,2,26,51,91,25,31,9,20,86
contor brush,RELEVANT,BRUSH_MASSAGE,266,-,291,3,9,1,B0H93V3MNM,SINGLE,,0,90,66,124,170,29,78,24,63,3
sandalwood face massager,RELEVANT,BRUSH_MASSAGE,266,-,,94,1,0,,NONE,,0,-,-,-,94,-,-,-,-,-
contour makeup kit,RELEVANT,CONTOUR,266,-,,181,1,0,,NONE,0.89,0,-,-,-,-,181,-,-,-,-
auvorra lymphatic contour face brush,RELEVANT,CONTOUR,265,-,86,3,9,7,B0FD354L27|B0GSQW56YT|B0GVBQ7P79|B0FD6Y9BX5|B0G3685P2S|B0H5MMYNWM|B0G2XLH8CG,CONSOLIDATED,1.06,0,15,14,3,25,13,11,16,8,27
soft guasha facial brush,RELEVANT,GUA_SHA,265,-,52,1,9,5,B0GSQW56YT|B0GC3HX5KH|B0FD6Y9BX5|B0G3685P2S|B0G2XLH8CG,CONSOLIDATED,1.31,0,23,17,28,11,1,19,27,2,280
double chin firming tool,RELEVANT,JAWLINE_CHIN,265,-,,23,2,0,,NONE,,0,23,-,-,-,96,-,-,-,-
make up must haves,RELEVANT,OTHER,265,-,,41,1,0,,NONE,1,0,-,-,-,-,41,-,-,-,-
grey face makeup,RELEVANT,OTHER,265,-,,149,1,0,,NONE,0.82,1,149,-,-,-,-,-,-,-,-
pink face scrubber,RELEVANT,OTHER,265,-,129,,0,0,,NONE,,0,-,-,-,-,-,-,-,-,-
nuverta contour glow brush,RELEVANT,CONTOUR,264,-,25,3,4,4,B0FD354L27|B0GC3HX5KH|B0FD6Y9BX5|B0G3685P2S,CONSOLIDATED,,0,3,-,-,5,7,4,-,-,-
kojivashop face brush,COMPETITOR_BRAND,BRUSH_MASSAGE,264,-,30,2,4,4,B0GC3HX5KH|B0FD6Y9BX5|B0G3685P2S|B0H5MMYNWM,CONSOLIDATED,,0,-,-,-,10,5,2,4,-,-
aeli lymphatic face brush,RELEVANT,LYMPHATIC,264,-,105,12,9,2,B0FD354L27|B0FD6Y9BX5,SHARED,1.26,0,12,21,32,29,20,22,30,59,67
vellorra lymphatic contour face brush,RELEVANT,CONTOUR,264,-,128,4,9,3,B0GSQW56YT|B0FD6Y9BX5|B0H5MMYNWM,SHARED,,0,32,14,81,40,4,35,16,48,67
daimai sculpting brush for belly,RELEVANT,SCULPTING,264,-,71,29,4,0,,NONE,,0,-,36,-,41,46,29,-,-,-
goop dry brushing body brush,RELEVANT,BRUSH_MASSAGE,264,-,,40,2,0,,NONE,1.11,0,40,-,-,71,-,-,-,-,-
stainless steel body gua sha,OFF_CATEGORY,GUA_SHA,264,-,,81,2,0,,NONE,,1,81,-,182,-,-,-,-,-,-
retractable cushion massage brush,RELEVANT,BRUSH_MASSAGE,264,-,,143,3,0,,NONE,0.98,0,-,175,-,151,-,143,-,-,-
baimei cryotherapy ice roller and gua sha facial tools,RELEVANT,GUA_SHA,264,-,,,0,0,,NONE,0.94,0,-,-,-,-,-,-,-,-,-
floriem lymphatic brush,COMPETITOR_BRAND,LYMPHATIC,263,-,88,1,9,6,B0FD354L27|B0GSQW56YT|B0FD6Y9BX5|B0G3685P2S|B0H5MMYNWM|B0G2XLH8CG,CONSOLIDATED,1.32,0,1,20,32,21,5,11,18,19,50
cool face,RELEVANT,OTHER,263,-,,40,1,0,,NONE,,1,-,-,-,-,-,-,-,40,-
beauty blender stand,RELEVANT,OTHER,263,-,,45,1,0,,NONE,0.59,0,45,-,-,-,-,-,-,-,-
face love cosmetic,RELEVANT,OTHER,263,-,,114,4,0,,NONE,,0,140,-,-,-,250,114,-,296,-
purple tooth powder,RELEVANT,OTHER,263,4,,,0,0,,NONE,1.91,3,-,-,-,-,-,-,-,-,-
lymphatic contour face massager,RELEVANT,CONTOUR,262,-,211,19,9,1,B0FD6Y9BX5,SINGLE,,0,29,24,96,97,19,101,35,43,156
favorite things under 10 dollars,RELEVANT,OTHER,262,-,,20,1,1,B0FD354L27,SINGLE,0.99,0,20,-,-,-,-,-,-,-,-
facial muscle stimulator,RELEVANT,OTHER,262,-,,40,2,0,,NONE,,0,40,173,-,-,-,-,-,-,-
soft bristle body brush,RELEVANT,BRUSH_MASSAGE,262,-,,108,2,0,,NONE,,0,-,108,250,-,-,-,-,-,-
make up brushes black,RELEVANT,BRUSH_MASSAGE,262,-,,117,1,0,,NONE,,0,-,-,-,-,-,-,117,-,-
makeup under 2,RELEVANT,OTHER,262,-,,178,2,0,,NONE,1.29,0,-,-,-,-,178,280,-,-,-
cheekbone beauty contour,RELEVANT,CONTOUR,262,-,,276,2,0,,NONE,,0,-,277,-,-,-,-,-,-,276
lymphatic drainage underwear,RELEVANT,DRAINAGE,262,-,,,0,0,,NONE,,0,-,-,-,-,-,-,-,-,-
depuffing brush for face,RELEVANT,DEPUFF,261,-,55,1,8,7,B0FD354L27|B0GSQW56YT|B0GC3HX5KH|B0FD6Y9BX5|B0G3685P2S|B0H5MMYNWM|B0G2XLH8CG,CONSOLIDATED,1.34,0,5,10,28,20,1,15,6,11,-
lymphatic contour face brush for jawline & chin sculpting,RELEVANT,SCULPTING,261,-,133,2,9,7,B0FD354L27|B0GSQW56YT|B0GC3HX5KH|B0FD6Y9BX5|B0G3685P2S|B0H5MMYNWM|B0G2XLH8CG,CONSOLIDATED,,0,6,18,45,9,2,5,12,10,100
lumispa nuskin facial brush,RELEVANT,BRUSH_MASSAGE,261,-,120,25,8,0,,NONE,,0,68,59,109,100,62,80,25,72,-
face sculpting tool guasha scrapers,RELEVANT,GUA_SHA,261,-,,8,6,1,B0FD354L27,SINGLE,,0,8,28,-,81,167,79,-,32,-
amazon lymphatic drainage,RELEVANT,DRAINAGE,261,-,,30,2,0,,NONE,,0,30,-,-,-,46,-,-,-,-
foreo brush,RELEVANT,BRUSH_MASSAGE,261,-,,41,2,0,,NONE,,0,-,-,-,-,-,89,41,-,-
skin tool,RELEVANT,OTHER,261,-,,77,6,0,,NONE,,0,77,147,-,-,89,159,-,156,238
cosmetic brushes for cleaning face,RELEVANT,BRUSH_MASSAGE,261,-,,44,1,0,,NONE,,0,44,-,-,-,-,-,-,-,-
body sculpting kit,RELEVANT,SCULPTING,261,-,,129,1,0,,NONE,,1,-,-,129,-,-,-,-,-,-
lymphatic drainage tools for body,RELEVANT,DRAINAGE,260,-,,53,7,0,,NONE,,0,53,152,219,276,205,90,-,130,-
lymphatic tools for body,RELEVANT,LYMPHATIC,260,-,,41,5,0,,NONE,,0,41,143,172,-,142,-,-,209,-
spa face,RELEVANT,OTHER,260,-,,17,5,1,B0FD354L27,SINGLE,,0,17,-,-,210,263,-,123,299,-
shimmer brush,RELEVANT,BRUSH_MASSAGE,260,-,,67,1,0,,NONE,1.02,1,-,-,-,-,-,-,-,-,67
under eye luxe,RELEVANT,OTHER,260,-,,79,1,0,,NONE,,0,-,-,-,-,-,79,-,-,-
instant face tightening and lifting,RELEVANT,OTHER,260,-,,133,1,0,,NONE,,0,133,-,-,-,-,-,-,-,-
real technique brush set,RELEVANT,BRUSH_MASSAGE,260,-,,166,1,0,,NONE,,0,-,-,-,-,166,-,-,-,-
restoration tool,RELEVANT,OTHER,260,-,,237,1,0,,NONE,,2,-,237,-,-,-,-,-,-,-
patrick ta nose contour brush,RELEVANT,CONTOUR,260,-,,,0,0,,NONE,,0,-,-,-,-,-,-,-,-,-
vido lymphatic drainage brush,RELEVANT,DRAINAGE,259,-,105,3,8,7,B0FD354L27|B0GSQW56YT|B0GC3HX5KH|B0FD6Y9BX5|B0G3685P2S|B0H5MMYNWM|B0G2XLH8CG,CONSOLIDATED,,0,9,11,27,17,3,19,18,5,-
"lymphatic contour face brush-facial dry brush-lymphatic drainage massager,soft dry brushing beauty t",RELEVANT,DRAINAGE,259,-,153,5,9,4,B0FD354L27|B0GSQW56YT|B0FD6Y9BX5|B0G2XLH8CG,CONSOLIDATED,1.3,0,6,15,40,21,5,23,68,17,107
bethenny frankel products,RELEVANT,OTHER,259,-,,19,1,1,B0FD354L27,SINGLE,,0,19,-,-,-,-,-,-,-,-
face massager tool electric,OFF_CATEGORY,BRUSH_MASSAGE,259,-,,25,1,0,,NONE,,0,25,-,-,-,-,-,-,-,-
gua sha with serum,OFF_CATEGORY,GUA_SHA,259,-,178,115,4,0,,NONE,,0,-,115,148,-,-,161,-,-,202
face things,RELEVANT,OTHER,259,-,,4,2,1,B0FD6Y9BX5,SINGLE,,0,-,-,-,-,4,250,-,-,-
cool makeup brushes,RELEVANT,BRUSH_MASSAGE,259,-,,120,2,0,,NONE,0.74,0,152,-,-,-,-,-,-,120,-
line brushes,RELEVANT,BRUSH_MASSAGE,259,-,,190,2,0,,NONE,,0,-,-,-,-,190,-,-,299,-
meridiana,RELEVANT,OTHER,259,-,,,0,0,,NONE,,6,-,-,-,-,-,-,-,-,-
cepillo para celulitis en seco,OFF_CATEGORY,OTHER,258,-,193,34,8,0,,NONE,,0,106,90,121,141,118,155,-,34,147
facial brush exfoliator,RELEVANT,BRUSH_MASSAGE,258,-,,23,8,0,,NONE,,0,23,152,139,302,56,167,109,162,-
overnight double chin reducer,RELEVANT,JAWLINE_CHIN,258,-,,24,1,0,,NONE,1.58,0,24,-,-,-,-,-,-,-,-
lipedema massager,RELEVANT,BRUSH_MASSAGE,258,-,,82,1,0,,NONE,1.62,0,82,-,-,-,-,-,-,-,-
sensitive face products,RELEVANT,OTHER,258,-,,95,1,0,,NONE,,0,95,-,-,-,-,-,-,-,-
health face products,RELEVANT,OTHER,258,-,,86,2,0,,NONE,1.65,0,86,-,-,-,119,-,-,-,-
dry skin brush for body,RELEVANT,BRUSH_MASSAGE,258,-,,171,2,0,,NONE,1.42,0,-,197,171,-,-,-,-,-,-
facial cleaning brush system,RELEVANT,BRUSH_MASSAGE,258,-,,164,1,0,,NONE,,0,-,-,-,-,-,-,-,164,-
spa gifts for couples,RELEVANT,OTHER,258,-,,177,1,0,,NONE,,0,-,-,-,-,-,-,-,177,-
luxury makeup gift sets for women,RELEVANT,OTHER,258,-,,139,2,0,,NONE,,0,-,-,266,-,-,-,-,139,-
makeup brushs sets,RELEVANT,BRUSH_MASSAGE,258,-,,248,1,0,,NONE,,0,-,-,-,-,248,-,-,-,-
"4 in 1 facial massager for face and neck, cream",OFF_CATEGORY,JAWLINE_CHIN,258,-,,,0,0,,NONE,,0,-,-,-,-,-,-,-,-,-
aeki face brush,COMPETITOR_BRAND,BRUSH_MASSAGE,257,-,89,5,7,6,B0FD354L27|B0GVBQ7P79|B0FD6Y9BX5|B0G3685P2S|B0H5MMYNWM|B0G2XLH8CG,CONSOLIDATED,1.24,0,5,-,17,37,6,9,10,20,-
eteross face brush,COMPETITOR_BRAND,BRUSH_MASSAGE,257,-,,2,4,2,B0FD354L27|B0G3685P2S,SHARED,1.27,0,2,21,-,30,-,20,-,-,-
firming and smoothing guasha neck,RELEVANT,GUA_SHA,257,-,,90,2,0,,NONE,,0,-,-,-,90,103,-,-,-,-
leg guasha,RELEVANT,GUA_SHA,257,-,,121,2,0,,NONE,,0,-,121,253,-,-,-,-,-,-
game sha,RELEVANT,OTHER,257,-,,,0,0,,NONE,,0,-,-,-,-,-,-,-,-,-
nuvetra contour glow brush,COMPETITOR_BRAND,CONTOUR,256,-,23,3,6,5,B0FD354L27|B0GC3HX5KH|B0FD6Y9BX5|B0G3685P2S|B0G2XLH8CG,CONSOLIDATED,1.36,0,7,-,21,9,3,5,-,11,-
lymphatic draining brush for face,RELEVANT,LYMPHATIC,256,-,88,2,9,7,B0FD354L27|B0GSQW56YT|B0GVBQ7P79|B0GC3HX5KH|B0FD6Y9BX5|B0G3685P2S|B0G2XLH8CG,CONSOLIDATED,,0,6,9,16,19,2,10,23,14,70
faradbeauty lymph heated brush,RELEVANT,LYMPHATIC,256,-,,25,4,0,,NONE,1.56,0,-,47,58,82,-,25,-,-,-
serum brush applicator,OFF_CATEGORY,BRUSH_MASSAGE,256,-,,181,1,0,,NONE,,0,-,-,-,-,181,-,-,-,-
guasha wood stick massage tool,RELEVANT,GUA_SHA,256,-,,218,1,0,,NONE,1.06,1,-,-,-,218,-,-,-,-,-
invigorator tool face,RELEVANT,OTHER,255,-,,22,4,0,,NONE,1.42,0,38,22,-,-,27,72,-,-,-
lymphatic face roller,RELEVANT,LYMPHATIC,255,-,,13,9,1,B0FD6Y9BX5,SINGLE,,0,25,112,154,192,13,49,118,37,217
amazon beauty deals,RELEVANT,OTHER,255,-,,45,1,0,,NONE,1.43,0,-,-,-,-,45,-,-,-,-
lip blending brush,RELEVANT,BRUSH_MASSAGE,255,-,,,0,0,,NONE,,3,-,-,-,-,-,-,-,-,-
nuvetro lymphatic brush,RELEVANT,LYMPHATIC,254,-,255,1,9,5,B0FD354L27|B0GSQW56YT|B0FD6Y9BX5|B0G3685P2S|B0H5MMYNWM,CONSOLIDATED,1.43,0,10,5,34,27,1,14,9,22,55
lymphatic drain face brush,RELEVANT,LYMPHATIC,254,-,85,5,9,6,B0FD354L27|B0GSQW56YT|B0GVBQ7P79|B0FD6Y9BX5|B0G3685P2S|B0G2XLH8CG,CONSOLIDATED,,0,10,5,12,23,7,19,25,13,66
drainage brush,RELEVANT,DRAINAGE,254,-,149,5,9,2,B0GSQW56YT|B0FD6Y9BX5,SHARED,,7,25,20,41,21,5,22,27,29,104
chin tightening and lifting,RELEVANT,OTHER,254,-,,21,1,0,,NONE,1.6,0,21,-,-,-,-,-,-,-,-
the arc brush,RELEVANT,BRUSH_MASSAGE,254,-,,36,1,0,,NONE,1.06,1,36,-,-,-,-,-,-,-,-
led facial massager,RELEVANT,BRUSH_MASSAGE,254,-,,61,1,0,,NONE,1.97,3,61,-,-,-,-,-,-,-,-
hair sculpting products,RELEVANT,SCULPTING,254,-,,141,1,0,,NONE,,0,141,-,-,-,-,-,-,-,-
make up brushes professional,RELEVANT,BRUSH_MASSAGE,254,-,,287,1,0,,NONE,,0,-,-,-,-,287,-,-,-,-
frozen ice cream roll maker,OFF_CATEGORY,OTHER,254,4,,,0,0,,NONE,0.71,0,-,-,-,-,-,-,-,-,-
gua sha dry brush for face,RELEVANT,GUA_SHA,253,-,82,2,9,4,B0GSQW56YT|B0FD6Y9BX5|B0G3685P2S|B0G2XLH8CG,CONSOLIDATED,1.07,0,33,6,54,31,2,20,32,18,46
soothesilk facial contour brush,COMPETITOR_BRAND,CONTOUR,253,-,91,2,8,4,B0FD354L27|B0GSQW56YT|B0FD6Y9BX5|B0H5MMYNWM,CONSOLIDATED,1.2,0,12,16,21,46,2,23,11,92,-
nayori glo brush,COMPETITOR_BRAND,BRUSH_MASSAGE,253,-,,1,1,1,B0FD354L27,SINGLE,1.04,0,1,-,-,-,-,-,-,-,-
face scrubber tool,RELEVANT,OTHER,253,-,,114,7,0,,NONE,,0,114,143,-,181,161,304,266,169,-
beauty must haves for women,RELEVANT,OTHER,253,-,,56,1,0,,NONE,,0,-,-,-,-,56,-,-,-,-
brshes,RELEVANT,OTHER,253,-,,100,3,0,,NONE,,0,-,-,-,-,100,127,-,179,-
makeup brudhes,RELEVANT,OTHER,253,-,,33,2,0,,NONE,,0,-,-,-,-,33,-,-,-,283
brush to apply face mask,RELEVANT,BRUSH_MASSAGE,253,-,268,119,3,0,,NONE,,0,-,-,-,251,120,119,-,-,-
organcell guasha,RELEVANT,GUA_SHA,253,-,,,0,0,,NONE,1.28,0,-,-,-,-,-,-,-,-,-
vddo lymphatic contour face brush,RELEVANT,CONTOUR,252,-,121,5,9,6,B0FD354L27|B0GSQW56YT|B0FD6Y9BX5|B0G3685P2S|B0H5MMYNWM|B0G2XLH8CG,CONSOLIDATED,1.28,0,7,17,25,24,5,6,14,12,62
volufine medicube,OFF_CATEGORY,OTHER,252,-,,19,1,1,B0FD354L27,SINGLE,,0,19,-,-,-,-,-,-,-,-
guasa face sculpting,RELEVANT,SCULPTING,252,-,,44,2,0,,NONE,,0,-,-,-,86,-,44,-,-,-
chin strap for double chin,OFF_CATEGORY,JAWLINE_CHIN,252,-,,46,1,0,,NONE,1.52,2,46,-,-,-,-,-,-,-,-
item makeup under 4$,RELEVANT,OTHER,252,-,,164,1,0,,NONE,,0,-,-,-,-,-,164,-,-,-
ecofriendly makeup brushes,RELEVANT,BRUSH_MASSAGE,252,-,,144,2,0,,NONE,,0,-,-,-,144,-,-,-,-,243
body dusting brush,RELEVANT,BRUSH_MASSAGE,252,-,,123,2,0,,NONE,,0,-,-,123,287,-,-,-,-,-
real touch massage neck,RELEVANT,JAWLINE_CHIN,252,-,,220,3,0,,NONE,1.83,0,224,-,-,-,-,268,-,220,-
gellybrush,RELEVANT,BRUSH_MASSAGE,252,-,38,,0,0,,NONE,,0,-,-,-,-,-,-,-,-,-
eye makeup techniques,RELEVANT,OTHER,252,-,,,0,0,,NONE,,0,-,-,-,-,-,-,-,-,-
cjb lymphatic brush,RELEVANT,LYMPHATIC,251,-,100,1,9,7,B0FD354L27|B0GSQW56YT|B0GC3HX5KH|B0FD6Y9BX5|B0G3685P2S|B0H5MMYNWM|B0G2XLH8CG,CONSOLIDATED,,0,7,2,28,18,1,6,5,12,59
soothe silk lymphatic brush,RELEVANT,LYMPHATIC,251,-,73,2,9,4,B0FD354L27|B0GSQW56YT|B0FD6Y9BX5|B0H5MMYNWM,CONSOLIDATED,1.3,0,11,10,21,31,2,24,20,68,43
lollipop brush,RELEVANT,BRUSH_MASSAGE,251,-,,2,1,1,B0FD354L27,SINGLE,0.9,0,2,-,-,-,-,-,-,-,-
miniso facial brush,RELEVANT,BRUSH_MASSAGE,251,-,,3,1,1,B0H5MMYNWM,SINGLE,,0,-,-,-,-,-,-,3,-,-
dry brush copper,RELEVANT,BRUSH_MASSAGE,251,-,,40,1,0,,NONE,,0,-,-,-,40,-,-,-,-,-
jade face massager,RELEVANT,BRUSH_MASSAGE,251,-,,47,1,0,,NONE,,0,-,-,-,-,-,-,-,47,-
facial cleansing tools,RELEVANT,OTHER,251,-,,131,3,0,,NONE,,0,131,147,-,-,-,-,-,185,-
dual ended brush,RELEVANT,BRUSH_MASSAGE,251,-,,125,1,0,,NONE,,0,-,-,-,-,-,-,-,125,-
meaningful beauty eye serum,OFF_CATEGORY,OTHER,251,-,,152,1,0,,NONE,1.83,0,-,-,152,-,-,-,-,-,-
stainless steel massage tools,OFF_CATEGORY,BRUSH_MASSAGE,251,4,,222,1,0,,NONE,0.93,0,-,-,222,-,-,-,-,-,-
bristle brushes,RELEVANT,BRUSH_MASSAGE,251,-,,234,1,0,,NONE,,2,-,-,-,-,-,-,234,-,-
lymphatic drainage stomach,RELEVANT,DRAINAGE,251,-,,,0,0,,NONE,,0,-,-,-,-,-,-,-,-,-
escova coreana de drenagem,RELEVANT,OTHER,250,-,,2,6,4,B0FD354L27|B0FD6Y9BX5|B0G3685P2S|B0G2XLH8CG,CONSOLIDATED,,0,6,21,-,29,2,10,-,7,-
fascia brush,RELEVANT,BRUSH_MASSAGE,250,-,141,2,7,4,B0FD354L27|B0FD6Y9BX5|B0G3685P2S|B0G2XLH8CG,CONSOLIDATED,1.12,1,11,31,77,36,2,19,-,16,-
lymphatic brush for legs,OFF_CATEGORY,LYMPHATIC,250,-,223,18,7,1,B0FD354L27,SINGLE,,0,18,97,92,174,32,141,-,104,-
gua shaw,RELEVANT,GUA_SHA,250,-,,47,2,0,,NONE,1.53,0,-,-,-,47,-,-,-,60,-
ghu sha,RELEVANT,OTHER,250,-,,77,1,0,,NONE,1.18,0,-,-,-,77,-,-,-,-,-
touch up brush,RELEVANT,BRUSH_MASSAGE,250,-,,299,1,0,,NONE,,1,-,-,-,-,299,-,-,-,-
lymphoma lymphatic drainage,RELEVANT,DRAINAGE,250,-,,,0,0,,NONE,,0,-,-,-,-,-,-,-,-,-
well people contour,RELEVANT,CONTOUR,250,-,,,0,0,,NONE,,0,-,-,-,-,-,-,-,-,-
escova de drenagem facial,RELEVANT,OTHER,249,-,63,1,8,7,B0FD354L27|B0GSQW56YT|B0GC3HX5KH|B0FD6Y9BX5|B0G3685P2S|B0H5MMYNWM|B0G2XLH8CG,CONSOLIDATED,,0,6,17,41,12,1,14,19,13,-
vapoura face brush,RELEVANT,BRUSH_MASSAGE,249,-,101,5,9,6,B0FD354L27|B0GSQW56YT|B0GC3HX5KH|B0FD6Y9BX5|B0H5MMYNWM|B0G2XLH8CG,CONSOLIDATED,,0,11,8,29,12,9,21,5,13,65
sculptic lymphatic drainage,RELEVANT,DRAINAGE,249,-,,143,6,0,,NONE,1.88,0,143,148,-,205,147,207,-,221,-
real techniques face brush,RELEVANT,BRUSH_MASSAGE,249,-,,48,5,0,,NONE,,0,48,-,122,214,97,-,67,-,-
face cleansing brushes,RELEVANT,BRUSH_MASSAGE,249,-,,111,4,0,,NONE,,0,111,189,-,-,-,-,131,146,-
clean skincare for women,RELEVANT,OTHER,249,-,,72,1,0,,NONE,,0,-,-,-,-,72,-,-,-,-
ease picks hair brush,RELEVANT,BRUSH_MASSAGE,249,-,,79,1,0,,NONE,1.16,0,79,-,-,-,-,-,-,-,-
gentle detox,RELEVANT,OTHER,249,-,,145,1,0,,NONE,,4,145,-,-,-,-,-,-,-,-
glow oil for face,OFF_CATEGORY,OTHER,249,-,,160,1,0,,NONE,1.67,0,-,-,-,-,160,-,-,-,-
eye wrinkle massager,RELEVANT,BRUSH_MASSAGE,249,-,,167,1,0,,NONE,,0,-,-,-,-,-,-,-,167,-
viddo brush for lymphatic drainage,RELEVANT,DRAINAGE,248,-,65,7,7,5,B0FD354L27|B0GSQW56YT|B0FD6Y9BX5|B0G3685P2S|B0G2XLH8CG,CONSOLIDATED,,0,17,7,35,21,12,10,-,9,-
cepillo facial en seco,OFF_CATEGORY,OTHER,248,-,109,2,9,5,B0FD354L27|B0FD6Y9BX5|B0G3685P2S|B0H5MMYNWM|B0G2XLH8CG,CONSOLIDATED,,0,2,39,56,31,6,12,16,8,256
hsa eligible beauty products,RELEVANT,OTHER,248,-,,26,1,0,,NONE,,0,26,-,-,-,-,-,-,-,-
wooden body,RELEVANT,OTHER,248,-,,60,2,0,,NONE,,2,-,-,60,74,-,-,-,-,-
gua sha lumidew,RELEVANT,GUA_SHA,248,-,,38,1,0,,NONE,1.22,0,-,-,-,-,-,-,-,38,-
wooden tools for lymphatic drainage massage,RELEVANT,DRAINAGE,248,-,,38,4,0,,NONE,1.31,0,-,122,103,38,-,-,-,-,296
fine makeup brush,RELEVANT,BRUSH_MASSAGE,248,-,,186,1,0,,NONE,,0,-,-,-,-,186,-,-,-,-
gold face,RELEVANT,OTHER,248,-,,232,1,0,,NONE,,12,-,-,232,-,-,-,-,-,-
revo genie face & neck beauty massager,RELEVANT,JAWLINE_CHIN,248,-,,,0,0,,NONE,1.73,0,-,-,-,-,-,-,-,-,-
pore brush for nose,RELEVANT,BRUSH_MASSAGE,248,-,,,0,0,,NONE,0.99,0,-,-,-,-,-,-,-,-,-
kojova lymphatic face brush,RELEVANT,LYMPHATIC,247,-,107,1,9,6,B0FD354L27|B0GSQW56YT|B0GC3HX5KH|B0FD6Y9BX5|B0H5MMYNWM|B0G2XLH8CG,CONSOLIDATED,1.23,0,15,12,40,13,1,25,16,14,50
lixera brush,RELEVANT,BRUSH_MASSAGE,247,-,,2,2,2,B0GVBQ7P79|B0FD6Y9BX5,SHARED,1.11,0,-,-,17,-,2,-,-,-,-
millie dry brush,RELEVANT,BRUSH_MASSAGE,247,-,,29,1,0,,NONE,,0,-,-,-,29,-,-,-,-,-
technique brushes,RELEVANT,BRUSH_MASSAGE,247,-,,85,4,0,,NONE,,0,85,-,-,255,144,-,100,-,-
charcoal face cleaning brush,RELEVANT,BRUSH_MASSAGE,247,-,,81,1,0,,NONE,,0,-,-,-,-,-,-,81,-,-
toilet lifting tool,OFF_CATEGORY,OTHER,247,-,,138,1,0,,NONE,1.29,2,138,-,-,-,-,-,-,-,-
neck skin care,RELEVANT,JAWLINE_CHIN,247,-,,130,3,0,,NONE,,0,130,253,-,-,-,240,-,-,-
laura geller baked foundation brush,RELEVANT,BRUSH_MASSAGE,247,-,,,0,0,,NONE,1.3,0,-,-,-,-,-,-,-,-,-
linfatico contour face brush,OFF_CATEGORY,CONTOUR,246,-,93,5,9,4,B0GSQW56YT|B0FD6Y9BX5|B0G3685P2S|B0G2XLH8CG,CONSOLIDATED,1.28,0,24,9,59,51,5,20,23,14,46
lymph node drainage massager,RELEVANT,DRAINAGE,246,-,,39,4,0,,NONE,1.36,0,43,-,-,72,71,-,-,39,-
face vibration tool,OFF_CATEGORY,OTHER,246,-,,68,2,0,,NONE,1.73,0,68,-,-,-,81,-,-,-,-
beauty deals under $10,RELEVANT,OTHER,246,-,,30,2,0,,NONE,,0,30,-,-,-,132,-,-,-,-
pinceles de maquillaje,RELEVANT,OTHER,246,-,,36,1,0,,NONE,0.79,0,-,-,-,-,36,-,-,-,-
skin massager for face,RELEVANT,BRUSH_MASSAGE,246,-,,19,5,1,B0FD354L27,SINGLE,,0,19,191,-,-,163,245,-,239,-
eye depuffer that works,RELEVANT,DEPUFF,246,-,,167,1,0,,NONE,,0,-,-,-,-,-,-,-,167,-
brush cleansing,RELEVANT,BRUSH_MASSAGE,246,-,,169,1,0,,NONE,,0,169,-,-,-,-,-,-,-,-
makeup brush with case,RELEVANT,BRUSH_MASSAGE,246,-,,299,1,0,,NONE,0.86,0,-,-,-,-,299,-,-,-,-
electrostatic gloves pet hair,RELEVANT,OTHER,246,-,,,0,0,,NONE,2,0,-,-,-,-,-,-,-,-,-
nuveyra contour brush,RELEVANT,CONTOUR,245,-,73,4,8,5,B0FD354L27|B0GC3HX5KH|B0FD6Y9BX5|B0G3685P2S|B0G2XLH8CG,CONSOLIDATED,1.44,0,5,27,33,19,4,7,29,9,-
aeki contour face brush,COMPETITOR_BRAND,CONTOUR,245,-,69,4,6,3,B0FD354L27|B0FD6Y9BX5|B0G3685P2S,SHARED,1.17,0,4,-,-,34,8,9,24,23,-
best at home facials,RELEVANT,OTHER,245,-,,17,1,1,B0FD354L27,SINGLE,1.39,0,17,-,-,-,-,-,-,-,-
guasha tools,RELEVANT,GUA_SHA,245,-,,54,7,0,,NONE,1.28,0,54,129,226,109,200,-,-,113,235
ultrasonic face scrubber,RELEVANT,OTHER,245,-,,49,1,0,,NONE,1.1,0,49,-,-,-,-,-,-,-,-
face lifter massager,RELEVANT,BRUSH_MASSAGE,245,-,,55,5,0,,NONE,,0,55,59,-,197,71,156,-,-,-
lifting handles,RELEVANT,OTHER,245,-,,199,1,0,,NONE,,1,-,-,-,199,-,-,-,-,-
eteros lymphatic brush,COMPETITOR_BRAND,LYMPHATIC,244,-,258,5,9,5,B0GSQW56YT|B0FD6Y9BX5|B0G3685P2S|B0H5MMYNWM|B0G2XLH8CG,CONSOLIDATED,,0,32,15,21,22,5,10,8,18,254
riki sculptor full body contouring device,RELEVANT,SCULPTING,244,-,,12,1,1,B0FD354L27,SINGLE,1.72,0,12,-,-,-,-,-,-,-,-
pink spa,RELEVANT,OTHER,244,-,,51,1,0,,NONE,,5,51,-,-,-,-,-,-,-,-
makeup brushes for cream makeup,OFF_CATEGORY,BRUSH_MASSAGE,244,-,,76,2,0,,NONE,0.9,0,76,-,-,-,117,-,-,-,-
makeup brushes dense bristles,RELEVANT,BRUSH_MASSAGE,244,-,,137,2,0,,NONE,,0,-,-,-,-,137,-,-,227,-
skncare,RELEVANT,OTHER,244,-,,155,1,0,,NONE,,0,-,-,-,-,155,-,-,-,-
large body makeup brush,RELEVANT,BRUSH_MASSAGE,244,-,,299,1,0,,NONE,1.42,20,-,-,299,-,-,-,-,-,-
anua colageno y retinol guasha,OFF_CATEGORY,GUA_SHA,244,-,,,0,0,,NONE,,0,-,-,-,-,-,-,-,-,-
cepillo para drenaje linfático facial,OFF_CATEGORY,OTHER,243,-,85,8,9,7,B0FD354L27|B0GSQW56YT|B0GVBQ7P79|B0GC3HX5KH|B0FD6Y9BX5|B0G3685P2S|B0G2XLH8CG,CONSOLIDATED,1.35,0,9,8,18,12,11,14,24,13,129
dry brush lymphatic system,RELEVANT,LYMPHATIC,243,-,,22,9,0,,NONE,1.26,0,85,22,36,67,48,51,101,34,77
beauty prime deals,RELEVANT,OTHER,243,-,,195,1,0,,NONE,1.32,0,195,-,-,-,-,-,-,-,-
body brish,RELEVANT,OTHER,243,-,,204,1,0,,NONE,,0,-,-,204,-,-,-,-,-,-
best product to get rid of eye bags,RELEVANT,OTHER,243,-,,194,3,0,,NONE,,0,209,-,-,-,217,194,-,-,-
geske sonic thermo facial brush,RELEVANT,BRUSH_MASSAGE,243,-,,,0,0,,NONE,,0,-,-,-,-,-,-,-,-,-
ona diamond facial brush,RELEVANT,BRUSH_MASSAGE,243,-,,,0,0,,NONE,,0,-,-,-,-,-,-,-,-,-
anti cellulite oil and lymphatic drainage massager kit,OFF_CATEGORY,DRAINAGE,242,-,,17,1,1,B0FD354L27,SINGLE,,0,17,-,-,-,-,-,-,-,-
cepillo de masajes,OFF_CATEGORY,OTHER,242,-,,,0,0,,NONE,,0,-,-,-,-,-,-,-,-,-
ive cream makers,OFF_CATEGORY,OTHER,242,-,,,0,0,,NONE,0.72,0,-,-,-,-,-,-,-,-,-
baby brush hog,RELEVANT,BRUSH_MASSAGE,242,-,,,0,0,,NONE,0.56,34,-,-,-,-,-,-,-,-,-
riki sculptress face massage tool,RELEVANT,SCULPTING,241,-,,41,2,0,,NONE,,0,-,-,-,-,41,-,58,-,-
lymphatic drainage brush for legs,OFF_CATEGORY,DRAINAGE,241,-,239,24,9,0,,NONE,,0,24,112,87,54,115,163,84,108,171
must have makeup products,RELEVANT,OTHER,241,4,,43,1,0,,NONE,0.78,0,-,-,-,-,43,-,-,-,-
usa tools,RELEVANT,OTHER,241,-,,179,1,0,,NONE,,0,-,-,-,-,-,179,-,-,-
make up bag for brushes,RELEVANT,BRUSH_MASSAGE,241,-,,249,1,0,,NONE,,0,-,-,-,-,249,-,-,-,-
eaglever pet hair remover,RELEVANT,OTHER,241,-,,,0,0,,NONE,1.8,1,-,-,-,-,-,-,-,-,-
nadi™ lymphatic face brush,RELEVANT,LYMPHATIC,240,-,89,1,9,7,B0FD354L27|B0GSQW56YT|B0GVBQ7P79|B0FD6Y9BX5|B0G3685P2S|B0H5MMYNWM|B0G2XLH8CG,CONSOLIDATED,,0,1,8,13,23,6,11,3,12,32
aeiki lymphatic brush,RELEVANT,LYMPHATIC,240,-,265,5,8,2,B0FD354L27|B0FD6Y9BX5,SHARED,1.31,0,7,25,37,48,5,54,26,23,-
vido face brush,RELEVANT,BRUSH_MASSAGE,240,-,,1,5,5,B0FD354L27|B0GC3HX5KH|B0FD6Y9BX5|B0G3685P2S|B0H5MMYNWM,CONSOLIDATED,,0,1,-,-,20,3,7,6,-,-
face brush cleaner,RELEVANT,BRUSH_MASSAGE,240,-,,38,1,0,,NONE,,0,38,-,-,-,-,-,-,-,-
grannaturals brush,RELEVANT,BRUSH_MASSAGE,240,-,,49,1,0,,NONE,,0,-,-,49,-,-,-,-,-,-
dual massager for women,RELEVANT,BRUSH_MASSAGE,240,-,,161,1,0,,NONE,,0,-,-,-,-,-,-,-,161,-
esthetician bags for supplies,RELEVANT,OTHER,240,-,,279,1,0,,NONE,,0,-,-,-,279,-,-,-,-,-
b0gvmmr222,RELEVANT,OTHER,240,-,,,0,0,,NONE,,0,-,-,-,-,-,-,-,-,-
products for women,RELEVANT,OTHER,239,-,,34,1,0,,NONE,,0,34,-,-,-,-,-,-,-,-
gua sha korean,RELEVANT,GUA_SHA,239,-,,61,1,0,,NONE,,0,-,-,-,-,-,-,-,61,-
up brush,RELEVANT,BRUSH_MASSAGE,239,-,,36,4,0,,NONE,,3,293,-,-,-,36,-,282,283,-
double chin reducing massager,RELEVANT,JAWLINE_CHIN,238,-,,22,2,0,,NONE,1.59,0,22,-,-,-,115,-,-,-,-
deep wrinkle gua sha,RELEVANT,GUA_SHA,238,-,,94,1,0,,NONE,,0,-,-,-,-,-,-,-,94,-
guasha for body,RELEVANT,GUA_SHA,238,-,,144,3,0,,NONE,,0,-,144,157,235,-,-,-,-,-
clean makeup brushes,RELEVANT,BRUSH_MASSAGE,238,11,,173,3,0,,NONE,1.16,1,-,-,-,-,173,174,201,-,-
no makeup makeup brush,RELEVANT,BRUSH_MASSAGE,238,-,,164,1,0,,NONE,,0,-,-,-,-,164,-,-,-,-
wooden massage tool set,RELEVANT,BRUSH_MASSAGE,238,-,,198,2,0,,NONE,,1,-,-,198,220,-,-,-,-,-
massage stones set,RELEVANT,BRUSH_MASSAGE,238,-,,261,1,0,,NONE,,6,-,-,-,-,-,-,-,261,-
beauty gadgets best sellers 2023,RELEVANT,OTHER,238,-,,,0,0,,NONE,,0,-,-,-,-,-,-,-,-,-
how to get rid of double chin,RELEVANT,JAWLINE_CHIN,238,-,,,0,0,,NONE,1.55,0,-,-,-,-,-,-,-,-,-
cepillo facial linfatico,OFF_CATEGORY,OTHER,237,-,95,8,9,7,B0FD354L27|B0GSQW56YT|B0GC3HX5KH|B0FD6Y9BX5|B0G3685P2S|B0H5MMYNWM|B0G2XLH8CG,CONSOLIDATED,1.3,0,8,14,31,20,10,12,16,15,251
gua sha lymphatic drainage tool,RELEVANT,DRAINAGE,237,-,233,18,7,1,B0FD354L27,SINGLE,1.49,0,18,47,-,121,146,64,-,35,214
guasha hair brush,RELEVANT,GUA_SHA,237,-,216,44,4,0,,NONE,1.5,0,-,44,-,151,-,75,97,-,-
massage brush for stomach,RELEVANT,BRUSH_MASSAGE,237,-,161,40,6,0,,NONE,1.46,0,40,82,-,99,95,134,-,171,-
skin care devices for face,RELEVANT,OTHER,237,-,,36,1,0,,NONE,1.59,0,36,-,-,-,-,-,-,-,-
eyelid brush for cleaning eyelid,RELEVANT,BRUSH_MASSAGE,237,-,,94,1,0,,NONE,,0,94,-,-,-,-,-,-,-,-
real techniques face set,RELEVANT,OTHER,237,-,,103,2,0,,NONE,,0,-,-,181,-,103,-,-,-,-
two face makeup,RELEVANT,OTHER,237,-,,161,1,0,,NONE,1.11,0,-,-,-,-,161,-,-,-,-
cramps massager,RELEVANT,BRUSH_MASSAGE,237,-,,187,1,0,,NONE,,2,-,-,-,187,-,-,-,-,-
jawline sculpting device,RELEVANT,SCULPTING,237,-,,200,1,0,,NONE,,0,-,-,-,-,-,-,-,200,-
brown contour,RELEVANT,CONTOUR,237,-,,156,4,0,,NONE,,2,-,-,-,193,156,292,-,258,-
face gift set,RELEVANT,OTHER,237,-,,227,1,0,,NONE,1.21,0,-,-,-,-,-,-,-,227,-
beauty and wellness,RELEVANT,OTHER,236,-,,3,2,1,B0FD354L27,SINGLE,,0,3,-,-,-,44,-,-,-,-
dry body brush for cellulite and lymphatic,RELEVANT,LYMPHATIC,236,-,,58,8,0,,NONE,1.37,0,58,105,126,252,148,147,180,155,-
gua sha stone for face,RELEVANT,GUA_SHA,236,-,,45,2,0,,NONE,,0,45,-,-,-,-,-,-,85,-
mom self care kit,RELEVANT,OTHER,236,-,,178,1,0,,NONE,1.22,1,-,-,178,-,-,-,-,-,-
a gentle ritual face brush,RELEVANT,BRUSH_MASSAGE,235,-,39,1,7,5,B0GSQW56YT|B0GVBQ7P79|B0GC3HX5KH|B0FD6Y9BX5|B0G2XLH8CG,CONSOLIDATED,,0,-,20,3,1,17,27,22,2,-
lymphatic gua sha contour face brush,RELEVANT,GUA_SHA,235,-,52,1,9,7,B0FD354L27|B0GSQW56YT|B0GC3HX5KH|B0FD6Y9BX5|B0G3685P2S|B0H5MMYNWM|B0G2XLH8CG,CONSOLIDATED,,0,1,6,71,12,4,16,7,18,64
cepillo de masaje linfático,OFF_CATEGORY,OTHER,235,-,150,10,8,1,B0FD6Y9BX5,SINGLE,,0,38,56,86,42,10,65,-,32,152
natural bristle makeup brushes,RELEVANT,BRUSH_MASSAGE,235,-,,123,6,0,,NONE,1.06,3,-,187,123,184,-,161,-,173,149
facial scrubber brush,RELEVANT,BRUSH_MASSAGE,235,-,,43,7,0,,NONE,,0,43,173,267,164,-,177,158,187,-
lympforia lymphatic drainage,RELEVANT,DRAINAGE,234,-,,23,1,0,,NONE,,0,23,-,-,-,-,-,-,-,-
massage facial tools,RELEVANT,BRUSH_MASSAGE,234,-,,5,7,1,B0FD6Y9BX5,SINGLE,,0,24,135,205,64,5,200,-,111,-
face brushes for cleansing and exfoliating,RELEVANT,BRUSH_MASSAGE,234,-,,100,6,0,,NONE,1.12,0,125,142,-,-,252,141,128,100,-
hand sweeper brush,RELEVANT,BRUSH_MASSAGE,234,-,,215,1,0,,NONE,,0,-,-,-,-,-,-,-,215,-
yoga facial,RELEVANT,OTHER,234,-,,248,1,0,,NONE,1.01,2,-,-,-,248,-,-,-,-,-
face plushie,RELEVANT,OTHER,234,-,,254,1,0,,NONE,,0,-,-,-,-,-,254,-,-,-
the contour gauge tool,RELEVANT,CONTOUR,234,-,,,0,0,,NONE,1.38,0,-,-,-,-,-,-,-,-,-
lymphatic brush cecily braden,RELEVANT,LYMPHATIC,233,-,91,4,8,6,B0FD354L27|B0GSQW56YT|B0GVBQ7P79|B0FD6Y9BX5|B0G3685P2S|B0G2XLH8CG,CONSOLIDATED,,0,11,5,4,21,7,9,-,8,61
dry brushing face brush,RELEVANT,BRUSH_MASSAGE,233,-,285,1,9,4,B0FD354L27|B0GVBQ7P79|B0FD6Y9BX5|B0G3685P2S,CONSOLIDATED,1.32,4,1,31,18,22,2,11,44,34,76
gua sha for your face,RELEVANT,GUA_SHA,233,-,,46,5,0,,NONE,,0,-,79,-,127,-,113,123,46,-
flat face brush,RELEVANT,BRUSH_MASSAGE,233,-,,53,4,0,,NONE,,0,-,124,-,129,-,87,53,-,-
sculpt,RELEVANT,SCULPTING,233,-,,84,4,0,,NONE,1.53,31,-,-,-,-,84,269,-,91,273
pattern beauty brush,RELEVANT,BRUSH_MASSAGE,233,-,,83,1,0,,NONE,,0,-,-,83,-,-,-,-,-,-
shed brush,RELEVANT,BRUSH_MASSAGE,233,-,,146,1,0,,NONE,1.5,0,146,-,-,-,-,-,-,-,-
wood massage body,RELEVANT,BRUSH_MASSAGE,233,-,,273,1,0,,NONE,0.88,0,-,-,273,-,-,-,-,-,-
make up brushes￼,RELEVANT,BRUSH_MASSAGE,233,-,,275,1,0,,NONE,1.02,0,-,-,-,-,275,-,-,-,-
ogana cell guasha,RELEVANT,GUA_SHA,233,-,,,0,0,,NONE,,0,-,-,-,-,-,-,-,-,-
face brush clinique,RELEVANT,BRUSH_MASSAGE,233,-,,,0,0,,NONE,,0,-,-,-,-,-,-,-,-,-
glass skin brush,RELEVANT,BRUSH_MASSAGE,232,-,,8,7,1,B0FD6Y9BX5,SINGLE,,0,21,86,105,107,8,63,-,96,-
sculpt and lift gua sha,RELEVANT,GUA_SHA,232,-,,18,6,1,B0G2XLH8CG,SINGLE,,0,-,43,-,-,27,128,73,18,182
flat contour brush,RELEVANT,CONTOUR,232,-,,32,1,0,,NONE,1.16,1,-,-,-,-,-,-,-,32,-
silicone ice face roller,RELEVANT,OTHER,232,-,,34,1,0,,NONE,,2,34,-,-,-,-,-,-,-,-
lymphatic drainage detox,RELEVANT,DRAINAGE,232,2,,53,3,0,,NONE,,0,53,-,-,-,83,-,-,-,265
high end beauty products for women,RELEVANT,OTHER,232,-,,103,1,0,,NONE,,0,-,-,-,103,-,-,-,-,-
beauty add on items,RELEVANT,OTHER,232,-,,125,1,0,,NONE,,0,125,-,-,-,-,-,-,-,-
gift sets makeup and skincare,RELEVANT,OTHER,232,-,,164,1,0,,NONE,,0,-,-,-,-,-,-,-,164,-
japanese face massager,RELEVANT,BRUSH_MASSAGE,232,-,,,0,0,,NONE,,0,-,-,-,-,-,-,-,-,-
auslina face brush,COMPETITOR_BRAND,BRUSH_MASSAGE,231,-,36,1,4,4,B0FD354L27|B0GC3HX5KH|B0FD6Y9BX5|B0H5MMYNWM,CONSOLIDATED,1.13,0,1,-,-,20,8,-,3,-,-
nuvetra brush,COMPETITOR_BRAND,BRUSH_MASSAGE,231,10,,3,5,5,B0FD354L27|B0GSQW56YT|B0GVBQ7P79|B0G3685P2S|B0G2XLH8CG,CONSOLIDATED,1.1,0,3,20,14,-,-,10,-,16,-
facial scrub brush for face,RELEVANT,BRUSH_MASSAGE,231,-,299,30,8,0,,NONE,1.2,0,30,148,194,157,163,188,105,184,-
best guasha tool,RELEVANT,GUA_SHA,231,-,,50,7,0,,NONE,1.43,0,80,53,262,116,93,271,-,50,-
chin reducer for women,RELEVANT,OTHER,231,-,,62,1,0,,NONE,1.45,1,62,-,-,-,-,-,-,-,-
brush cosmetic,RELEVANT,BRUSH_MASSAGE,231,-,,74,1,0,,NONE,,0,-,-,-,-,74,-,-,-,-
red light guasha,RELEVANT,GUA_SHA,231,-,,218,1,0,,NONE,,0,-,-,-,-,-,218,-,-,-
gua sha with oil,OFF_CATEGORY,GUA_SHA,230,-,204,31,7,0,,NONE,,0,137,31,184,-,192,186,-,37,183
lymporia lymphatic drainage,RELEVANT,DRAINAGE,230,-,,77,1,0,,NONE,2.14,0,77,-,-,-,-,-,-,-,-
thin brush makeup,RELEVANT,BRUSH_MASSAGE,230,-,,82,1,0,,NONE,,0,-,-,-,-,82,-,-,-,-
flea prevention cats,RELEVANT,OTHER,230,-,,,0,0,,NONE,1.88,0,-,-,-,-,-,-,-,-,-
electric face brush sonic,OFF_CATEGORY,BRUSH_MASSAGE,230,-,,,0,0,,NONE,,0,-,-,-,-,-,-,-,-,-
face lifting brush aeki,COMPETITOR_BRAND,BRUSH_MASSAGE,229,-,74,3,6,5,B0FD354L27|B0GSQW56YT|B0FD6Y9BX5|B0G3685P2S|B0H5MMYNWM,CONSOLIDATED,1.32,0,3,17,-,27,5,13,14,-,-
guasha tool for face brush,RELEVANT,GUA_SHA,229,-,86,2,9,4,B0FD354L27|B0GSQW56YT|B0GC3HX5KH|B0FD6Y9BX5,CONSOLIDATED,,0,8,2,49,18,7,25,35,28,76
fascia blaster electric,OFF_CATEGORY,OTHER,229,-,,43,1,0,,NONE,,0,43,-,-,-,-,-,-,-,-
nayori glow brush lymphatic drainage,COMPETITOR_BRAND,DRAINAGE,228,-,29,1,8,5,B0FD354L27|B0GSQW56YT|B0FD6Y9BX5|B0G3685P2S|B0H5MMYNWM,CONSOLIDATED,,0,20,10,60,26,1,15,16,22,-
lihsykds lymphatic drainage massager,RELEVANT,DRAINAGE,228,3,,49,1,0,,NONE,,3,49,-,-,-,-,-,-,-,-
eye guasha,RELEVANT,GUA_SHA,228,-,,60,4,0,,NONE,,0,-,-,-,165,112,123,-,60,-
ergonomic density makeup brush,RELEVANT,BRUSH_MASSAGE,228,-,,112,1,0,,NONE,,0,-,-,-,-,112,-,-,-,-
komogir 3-in-1 wood therapy massage tools lymphatic drainage,RELEVANT,DRAINAGE,228,-,,115,1,0,,NONE,1.43,1,-,-,-,115,-,-,-,-,-
bliss face,RELEVANT,OTHER,228,-,,144,1,0,,NONE,,0,-,-,-,-,-,144,-,-,-
jawline sculptor,RELEVANT,SCULPTING,228,-,,147,1,0,,NONE,1.35,6,-,-,-,-,-,147,-,-,-
body guasha tool,RELEVANT,GUA_SHA,228,-,,135,3,0,,NONE,1.11,0,-,135,196,297,-,-,-,-,-
electric gua sha facial tools,OFF_CATEGORY,GUA_SHA,228,-,,,0,0,,NONE,1.77,0,-,-,-,-,-,-,-,-,-
lymphatic gua sha brush,RELEVANT,GUA_SHA,227,-,63,1,9,5,B0FD354L27|B0GSQW56YT|B0GC3HX5KH|B0FD6Y9BX5|B0G2XLH8CG,CONSOLIDATED,1.21,0,1,10,72,9,5,42,29,17,59
doge&vollar face massager tool,RELEVANT,BRUSH_MASSAGE,227,-,,31,1,0,,NONE,1.79,0,-,-,-,31,-,-,-,-,-
body tool lymphatic drainage,RELEVANT,DRAINAGE,227,-,,47,6,0,,NONE,1.39,0,47,138,232,97,163,92,-,-,-
reduce face puffiness,RELEVANT,DEPUFF,227,-,,4,7,2,B0FD354L27|B0FD6Y9BX5,SHARED,,0,17,139,-,275,4,86,197,274,-
sigma f80 flat kabuki brush,RELEVANT,BRUSH_MASSAGE,227,-,,33,1,0,,NONE,1.1,0,-,-,33,-,-,-,-,-,-
maleup brushes,RELEVANT,BRUSH_MASSAGE,227,-,,37,1,0,,NONE,,0,-,-,-,-,37,-,-,-,-
anisa beauty brush,RELEVANT,BRUSH_MASSAGE,227,-,,37,1,0,,NONE,0.92,0,-,-,-,-,-,-,37,-,-
usa glow,RELEVANT,OTHER,227,-,,63,1,0,,NONE,,0,-,-,-,-,-,63,-,-,-
double eyelid tool,RELEVANT,OTHER,227,-,,85,1,0,,NONE,,0,85,-,-,-,-,-,-,-,-
massage device for face,RELEVANT,BRUSH_MASSAGE,227,-,,198,1,0,,NONE,,1,-,-,-,-,-,-,-,198,-
glow in the dark makeup for women,RELEVANT,OTHER,227,-,,298,1,0,,NONE,0.88,0,-,-,-,-,298,-,-,-,-
makiyaje para mujer,RELEVANT,OTHER,227,-,,,0,0,,NONE,,0,-,-,-,-,-,-,-,-,-
face guasha brush,RELEVANT,GUA_SHA,226,-,69,2,9,5,B0FD354L27|B0GSQW56YT|B0GC3HX5KH|B0FD6Y9BX5|B0H5MMYNWM,CONSOLIDATED,1.47,0,10,2,32,8,3,24,6,43,64
conair facial brush,RELEVANT,BRUSH_MASSAGE,226,-,,37,6,0,,NONE,,2,37,-,146,101,93,128,55,-,-
lymphatic drainage cupping tool face,OFF_CATEGORY,DRAINAGE,226,-,218,59,7,0,,NONE,,0,77,59,148,149,69,145,-,68,-
frownies chin up mask,RELEVANT,OTHER,226,-,,33,1,0,,NONE,1.62,0,33,-,-,-,-,-,-,-,-
beautt,RELEVANT,OTHER,226,-,,160,1,0,,NONE,,0,-,-,-,-,160,-,-,-,-
star make up brushes,RELEVANT,BRUSH_MASSAGE,226,-,,164,1,0,,NONE,,0,-,-,164,-,-,-,-,-,-
mothers day facial set,RELEVANT,OTHER,226,-,,249,1,0,,NONE,,0,-,-,249,-,-,-,-,-,-
face skin kit,RELEVANT,OTHER,226,-,,268,1,0,,NONE,,0,-,-,-,-,268,-,-,-,-
best blush brush,RELEVANT,BRUSH_MASSAGE,226,-,,290,1,0,,NONE,,0,290,-,-,-,-,-,-,-,-
byava gua sha,RELEVANT,GUA_SHA,226,-,,,0,0,,NONE,1.19,0,-,-,-,-,-,-,-,-,-
by ava guasha,RELEVANT,GUA_SHA,226,-,,,0,0,,NONE,1.16,0,-,-,-,-,-,-,-,-,-
best lymphatic drainage tools,RELEVANT,DRAINAGE,225,-,,5,7,2,B0FD354L27|B0FD6Y9BX5,SHARED,1.52,0,5,32,165,133,20,81,-,47,-
gua sha face stone,RELEVANT,GUA_SHA,225,-,,29,2,0,,NONE,1.36,0,29,-,-,-,-,-,-,90,-
best face sculpting device,RELEVANT,SCULPTING,225,-,,68,1,0,,NONE,,0,-,-,-,-,-,-,-,68,-
dry puff makeup,RELEVANT,DEPUFF,225,-,,168,1,0,,NONE,,0,-,-,-,-,168,-,-,-,-
serum for gua sha,OFF_CATEGORY,GUA_SHA,225,-,203,136,3,0,,NONE,,1,-,136,302,-,-,157,-,-,-
allure best of beauty winners 2025,RELEVANT,OTHER,225,-,,267,1,0,,NONE,1.85,0,267,-,-,-,-,-,-,-,-
gua sha massage therapy stick,RELEVANT,GUA_SHA,225,-,,,0,0,,NONE,1.16,0,-,-,-,-,-,-,-,-,-
contourglow brush lymphatic,RELEVANT,CONTOUR,224,-,90,2,9,4,B0GSQW56YT|B0GC3HX5KH|B0FD6Y9BX5|B0G3685P2S,CONSOLIDATED,,0,31,7,40,16,2,17,23,25,57
lymphatic massage brush,RELEVANT,LYMPHATIC,224,-,199,4,9,3,B0GSQW56YT|B0FD6Y9BX5|B0G3685P2S,SHARED,1.26,1,29,15,36,27,4,17,40,47,146
womens glow up essentials,RELEVANT,OTHER,224,-,,10,2,1,B0FD354L27,SINGLE,,0,10,-,-,-,21,-,-,-,-
maquina para drenaje linfático,RELEVANT,OTHER,224,-,,27,1,0,,NONE,,0,27,-,-,-,-,-,-,-,-
4-in-1 lymphatic drainage massager,RELEVANT,DRAINAGE,224,-,,45,1,0,,NONE,,12,-,-,-,-,-,45,-,-,-
ultra neck,RELEVANT,JAWLINE_CHIN,224,-,,93,1,0,,NONE,,4,-,-,-,-,-,93,-,-,-
serum applicator for face,OFF_CATEGORY,OTHER,224,-,,98,2,0,,NONE,0.67,0,-,-,-,98,169,-,-,-,-
medicube nevk,OFF_CATEGORY,OTHER,224,-,,110,1,0,,NONE,,0,110,-,-,-,-,-,-,-,-
5 in 1 mini brushes-disposable toothbrushes with toothpaste + floss + pick + tongue scraper | travel,OFF_CATEGORY,BRUSH_MASSAGE,224,-,,154,2,0,,NONE,,3,154,-,-,-,274,-,-,-,-
dry skin facial brush,RELEVANT,BRUSH_MASSAGE,223,-,,4,9,2,B0FD354L27|B0FD6Y9BX5,SHARED,,0,4,45,54,68,14,47,89,40,160
salty face brush,RELEVANT,BRUSH_MASSAGE,223,-,,11,3,2,B0FD354L27|B0H5MMYNWM,SHARED,,0,20,-,-,-,-,-,11,35,-
brushed black,RELEVANT,BRUSH_MASSAGE,223,-,,9,1,1,B0H5MMYNWM,SINGLE,,0,-,-,-,-,-,-,9,-,-
brushes for facials,RELEVANT,BRUSH_MASSAGE,223,-,,13,8,1,B0FD354L27,SINGLE,,1,13,92,157,133,45,147,73,142,-
pro gua sha tool,RELEVANT,GUA_SHA,223,-,,24,1,0,,NONE,1.37,0,-,-,-,-,-,-,-,24,-
aurova eye mask,RELEVANT,OTHER,223,-,,38,1,0,,NONE,1.54,0,38,-,-,-,-,-,-,-,-
double chin reducer mask,RELEVANT,JAWLINE_CHIN,223,-,,44,1,0,,NONE,,0,44,-,-,-,-,-,-,-,-
spa brush,RELEVANT,BRUSH_MASSAGE,223,-,,128,7,0,,NONE,1.24,3,223,265,128,175,213,-,222,214,-
lymphatic cellulite massager,RELEVANT,LYMPHATIC,223,-,,274,1,0,,NONE,,0,274,-,-,-,-,-,-,-,-
nuvetra lymphatic brush,COMPETITOR_BRAND,LYMPHATIC,222,-,52,6,8,5,B0FD354L27|B0FD6Y9BX5|B0G3685P2S|B0H5MMYNWM|B0G2XLH8CG,CONSOLIDATED,1.37,0,13,25,22,26,6,11,8,19,-
lymphatic contour face brush dry face brush for lymphatic drainage massager anti puffiness lift chin,RELEVANT,DRAINAGE,222,-,137,3,9,4,B0GSQW56YT|B0FD6Y9BX5|B0G3685P2S|B0G2XLH8CG,CONSOLIDATED,,0,21,12,118,34,3,4,37,16,32
depuffing tool for face,RELEVANT,DEPUFF,222,-,,1,6,2,B0FD354L27|B0FD6Y9BX5,SHARED,,0,18,46,-,122,1,66,-,54,-
zazkhc lymphatic drainage massager lymphatic contour,RELEVANT,DRAINAGE,222,-,,5,2,2,B0FD354L27|B0FD6Y9BX5,SHARED,,0,5,-,-,-,18,-,-,-,-
manual lymphatic drainage,OFF_CATEGORY,DRAINAGE,222,-,258,17,1,1,B0FD354L27,SINGLE,,5,17,-,-,-,-,-,-,-,-
guashua,RELEVANT,OTHER,222,-,,65,6,0,,NONE,,0,97,65,-,272,113,-,214,108,-
sculptwave,RELEVANT,SCULPTING,222,-,,36,1,0,,NONE,,11,36,-,-,-,-,-,-,-,-
massage kit for women gift set,RELEVANT,BRUSH_MASSAGE,222,-,,158,2,0,,NONE,1.28,0,-,-,158,169,-,-,-,-,-
faceroller,RELEVANT,OTHER,222,-,,80,2,0,,NONE,,0,80,-,-,288,-,-,-,-,-
stiff makeup brush,RELEVANT,BRUSH_MASSAGE,222,-,,123,2,0,,NONE,,0,-,-,-,290,123,-,-,-,-
glowing instant eye cream,OFF_CATEGORY,OTHER,222,-,,243,1,0,,NONE,1.93,0,-,-,-,-,243,-,-,-,-
usa icon,RELEVANT,OTHER,222,-,,280,1,0,,NONE,,0,-,-,-,-,-,280,-,-,-
gettoreach lymphatic brush,RELEVANT,LYMPHATIC,221,-,279,5,8,4,B0FD354L27|B0G3685P2S|B0H5MMYNWM|B0G2XLH8CG,CONSOLIDATED,1.23,0,5,22,31,39,21,7,6,19,-
getaeki brush,COMPETITOR_BRAND,BRUSH_MASSAGE,221,-,,4,2,2,B0FD354L27|B0G3685P2S,SHARED,,0,7,-,-,-,-,4,-,-,-
spatula for skincare,RELEVANT,OTHER,221,-,,53,2,0,,NONE,0.91,1,53,-,-,55,-,-,-,-,-
best gua sha oil,OFF_CATEGORY,GUA_SHA,221,-,,68,2,0,,NONE,1.59,0,-,93,-,-,-,-,-,68,-
facial massaging stone,RELEVANT,BRUSH_MASSAGE,221,-,,69,2,0,,NONE,,0,69,-,-,-,-,-,-,96,-
wooden therapy tools for body sculpting,RELEVANT,SCULPTING,221,-,,136,1,0,,NONE,1.56,0,-,-,-,136,-,-,-,-,-
upgraded mini massager,RELEVANT,BRUSH_MASSAGE,221,-,,155,1,0,,NONE,,2,-,155,-,-,-,-,-,-,-
makeup cream contour kit,OFF_CATEGORY,CONTOUR,221,-,,251,1,0,,NONE,,0,-,-,-,-,251,-,-,-,-
best face lift device,RELEVANT,OTHER,221,-,,255,1,0,,NONE,,0,-,-,-,-,-,-,-,255,-
women brush,RELEVANT,BRUSH_MASSAGE,221,-,,276,1,0,,NONE,,0,-,-,-,-,276,-,-,-,-
magic brush pet hair,RELEVANT,BRUSH_MASSAGE,221,-,,,0,0,,NONE,2.25,16,-,-,-,-,-,-,-,-,-
nayori lymphatic brush,COMPETITOR_BRAND,LYMPHATIC,220,-,250,2,9,6,B0FD354L27|B0GSQW56YT|B0FD6Y9BX5|B0G3685P2S|B0H5MMYNWM|B0G2XLH8CG,CONSOLIDATED,1.19,0,10,18,32,22,2,8,6,19,59
lymphatic face drainage,RELEVANT,DRAINAGE,220,-,150,1,9,3,B0FD354L27|B0GSQW56YT|B0FD6Y9BX5,SHARED,,0,16,12,51,42,1,44,41,46,140
face stuff for women,RELEVANT,OTHER,220,-,,26,2,0,,NONE,1.31,0,34,-,-,-,26,-,-,-,-
sinus massager lymphatic drainage,RELEVANT,DRAINAGE,220,-,,38,2,0,,NONE,,0,38,-,-,-,53,-,-,-,-
cellulite fascia tool,RELEVANT,OTHER,220,-,,84,1,0,,NONE,,0,-,-,-,84,-,-,-,-,-
make ip brushes,RELEVANT,BRUSH_MASSAGE,220,-,,100,1,0,,NONE,,0,-,-,-,-,100,-,-,-,-
korean beauty tools,RELEVANT,OTHER,220,-,,107,1,0,,NONE,1.44,0,-,-,-,107,-,-,-,-,-
real techniques travel,RELEVANT,OTHER,220,-,,151,1,0,,NONE,1.16,0,-,-,-,-,151,-,-,-,-
cleanse spa body brush,RELEVANT,BRUSH_MASSAGE,220,-,,165,2,0,,NONE,,0,-,264,165,-,-,-,-,-,-
dry skin care face,RELEVANT,OTHER,220,-,,237,2,0,,NONE,,0,282,-,-,-,-,237,-,-,-
beauty+essentials,RELEVANT,OTHER,220,-,,265,1,0,,NONE,1.63,0,265,-,-,-,-,-,-,-,-
mud mask applicator,RELEVANT,OTHER,220,-,,,0,0,,NONE,0.92,7,-,-,-,-,-,-,-,-,-
dry body brush exfoliator lymphatic drainage,RELEVANT,DRAINAGE,219,-,,73,9,0,,NONE,,0,73,101,168,135,160,117,117,139,267
double chin tightening device,RELEVANT,JAWLINE_CHIN,219,-,,18,1,1,B0FD354L27,SINGLE,,0,18,-,-,-,-,-,-,-,-
harry facial cleansing brush,RELEVANT,BRUSH_MASSAGE,219,-,,65,2,0,,NONE,,0,-,-,-,65,-,-,77,-,-
self care needs,RELEVANT,OTHER,219,-,,56,3,0,,NONE,,0,61,140,-,-,-,-,-,56,-
face makeup brushes & tools,RELEVANT,BRUSH_MASSAGE,219,-,,4,7,2,B0FD354L27|B0FD6Y9BX5,SHARED,1.23,0,9,106,-,153,4,125,-,86,227
chenyayun lymphatic drainage,RELEVANT,DRAINAGE,219,-,,36,1,0,,NONE,2.61,1,36,-,-,-,-,-,-,-,-
tanning brush for face,RELEVANT,BRUSH_MASSAGE,219,-,271,102,5,0,,NONE,1.19,7,-,-,201,133,155,161,102,-,-
exfolating brush,RELEVANT,BRUSH_MASSAGE,219,-,,153,4,0,,NONE,,0,153,-,262,-,-,288,156,-,-
best thing for bags under eyes,RELEVANT,OTHER,219,-,,240,1,0,,NONE,2.2,0,-,-,-,-,-,240,-,-,-
moving tool,RELEVANT,OTHER,219,-,,283,1,0,,NONE,1.68,1,-,-,-,-,283,-,-,-,-
skin lifting device,RELEVANT,OTHER,219,-,,286,1,0,,NONE,1.44,0,-,-,-,-,-,-,-,286,-
pregnancy face depuff,RELEVANT,DEPUFF,218,-,,4,5,2,B0FD354L27|B0FD6Y9BX5,SHARED,,0,16,-,-,21,4,61,-,37,-
wavy chic facial sculpting tool,RELEVANT,SCULPTING,218,-,,10,3,2,B0FD354L27|B0FD6Y9BX5,SHARED,1.56,0,10,-,-,-,19,46,-,-,-
gesha tool face,RELEVANT,OTHER,218,-,,20,2,1,B0G2XLH8CG,SINGLE,,0,-,-,-,59,-,-,-,20,-
by ava gua sha,RELEVANT,GUA_SHA,218,-,,38,1,0,,NONE,1.42,0,-,-,-,38,-,-,-,-,-
eco dry brush,RELEVANT,BRUSH_MASSAGE,218,-,,54,1,0,,NONE,,0,-,-,-,-,-,54,-,-,-
face cleansing tool,RELEVANT,OTHER,218,-,,105,4,0,,NONE,1.18,0,158,105,-,273,-,-,-,168,-
wooden tools for body sculpting,RELEVANT,SCULPTING,218,-,,55,3,0,,NONE,,0,-,112,127,55,-,-,-,-,-
red light facial massager,RELEVANT,BRUSH_MASSAGE,218,-,,107,1,0,,NONE,1.77,0,107,-,-,-,-,-,-,-,-
preppy skincare set,RELEVANT,OTHER,218,-,,171,2,0,,NONE,1.36,1,-,-,252,-,-,-,-,171,-
e.l.f. flawless face brush,RELEVANT,BRUSH_MASSAGE,218,-,,,0,0,,NONE,,0,-,-,-,-,-,-,-,-,-
lymphatic drainage jewelry,RELEVANT,DRAINAGE,218,-,,,0,0,,NONE,0.7,0,-,-,-,-,-,-,-,-,-
lymphatic drainage contour face brush,RELEVANT,DRAINAGE,217,-,77,3,9,6,B0FD354L27|B0GSQW56YT|B0FD6Y9BX5|B0G3685P2S|B0H5MMYNWM|B0G2XLH8CG,CONSOLIDATED,1.39,1,14,11,25,23,3,10,16,12,46
face thinner,RELEVANT,OTHER,217,-,,8,1,1,B0FD354L27,SINGLE,1.19,0,8,-,-,-,-,-,-,-,-
lymphatic lymphatic drainage,RELEVANT,DRAINAGE,217,-,,45,9,0,,NONE,,0,218,67,233,221,207,129,45,94,190
skin sculpting device with suction,RELEVANT,SCULPTING,217,-,,49,1,0,,NONE,2.1,0,49,-,-,-,-,-,-,-,-
veauty,RELEVANT,OTHER,217,-,,118,1,0,,NONE,1.21,0,-,-,-,-,118,-,-,-,-
body massage kit,RELEVANT,BRUSH_MASSAGE,217,-,,164,1,0,,NONE,,0,-,-,164,-,-,-,-,-,-
gua sha lymphatic drainage,RELEVANT,DRAINAGE,216,-,104,33,7,0,,NONE,,0,33,61,-,147,55,157,86,66,-
frownies chin-up peptide neck and chin mask,RELEVANT,JAWLINE_CHIN,216,-,,24,1,0,,NONE,1.36,0,24,-,-,-,-,-,-,-,-
gua sha sculpt,RELEVANT,GUA_SHA,216,-,,41,6,0,,NONE,,1,-,41,135,-,107,171,-,117,221
tanning face brush,RELEVANT,BRUSH_MASSAGE,216,-,291,106,5,0,,NONE,1.33,0,-,-,-,224,158,147,106,-,234
in your face skin care,RELEVANT,OTHER,216,-,,209,2,0,,NONE,,0,225,-,-,-,-,-,-,209,-
eye makeup practice face,RELEVANT,OTHER,216,-,,280,1,0,,NONE,1.05,0,-,-,-,-,-,-,-,280,-
organa cell gua sha,RELEVANT,GUA_SHA,216,-,,,0,0,,NONE,1.19,0,-,-,-,-,-,-,-,-,-
soothesilk lymphatic brush,COMPETITOR_BRAND,LYMPHATIC,215,-,67,1,8,5,B0FD354L27|B0FD6Y9BX5|B0G3685P2S|B0H5MMYNWM|B0G2XLH8CG,CONSOLIDATED,1.25,0,1,21,25,40,2,12,6,17,-
kojva lymphatic face brush,RELEVANT,LYMPHATIC,215,-,107,17,9,2,B0FD354L27|B0GSQW56YT,SHARED,1.36,0,19,17,22,56,21,27,25,30,51
kitsch terracotta,COMPETITOR_BRAND,OTHER,215,-,,2,1,1,B0H5MMYNWM,SINGLE,,0,-,-,-,-,-,-,2,-,-
facial brush rubber,RELEVANT,BRUSH_MASSAGE,215,-,,44,4,0,,NONE,,0,-,161,-,155,-,98,44,-,-
natural lift patch,RELEVANT,OTHER,215,-,,139,1,0,,NONE,,0,-,-,-,-,-,139,-,-,-
under glow kit,RELEVANT,OTHER,215,-,,191,1,0,,NONE,,0,-,-,-,-,191,-,-,-,-
for beaut brush,RELEVANT,BRUSH_MASSAGE,215,-,,,0,0,,NONE,,0,-,-,-,-,-,-,-,-,-
cepillo de silicona para la cara,OFF_CATEGORY,OTHER,215,-,,,0,0,,NONE,0.98,0,-,-,-,-,-,-,-,-,-
dry brushing face brush for lymphatic drainage,RELEVANT,DRAINAGE,214,-,183,3,9,5,B0GSQW56YT|B0GC3HX5KH|B0FD6Y9BX5|B0G3685P2S|B0H5MMYNWM,CONSOLIDATED,,0,22,9,34,11,3,8,4,30,37
recuva lymphatic brush,RELEVANT,LYMPHATIC,214,-,95,1,9,7,B0FD354L27|B0GSQW56YT|B0GC3HX5KH|B0FD6Y9BX5|B0G3685P2S|B0H5MMYNWM|B0G2XLH8CG,CONSOLIDATED,1.16,0,18,20,29,8,1,7,9,11,81
sooth silk contour brush,RELEVANT,CONTOUR,214,-,,1,4,4,B0FD354L27|B0FD6Y9BX5|B0G3685P2S|B0H5MMYNWM,CONSOLIDATED,1.23,0,1,-,-,-,2,4,3,-,-
soothe silk,RELEVANT,OTHER,214,-,,2,1,1,B0FD354L27,SINGLE,1.38,0,2,-,-,-,-,-,-,-,-
under brush,RELEVANT,BRUSH_MASSAGE,214,-,,9,1,1,B0G2XLH8CG,SINGLE,1,0,-,-,-,-,-,-,-,9,-
care and beauty,RELEVANT,OTHER,214,-,,62,1,0,,NONE,1.33,0,62,-,-,-,-,-,-,-,-
face sculpting device,RELEVANT,SCULPTING,214,-,,94,2,0,,NONE,1.5,0,-,-,-,-,94,-,-,169,-
parts cleaning brushes,RELEVANT,BRUSH_MASSAGE,214,-,,185,1,0,,NONE,,2,185,-,-,-,-,-,-,-,-
exfoliation brush,RELEVANT,BRUSH_MASSAGE,214,-,,94,4,0,,NONE,1.11,0,-,-,270,288,-,203,94,-,-
brown face makeup,RELEVANT,OTHER,214,-,,231,1,0,,NONE,0.79,0,-,-,-,-,231,-,-,-,-
eye swelling reducer,RELEVANT,OTHER,214,-,,200,4,0,,NONE,0.98,0,-,-,-,252,227,200,-,284,-
makeup beauty brow me,RELEVANT,OTHER,214,-,,281,1,0,,NONE,1.44,0,-,-,-,-,281,-,-,-,-
face mask brushes,RELEVANT,BRUSH_MASSAGE,214,-,,,0,0,,NONE,0.75,3,-,-,-,-,-,-,-,-,-
lymphatic drainage neck brush,RELEVANT,DRAINAGE,213,-,107,5,8,6,B0FD354L27|B0GSQW56YT|B0FD6Y9BX5|B0G3685P2S|B0H5MMYNWM|B0G2XLH8CG,CONSOLIDATED,,0,11,7,28,21,6,12,5,19,-
linfatico drainage brush,OFF_CATEGORY,DRAINAGE,213,-,,2,7,3,B0FD354L27|B0FD6Y9BX5|B0G3685P2S,SHARED,,0,4,31,21,24,2,13,-,32,-
lymphatic drainage stone,RELEVANT,DRAINAGE,213,-,,24,2,0,,NONE,,0,26,-,-,-,-,-,-,24,-
amazon eye massager,RELEVANT,BRUSH_MASSAGE,213,-,,80,2,0,,NONE,,0,80,-,-,-,87,-,-,-,-
neck face massager,RELEVANT,JAWLINE_CHIN,213,-,,42,6,0,,NONE,1.79,4,42,165,-,268,174,167,-,234,-
products for puffy face,RELEVANT,DEPUFF,213,-,,6,4,2,B0FD354L27|B0FD6Y9BX5,SHARED,,0,19,-,-,-,6,297,-,116,-
yuonry lymphatic drainage massager,RELEVANT,DRAINAGE,213,-,,82,1,0,,NONE,,2,-,-,-,-,-,-,-,82,-
copper guasha tool,RELEVANT,GUA_SHA,213,-,,96,1,0,,NONE,1.22,1,-,-,-,-,-,-,-,96,-
benefit facial,RELEVANT,OTHER,213,-,,73,2,0,,NONE,,0,73,-,-,-,178,-,-,-,-
best eye depuffer,RELEVANT,DEPUFF,213,-,,203,2,0,,NONE,,0,-,-,-,240,-,-,-,203,-
silicone cleansing brush for face,RELEVANT,BRUSH_MASSAGE,213,-,,,0,0,,NONE,,0,-,-,-,-,-,-,-,-,-
vintage makeup brushes,RELEVANT,BRUSH_MASSAGE,213,-,,,0,0,,NONE,,0,-,-,-,-,-,-,-,-,-
kojiva lymphatic face brush original,COMPETITOR_BRAND,LYMPHATIC,212,-,77,4,8,7,B0FD354L27|B0GSQW56YT|B0GVBQ7P79|B0FD6Y9BX5|B0G3685P2S|B0H5MMYNWM|B0G2XLH8CG,CONSOLIDATED,,0,7,8,20,21,6,4,11,15,-
bristle face brush,RELEVANT,BRUSH_MASSAGE,212,-,,4,9,2,B0FD354L27|B0FD6Y9BX5,SHARED,1.14,0,4,56,58,89,7,64,55,26,204
aeki lymphatic contour,COMPETITOR_BRAND,CONTOUR,212,-,43,7,5,3,B0FD354L27|B0FD6Y9BX5|B0G3685P2S,SHARED,1.36,4,7,-,-,41,11,13,-,-,35
soecific beauty,RELEVANT,OTHER,212,-,,19,2,1,B0FD354L27,SINGLE,,0,19,-,-,-,30,-,-,-,-
contour￼,RELEVANT,CONTOUR,212,-,,85,8,0,,NONE,,0,118,207,221,175,85,169,94,111,-
the icon,RELEVANT,OTHER,212,-,,17,1,1,B0G3685P2S,SINGLE,0.95,16,-,-,-,-,-,17,-,-,-
lymphatic drainage fda approved,RELEVANT,DRAINAGE,212,-,,31,1,0,,NONE,2.05,0,31,-,-,-,-,-,-,-,-
women face care,RELEVANT,OTHER,212,-,,39,1,0,,NONE,,0,39,-,-,-,-,-,-,-,-
medicube face cleaner,OFF_CATEGORY,OTHER,212,-,,41,1,0,,NONE,,0,41,-,-,-,-,-,-,-,-
best face routine set,RELEVANT,OTHER,212,-,,86,4,0,,NONE,,0,-,-,251,-,86,284,-,274,-
spa gift sets for women luxury,RELEVANT,OTHER,212,-,,246,1,0,,NONE,1,0,-,-,246,-,-,-,-,-,-
eye massage tool,RELEVANT,BRUSH_MASSAGE,212,-,,231,3,0,,NONE,,2,274,-,-,-,253,-,-,231,-
nose contour clip,RELEVANT,CONTOUR,212,-,,,0,0,,NONE,,0,-,-,-,-,-,-,-,-,-
double sided pore brush,RELEVANT,BRUSH_MASSAGE,212,-,,,0,0,,NONE,,0,-,-,-,-,-,-,-,-,-
dry brush face lymphatic drainage,RELEVANT,DRAINAGE,211,-,99,1,9,8,B0FD354L27|B0GSQW56YT|B0GVBQ7P79|B0GC3HX5KH|B0FD6Y9BX5|B0G3685P2S|B0H5MMYNWM|B0G2XLH8CG,CONSOLIDATED,1.18,0,1,4,16,13,5,12,2,18,50
vodo face brush,RELEVANT,BRUSH_MASSAGE,211,-,,4,6,6,B0FD354L27|B0GSQW56YT|B0GC3HX5KH|B0FD6Y9BX5|B0H5MMYNWM|B0G2XLH8CG,CONSOLIDATED,1.14,0,5,17,-,11,4,-,6,19,-
"1/2 pcs lymphatic contour face brush for sculpting – anti-puffiness, detox & lift, improves skin glo",RELEVANT,SCULPTING,211,-,,1,9,1,B0FD6Y9BX5,SINGLE,1.18,0,49,44,113,78,1,29,33,63,54
sinus drainage massager,RELEVANT,DRAINAGE,211,-,,31,3,0,,NONE,1.67,0,65,31,-,-,73,-,-,-,-
face shaping tool,RELEVANT,OTHER,211,-,,4,5,1,B0FD6Y9BX5,SINGLE,1.61,0,76,64,-,280,4,95,-,-,-
masajeador de rostro,RELEVANT,OTHER,211,-,,90,1,0,,NONE,,0,-,90,-,-,-,-,-,-,-
sculpting brush hair,RELEVANT,SCULPTING,211,-,,132,3,0,,NONE,,0,132,166,-,-,-,-,-,162,-
cleansing brush for face,RELEVANT,BRUSH_MASSAGE,211,-,,96,7,0,,NONE,,0,96,171,-,256,265,288,130,162,-
professional make up brushes,RELEVANT,BRUSH_MASSAGE,210,-,,56,1,0,,NONE,,1,-,-,-,-,56,-,-,-,-
silk roller,RELEVANT,OTHER,210,-,,,0,0,,NONE,0.9,1,-,-,-,-,-,-,-,-,-
chin roller korean,RELEVANT,OTHER,210,-,,,0,0,,NONE,,0,-,-,-,-,-,-,-,-,-
contour glow brush lymphatic,RELEVANT,CONTOUR,209,-,28,1,9,4,B0GSQW56YT|B0GVBQ7P79|B0FD6Y9BX5|B0G3685P2S,CONSOLIDATED,1.17,0,25,4,14,24,1,18,22,21,27
corner massage brush,RELEVANT,BRUSH_MASSAGE,209,-,,31,3,0,,NONE,,5,-,-,56,31,-,43,-,-,-
purelydo,RELEVANT,OTHER,209,-,,2,1,1,B0FD354L27,SINGLE,1.61,3,2,-,-,-,-,-,-,-,-
lymphatic drainage and detox,RELEVANT,DRAINAGE,209,-,,67,3,0,,NONE,,0,67,-,-,289,129,-,-,-,-
cleanse spa brush kit,RELEVANT,BRUSH_MASSAGE,209,-,,106,1,0,,NONE,,0,-,-,106,-,-,-,-,-,-
hair brush massager,RELEVANT,BRUSH_MASSAGE,209,-,,193,2,0,,NONE,1.16,0,193,-,-,-,-,-,-,285,-
face eye massager,RELEVANT,BRUSH_MASSAGE,209,-,,199,3,0,,NONE,,1,199,-,-,-,228,-,-,301,-
copper gua sha tool,RELEVANT,GUA_SHA,209,-,,,0,0,,NONE,1.06,2,-,-,-,-,-,-,-,-,-
korean skin care tools,RELEVANT,OTHER,208,-,,35,1,0,,NONE,1.44,0,35,-,-,-,-,-,-,-,-
lifting face,RELEVANT,OTHER,208,-,,5,4,2,B0FD354L27|B0FD6Y9BX5,SHARED,,1,10,-,-,-,5,269,-,295,-
make up brush washer,RELEVANT,BRUSH_MASSAGE,208,-,,158,1,0,,NONE,1.45,0,158,-,-,-,-,-,-,-,-
skicare,RELEVANT,OTHER,208,-,,159,1,0,,NONE,,0,-,-,-,-,159,-,-,-,-
makeup bruahes,RELEVANT,OTHER,208,-,,254,1,0,,NONE,,0,-,-,-,-,254,-,-,-,-
facial spa gift set,RELEVANT,OTHER,208,-,,269,1,0,,NONE,,0,-,-,269,-,-,-,-,-,-
gua sha glass,RELEVANT,GUA_SHA,208,-,,,0,0,,NONE,,0,-,-,-,-,-,-,-,-,-
face brush black,RELEVANT,BRUSH_MASSAGE,207,-,,12,1,1,B0H5MMYNWM,SINGLE,,0,-,-,-,-,-,-,12,-,-
gua sha face massager,RELEVANT,GUA_SHA,207,-,285,26,6,0,,NONE,1.31,0,26,49,-,302,257,281,-,53,-
revolution contour,RELEVANT,CONTOUR,207,-,,172,1,0,,NONE,0.53,0,-,-,-,-,-,-,-,172,-
detox spa,RELEVANT,OTHER,207,-,,179,1,0,,NONE,,0,179,-,-,-,-,-,-,-,-
leg slimmer,RELEVANT,OTHER,207,-,,238,1,0,,NONE,0.79,0,238,-,-,-,-,-,-,-,-
green hand massager,RELEVANT,BRUSH_MASSAGE,207,-,,267,1,0,,NONE,1.65,0,-,-,-,-,-,-,-,267,-
make-up brushes,RELEVANT,BRUSH_MASSAGE,207,-,,274,1,0,,NONE,,0,-,-,-,-,274,-,-,-,-
head massage brush,RELEVANT,BRUSH_MASSAGE,207,-,,283,1,0,,NONE,,2,-,283,-,-,-,-,-,-,-
문어 괄사,RELEVANT,OTHER,207,-,,,0,0,,NONE,1.05,0,-,-,-,-,-,-,-,-,-
terahertz guasha,RELEVANT,GUA_SHA,207,-,,,0,0,,NONE,1.7,3,-,-,-,-,-,-,-,-,-
clarisonic face massager,RELEVANT,BRUSH_MASSAGE,207,-,,,0,0,,NONE,,0,-,-,-,-,-,-,-,-,-
nutreva lymphatic brush,RELEVANT,LYMPHATIC,206,-,95,5,8,5,B0FD354L27|B0GSQW56YT|B0FD6Y9BX5|B0H5MMYNWM|B0G2XLH8CG,CONSOLIDATED,,0,18,20,35,50,5,21,19,9,-
zamlory,RELEVANT,OTHER,206,-,,2,1,1,B0GC3HX5KH,SINGLE,,4,-,-,-,2,-,-,-,-,-
kit.sch hair brush,RELEVANT,BRUSH_MASSAGE,206,-,,30,1,0,,NONE,,0,-,-,-,-,-,-,30,-,-
sculpique lymphatic drainage,RELEVANT,DRAINAGE,206,-,,147,3,0,,NONE,2.4,0,147,-,-,-,-,149,-,-,227
portable stainless steel special tools,OFF_CATEGORY,OTHER,206,-,,110,1,0,,NONE,,0,-,-,110,-,-,-,-,-,-
face smoothing patch,RELEVANT,OTHER,206,-,,277,1,0,,NONE,1.32,0,-,-,-,-,-,277,-,-,-
precision blush brush,RELEVANT,BRUSH_MASSAGE,206,-,,,0,0,,NONE,,2,-,-,-,-,-,-,-,-,-
face sculpting brush for women,RELEVANT,SCULPTING,205,-,73,1,8,8,B0FD354L27|B0GSQW56YT|B0GVBQ7P79|B0GC3HX5KH|B0FD6Y9BX5|B0G3685P2S|B0H5MMYNWM|B0G2XLH8CG,CONSOLIDATED,,0,1,9,19,14,4,7,8,15,-
kojiba face brush,RELEVANT,BRUSH_MASSAGE,205,-,28,4,6,6,B0GVBQ7P79|B0GC3HX5KH|B0FD6Y9BX5|B0G3685P2S|B0H5MMYNWM|B0G2XLH8CG,CONSOLIDATED,,0,-,-,19,13,11,4,8,9,-
linfatico face brush,OFF_CATEGORY,BRUSH_MASSAGE,205,-,74,1,9,7,B0FD354L27|B0GSQW56YT|B0GC3HX5KH|B0FD6Y9BX5|B0G3685P2S|B0H5MMYNWM|B0G2XLH8CG,CONSOLIDATED,1.47,0,1,12,50,10,4,20,6,11,64
brosse pour visage,RELEVANT,OTHER,205,-,,5,3,1,B0FD6Y9BX5,SINGLE,,0,-,-,-,47,5,-,42,-,-
리프팅 브러쉬,RELEVANT,OTHER,205,-,,1,1,1,B0FD354L27,SINGLE,1.13,0,1,-,-,-,-,-,-,-,-
facia tool,RELEVANT,OTHER,205,-,,23,1,0,,NONE,,0,23,-,-,-,-,-,-,-,-
face black,RELEVANT,OTHER,205,-,,123,1,0,,NONE,1.12,0,-,-,-,-,-,-,123,-,-
under eye puff,RELEVANT,DEPUFF,205,-,,199,1,0,,NONE,0.72,0,-,-,-,-,199,-,-,-,-
guasha tool set,RELEVANT,GUA_SHA,205,-,,150,4,0,,NONE,1.23,0,-,-,210,228,230,-,-,150,-
ice cream roller machine,OFF_CATEGORY,OTHER,205,-,,,0,0,,NONE,0.96,1,-,-,-,-,-,-,-,-,-
ga shua,RELEVANT,OTHER,204,-,,54,8,0,,NONE,,0,100,54,226,274,116,174,206,98,-
make up brushes wood,RELEVANT,BRUSH_MASSAGE,204,-,,92,2,0,,NONE,,0,-,-,-,93,-,-,-,-,92
facial exfoliating devices brushes,RELEVANT,BRUSH_MASSAGE,204,-,,85,7,0,,NONE,,0,110,142,151,300,85,193,111,-,-
exfoliating body dry brush,RELEVANT,BRUSH_MASSAGE,204,-,,184,1,0,,NONE,1.7,1,-,-,184,-,-,-,-,-,-
facial makeup,RELEVANT,OTHER,204,-,,280,2,0,,NONE,,0,-,-,-,-,286,-,-,280,-
lanshin gua sha,RELEVANT,GUA_SHA,204,-,,,0,0,,NONE,1.42,0,-,-,-,-,-,-,-,-,-
face contouring brush,RELEVANT,CONTOUR,203,-,139,2,9,4,B0GSQW56YT|B0FD6Y9BX5|B0G3685P2S|B0G2XLH8CG,CONSOLIDATED,,0,28,17,42,25,2,20,24,13,80
pore brush for face and nose,RELEVANT,BRUSH_MASSAGE,203,-,,26,1,0,,NONE,0.81,0,26,-,-,-,-,-,-,-,-
kitsch exfoliating dry brush,COMPETITOR_BRAND,BRUSH_MASSAGE,203,-,,53,1,0,,NONE,,0,-,-,-,-,-,-,53,-,-
brishes,RELEVANT,OTHER,203,-,,83,3,0,,NONE,,0,-,-,-,-,83,147,-,137,-
all natural self care gifts,RELEVANT,OTHER,203,-,,199,1,0,,NONE,,0,-,-,199,-,-,-,-,-,-
mom skincare,RELEVANT,OTHER,203,-,,230,1,0,,NONE,,0,-,-,230,-,-,-,-,-,-
make up brush storage,RELEVANT,BRUSH_MASSAGE,203,-,,237,1,0,,NONE,,2,-,-,-,-,237,-,-,-,-
dog flea tick control,RELEVANT,OTHER,203,-,,,0,0,,NONE,,0,-,-,-,-,-,-,-,-,-
smoother face,RELEVANT,OTHER,202,-,,3,2,1,B0FD354L27,SINGLE,,0,3,-,-,-,22,-,-,-,-
facial care tools,RELEVANT,OTHER,202,-,,74,6,0,,NONE,,0,74,211,271,-,95,235,-,217,-
head guasha,RELEVANT,GUA_SHA,202,-,,134,2,0,,NONE,,0,-,134,-,-,-,-,-,178,-
lymphatic drainage cup,RELEVANT,DRAINAGE,202,-,,111,1,0,,NONE,1.16,0,111,-,-,-,-,-,-,-,-
skin care natural,RELEVANT,OTHER,202,-,,272,1,0,,NONE,,0,272,-,-,-,-,-,-,-,-
cerave facial therapy massager,RELEVANT,BRUSH_MASSAGE,202,-,,,0,0,,NONE,,0,-,-,-,-,-,-,-,-,-
kohiva lymphatic face brush,RELEVANT,LYMPHATIC,201,-,96,2,9,7,B0FD354L27|B0GSQW56YT|B0GVBQ7P79|B0FD6Y9BX5|B0G3685P2S|B0H5MMYNWM|B0G2XLH8CG,CONSOLIDATED,1.26,0,2,11,7,22,12,9,17,15,46
brocha para drenaje facial,RELEVANT,OTHER,201,-,73,2,8,6,B0FD354L27|B0GSQW56YT|B0GC3HX5KH|B0FD6Y9BX5|B0G3685P2S|B0H5MMYNWM,CONSOLIDATED,,0,18,17,49,19,2,9,15,32,-
cepillo para cara,OFF_CATEGORY,OTHER,201,-,144,6,8,3,B0FD354L27|B0GSQW56YT|B0FD6Y9BX5,SHARED,,0,6,19,115,46,11,56,67,49,-
wooden gua sha tools,RELEVANT,GUA_SHA,201,-,,125,4,0,,NONE,,2,-,126,140,125,-,-,-,-,224
leg lymphatic drainage tool,RELEVANT,DRAINAGE,201,-,,26,4,0,,NONE,1.11,0,26,152,274,-,-,172,-,-,-
hair carving tool,RELEVANT,OTHER,201,-,,69,1,0,,NONE,,0,69,-,-,-,-,-,-,-,-
kovija face brush,RELEVANT,BRUSH_MASSAGE,200,-,24,1,4,4,B0FD354L27|B0GC3HX5KH|B0H5MMYNWM|B0G2XLH8CG,CONSOLIDATED,,0,1,-,-,6,-,-,2,4,-
sculpting brush makeup,RELEVANT,SCULPTING,200,-,,26,9,0,,NONE,,0,38,124,180,258,26,104,75,117,280
all natural dry brush,RELEVANT,BRUSH_MASSAGE,200,-,,75,7,0,,NONE,,0,86,125,75,166,-,155,-,158,132
natural bristle brush for dry brushing skin,RELEVANT,BRUSH_MASSAGE,200,-,,136,7,0,,NONE,1.42,0,136,191,167,183,-,174,-,178,214
face neck massager,RELEVANT,JAWLINE_CHIN,200,-,,26,6,0,,NONE,1.36,1,26,188,-,236,189,216,-,246,-
kitsch body dry brush,COMPETITOR_BRAND,BRUSH_MASSAGE,200,-,,45,1,0,,NONE,1.45,0,-,-,-,-,-,-,45,-,-
skincare face scrubber,RELEVANT,OTHER,200,-,,83,1,0,,NONE,,0,-,-,-,-,-,-,83,-,-
kitscg,RELEVANT,OTHER,200,-,,6,3,1,B0H5MMYNWM,SINGLE,,0,173,-,-,-,-,-,6,238,-
kojiva lymphatic face brush curved,COMPETITOR_BRAND,LYMPHATIC,199,-,120,3,9,7,B0FD354L27|B0GSQW56YT|B0GVBQ7P79|B0FD6Y9BX5|B0G3685P2S|B0H5MMYNWM|B0G2XLH8CG,CONSOLIDATED,1.54,0,19,4,12,58,3,20,15,14,49
lumera facial sculptor,RELEVANT,SCULPTING,199,-,,2,1,1,B0FD6Y9BX5,SINGLE,1.42,0,-,-,-,-,2,-,-,-,-
spa must haves,RELEVANT,OTHER,199,-,,24,1,0,,NONE,,0,24,-,-,-,-,-,-,-,-
chin massager for double chin,RELEVANT,JAWLINE_CHIN,199,-,,21,2,0,,NONE,1.69,0,21,-,-,187,-,-,-,-,-
meridian brush massage brush,RELEVANT,BRUSH_MASSAGE,199,-,,122,1,0,,NONE,1.26,3,-,-,-,122,-,-,-,-,-
nuverta lymphatic brush,RELEVANT,LYMPHATIC,198,-,268,1,8,4,B0GSQW56YT|B0FD6Y9BX5|B0G3685P2S|B0H5MMYNWM,CONSOLIDATED,1.58,0,25,19,21,28,1,8,7,23,-
smooth silk lymphatic brush,RELEVANT,LYMPHATIC,198,-,103,2,8,4,B0FD354L27|B0GSQW56YT|B0GC3HX5KH|B0FD6Y9BX5,CONSOLIDATED,1.15,0,9,11,21,20,2,27,30,34,-
wellness devices,RELEVANT,OTHER,198,-,,2,1,1,B0FD354L27,SINGLE,,0,2,-,-,-,-,-,-,-,-
lymphatic drainage massager face electric,OFF_CATEGORY,DRAINAGE,198,-,,76,6,0,,NONE,,0,76,124,-,217,101,132,-,201,-
sandalwood brush,RELEVANT,BRUSH_MASSAGE,198,-,,105,1,0,,NONE,,0,-,-,-,105,-,-,-,-,-
precision duo contour brush,RELEVANT,CONTOUR,198,-,,,0,0,,NONE,0.53,1,-,-,-,-,-,-,-,-,-
kijeva lymphatic face brush,RELEVANT,LYMPHATIC,197,-,110,2,9,7,B0FD354L27|B0GSQW56YT|B0GC3HX5KH|B0FD6Y9BX5|B0G3685P2S|B0H5MMYNWM|B0G2XLH8CG,CONSOLIDATED,1.48,0,2,11,23,15,5,20,16,10,42
guasha facial brush,RELEVANT,GUA_SHA,197,-,80,1,9,7,B0FD354L27|B0GSQW56YT|B0GC3HX5KH|B0FD6Y9BX5|B0G3685P2S|B0H5MMYNWM|B0G2XLH8CG,CONSOLIDATED,,0,1,4,70,8,2,14,16,7,52
korean gua sha brush,RELEVANT,GUA_SHA,197,-,68,1,8,5,B0FD354L27|B0GSQW56YT|B0FD6Y9BX5|B0H5MMYNWM|B0G2XLH8CG,CONSOLIDATED,,0,2,16,101,47,1,33,15,14,-
recuva brush,RELEVANT,BRUSH_MASSAGE,197,-,,6,1,1,B0G3685P2S,SINGLE,,0,-,-,-,-,-,6,-,-,-
noxa massager lymphatic drainage,RELEVANT,DRAINAGE,197,-,,20,1,1,B0FD354L27,SINGLE,1.66,0,20,-,-,-,-,-,-,-,-
detailed guasha,RELEVANT,GUA_SHA,197,-,,82,1,0,,NONE,,0,-,-,-,-,-,-,-,-,82
the kitsch,COMPETITOR_BRAND,OTHER,197,-,,90,1,0,,NONE,,0,-,-,-,-,-,-,90,-,-
pore cleaning brush for face,RELEVANT,BRUSH_MASSAGE,197,-,,80,2,0,,NONE,1.09,0,-,-,-,125,-,-,80,-,-
hair massage tools,RELEVANT,BRUSH_MASSAGE,197,-,,184,2,0,,NONE,,0,184,-,-,-,-,-,-,193,-
real techniques face brush set,RELEVANT,BRUSH_MASSAGE,197,-,,,0,0,,NONE,1.19,0,-,-,-,-,-,-,-,-,-
soothesilk contour brush,COMPETITOR_BRAND,CONTOUR,196,-,28,1,3,3,B0FD354L27|B0FD6Y9BX5|B0H5MMYNWM,SHARED,1.46,0,1,-,-,-,2,-,5,-,-
jade gua sha facial tool,RELEVANT,GUA_SHA,196,-,,15,2,1,B0G2XLH8CG,SINGLE,1.24,6,67,-,-,-,-,-,-,15,-
vibrating face roller,OFF_CATEGORY,OTHER,196,-,,35,1,0,,NONE,1.44,1,35,-,-,-,-,-,-,-,-
silicone face scrubber brush,RELEVANT,BRUSH_MASSAGE,196,-,,115,1,0,,NONE,1.23,0,-,-,-,-,-,-,115,-,-
medicube masm,OFF_CATEGORY,OTHER,196,-,,204,1,0,,NONE,,0,204,-,-,-,-,-,-,-,-
the magic brush,RELEVANT,BRUSH_MASSAGE,196,-,,211,1,0,,NONE,1.39,0,-,-,-,-,-,211,-,-,-
curve gift set,RELEVANT,OTHER,196,-,,,0,0,,NONE,0.93,0,-,-,-,-,-,-,-,-,-
roto brush,RELEVANT,BRUSH_MASSAGE,196,-,,,0,0,,NONE,1.37,33,-,-,-,-,-,-,-,-,-
kojiba facial brush,RELEVANT,BRUSH_MASSAGE,194,-,62,5,8,7,B0FD354L27|B0GSQW56YT|B0GVBQ7P79|B0FD6Y9BX5|B0G3685P2S|B0H5MMYNWM|B0G2XLH8CG,CONSOLIDATED,,0,6,9,20,23,10,17,5,11,-
brush for face massage,RELEVANT,BRUSH_MASSAGE,194,-,,2,8,6,B0FD354L27|B0GSQW56YT|B0GVBQ7P79|B0FD6Y9BX5|B0G3685P2S|B0G2XLH8CG,CONSOLIDATED,,0,5,9,18,21,2,11,81,10,-
lymphatic face drainage massager,RELEVANT,DRAINAGE,194,-,228,7,8,2,B0GSQW56YT|B0FD6Y9BX5,SHARED,1.39,0,22,15,295,153,7,78,75,96,-
roc skin care sets & kits,RELEVANT,OTHER,194,-,,44,1,0,,NONE,,0,44,-,-,-,-,-,-,-,-
contour makeup brushes,RELEVANT,CONTOUR,194,-,,74,5,0,,NONE,1.3,0,79,-,-,-,75,74,147,213,-
the gua sha tool,RELEVANT,GUA_SHA,194,-,,61,3,0,,NONE,,0,-,133,-,111,-,-,-,61,-
best lymphatic contour face brush,RELEVANT,CONTOUR,193,-,74,1,9,8,B0FD354L27|B0GSQW56YT|B0GVBQ7P79|B0GC3HX5KH|B0FD6Y9BX5|B0G3685P2S|B0H5MMYNWM|B0G2XLH8CG,CONSOLIDATED,1.44,0,4,5,11,13,1,9,8,10,36
melora lymphatic face brush,RELEVANT,LYMPHATIC,193,-,110,4,9,6,B0FD354L27|B0GSQW56YT|B0FD6Y9BX5|B0G3685P2S|B0H5MMYNWM|B0G2XLH8CG,CONSOLIDATED,,0,4,20,22,23,15,8,14,11,88
lymphatic face drainage brush,RELEVANT,DRAINAGE,193,-,246,1,9,7,B0FD354L27|B0GSQW56YT|B0GC3HX5KH|B0FD6Y9BX5|B0G3685P2S|B0H5MMYNWM|B0G2XLH8CG,CONSOLIDATED,,0,1,8,21,13,3,20,5,10,158
face brush foreo,RELEVANT,BRUSH_MASSAGE,193,-,177,12,7,2,B0FD354L27|B0H5MMYNWM,SHARED,,0,18,48,64,80,51,54,12,-,-
para la cara,RELEVANT,OTHER,193,-,,17,1,1,B0FD6Y9BX5,SINGLE,,3,-,-,-,-,17,-,-,-,-
mia face brush clarisonic,RELEVANT,BRUSH_MASSAGE,193,-,,74,1,0,,NONE,1.38,0,-,-,-,-,-,-,74,-,-
self tanner kabuki brush,RELEVANT,BRUSH_MASSAGE,193,-,,,0,0,,NONE,,1,-,-,-,-,-,-,-,-,-
lymphatic contour face brush for sculpting,RELEVANT,SCULPTING,192,-,156,3,9,2,B0GSQW56YT|B0FD6Y9BX5,SHARED,,5,25,14,69,39,3,22,32,71,108
the solena brush,RELEVANT,BRUSH_MASSAGE,192,-,,6,2,2,B0FD354L27|B0G2XLH8CG,SHARED,,0,6,-,-,-,-,-,-,7,-
body massage brush,RELEVANT,BRUSH_MASSAGE,192,-,,43,3,0,,NONE,1.31,2,43,-,176,-,-,186,-,-,-
felt brush,RELEVANT,BRUSH_MASSAGE,192,-,,115,3,0,,NONE,,4,115,-,-,-,180,158,-,-,-
you beauty neck cream,OFF_CATEGORY,JAWLINE_CHIN,192,-,,150,1,0,,NONE,1.65,0,150,-,-,-,-,-,-,-,-
lymphatic drainage massager oil,OFF_CATEGORY,DRAINAGE,192,-,,151,1,0,,NONE,,0,-,-,-,-,-,-,-,151,-
luxe skin care,RELEVANT,OTHER,192,-,,304,1,0,,NONE,,0,-,-,-,-,-,304,-,-,-
chin jawline lifting mask,RELEVANT,JAWLINE_CHIN,192,-,,,0,0,,NONE,1.49,0,-,-,-,-,-,-,-,-,-
ear seeds for lymphatic drainage,RELEVANT,DRAINAGE,191,-,,18,1,1,B0FD354L27,SINGLE,1.26,0,18,-,-,-,-,-,-,-,-
cosmetic glow touch,RELEVANT,OTHER,191,-,,58,1,0,,NONE,2.05,0,-,-,-,-,58,-,-,-,-
neck massager for lymphatic drainage,RELEVANT,DRAINAGE,191,-,,77,5,0,,NONE,1.73,0,135,88,-,127,77,-,-,123,-
dry brushing brush,RELEVANT,BRUSH_MASSAGE,191,-,,49,5,0,,NONE,,0,96,174,183,49,-,-,-,140,-
masaje linfatico,OFF_CATEGORY,OTHER,191,-,,96,2,0,,NONE,,0,-,96,-,-,-,-,-,128,-
collagen neck wrap,OFF_CATEGORY,JAWLINE_CHIN,191,-,,146,1,0,,NONE,,0,-,-,146,-,-,-,-,-,-
utensilios para cuidado de piel,RELEVANT,OTHER,191,-,,,0,0,,NONE,1.31,0,-,-,-,-,-,-,-,-,-
soothsilk lymphatic brush,RELEVANT,LYMPHATIC,190,-,62,1,8,5,B0FD354L27|B0GSQW56YT|B0FD6Y9BX5|B0G3685P2S|B0H5MMYNWM,CONSOLIDATED,,0,1,19,36,22,5,17,6,21,-
lymphatic face contour brush,RELEVANT,CONTOUR,190,-,118,4,9,4,B0GSQW56YT|B0FD6Y9BX5|B0H5MMYNWM|B0G2XLH8CG,CONSOLIDATED,1.22,0,24,17,29,58,4,26,11,16,105
gua sha lymphatic brush,RELEVANT,GUA_SHA,190,-,52,2,9,4,B0FD354L27|B0GSQW56YT|B0GC3HX5KH|B0FD6Y9BX5,CONSOLIDATED,1.19,0,5,11,79,10,2,39,33,30,88
lymphatic face brush 2 pack,RELEVANT,LYMPHATIC,190,-,163,5,9,3,B0FD354L27|B0G3685P2S|B0H5MMYNWM,SHARED,,0,8,46,85,83,52,5,14,55,76
face stones makeup,RELEVANT,OTHER,190,-,,71,2,0,,NONE,,0,71,-,-,-,-,-,-,89,-
gua sha face lifting tool,RELEVANT,GUA_SHA,190,-,238,12,7,1,B0FD354L27,SINGLE,,0,12,41,-,112,120,166,-,64,295
facial massage tool double chin,RELEVANT,JAWLINE_CHIN,190,-,,4,4,1,B0FD354L27,SINGLE,,0,4,-,-,218,77,-,148,-,-
jade stone for face,RELEVANT,OTHER,190,-,,96,1,0,,NONE,1.18,2,-,-,-,-,-,-,-,96,-
gua sha neck tool,RELEVANT,GUA_SHA,190,-,,125,5,0,,NONE,,0,-,125,197,229,-,217,-,200,-
eye bag treatment for women,RELEVANT,OTHER,190,-,,241,1,0,,NONE,,1,241,-,-,-,-,-,-,-,-
burt bees set,RELEVANT,OTHER,190,-,,,0,0,,NONE,,0,-,-,-,-,-,-,-,-,-
drainage lymphatic,RELEVANT,DRAINAGE,189,-,,23,7,0,,NONE,,0,183,199,297,-,23,222,-,176,163
drenaje lindatico,RELEVANT,OTHER,189,-,,72,1,0,,NONE,,0,-,-,-,-,72,-,-,-,-
raedia facial cleansing brush,RELEVANT,BRUSH_MASSAGE,189,-,,76,2,0,,NONE,,4,-,-,125,-,-,-,76,-,-
real gua sha,RELEVANT,GUA_SHA,189,-,287,50,3,0,,NONE,,0,-,153,155,-,-,-,-,50,-
wooden massage,RELEVANT,BRUSH_MASSAGE,189,-,,214,2,0,,NONE,,14,-,-,214,227,-,-,-,-,-
firm makeup brushes,RELEVANT,BRUSH_MASSAGE,189,-,,152,3,0,,NONE,,0,-,-,282,-,152,-,-,289,-
soft lymphatic drainage brush,RELEVANT,DRAINAGE,188,-,,1,8,6,B0FD354L27|B0GSQW56YT|B0GVBQ7P79|B0FD6Y9BX5|B0G3685P2S|B0G2XLH8CG,CONSOLIDATED,1.31,0,12,19,9,29,1,4,22,11,-
contour sculpting makeup brushes,RELEVANT,SCULPTING,188,-,,3,9,2,B0FD354L27|B0FD6Y9BX5,SHARED,,0,3,60,127,77,8,54,33,70,195
cepillos para maquillaje de rostro,OFF_CATEGORY,OTHER,188,-,,7,1,1,B0FD6Y9BX5,SINGLE,,0,-,-,-,-,7,-,-,-,-
pore scrub brush,RELEVANT,BRUSH_MASSAGE,188,-,,81,1,0,,NONE,0.97,2,-,-,-,-,-,-,81,-,-
neck cream for double chin,OFF_CATEGORY,JAWLINE_CHIN,188,-,,148,1,0,,NONE,,0,148,-,-,-,-,-,-,-,-
mothers day self care gifts,RELEVANT,OTHER,188,-,,199,1,0,,NONE,1.4,0,199,-,-,-,-,-,-,-,-
makeup contour kit,RELEVANT,CONTOUR,188,-,,205,1,0,,NONE,1.07,2,-,-,-,-,205,-,-,-,-
get rid of double chin fast,RELEVANT,JAWLINE_CHIN,188,-,,,0,0,,NONE,1.43,0,-,-,-,-,-,-,-,-,-
magnetic meridian brush for belly,RELEVANT,BRUSH_MASSAGE,187,-,,19,1,1,B0FD354L27,SINGLE,1.26,0,19,-,-,-,-,-,-,-,-
facial accessories for skincare,RELEVANT,OTHER,187,-,,61,1,0,,NONE,,2,61,-,-,-,-,-,-,-,-
face lift massager,RELEVANT,BRUSH_MASSAGE,187,-,,5,5,1,B0FD354L27,SINGLE,1.56,0,5,191,-,172,88,-,-,225,-
hair stimulating brush,RELEVANT,BRUSH_MASSAGE,187,-,,187,2,0,,NONE,,0,187,-,-,-,-,-,-,219,-
￼contour glow brush,RELEVANT,CONTOUR,186,-,31,1,9,4,B0FD354L27|B0GSQW56YT|B0FD6Y9BX5|B0G3685P2S,CONSOLIDATED,,0,5,20,50,28,1,18,23,26,42
wooden skincare,RELEVANT,OTHER,186,-,,12,4,2,B0GC3HX5KH|B0H93V3MNM,SHARED,0.5,0,-,122,107,12,-,-,-,-,14
face messager,RELEVANT,OTHER,186,-,,57,6,0,,NONE,,0,87,83,-,280,81,99,-,57,-
green contour,RELEVANT,CONTOUR,186,-,,53,1,0,,NONE,,0,-,-,-,-,-,-,-,53,-
oil massager,OFF_CATEGORY,BRUSH_MASSAGE,186,-,,196,1,0,,NONE,1.56,0,-,-,-,-,-,-,-,196,-
natural bristle body brushes,RELEVANT,BRUSH_MASSAGE,186,-,,201,1,0,,NONE,1.57,0,-,-,201,-,-,-,-,-,-
wooden massager lymphatic,RELEVANT,LYMPHATIC,185,-,,42,2,0,,NONE,,0,-,125,-,42,-,-,-,-,-
invg scarab acupressure tool for neck,RELEVANT,JAWLINE_CHIN,185,-,,39,1,0,,NONE,,0,39,-,-,-,-,-,-,-,-
sculpting massager,RELEVANT,SCULPTING,185,-,,143,5,0,,NONE,,1,173,172,-,226,143,-,-,211,-
a rich hair brush,RELEVANT,BRUSH_MASSAGE,185,-,,93,1,0,,NONE,1.28,0,-,-,-,-,-,-,-,93,-
cooling tools,RELEVANT,OTHER,185,-,,105,3,0,,NONE,1.1,0,105,190,-,-,-,-,-,171,-
contouring makeup,RELEVANT,CONTOUR,185,-,,157,4,0,,NONE,1.06,1,157,-,-,-,196,-,194,238,-
soft bristle lymphatic brush,RELEVANT,LYMPHATIC,184,-,,1,8,6,B0FD354L27|B0GVBQ7P79|B0FD6Y9BX5|B0G3685P2S|B0H5MMYNWM|B0G2XLH8CG,CONSOLIDATED,,0,1,33,13,53,5,9,8,17,-
dry lymphatic face brush,RELEVANT,LYMPHATIC,184,-,292,3,9,3,B0GSQW56YT|B0GVBQ7P79|B0FD6Y9BX5,SHARED,1.15,0,28,9,10,45,3,23,37,21,115
nu skin brush,RELEVANT,BRUSH_MASSAGE,184,-,,44,2,0,,NONE,,0,-,-,-,54,-,44,-,-,-
brochas para faciales,RELEVANT,OTHER,184,-,237,53,9,0,,NONE,,0,53,132,274,117,90,138,98,107,254
dark contour,RELEVANT,CONTOUR,184,-,257,50,9,0,,NONE,1,0,52,265,294,187,92,138,50,148,214
enhance makeup,RELEVANT,OTHER,184,-,,108,1,0,,NONE,,0,-,-,-,-,108,-,-,-,-
the lymphatic brush by cecily braden,RELEVANT,LYMPHATIC,183,-,108,3,9,6,B0FD354L27|B0GSQW56YT|B0GVBQ7P79|B0FD6Y9BX5|B0G3685P2S|B0H5MMYNWM,CONSOLIDATED,1.39,0,15,10,7,30,3,8,20,27,84
kojiva brush for face,COMPETITOR_BRAND,BRUSH_MASSAGE,183,-,30,2,4,4,B0GC3HX5KH|B0G3685P2S|B0H5MMYNWM|B0G2XLH8CG,CONSOLIDATED,,0,-,-,-,6,-,7,2,5,-
vogue lymphatic face brush,RELEVANT,LYMPHATIC,183,-,85,9,9,3,B0FD354L27|B0GSQW56YT|B0FD6Y9BX5,SHARED,,0,18,20,27,87,9,21,23,81,43
conair facial cleansing brush,RELEVANT,BRUSH_MASSAGE,183,-,,96,1,0,,NONE,1.23,1,-,-,-,-,-,-,96,-,-
cleansing facial brush,RELEVANT,BRUSH_MASSAGE,183,-,,77,2,0,,NONE,,1,77,-,-,-,-,-,-,212,-
alvora face brush,COMPETITOR_BRAND,BRUSH_MASSAGE,182,-,,5,6,5,B0FD354L27|B0GC3HX5KH|B0FD6Y9BX5|B0G3685P2S|B0G2XLH8CG,CONSOLIDATED,,0,8,-,-,11,5,9,23,20,-
facial dry brushes for lymphatic drainage,RELEVANT,DRAINAGE,182,-,113,3,9,3,B0GSQW56YT|B0FD6Y9BX5|B0G2XLH8CG,SHARED,,0,29,6,35,45,3,26,38,18,278
soft dry brush for lymphatic drainage,RELEVANT,DRAINAGE,182,-,,6,8,2,B0FD354L27|B0FD6Y9BX5,SHARED,,0,6,40,38,57,20,25,277,29,-
productos virales de tiktok,RELEVANT,OTHER,182,-,,22,1,0,,NONE,,0,-,-,-,-,22,-,-,-,-
kitsch exfoliating body dry brush,COMPETITOR_BRAND,BRUSH_MASSAGE,182,-,,55,1,0,,NONE,1.46,0,-,-,-,-,-,-,55,-,-
jawline massager,RELEVANT,JAWLINE_CHIN,182,-,,72,4,0,,NONE,,1,72,134,-,-,132,-,-,150,-
disposable face sponges for cleansing,RELEVANT,OTHER,182,-,,92,1,0,,NONE,1.01,1,92,-,-,-,-,-,-,-,-
clearance-reflectors-grommets-pigtails-waterproof,RELEVANT,OTHER,182,-,,109,1,0,,NONE,1.08,0,109,-,-,-,-,-,-,-,-
black face make up,RELEVANT,OTHER,182,-,,149,1,0,,NONE,,0,-,-,-,-,-,-,149,-,-
lumera brush,RELEVANT,BRUSH_MASSAGE,181,-,,1,4,3,B0FD354L27|B0G3685P2S|B0G2XLH8CG,SHARED,1.15,0,1,-,-,22,-,8,-,11,-
facial exercises for face lifting firming,RELEVANT,OTHER,181,-,,16,1,1,B0FD354L27,SINGLE,,0,16,-,-,-,-,-,-,-,-
dry skin brushes,RELEVANT,BRUSH_MASSAGE,181,-,,47,8,0,,NONE,,1,47,116,188,149,141,82,-,94,184
edge lift brush,RELEVANT,BRUSH_MASSAGE,181,-,,50,2,0,,NONE,0.96,0,-,-,-,116,-,-,-,50,-
lymphatic drainage tool cellulite,RELEVANT,DRAINAGE,181,-,,24,6,0,,NONE,,0,24,143,-,270,85,187,-,263,-
gua sha facial tools set,RELEVANT,GUA_SHA,181,-,,73,4,0,,NONE,1,2,-,-,173,269,-,208,-,73,-
360 eye mask,RELEVANT,OTHER,181,-,,86,1,0,,NONE,1.41,0,86,-,-,-,-,-,-,-,-
it brush set,RELEVANT,BRUSH_MASSAGE,181,-,,87,2,0,,NONE,,0,-,-,292,-,-,-,-,87,-
all natural lymphatic cream,OFF_CATEGORY,LYMPHATIC,181,-,88,,0,0,,NONE,,0,-,-,-,-,-,-,-,-,-
facial massage eye and neck care brush,RELEVANT,JAWLINE_CHIN,180,-,,6,8,4,B0FD354L27|B0GSQW56YT|B0FD6Y9BX5|B0H5MMYNWM,CONSOLIDATED,1.44,0,11,12,40,23,8,36,6,43,-
moroccan beauty tool,RELEVANT,OTHER,180,-,,32,1,0,,NONE,1.16,0,-,-,-,32,-,-,-,-,-
ultra soft,RELEVANT,OTHER,180,-,,80,2,0,,NONE,,34,-,-,-,-,-,80,-,104,-
face lift tool,RELEVANT,OTHER,180,-,,2,7,2,B0FD354L27|B0FD6Y9BX5,SHARED,1.2,0,10,85,-,100,2,157,-,104,231
home beauty tools,RELEVANT,OTHER,180,-,,36,1,0,,NONE,1.56,0,36,-,-,-,-,-,-,-,-
makeup and glow,RELEVANT,OTHER,180,-,,91,1,0,,NONE,,0,-,-,-,-,91,-,-,-,-
facial exfoliant tool,RELEVANT,OTHER,180,-,,136,1,0,,NONE,,0,-,-,-,136,-,-,-,-,-
elf contouring brush,RELEVANT,CONTOUR,180,-,,,0,0,,NONE,1.34,0,-,-,-,-,-,-,-,-,-
kojiba lymphatic face brush,RELEVANT,LYMPHATIC,179,-,,3,8,7,B0FD354L27|B0GSQW56YT|B0GC3HX5KH|B0FD6Y9BX5|B0G3685P2S|B0H5MMYNWM|B0G2XLH8CG,CONSOLIDATED,1.39,0,6,18,27,20,3,15,17,10,-
lymphatic drainage massage cream,OFF_CATEGORY,DRAINAGE,179,-,,32,1,0,,NONE,,1,32,-,-,-,-,-,-,-,-
clairsonics,RELEVANT,OTHER,179,-,,44,1,0,,NONE,,0,44,-,-,-,-,-,-,-,-
glow facial tool,RELEVANT,OTHER,179,-,,5,5,1,B0FD6Y9BX5,SINGLE,,0,-,-,290,258,5,34,-,-,289
luxury cushion brush,RELEVANT,BRUSH_MASSAGE,179,-,,68,1,0,,NONE,,0,-,-,-,-,68,-,-,-,-
the body sculpting essentials,RELEVANT,SCULPTING,179,-,,70,1,0,,NONE,1.28,0,-,-,-,-,-,-,-,70,-
gua sha 2 pack,RELEVANT,GUA_SHA,179,-,,156,3,0,,NONE,1.17,0,-,-,-,198,156,-,-,-,209
dry skin body brush,RELEVANT,BRUSH_MASSAGE,179,-,,255,2,0,,NONE,1.25,1,-,305,255,-,-,-,-,-,-
pearl powder teeth,RELEVANT,OTHER,179,-,,,0,0,,NONE,,0,-,-,-,-,-,-,-,-,-
lymph drainage tool,RELEVANT,DRAINAGE,178,-,222,46,8,0,,NONE,,0,70,46,204,185,67,169,-,154,241
eqqualberry skin care,RELEVANT,OTHER,178,-,,44,1,0,,NONE,0.96,0,44,-,-,-,-,-,-,-,-
rose quartz gua sha facial massage,RELEVANT,GUA_SHA,178,-,,97,1,0,,NONE,,1,-,-,-,97,-,-,-,-,-
neck facial massager,RELEVANT,JAWLINE_CHIN,178,-,,124,5,0,,NONE,,1,124,207,-,225,196,-,-,239,-
cleaning makeup brushes,RELEVANT,BRUSH_MASSAGE,178,-,,205,1,0,,NONE,0.93,0,-,-,-,-,-,-,-,205,-
kglow face brush,RELEVANT,BRUSH_MASSAGE,177,-,54,3,7,6,B0FD354L27|B0GSQW56YT|B0FD6Y9BX5|B0G3685P2S|B0H5MMYNWM|B0G2XLH8CG,CONSOLIDATED,1.22,0,4,18,-,28,3,9,6,8,-
lymphatic face brush organic,RELEVANT,LYMPHATIC,177,-,174,2,9,5,B0GSQW56YT|B0GVBQ7P79|B0FD6Y9BX5|B0G3685P2S|B0H5MMYNWM,CONSOLIDATED,1.35,0,25,14,17,52,2,5,16,53,127
facial massage brush for face,RELEVANT,BRUSH_MASSAGE,177,-,132,1,9,7,B0FD354L27|B0GSQW56YT|B0GC3HX5KH|B0FD6Y9BX5|B0G3685P2S|B0H5MMYNWM|B0G2XLH8CG,CONSOLIDATED,1.42,0,1,15,38,13,2,16,14,20,304
elemis skin brush,RELEVANT,BRUSH_MASSAGE,177,-,108,26,3,0,,NONE,,0,-,-,-,36,-,26,43,-,-
healing brush,RELEVANT,BRUSH_MASSAGE,177,-,,7,1,1,B0GVBQ7P79,SINGLE,,0,-,-,7,-,-,-,-,-,-
garshna raw silk gloves,RELEVANT,OTHER,177,-,,20,1,1,B0FD354L27,SINGLE,,0,20,-,-,-,-,-,-,-,-
￼beauty,RELEVANT,OTHER,177,-,,30,1,0,,NONE,,0,-,-,-,-,30,-,-,-,-
face oil massage,OFF_CATEGORY,BRUSH_MASSAGE,177,-,,163,2,0,,NONE,,0,-,-,-,-,217,-,-,163,-
lymphlift™ – lymphatic contour brush,RELEVANT,CONTOUR,176,-,83,1,9,5,B0FD354L27|B0GSQW56YT|B0FD6Y9BX5|B0H5MMYNWM|B0G2XLH8CG,CONSOLIDATED,,0,1,14,28,30,3,27,12,15,70
castor oil lymphatic drainage brush,OFF_CATEGORY,DRAINAGE,176,-,52,3,8,3,B0GSQW56YT|B0FD6Y9BX5|B0G3685P2S,SHARED,,0,22,17,29,45,3,5,61,26,-
theraface wand,RELEVANT,OTHER,176,-,,21,1,0,,NONE,,0,21,-,-,-,-,-,-,-,-
face sculpture,RELEVANT,SCULPTING,176,-,,61,3,0,,NONE,0.77,7,61,-,-,-,94,114,-,-,-
nerova lymphatic drainage,RELEVANT,DRAINAGE,176,-,,36,1,0,,NONE,2.32,0,-,-,-,-,36,-,-,-,-
gua sha large,RELEVANT,GUA_SHA,176,-,,102,5,0,,NONE,,0,-,168,270,196,-,161,-,102,-
fiber skincare patches,RELEVANT,OTHER,176,-,,92,1,0,,NONE,1.36,0,-,-,-,-,-,92,-,-,-
eye puff,RELEVANT,DEPUFF,176,-,,122,1,0,,NONE,1.03,0,-,-,-,-,122,-,-,-,-
dry brushing body brush set,RELEVANT,BRUSH_MASSAGE,176,-,,147,1,0,,NONE,1.36,14,-,-,147,-,-,-,-,-,-
wood therapy massage tools cellulite,RELEVANT,BRUSH_MASSAGE,176,-,,274,1,0,,NONE,1.23,1,-,-,-,274,-,-,-,-,-
jade gua sha brush for face,RELEVANT,GUA_SHA,175,-,78,3,7,4,B0GSQW56YT|B0FD6Y9BX5|B0G3685P2S|B0G2XLH8CG,CONSOLIDATED,,0,51,18,-,28,3,4,42,7,-
sculpt + lift gua sha,RELEVANT,GUA_SHA,175,-,,20,5,1,B0G2XLH8CG,SINGLE,,0,-,36,-,-,-,45,46,20,160
cooling wands for face,RELEVANT,OTHER,175,-,,32,1,0,,NONE,1.45,0,32,-,-,-,-,-,-,-,-
cushion massage brush,RELEVANT,BRUSH_MASSAGE,175,-,,81,2,0,,NONE,,6,-,97,-,81,-,-,-,-,-
mens face brushes for cleansing,RELEVANT,BRUSH_MASSAGE,175,-,,122,1,0,,NONE,,0,-,-,-,-,-,-,-,122,-
vough lymphatic brush,COMPETITOR_BRAND,LYMPHATIC,174,-,114,5,8,3,B0FD354L27|B0GSQW56YT|B0G2XLH8CG,SHARED,,0,17,19,27,71,23,26,22,5,-
natural bristle face brush,RELEVANT,BRUSH_MASSAGE,174,-,154,7,8,2,B0GVBQ7P79|B0G2XLH8CG,SHARED,,1,77,42,7,54,-,44,56,15,52
skims brush,RELEVANT,BRUSH_MASSAGE,174,-,,3,3,1,B0FD354L27,SINGLE,,0,3,-,27,-,-,23,-,-,-
facial spa accessories,RELEVANT,OTHER,174,-,,29,1,0,,NONE,,0,29,-,-,-,-,-,-,-,-
face smoothing tool,RELEVANT,OTHER,174,-,,17,7,1,B0FD354L27,SINGLE,,0,17,36,289,135,51,82,-,69,-
tapered face brush,RELEVANT,BRUSH_MASSAGE,174,-,160,36,4,0,,NONE,,1,-,-,-,134,36,127,90,-,-
mary ruth's lymphatic drops,OFF_CATEGORY,LYMPHATIC,174,-,,113,1,0,,NONE,2.2,0,113,-,-,-,-,-,-,-,-
detox brush,RELEVANT,BRUSH_MASSAGE,173,-,87,3,6,2,B0FD354L27|B0FD6Y9BX5,SHARED,0.96,0,7,-,62,51,3,39,-,-,136
french facial brush,RELEVANT,BRUSH_MASSAGE,173,-,,1,2,2,B0GC3HX5KH|B0H5MMYNWM,SHARED,,0,-,-,-,16,-,-,1,-,-
sculptique lymphatic drainage tool,RELEVANT,DRAINAGE,173,-,287,2,8,2,B0GSQW56YT|B0FD6Y9BX5,SHARED,,0,37,14,87,157,2,26,101,142,-
face brushes real techniques,RELEVANT,BRUSH_MASSAGE,173,-,,37,5,0,,NONE,,0,37,-,143,171,98,-,56,-,-
real techniques complexion,RELEVANT,OTHER,173,-,,72,1,0,,NONE,,0,-,-,-,-,-,-,72,-,-
face spa kit,RELEVANT,OTHER,173,-,,298,1,0,,NONE,1.05,0,-,-,-,-,298,-,-,-,-
facial gua sha brush,RELEVANT,GUA_SHA,172,-,87,2,8,4,B0FD354L27|B0GSQW56YT|B0GC3HX5KH|B0FD6Y9BX5,CONSOLIDATED,,0,3,4,27,9,2,28,26,32,-
real techniques instapop face brush,RELEVANT,BRUSH_MASSAGE,172,-,,26,1,0,,NONE,0.8,0,-,-,-,-,-,-,26,-,-
double chin reducer cream,OFF_CATEGORY,JAWLINE_CHIN,172,-,,30,1,0,,NONE,1.67,1,30,-,-,-,-,-,-,-,-
madero terapia,RELEVANT,OTHER,172,-,,36,1,0,,NONE,1.24,0,36,-,-,-,-,-,-,-,-
glov lymphatic drainage,RELEVANT,DRAINAGE,172,-,195,43,1,0,,NONE,,0,43,-,-,-,-,-,-,-,-
wooden guasha,RELEVANT,GUA_SHA,172,-,,52,4,0,,NONE,,3,52,158,150,105,-,-,-,-,-
gua sha serum for face,OFF_CATEGORY,GUA_SHA,172,-,198,108,4,0,,NONE,,0,-,108,226,-,-,162,-,-,197
anti puff eye,RELEVANT,DEPUFF,172,-,,133,1,0,,NONE,,0,-,-,-,-,133,-,-,-,-
nose gua sha,RELEVANT,GUA_SHA,172,-,,144,1,0,,NONE,,2,-,-,-,-,-,-,-,-,144
dry brush handles,RELEVANT,BRUSH_MASSAGE,172,-,,83,5,0,,NONE,1.19,0,-,254,271,83,-,-,-,273,268
rolled ice cream maker tray,OFF_CATEGORY,OTHER,172,-,,,0,0,,NONE,0.91,2,-,-,-,-,-,-,-,-,-
k glow face brush,RELEVANT,BRUSH_MASSAGE,171,-,64,3,8,4,B0GVBQ7P79|B0FD6Y9BX5|B0G3685P2S|B0G2XLH8CG,CONSOLIDATED,1.67,0,22,23,20,21,3,9,27,19,-
lymphatic drainage lotion,RELEVANT,DRAINAGE,171,-,,27,1,0,,NONE,,0,-,-,-,-,-,-,-,27,-
heated red light lymphatic brush,RELEVANT,LYMPHATIC,171,-,247,31,3,0,,NONE,,0,31,95,-,-,-,76,-,-,-
facial bed small,RELEVANT,OTHER,171,-,,143,1,0,,NONE,,0,-,-,-,-,-,143,-,-,-
natural bristle exfoliating body brush,RELEVANT,BRUSH_MASSAGE,171,-,,175,1,0,,NONE,,0,-,-,175,-,-,-,-,-,-
face makeup brushes set,RELEVANT,BRUSH_MASSAGE,171,-,,232,1,0,,NONE,1.19,0,-,-,-,-,-,-,-,232,-
cepillo de guasha,OFF_CATEGORY,GUA_SHA,170,-,50,1,9,6,B0FD354L27|B0GSQW56YT|B0GC3HX5KH|B0FD6Y9BX5|B0G3685P2S|B0G2XLH8CG,CONSOLIDATED,,0,1,7,38,12,3,9,32,10,69
the dry brush,RELEVANT,BRUSH_MASSAGE,170,-,,60,8,0,,NONE,,0,60,184,178,143,104,67,-,183,221
skinn face scrub exfoliator with brush,RELEVANT,BRUSH_MASSAGE,170,-,,44,1,0,,NONE,1.17,0,44,-,-,-,-,-,-,-,-
chin lifting mask for women,RELEVANT,OTHER,170,-,,96,1,0,,NONE,1.47,3,96,-,-,-,-,-,-,-,-
dry brushing body brush long handle,RELEVANT,BRUSH_MASSAGE,170,-,,250,1,0,,NONE,,0,-,250,-,-,-,-,-,-,-
luxury skincare and beauty sets women,RELEVANT,OTHER,170,-,,256,1,0,,NONE,1.39,0,-,-,-,-,-,-,-,256,-
contour dry brush for face,RELEVANT,CONTOUR,169,-,263,1,9,7,B0FD354L27|B0GSQW56YT|B0GVBQ7P79|B0GC3HX5KH|B0FD6Y9BX5|B0G3685P2S|B0H5MMYNWM,CONSOLIDATED,,0,4,8,14,17,1,12,16,26,39
zenova lymphatic brush,RELEVANT,LYMPHATIC,169,-,121,8,8,4,B0GSQW56YT|B0GVBQ7P79|B0FD6Y9BX5|B0G2XLH8CG,CONSOLIDATED,1.26,0,23,9,19,27,8,31,37,13,-
nuvetra face brush,COMPETITOR_BRAND,BRUSH_MASSAGE,169,-,84,2,7,5,B0FD354L27|B0GSQW56YT|B0FD6Y9BX5|B0G3685P2S|B0G2XLH8CG,CONSOLIDATED,1.28,0,6,19,44,25,2,15,-,14,-
dry brush for cellulite and lymphatic,RELEVANT,LYMPHATIC,169,-,,47,8,0,,NONE,1.43,0,47,93,121,142,101,109,273,102,-
foreo kiwi,RELEVANT,OTHER,169,-,,24,1,0,,NONE,2.73,0,-,-,-,24,-,-,-,-,-
amazon beauty sale,RELEVANT,OTHER,169,-,,61,1,0,,NONE,,0,-,-,-,-,61,-,-,-,-
health+and+beauty,RELEVANT,OTHER,169,-,,161,1,0,,NONE,,0,161,-,-,-,-,-,-,-,-
face cases,RELEVANT,OTHER,169,-,,184,2,0,,NONE,,0,219,-,-,184,-,-,-,-,-
toilet brush amazon,OFF_CATEGORY,BRUSH_MASSAGE,169,-,,254,1,0,,NONE,,0,254,-,-,-,-,-,-,-,-
skincare devices for face,RELEVANT,OTHER,169,-,,272,1,0,,NONE,1.89,0,-,-,-,-,-,-,-,272,-
glyssa sculpt brush,RELEVANT,SCULPTING,168,-,81,1,7,4,B0FD6Y9BX5|B0G3685P2S|B0H5MMYNWM|B0G2XLH8CG,CONSOLIDATED,,0,50,21,-,34,1,10,11,8,-
lymphatic contour face brush vough,COMPETITOR_BRAND,CONTOUR,168,-,133,5,9,3,B0FD354L27|B0GSQW56YT|B0FD6Y9BX5,SHARED,,0,7,19,42,59,5,22,26,74,73
fave sculpting tool,RELEVANT,SCULPTING,167,-,,3,6,2,B0FD354L27|B0FD6Y9BX5,SHARED,,0,7,26,-,116,3,40,-,37,-
lymphatic drainage massager face tool,RELEVANT,DRAINAGE,167,-,227,14,8,1,B0FD354L27,SINGLE,,0,14,23,187,91,25,126,74,28,-
spring facial,RELEVANT,OTHER,167,-,,89,1,0,,NONE,,16,-,89,-,-,-,-,-,-,-
black gua sha,RELEVANT,GUA_SHA,167,-,,103,1,0,,NONE,,2,-,-,-,-,-,-,103,-,-
2 makeup brushes,RELEVANT,BRUSH_MASSAGE,167,-,,195,1,0,,NONE,,0,-,-,-,-,195,-,-,-,-
wood cellulite massage tool,RELEVANT,BRUSH_MASSAGE,167,-,,213,1,0,,NONE,1.26,0,-,-,-,213,-,-,-,-,-
gua sha wood therapy massage tool,RELEVANT,GUA_SHA,167,-,,224,1,0,,NONE,,1,-,-,-,224,-,-,-,-,-
boar bristle dry skin brush,RELEVANT,BRUSH_MASSAGE,167,-,,174,2,0,,NONE,,0,-,-,-,284,-,174,-,-,-
tools set for women,RELEVANT,OTHER,167,-,,247,1,0,,NONE,,0,-,-,-,-,-,-,-,247,-
wooden tools,RELEVANT,OTHER,167,-,,253,2,0,,NONE,,2,-,-,-,290,-,-,-,-,253
sculpting tools ball,RELEVANT,SCULPTING,167,-,,,0,0,,NONE,,0,-,-,-,-,-,-,-,-,-
cepillo masajeador facial,OFF_CATEGORY,OTHER,166,-,97,2,8,6,B0FD354L27|B0GSQW56YT|B0FD6Y9BX5|B0G3685P2S|B0H5MMYNWM|B0G2XLH8CG,CONSOLIDATED,,0,6,18,49,48,2,7,8,12,-
dry glide brush for face,RELEVANT,BRUSH_MASSAGE,166,-,,6,9,6,B0GSQW56YT|B0GVBQ7P79|B0GC3HX5KH|B0FD6Y9BX5|B0G3685P2S|B0H5MMYNWM,CONSOLIDATED,,0,22,11,14,10,13,9,6,35,64
lymph drainage brush for face,RELEVANT,DRAINAGE,166,-,122,6,9,7,B0FD354L27|B0GSQW56YT|B0GC3HX5KH|B0FD6Y9BX5|B0G3685P2S|B0H5MMYNWM|B0G2XLH8CG,CONSOLIDATED,1.23,0,12,11,28,18,20,6,14,19,57
face sculpt brush,RELEVANT,SCULPTING,166,-,115,1,9,6,B0FD354L27|B0GSQW56YT|B0FD6Y9BX5|B0G3685P2S|B0H5MMYNWM|B0G2XLH8CG,CONSOLIDATED,1.31,0,1,17,35,26,2,9,10,18,73
solena face brush,RELEVANT,BRUSH_MASSAGE,166,-,,1,4,4,B0FD354L27|B0GC3HX5KH|B0FD6Y9BX5|B0G3685P2S,CONSOLIDATED,,0,3,-,-,11,1,8,-,-,-
lollipop face brush,RELEVANT,BRUSH_MASSAGE,166,-,75,8,2,2,B0FD6Y9BX5|B0G2XLH8CG,SHARED,1.22,0,-,-,-,-,8,-,-,19,-
the flex face brush,RELEVANT,BRUSH_MASSAGE,166,-,205,15,8,1,B0H5MMYNWM,SINGLE,1.64,0,71,45,80,77,72,110,15,62,-
face roller for lymphatic drainage,RELEVANT,DRAINAGE,166,-,228,21,8,0,,NONE,,1,21,57,149,92,90,45,103,78,-
bambuearth skin care,RELEVANT,OTHER,166,-,,26,1,0,,NONE,1.65,0,26,-,-,-,-,-,-,-,-
applicator brush face,RELEVANT,BRUSH_MASSAGE,166,-,,84,2,0,,NONE,,0,-,-,-,-,84,98,-,-,-
beauty massager,RELEVANT,BRUSH_MASSAGE,166,-,,52,1,0,,NONE,,1,52,-,-,-,-,-,-,-,-
gua sha jade stone,RELEVANT,GUA_SHA,166,-,,82,1,0,,NONE,1.24,2,-,-,-,-,-,-,-,82,-
face exfoliator natural,RELEVANT,OTHER,166,-,,186,2,0,,NONE,,0,-,254,186,-,-,-,-,-,-
drainage bag,RELEVANT,DRAINAGE,166,-,,238,2,0,,NONE,,36,-,242,-,-,-,238,-,-,-
lymphatic face brush small,RELEVANT,LYMPHATIC,165,-,137,5,9,5,B0FD354L27|B0GSQW56YT|B0FD6Y9BX5|B0G3685P2S|B0H5MMYNWM,CONSOLIDATED,,0,16,15,29,30,6,11,5,24,151
depuff face tools,RELEVANT,DEPUFF,165,-,,1,6,2,B0FD354L27|B0FD6Y9BX5,SHARED,,0,19,30,-,26,1,40,-,28,-
renewa skin device,RELEVANT,OTHER,165,-,,24,1,0,,NONE,2.01,0,24,-,-,-,-,-,-,-,-
liberex facial cleansing brush,RELEVANT,BRUSH_MASSAGE,165,-,,70,2,0,,NONE,1.34,0,-,-,136,-,-,-,70,-,-
all real techniques brushes,RELEVANT,BRUSH_MASSAGE,165,-,,86,3,0,,NONE,,0,280,-,-,-,113,-,86,-,-
water proof face brush,RELEVANT,BRUSH_MASSAGE,165,-,,90,2,0,,NONE,,0,-,-,-,-,-,90,-,-,270
full body gua sha tool,RELEVANT,GUA_SHA,165,-,,204,1,0,,NONE,0.97,2,-,-,-,-,-,-,-,204,-
summervibes face lymphatic contour brush,RELEVANT,CONTOUR,164,-,92,3,9,5,B0FD354L27|B0GSQW56YT|B0FD6Y9BX5|B0H5MMYNWM|B0G2XLH8CG,CONSOLIDATED,,0,7,17,43,61,3,29,16,10,105
aeki brand lymphatic face brush,COMPETITOR_BRAND,LYMPHATIC,164,-,167,7,9,1,B0FD6Y9BX5,SINGLE,,0,24,21,33,58,7,31,28,29,77
body sculpting supplies,RELEVANT,SCULPTING,164,-,,67,1,0,,NONE,,1,-,-,-,67,-,-,-,-,-
natural bristle dry body brush,RELEVANT,BRUSH_MASSAGE,164,-,,109,3,0,,NONE,1.35,0,109,285,145,-,-,-,-,-,-
small soft bristle brush,RELEVANT,BRUSH_MASSAGE,164,-,,189,1,0,,NONE,,0,-,-,-,-,-,-,-,189,-
lymph brushes for face,RELEVANT,LYMPHATIC,163,-,94,5,9,7,B0FD354L27|B0GSQW56YT|B0GC3HX5KH|B0FD6Y9BX5|B0G3685P2S|B0H5MMYNWM|B0G2XLH8CG,CONSOLIDATED,,0,6,7,25,19,5,14,8,16,49
"new lymphatic contour face brush, lymphatic drainage massager for face,ergonomically designed to fit",RELEVANT,DRAINAGE,163,-,179,7,8,1,B0FD354L27,SINGLE,1.38,4,7,43,139,97,50,37,126,55,-
loryn brush,RELEVANT,BRUSH_MASSAGE,163,-,,1,1,1,B0FD354L27,SINGLE,,0,1,-,-,-,-,-,-,-,-
tighten face skin,RELEVANT,OTHER,163,-,,46,2,0,,NONE,,0,46,-,-,-,109,-,-,-,-
women wellness,RELEVANT,OTHER,163,-,,53,1,0,,NONE,,0,53,-,-,-,-,-,-,-,-
face lift in a bottle,RELEVANT,OTHER,163,-,,137,1,0,,NONE,1.66,0,-,137,-,-,-,-,-,-,-
small beauty products,RELEVANT,OTHER,163,-,,157,1,0,,NONE,,0,157,-,-,-,-,-,-,-,-
practice face for makeup,RELEVANT,OTHER,163,-,,294,1,0,,NONE,,1,-,-,-,-,-,-,-,294,-
kojeba lymphatic face brush,RELEVANT,LYMPHATIC,162,-,94,3,8,5,B0FD354L27|B0GSQW56YT|B0GVBQ7P79|B0FD6Y9BX5|B0H5MMYNWM,CONSOLIDATED,,0,5,12,10,47,3,33,7,56,-
eteross lymphatic contour face brush,COMPETITOR_BRAND,CONTOUR,162,-,102,6,9,3,B0FD354L27|B0GSQW56YT|B0FD6Y9BX5,SHARED,1.45,0,17,19,48,69,6,30,32,28,62
lenf drenaj massage,RELEVANT,BRUSH_MASSAGE,162,-,,1,1,1,B0FD354L27,SINGLE,,0,1,-,-,-,-,-,-,-,-
facial beauty products,RELEVANT,OTHER,162,-,,3,1,1,B0FD6Y9BX5,SINGLE,1.4,0,-,-,-,-,3,-,-,-,-
lymphatic vacuum,RELEVANT,LYMPHATIC,162,-,,17,1,1,B0FD354L27,SINGLE,,0,17,-,-,-,-,-,-,-,-
beauty hacks,RELEVANT,OTHER,162,-,,19,1,1,B0FD354L27,SINGLE,,1,19,-,-,-,-,-,-,-,-
dry brushes for cellulite,RELEVANT,BRUSH_MASSAGE,162,-,,39,6,0,,NONE,,0,42,99,268,96,105,39,-,-,-
gua sha stone face,RELEVANT,GUA_SHA,162,-,,76,1,0,,NONE,1.39,0,-,-,-,-,-,-,-,76,-
guasha wood stick,RELEVANT,GUA_SHA,162,-,,123,1,0,,NONE,0.96,3,-,-,-,123,-,-,-,-,-
dry brushing face,RELEVANT,BRUSH_MASSAGE,161,-,,2,9,4,B0FD354L27|B0GSQW56YT|B0GVBQ7P79|B0FD6Y9BX5,CONSOLIDATED,,7,3,10,14,74,2,24,57,32,87
face buffer brush,RELEVANT,BRUSH_MASSAGE,161,-,79,2,9,4,B0FD354L27|B0FD6Y9BX5|B0H5MMYNWM|B0G2XLH8CG,CONSOLIDATED,,0,2,38,52,61,3,46,9,15,132
facebrush,RELEVANT,BRUSH_MASSAGE,161,-,258,21,9,0,,NONE,,0,91,27,132,72,21,111,34,62,214
cepillo masaje,OFF_CATEGORY,OTHER,161,-,,23,8,0,,NONE,,0,23,58,256,76,-,56,31,250,292
self tanning brush for face,RELEVANT,BRUSH_MASSAGE,161,-,,260,1,0,,NONE,1.41,5,-,-,-,260,-,-,-,-,-
esker lymphatic drainage dots,RELEVANT,DRAINAGE,161,-,,,0,0,,NONE,1.79,0,-,-,-,-,-,-,-,-,-
debloat face sculpting brush,RELEVANT,SCULPTING,160,-,182,2,8,4,B0FD354L27|B0GSQW56YT|B0FD6Y9BX5|B0G3685P2S,CONSOLIDATED,1.35,0,9,20,39,48,2,8,29,54,-
hsa lymphatic drainage,RELEVANT,DRAINAGE,160,-,,9,1,1,B0FD354L27,SINGLE,,0,9,-,-,-,-,-,-,-,-
cold face massager,RELEVANT,BRUSH_MASSAGE,160,-,,41,1,0,,NONE,,1,41,-,-,-,-,-,-,-,-
korean skin tightening for neck,RELEVANT,JAWLINE_CHIN,160,-,,53,1,0,,NONE,1.57,0,53,-,-,-,-,-,-,-,-
gua sha for neck,RELEVANT,GUA_SHA,160,-,,105,4,0,,NONE,,0,-,105,133,186,-,-,-,121,-
soft face cleaning brush,RELEVANT,BRUSH_MASSAGE,160,-,,74,4,0,,NONE,,0,111,74,-,-,-,-,293,81,-
spa life eye,RELEVANT,OTHER,160,-,,126,1,0,,NONE,,0,-,-,-,-,-,126,-,-,-
face brush washer,RELEVANT,BRUSH_MASSAGE,160,-,,,0,0,,NONE,,0,-,-,-,-,-,-,-,-,-
glyssa cellulite roller,RELEVANT,OTHER,159,-,,40,1,0,,NONE,1.23,0,40,-,-,-,-,-,-,-,-
face fascia tool,RELEVANT,OTHER,159,-,,8,3,1,B0FD354L27,SINGLE,,0,8,-,-,171,-,-,-,129,-
large gua sha tool for body,RELEVANT,GUA_SHA,159,-,,159,1,0,,NONE,1.09,0,-,-,-,-,-,-,-,159,-
lift face device,RELEVANT,OTHER,159,-,,261,1,0,,NONE,1.64,0,-,-,-,-,-,-,-,261,-
lift & glow lymphatic brush,RELEVANT,LYMPHATIC,158,-,59,1,9,3,B0FD6Y9BX5|B0G3685P2S|B0H5MMYNWM,SHARED,1.17,0,28,23,44,25,1,19,20,24,262
face sculptor device,RELEVANT,SCULPTING,158,-,,5,1,1,B0FD354L27,SINGLE,,0,5,-,-,-,-,-,-,-,-
lymphatic drainage cellulite,RELEVANT,DRAINAGE,158,-,,61,1,0,,NONE,1.47,0,61,-,-,-,-,-,-,-,-
guasha wood massage tool,RELEVANT,GUA_SHA,158,-,,94,2,0,,NONE,,0,-,225,-,94,-,-,-,-,-
eye face massager,RELEVANT,BRUSH_MASSAGE,158,-,,155,2,0,,NONE,,0,187,-,-,-,-,-,-,155,-
makeup essentials for beginners,RELEVANT,OTHER,158,-,,123,1,0,,NONE,,0,123,-,-,-,-,-,-,-,-
skin care device,RELEVANT,OTHER,158,-,,191,1,0,,NONE,1.72,1,-,-,-,-,-,-,-,191,-
magic brushes,RELEVANT,BRUSH_MASSAGE,158,-,,194,1,0,,NONE,,0,-,-,-,-,-,194,-,-,-
eye contour serum,OFF_CATEGORY,CONTOUR,158,-,,188,2,0,,NONE,,4,188,-,-,-,-,226,-,-,-
medicune face mask,RELEVANT,OTHER,158,-,,208,1,0,,NONE,,0,208,-,-,-,-,-,-,-,-
instant eye firm,RELEVANT,OTHER,158,-,,216,1,0,,NONE,1.58,0,-,-,-,-,-,-,-,216,-
eye massagers,RELEVANT,BRUSH_MASSAGE,158,-,,254,1,0,,NONE,2.17,0,254,-,-,-,-,-,-,-,-
mouth tape sleeping women,RELEVANT,OTHER,158,-,,,0,0,,NONE,,0,-,-,-,-,-,-,-,-,-
contourglow face brush,RELEVANT,CONTOUR,157,-,88,2,8,7,B0FD354L27|B0GSQW56YT|B0GC3HX5KH|B0FD6Y9BX5|B0G3685P2S|B0H5MMYNWM|B0G2XLH8CG,CONSOLIDATED,1.31,0,7,20,28,12,2,8,15,11,-
recuvia face brush for lymphatic drainage,COMPETITOR_BRAND,DRAINAGE,157,-,102,6,9,8,B0FD354L27|B0GSQW56YT|B0GVBQ7P79|B0GC3HX5KH|B0FD6Y9BX5|B0G3685P2S|B0H5MMYNWM|B0G2XLH8CG,CONSOLIDATED,1.59,0,9,6,18,20,11,8,15,14,34
de bloat face brush,RELEVANT,BRUSH_MASSAGE,157,-,97,1,8,4,B0GSQW56YT|B0FD6Y9BX5|B0H5MMYNWM|B0G2XLH8CG,CONSOLIDATED,,0,25,9,30,47,1,34,4,12,-
esker dry brush,RELEVANT,BRUSH_MASSAGE,157,-,,24,2,0,,NONE,1.32,0,24,-,-,-,-,-,-,40,-
neck and face massager,RELEVANT,JAWLINE_CHIN,157,-,,44,5,0,,NONE,1.63,1,44,164,-,209,206,-,-,239,-
eye puffy reducer instant,RELEVANT,DEPUFF,157,-,,225,2,0,,NONE,1.98,0,245,-,-,-,-,225,-,-,-
"lymphatic contour face brush, lymphatic drainage massager for face, ergonomically designed to fit th",RELEVANT,DRAINAGE,156,-,184,12,8,1,B0GSQW56YT,SINGLE,1.21,0,21,12,189,78,38,37,45,53,-
glyssa smooth cellulite roller,RELEVANT,OTHER,156,-,,20,1,1,B0FD354L27,SINGLE,1.07,1,20,-,-,-,-,-,-,-,-
best home spa items,RELEVANT,OTHER,156,-,,35,1,0,,NONE,,0,35,-,-,-,-,-,-,-,-
natural mask brush,RELEVANT,BRUSH_MASSAGE,156,-,,46,1,0,,NONE,,0,-,-,-,46,-,-,-,-,-
yuri skincare,RELEVANT,OTHER,156,-,,57,1,0,,NONE,1.51,0,57,-,-,-,-,-,-,-,-
dry brush kit,RELEVANT,BRUSH_MASSAGE,156,-,,74,5,0,,NONE,1.02,1,-,-,106,128,113,79,-,74,-
skincare tools set,RELEVANT,OTHER,156,-,,110,4,0,,NONE,,6,-,-,165,-,175,110,-,128,-
best eye brushes,RELEVANT,BRUSH_MASSAGE,156,-,,267,1,0,,NONE,,0,-,-,-,-,267,-,-,-,-
roller for lymphatic drainage,RELEVANT,DRAINAGE,156,-,,,0,0,,NONE,1.37,0,-,-,-,-,-,-,-,-,-
eteross lymphatic brush,COMPETITOR_BRAND,LYMPHATIC,155,-,252,5,9,2,B0FD6Y9BX5|B0G3685P2S,SHARED,1.26,0,33,22,36,34,5,17,28,25,87
nivetra contour brush,RELEVANT,CONTOUR,155,-,28,1,3,3,B0FD354L27|B0FD6Y9BX5|B0G2XLH8CG,SHARED,,0,1,-,-,-,2,-,-,6,-
facw brush,RELEVANT,BRUSH_MASSAGE,155,-,,9,8,1,B0FD6Y9BX5,SINGLE,,0,91,21,115,75,9,86,69,48,-
nayori,COMPETITOR_BRAND,OTHER,155,-,,6,1,1,B0FD354L27,SINGLE,,15,6,-,-,-,-,-,-,-,-
gua sha ',RELEVANT,GUA_SHA,155,-,,77,3,0,,NONE,1.32,0,-,77,-,168,-,-,-,123,-
wood body massage,RELEVANT,BRUSH_MASSAGE,155,-,,229,1,0,,NONE,1.05,0,-,-,229,-,-,-,-,-,-
depuff brush,RELEVANT,DEPUFF,154,-,97,1,8,7,B0FD354L27|B0GSQW56YT|B0GC3HX5KH|B0FD6Y9BX5|B0G3685P2S|B0H5MMYNWM|B0G2XLH8CG,CONSOLIDATED,,0,5,10,34,9,1,4,6,11,-
soothe silk lymphatic contour face brush,RELEVANT,CONTOUR,154,-,94,3,9,4,B0GSQW56YT|B0GC3HX5KH|B0FD6Y9BX5|B0H5MMYNWM,CONSOLIDATED,1.36,0,21,17,39,8,3,29,16,44,45
kovija lymphatic face brush,RELEVANT,LYMPHATIC,154,-,191,7,9,4,B0FD354L27|B0GSQW56YT|B0FD6Y9BX5|B0H5MMYNWM,CONSOLIDATED,,0,10,9,35,87,7,21,13,83,147
aeki lymphatic roller,COMPETITOR_BRAND,LYMPHATIC,154,-,,3,1,1,B0FD354L27,SINGLE,,0,3,-,-,-,-,-,-,-,-
skin care on sale,RELEVANT,OTHER,154,-,,45,1,0,,NONE,,0,45,-,-,-,-,-,-,-,-
lymphatic+massager,RELEVANT,LYMPHATIC,154,-,,66,5,0,,NONE,0.91,0,66,142,-,211,141,-,-,166,-
lymphatic drainage ￼,RELEVANT,DRAINAGE,154,-,,22,5,0,,NONE,,0,90,-,-,211,22,166,-,270,-
kitsch brand,COMPETITOR_BRAND,OTHER,154,-,,73,1,0,,NONE,1.83,0,-,-,-,-,-,-,73,-,-
under eye massager tool,RELEVANT,BRUSH_MASSAGE,154,-,,131,3,0,,NONE,1.67,0,220,-,-,-,131,-,-,219,-
tools for her,RELEVANT,OTHER,154,-,,123,1,0,,NONE,,0,123,-,-,-,-,-,-,-,-
make up brushes with container,RELEVANT,BRUSH_MASSAGE,154,-,,196,1,0,,NONE,,0,-,-,-,-,196,-,-,-,-
dry face oil,OFF_CATEGORY,OTHER,154,-,,242,1,0,,NONE,1.75,0,-,-,-,-,-,242,-,-,-
shower dry brush,RELEVANT,BRUSH_MASSAGE,154,-,,294,1,0,,NONE,,0,-,-,-,-,-,-,-,294,-
scluptique lymphatic drainage,RELEVANT,DRAINAGE,154,-,,,0,0,,NONE,,0,-,-,-,-,-,-,-,-,-
cepillo para lifting facial,OFF_CATEGORY,OTHER,153,-,90,6,8,5,B0FD354L27|B0GC3HX5KH|B0FD6Y9BX5|B0G3685P2S|B0H5MMYNWM,CONSOLIDATED,,0,11,25,49,17,6,8,16,23,-
lymphatic contour face brush sansheng,RELEVANT,CONTOUR,153,-,118,11,9,3,B0GSQW56YT|B0FD6Y9BX5|B0H5MMYNWM,SHARED,,0,27,14,39,34,12,23,11,75,121
massage tool facial neck,RELEVANT,JAWLINE_CHIN,153,-,,114,6,0,,NONE,1.65,0,114,170,194,141,-,190,-,158,-
facial skin care tools,RELEVANT,OTHER,153,-,,56,6,0,,NONE,1.26,0,56,236,267,-,154,149,-,218,-
luxe skincare,RELEVANT,OTHER,153,-,,65,1,0,,NONE,,0,-,-,-,-,-,65,-,-,-
fiber skin care patches,RELEVANT,OTHER,153,-,,70,1,0,,NONE,1.29,0,-,-,-,-,-,70,-,-,-
lymph lift face brush,RELEVANT,LYMPHATIC,152,-,96,1,8,5,B0FD354L27|B0GSQW56YT|B0FD6Y9BX5|B0G3685P2S|B0G2XLH8CG,CONSOLIDATED,1.35,0,1,9,25,22,3,13,42,10,-
kokeva lymphatic face brush,RELEVANT,LYMPHATIC,152,-,98,6,9,6,B0FD354L27|B0GSQW56YT|B0GVBQ7P79|B0GC3HX5KH|B0FD6Y9BX5|B0H5MMYNWM,CONSOLIDATED,1.73,0,6,9,11,19,7,24,13,25,68
soothesilk™ facial contour brush,COMPETITOR_BRAND,CONTOUR,152,-,162,2,8,3,B0FD354L27|B0GSQW56YT|B0FD6Y9BX5,SHARED,,0,12,18,28,70,2,27,45,64,-
vogue lymphatic contour face brush,RELEVANT,CONTOUR,152,-,142,5,9,2,B0FD354L27|B0FD6Y9BX5,SHARED,,0,6,24,45,73,5,37,29,68,84
auvorra sculptbrush,RELEVANT,SCULPTING,152,-,,1,3,3,B0FD354L27|B0FD6Y9BX5|B0G3685P2S,SHARED,1.41,0,4,-,-,-,1,17,-,-,-
dry brush natural bristles lymphatic drainage,RELEVANT,DRAINAGE,152,-,,24,8,0,,NONE,,0,51,62,66,32,121,50,-,24,288
chin fat,RELEVANT,OTHER,152,-,,19,1,1,B0FD354L27,SINGLE,,0,19,-,-,-,-,-,-,-,-
sinus eye massager,RELEVANT,BRUSH_MASSAGE,152,-,,59,1,0,,NONE,,0,59,-,-,-,-,-,-,-,-
$15 items,RELEVANT,OTHER,152,-,,,0,0,,NONE,,0,-,-,-,-,-,-,-,-,-
cepillo drenaje facial,OFF_CATEGORY,OTHER,151,-,98,1,8,6,B0FD354L27|B0GSQW56YT|B0GC3HX5KH|B0FD6Y9BX5|B0G3685P2S|B0H5MMYNWM,CONSOLIDATED,,0,1,16,35,9,2,6,17,24,-
wooden lymphatic drainage brush,RELEVANT,DRAINAGE,151,-,,3,9,4,B0FD354L27|B0GVBQ7P79|B0GC3HX5KH|B0H93V3MNM,CONSOLIDATED,,0,19,25,17,3,22,54,262,58,18
womens facial brush,RELEVANT,BRUSH_MASSAGE,151,-,,10,7,2,B0FD354L27|B0FD6Y9BX5,SHARED,,0,13,-,145,110,10,43,46,100,-
sooth silk massager,RELEVANT,BRUSH_MASSAGE,151,-,,22,1,0,,NONE,1.41,0,22,-,-,-,-,-,-,-,-
magnetic meridian brush 2 pcs,RELEVANT,BRUSH_MASSAGE,151,-,,23,1,0,,NONE,1.2,0,23,-,-,-,-,-,-,-,-
skin essentials,RELEVANT,OTHER,151,-,,50,1,0,,NONE,,4,50,-,-,-,-,-,-,-,-
cepillo para la celulitis de las piernas,OFF_CATEGORY,OTHER,151,-,,75,4,0,,NONE,,0,251,255,-,293,-,75,-,-,-
facial bronzer,RELEVANT,OTHER,151,-,,236,1,0,,NONE,,1,-,-,-,-,-,-,-,-,236
lollipop face brushes,RELEVANT,BRUSH_MASSAGE,151,-,,,0,0,,NONE,,0,-,-,-,-,-,-,-,-,-
de puffing brush for face,RELEVANT,DEPUFF,150,-,85,2,8,7,B0FD354L27|B0GSQW56YT|B0GC3HX5KH|B0FD6Y9BX5|B0G3685P2S|B0H5MMYNWM|B0G2XLH8CG,CONSOLIDATED,,0,2,9,25,7,5,12,17,8,-
lymphatic face brush kojeva,COMPETITOR_BRAND,LYMPHATIC,150,-,,2,8,5,B0FD354L27|B0GSQW56YT|B0GVBQ7P79|B0FD6Y9BX5|B0G3685P2S,CONSOLIDATED,1.47,0,18,9,11,73,2,20,57,26,-
lift and glow lymphatic face brush,RELEVANT,LYMPHATIC,150,-,66,2,8,5,B0FD354L27|B0GSQW56YT|B0GC3HX5KH|B0FD6Y9BX5|B0G3685P2S,CONSOLIDATED,1.19,0,2,18,28,15,4,9,126,27,-
lymph brush for face,RELEVANT,LYMPHATIC,150,-,121,3,8,4,B0FD354L27|B0GSQW56YT|B0FD6Y9BX5|B0G3685P2S,CONSOLIDATED,,0,18,9,27,81,3,15,68,64,-
real jade gua sha facial tools,RELEVANT,GUA_SHA,150,-,,7,1,1,B0G2XLH8CG,SINGLE,,0,-,-,-,-,-,-,-,7,-
morphe face brushes,RELEVANT,BRUSH_MASSAGE,150,-,,26,3,0,,NONE,,0,-,-,67,136,-,-,26,-,-
gua sha body tools lymphatic drainage,RELEVANT,DRAINAGE,150,-,,79,7,0,,NONE,,0,165,108,230,206,210,198,-,79,-
acne brush,RELEVANT,BRUSH_MASSAGE,150,-,,55,4,0,,NONE,1.5,0,-,-,149,156,-,139,55,-,-
oil for face massage,OFF_CATEGORY,BRUSH_MASSAGE,150,-,,161,1,0,,NONE,,0,-,-,-,-,-,-,-,161,-
cepillo drenaje linfático,OFF_CATEGORY,OTHER,149,-,,1,5,2,B0FD354L27|B0FD6Y9BX5,SHARED,1.35,0,1,-,-,40,2,32,-,23,-
beauty tools accessories,RELEVANT,OTHER,149,-,,7,2,1,B0FD6Y9BX5,SINGLE,1.57,0,41,-,-,-,7,-,-,-,-
lunidew gua sha,RELEVANT,GUA_SHA,149,-,,21,1,0,,NONE,,0,-,-,-,21,-,-,-,-,-
lymphatic drainage suit,RELEVANT,DRAINAGE,149,-,,33,1,0,,NONE,,0,33,-,-,-,-,-,-,-,-
neck massager lymphatic drainage,RELEVANT,DRAINAGE,149,-,,35,5,0,,NONE,1.9,0,35,103,-,165,129,-,-,212,-
best dry eye relief products,RELEVANT,OTHER,149,-,,281,1,0,,NONE,,0,281,-,-,-,-,-,-,-,-
lymphatic contour facial brush,RELEVANT,CONTOUR,148,-,88,3,8,4,B0FD354L27|B0GSQW56YT|B0FD6Y9BX5|B0G2XLH8CG,CONSOLIDATED,,0,20,5,28,65,3,29,27,14,-
countour face brush,RELEVANT,BRUSH_MASSAGE,148,-,113,2,9,4,B0GSQW56YT|B0FD6Y9BX5|B0G3685P2S|B0H5MMYNWM,CONSOLIDATED,,0,30,18,34,46,3,9,2,24,164
2 piece lymphatic contour face brush,RELEVANT,CONTOUR,148,-,175,10,9,3,B0FD354L27|B0GC3HX5KH|B0G3685P2S,SHARED,,0,16,45,107,19,37,10,35,41,142
kitsch brush hair,COMPETITOR_BRAND,BRUSH_MASSAGE,148,-,,49,1,0,,NONE,1.41,0,-,-,-,-,-,-,49,-,-
neck tightening tool,RELEVANT,JAWLINE_CHIN,148,-,,46,2,0,,NONE,1.7,0,46,-,-,-,157,-,-,-,-
body plane exfoliator tool,RELEVANT,OTHER,148,-,,104,1,0,,NONE,1.18,0,-,104,-,-,-,-,-,-,-
facial set for men,RELEVANT,OTHER,148,-,,195,1,0,,NONE,,0,-,-,195,-,-,-,-,-,-
fresh beauty,RELEVANT,OTHER,148,-,,207,1,0,,NONE,1.49,0,207,-,-,-,-,-,-,-,-
cellulite lymphatic drainage,RELEVANT,DRAINAGE,148,-,,291,2,0,,NONE,2.04,0,291,-,-,-,-,304,-,-,-
dry brush face natural,RELEVANT,BRUSH_MASSAGE,147,-,,3,7,2,B0GSQW56YT|B0GVBQ7P79,SHARED,,0,85,15,3,50,-,177,95,89,-
circuvia suction massager,RELEVANT,BRUSH_MASSAGE,147,-,,33,1,0,,NONE,1.81,6,33,-,-,-,-,-,-,-,-
makeup brusges,RELEVANT,OTHER,147,-,,33,1,0,,NONE,,0,-,-,-,-,33,-,-,-,-
face massager tool gua sha,RELEVANT,GUA_SHA,147,-,240,52,5,0,,NONE,,0,79,52,-,231,135,-,-,84,-
cepillo de masaje,OFF_CATEGORY,OTHER,147,-,,76,1,0,,NONE,,1,-,-,-,76,-,-,-,-,-
beauty under $10,RELEVANT,OTHER,147,-,,119,2,0,,NONE,1.04,0,142,-,-,-,119,-,-,-,-
facia roller,RELEVANT,OTHER,147,-,,109,1,0,,NONE,,0,109,-,-,-,-,-,-,-,-
face draining brush,RELEVANT,BRUSH_MASSAGE,146,-,82,1,8,6,B0FD354L27|B0GSQW56YT|B0GC3HX5KH|B0FD6Y9BX5|B0G3685P2S|B0H5MMYNWM,CONSOLIDATED,,0,1,18,39,20,3,12,16,32,-
cepillo de masaje facial,OFF_CATEGORY,OTHER,146,-,82,1,8,4,B0FD354L27|B0GSQW56YT|B0FD6Y9BX5|B0G3685P2S,CONSOLIDATED,1.41,0,6,7,52,25,1,12,38,22,-
facial smoothing,RELEVANT,OTHER,146,-,,11,2,1,B0FD6Y9BX5,SINGLE,,1,69,-,-,-,11,-,-,-,-
smooth silk massager,RELEVANT,BRUSH_MASSAGE,146,-,,21,1,0,,NONE,,0,21,-,-,-,-,-,-,-,-
electric lymphatic drainage machine,OFF_CATEGORY,DRAINAGE,146,-,,33,1,0,,NONE,1.39,0,33,-,-,-,-,-,-,-,-
best skin care routine,RELEVANT,OTHER,146,-,,169,1,0,,NONE,,0,169,-,-,-,-,-,-,-,-
makeup brushes natural hair,RELEVANT,BRUSH_MASSAGE,146,-,,174,1,0,,NONE,,0,-,-,-,-,-,-,-,174,-
sharper neck massager,RELEVANT,JAWLINE_CHIN,146,-,,208,1,0,,NONE,,0,-,-,-,208,-,-,-,-,-
vimvy lymphatic drainage,RELEVANT,DRAINAGE,146,-,,,0,0,,NONE,,0,-,-,-,-,-,-,-,-,-
kojima lymphatic face brush,RELEVANT,LYMPHATIC,145,-,,1,8,6,B0FD354L27|B0GSQW56YT|B0GC3HX5KH|B0FD6Y9BX5|B0G3685P2S|B0G2XLH8CG,CONSOLIDATED,1.27,0,1,17,25,14,4,6,56,12,-
yqzjjjust lymphatic contour face brush,RELEVANT,CONTOUR,145,-,124,8,9,4,B0FD354L27|B0FD6Y9BX5|B0G3685P2S|B0G2XLH8CG,CONSOLIDATED,,0,10,23,45,57,8,18,33,12,67
lymphatic dry brushing kit,RELEVANT,LYMPHATIC,145,-,254,30,6,0,,NONE,,0,30,102,108,80,-,109,-,114,-
actual useful gifts for women,RELEVANT,OTHER,145,-,,137,1,0,,NONE,1.36,0,-,-,-,-,-,-,-,137,-
lymphlift brush,RELEVANT,LYMPHATIC,144,-,149,1,9,6,B0FD354L27|B0GSQW56YT|B0GC3HX5KH|B0FD6Y9BX5|B0G3685P2S|B0H5MMYNWM,CONSOLIDATED,0.89,0,1,18,39,11,4,17,8,26,111
vough face brush,COMPETITOR_BRAND,BRUSH_MASSAGE,144,-,,4,5,4,B0FD354L27|B0GC3HX5KH|B0FD6Y9BX5|B0G3685P2S,CONSOLIDATED,1.22,0,5,21,-,9,4,6,-,-,-
anticellulite brush,RELEVANT,BRUSH_MASSAGE,144,-,218,27,9,0,,NONE,,0,27,66,89,122,81,113,87,70,146
wellness gadgets,RELEVANT,OTHER,144,-,,1,1,1,B0FD354L27,SINGLE,,0,1,-,-,-,-,-,-,-,-
body dry brush for women lymphatic,RELEVANT,LYMPHATIC,144,-,288,38,7,0,,NONE,1.39,0,38,96,93,80,121,94,256,-,-
microroller for face,RELEVANT,OTHER,144,-,,35,1,0,,NONE,1.22,0,35,-,-,-,-,-,-,-,-
face brush for foundation,RELEVANT,BRUSH_MASSAGE,144,-,,73,3,0,,NONE,1.18,1,-,-,-,-,114,129,73,-,-
prime face makeup,RELEVANT,OTHER,144,-,,186,1,0,,NONE,,0,-,-,-,-,-,-,-,186,-
make up brushes travel,RELEVANT,BRUSH_MASSAGE,144,-,,273,1,0,,NONE,0.78,0,-,-,-,-,273,-,-,-,-
deep pore cleansing brush,RELEVANT,BRUSH_MASSAGE,144,-,,,0,0,,NONE,,0,-,-,-,-,-,-,-,-,-
lymphatic drainage brush￼,RELEVANT,DRAINAGE,143,-,96,5,9,4,B0GSQW56YT|B0FD6Y9BX5|B0H5MMYNWM|B0G2XLH8CG,CONSOLIDATED,1.33,0,23,8,39,21,5,22,6,17,74
humorousk contour face brush,RELEVANT,CONTOUR,143,-,,1,4,4,B0GC3HX5KH|B0FD6Y9BX5|B0G3685P2S|B0H5MMYNWM,CONSOLIDATED,,0,-,-,-,20,7,8,1,-,-
eteross facial brush,COMPETITOR_BRAND,BRUSH_MASSAGE,143,-,,4,2,2,B0GC3HX5KH|B0H5MMYNWM,SHARED,,0,-,-,-,4,-,-,5,-,-
lymphatic red light heated brush,RELEVANT,LYMPHATIC,143,-,,14,2,1,B0G3685P2S,SINGLE,,0,-,50,-,-,-,14,-,-,-
shark guasha,OFF_CATEGORY,GUA_SHA,143,-,,25,1,0,,NONE,,0,-,-,-,-,-,-,-,25,-
face massager gua sha,RELEVANT,GUA_SHA,143,-,303,60,5,0,,NONE,1.29,0,179,107,-,245,192,-,-,60,-
face oil for women gua sha,OFF_CATEGORY,GUA_SHA,143,-,,65,1,0,,NONE,,0,-,-,-,-,-,-,-,65,-
rechargeable face scrubber exfoliator,RELEVANT,OTHER,143,-,,66,1,0,,NONE,,1,66,-,-,-,-,-,-,-,-
gua sha tool face and body,RELEVANT,GUA_SHA,143,-,,158,2,0,,NONE,,0,-,176,-,-,-,-,-,158,-
best ice roller for face,RELEVANT,OTHER,143,-,,146,1,0,,NONE,0.96,0,-,-,-,146,-,-,-,-,-
massager for headaches,RELEVANT,BRUSH_MASSAGE,143,-,,196,1,0,,NONE,,2,196,-,-,-,-,-,-,-,-
dry brushing body brush for dry skin,RELEVANT,BRUSH_MASSAGE,143,-,,220,2,0,,NONE,,0,-,227,220,-,-,-,-,-,-
face light massager,RELEVANT,BRUSH_MASSAGE,143,-,,236,1,0,,NONE,1.59,0,-,-,-,-,-,-,-,236,-
face depuffer brush,RELEVANT,DEPUFF,142,-,103,2,9,7,B0FD354L27|B0GSQW56YT|B0GC3HX5KH|B0FD6Y9BX5|B0G3685P2S|B0H5MMYNWM|B0G2XLH8CG,CONSOLIDATED,1.46,0,3,10,27,9,2,12,5,4,54
loryn contour face brush,RELEVANT,CONTOUR,142,-,71,1,8,6,B0FD354L27|B0GSQW56YT|B0GVBQ7P79|B0FD6Y9BX5|B0G3685P2S|B0H5MMYNWM,CONSOLIDATED,,0,1,20,19,36,5,10,8,-,44
lymphatic drainage contour brush,RELEVANT,DRAINAGE,142,-,110,3,9,6,B0FD354L27|B0GSQW56YT|B0FD6Y9BX5|B0G3685P2S|B0H5MMYNWM|B0G2XLH8CG,CONSOLIDATED,1.38,0,11,14,37,30,3,13,8,17,57
"lymphatic contour face brush for facial massage, rejuvenating & depuffing - manual gua sha alternati",OFF_CATEGORY,GUA_SHA,142,-,83,9,8,3,B0FD354L27|B0GSQW56YT|B0FD6Y9BX5,SHARED,1.29,0,18,9,107,22,11,43,50,73,-
ovq lymphatic face brush,RELEVANT,LYMPHATIC,142,-,138,19,9,1,B0FD354L27,SINGLE,,0,19,23,40,64,21,30,25,70,169
cool spa gadgets,RELEVANT,OTHER,142,-,,51,1,0,,NONE,,0,51,-,-,-,-,-,-,-,-
face roller for wrinkles and lifting,RELEVANT,OTHER,142,-,,52,1,0,,NONE,1.16,0,52,-,-,-,-,-,-,-,-
ice roller and gua sha,RELEVANT,GUA_SHA,142,-,,90,1,0,,NONE,0.92,1,-,-,-,-,-,-,-,90,-
lymphatic drainage massager & anti-cellulite massage tool,RELEVANT,DRAINAGE,142,-,,128,3,0,,NONE,2.13,0,128,-,-,218,-,199,-,-,-
mkaeup brushes,RELEVANT,BRUSH_MASSAGE,142,-,,127,1,0,,NONE,,0,-,-,-,-,127,-,-,-,-
wooden brush lymphatic,RELEVANT,LYMPHATIC,141,-,,6,9,2,B0GVBQ7P79|B0GC3HX5KH,SHARED,,0,24,23,7,6,36,45,30,60,34
facial brushing,RELEVANT,BRUSH_MASSAGE,141,-,,4,9,2,B0FD354L27|B0FD6Y9BX5,SHARED,,0,16,27,33,71,4,26,36,37,292
makeup brushes contour,RELEVANT,CONTOUR,141,-,,78,5,0,,NONE,,0,96,-,-,-,78,103,140,197,-
under eyes luxe cosmetics,RELEVANT,OTHER,141,-,,81,1,0,,NONE,,0,-,-,-,-,-,81,-,-,-
face makeup kits,RELEVANT,OTHER,141,-,,207,1,0,,NONE,,0,-,-,-,-,207,-,-,-,-
instant lift for face,RELEVANT,OTHER,141,-,,239,2,0,,NONE,,0,251,-,-,-,239,-,-,-,-
den an brush,RELEVANT,BRUSH_MASSAGE,141,-,,262,2,0,,NONE,,0,262,-,-,-,296,-,-,-,-
guadha brush,RELEVANT,BRUSH_MASSAGE,140,-,104,2,8,6,B0FD354L27|B0GSQW56YT|B0GVBQ7P79|B0FD6Y9BX5|B0G3685P2S|B0G2XLH8CG,CONSOLIDATED,,0,10,11,19,53,2,12,100,9,-
dry brushing facial brush for lymphatic drainage,RELEVANT,DRAINAGE,140,-,255,2,9,4,B0GSQW56YT|B0GVBQ7P79|B0FD6Y9BX5|B0G3685P2S,CONSOLIDATED,,1,26,9,16,50,2,12,60,25,73
cepillo para piel en seco,OFF_CATEGORY,OTHER,140,-,,50,4,0,,NONE,,0,-,-,93,50,-,84,-,74,-
jade guasha tools,RELEVANT,GUA_SHA,140,-,,45,1,0,,NONE,,0,-,-,-,-,-,-,-,45,-
mini facial massager,RELEVANT,BRUSH_MASSAGE,140,-,,184,2,0,,NONE,,0,-,184,-,264,-,-,-,-,-
ready set glow,RELEVANT,OTHER,139,-,,44,1,0,,NONE,1.27,6,-,-,-,-,44,-,-,-,-
real techniques eye brush,RELEVANT,BRUSH_MASSAGE,139,-,,128,2,0,,NONE,,0,128,-,-,-,156,-,-,-,-
neck slimmer double chin,RELEVANT,JAWLINE_CHIN,139,-,,114,1,0,,NONE,1.28,0,114,-,-,-,-,-,-,-,-
guasha with serum,OFF_CATEGORY,GUA_SHA,139,-,247,156,2,0,,NONE,,0,-,-,156,-,-,254,-,-,-
neck tension relief tool,RELEVANT,JAWLINE_CHIN,139,-,,286,1,0,,NONE,1.43,0,286,-,-,-,-,-,-,-,-
kojiva lymphatic contour face brush,COMPETITOR_BRAND,CONTOUR,138,-,64,1,8,4,B0FD354L27|B0GSQW56YT|B0FD6Y9BX5|B0G3685P2S,CONSOLIDATED,1.34,0,4,18,33,34,1,14,31,21,-
traeki facial brush,COMPETITOR_BRAND,BRUSH_MASSAGE,138,-,60,2,7,5,B0FD354L27|B0FD6Y9BX5|B0G3685P2S|B0H5MMYNWM|B0G2XLH8CG,CONSOLIDATED,,0,2,-,22,31,12,11,19,18,-
morning face depuffer,RELEVANT,DEPUFF,138,-,,2,1,1,B0FD354L27,SINGLE,,0,2,-,-,-,-,-,-,-,-
self neck massage tool,RELEVANT,JAWLINE_CHIN,138,-,,200,5,0,,NONE,,0,200,232,244,-,-,268,-,221,-
glokore led skin sculptor,RELEVANT,SCULPTING,138,-,,,0,0,,NONE,,0,-,-,-,-,-,-,-,-,-
kglow lymphatic brush,RELEVANT,LYMPHATIC,137,-,138,1,8,4,B0FD354L27|B0GSQW56YT|B0GC3HX5KH|B0FD6Y9BX5,CONSOLIDATED,1.39,0,1,8,29,10,3,26,21,34,-
nuvetta contour glow brush,RELEVANT,CONTOUR,137,-,26,4,5,5,B0FD354L27|B0GC3HX5KH|B0FD6Y9BX5|B0G3685P2S|B0G2XLH8CG,CONSOLIDATED,,0,7,-,-,9,5,4,-,6,-
anti cellulite brush massager,RELEVANT,BRUSH_MASSAGE,137,-,226,29,3,0,,NONE,0.96,0,29,67,-,-,83,-,-,-,-
facemask brush,RELEVANT,BRUSH_MASSAGE,137,-,237,34,7,0,,NONE,,0,90,120,157,34,114,125,70,-,-
women self care items,RELEVANT,OTHER,137,-,,34,1,0,,NONE,,0,34,-,-,-,-,-,-,-,-
morning glow massage ritual neck massager,RELEVANT,JAWLINE_CHIN,137,-,195,139,1,0,,NONE,,0,-,-,-,-,139,-,-,-,-
dry brushing body brush with handle,RELEVANT,BRUSH_MASSAGE,137,-,,191,2,0,,NONE,,1,-,191,208,-,-,-,-,-,-
wood massage tool,RELEVANT,BRUSH_MASSAGE,137,-,,140,3,0,,NONE,,2,-,-,261,140,-,-,-,-,241
globrush,RELEVANT,BRUSH_MASSAGE,137,-,,,0,0,,NONE,1.17,0,-,-,-,-,-,-,-,-,-
top rated lymphatic face brush,RELEVANT,LYMPHATIC,136,-,108,2,9,8,B0FD354L27|B0GSQW56YT|B0GVBQ7P79|B0GC3HX5KH|B0FD6Y9BX5|B0G3685P2S|B0H5MMYNWM|B0G2XLH8CG,CONSOLIDATED,,0,3,4,7,12,2,11,5,10,57
koniva lymphatic face brush,RELEVANT,LYMPHATIC,136,-,61,2,8,6,B0FD354L27|B0GSQW56YT|B0GVBQ7P79|B0FD6Y9BX5|B0G3685P2S|B0G2XLH8CG,CONSOLIDATED,1.35,0,2,11,15,29,4,10,70,14,-
bona boom lymphatic brush,RELEVANT,LYMPHATIC,136,-,113,1,7,4,B0FD354L27|B0GSQW56YT|B0FD6Y9BX5|B0G2XLH8CG,CONSOLIDATED,1.39,0,19,14,34,67,1,25,-,18,-
make up brushe,RELEVANT,BRUSH_MASSAGE,136,-,,18,2,1,B0H5MMYNWM,SINGLE,,0,-,-,-,-,90,-,18,-,-
under chin fat removal,RELEVANT,OTHER,136,-,,23,1,0,,NONE,,0,23,-,-,-,-,-,-,-,-
best double chin reducer,RELEVANT,JAWLINE_CHIN,136,-,,36,2,0,,NONE,1.83,0,36,-,-,167,-,-,-,-,-
facial cleaning tools,RELEVANT,OTHER,136,-,,129,3,0,,NONE,,0,129,159,-,-,-,-,-,176,-
lympha press,RELEVANT,LYMPHATIC,135,-,,4,1,1,B0FD354L27,SINGLE,,0,4,-,-,-,-,-,-,-,-
kitsch brushes,COMPETITOR_BRAND,BRUSH_MASSAGE,135,-,,16,1,1,B0H5MMYNWM,SINGLE,0.84,0,-,-,-,-,-,-,16,-,-
lymphatic drainage gua sha tool,RELEVANT,DRAINAGE,135,-,232,47,5,0,,NONE,,0,85,47,-,155,-,112,-,97,-
cow horn gua sha body,RELEVANT,GUA_SHA,135,-,,77,1,0,,NONE,0.91,0,-,-,-,77,-,-,-,-,-
double sided face brush,RELEVANT,BRUSH_MASSAGE,135,-,,89,1,0,,NONE,0.98,0,-,-,-,-,-,89,-,-,-
makeup for rosacea,RELEVANT,OTHER,135,-,,105,1,0,,NONE,,0,-,-,-,-,105,-,-,-,-
best instant eye depuffer,RELEVANT,DEPUFF,135,-,,170,1,0,,NONE,1.86,0,-,-,-,-,-,-,-,170,-
sunscreen face brush,RELEVANT,BRUSH_MASSAGE,135,-,,,0,0,,NONE,,0,-,-,-,-,-,-,-,-,-
wood bristle brush,RELEVANT,BRUSH_MASSAGE,135,-,,,0,0,,NONE,,1,-,-,-,-,-,-,-,-,-
ankevin lymphatic contour brush with bags,RELEVANT,CONTOUR,134,-,102,5,8,2,B0FD354L27|B0FD6Y9BX5,SHARED,1.59,0,6,27,31,33,5,22,36,23,-
auvorra sculpt brush,RELEVANT,SCULPTING,134,-,,2,4,4,B0FD354L27|B0GSQW56YT|B0FD6Y9BX5|B0G3685P2S,CONSOLIDATED,,0,5,11,-,-,2,6,-,-,-
face lymphatic,RELEVANT,LYMPHATIC,134,-,215,1,8,2,B0GSQW56YT|B0FD6Y9BX5,SHARED,,1,29,16,27,64,1,60,102,34,-
jaw sculpting,RELEVANT,SCULPTING,134,-,,88,2,0,,NONE,,0,-,-,-,-,88,-,-,104,-
cepillos y utensilios de maquillaje,OFF_CATEGORY,OTHER,134,-,,33,1,0,,NONE,1.2,0,-,-,-,-,33,-,-,-,-
body contour tool,RELEVANT,CONTOUR,134,-,,87,4,0,,NONE,,0,-,87,170,169,-,-,-,157,-
skin sculptor,RELEVANT,SCULPTING,134,-,,131,1,0,,NONE,,1,-,-,-,-,-,131,-,-,-
real techniques kabuki brush,RELEVANT,BRUSH_MASSAGE,134,-,,,0,0,,NONE,1.27,0,-,-,-,-,-,-,-,-,-
wellness girly essentials,RELEVANT,OTHER,133,-,,5,1,1,B0FD354L27,SINGLE,,0,5,-,-,-,-,-,-,-,-
cellulite dry brush,RELEVANT,BRUSH_MASSAGE,133,-,,25,8,0,,NONE,1.37,0,30,107,254,25,134,51,270,89,-
bamboo massage brush,RELEVANT,BRUSH_MASSAGE,133,-,,118,1,0,,NONE,,0,-,-,-,118,-,-,-,-,-
a brush,RELEVANT,BRUSH_MASSAGE,133,-,,255,1,0,,NONE,1.25,2,255,-,-,-,-,-,-,-,-
all face makeup,RELEVANT,OTHER,133,-,,286,1,0,,NONE,,0,-,-,-,-,286,-,-,-,-
kojava lymphatic face brush,RELEVANT,LYMPHATIC,132,-,90,5,9,8,B0FD354L27|B0GSQW56YT|B0GVBQ7P79|B0GC3HX5KH|B0FD6Y9BX5|B0G3685P2S|B0H5MMYNWM|B0G2XLH8CG,CONSOLIDATED,1.19,0,11,14,16,20,5,10,19,13,49
face beauty workshop face lymphatic contour brush,RELEVANT,CONTOUR,132,-,67,1,8,5,B0FD354L27|B0GSQW56YT|B0FD6Y9BX5|B0G3685P2S|B0G2XLH8CG,CONSOLIDATED,,0,3,8,28,35,1,9,43,14,-
kojiva lymphatic brush,COMPETITOR_BRAND,LYMPHATIC,132,-,106,2,8,5,B0FD354L27|B0GSQW56YT|B0FD6Y9BX5|B0H5MMYNWM|B0G2XLH8CG,CONSOLIDATED,1.08,0,5,2,23,38,7,57,10,9,-
kejova lymphatic face brush,RELEVANT,LYMPHATIC,132,-,111,3,8,4,B0FD354L27|B0GSQW56YT|B0FD6Y9BX5|B0G3685P2S,CONSOLIDATED,,0,5,16,21,68,3,9,70,54,-
therabody face depuffer,RELEVANT,DEPUFF,132,-,,17,1,1,B0FD354L27,SINGLE,,0,17,-,-,-,-,-,-,-,-
lazy brush,RELEVANT,BRUSH_MASSAGE,132,-,,22,1,0,,NONE,1.06,0,-,-,-,-,22,-,-,-,-
carvers,RELEVANT,OTHER,132,-,,112,1,0,,NONE,,5,112,-,-,-,-,-,-,-,-
gua sha massage tools,RELEVANT,GUA_SHA,132,-,,160,7,0,,NONE,1.34,2,160,208,297,190,225,231,-,193,-
b0g521s1jf,RELEVANT,OTHER,132,-,,,0,0,,NONE,,0,-,-,-,-,-,-,-,-,-
pore cleansing brushes,RELEVANT,BRUSH_MASSAGE,132,-,,,0,0,,NONE,,0,-,-,-,-,-,-,-,-,-
geske facial brush,RELEVANT,BRUSH_MASSAGE,131,-,,21,4,0,,NONE,,0,-,39,-,38,-,-,93,21,-
gua sha body tool face,RELEVANT,GUA_SHA,131,-,,44,4,0,,NONE,1.3,0,-,44,148,147,-,-,-,73,-
facial toning,RELEVANT,OTHER,131,-,,147,1,0,,NONE,,3,-,-,-,-,147,-,-,-,-
real techniques 206 brush,RELEVANT,BRUSH_MASSAGE,131,-,,,0,0,,NONE,,0,-,-,-,-,-,-,-,-,-
dry brush lymphatic drainage face,RELEVANT,DRAINAGE,130,-,98,1,9,8,B0FD354L27|B0GSQW56YT|B0GVBQ7P79|B0GC3HX5KH|B0FD6Y9BX5|B0G3685P2S|B0G2XLH8CG|B0H93V3MNM,CONSOLIDATED,,0,1,2,19,12,4,17,54,10,3
cepillo viral de tiktok,OFF_CATEGORY,OTHER,130,-,,17,2,1,B0FD354L27,SINGLE,,0,17,-,-,-,23,-,-,-,-
acne brush for face,RELEVANT,BRUSH_MASSAGE,130,-,,23,7,0,,NONE,1.57,0,23,88,114,124,-,89,157,79,-
makeup brusjes,RELEVANT,OTHER,130,-,,35,1,0,,NONE,,0,-,-,-,-,35,-,-,-,-
jawlyne,RELEVANT,OTHER,130,-,,56,1,0,,NONE,1.21,0,56,-,-,-,-,-,-,-,-
handheld massager for lymphatic drainage,RELEVANT,DRAINAGE,130,-,,76,1,0,,NONE,1.54,0,76,-,-,-,-,-,-,-,-
iconic makeup,RELEVANT,OTHER,130,-,,106,1,0,,NONE,0.78,0,-,-,-,-,-,106,-,-,-
face blood makeup,RELEVANT,OTHER,130,-,,163,1,0,,NONE,0.94,0,163,-,-,-,-,-,-,-,-
makeup brush set amazon,RELEVANT,BRUSH_MASSAGE,130,-,,265,1,0,,NONE,,0,-,-,-,-,265,-,-,-,-
cepillos faciales,OFF_CATEGORY,OTHER,129,-,265,4,8,2,B0FD354L27|B0FD6Y9BX5,SHARED,,0,4,101,116,41,12,63,27,68,-
cotsoco lymphatic brush,RELEVANT,LYMPHATIC,129,-,,1,8,3,B0FD354L27|B0FD6Y9BX5|B0G3685P2S,SHARED,,0,8,31,36,45,1,17,294,25,-
lymphatic drainage massage face,RELEVANT,DRAINAGE,129,-,182,1,9,2,B0GSQW56YT|B0FD6Y9BX5,SHARED,1.51,0,35,15,113,47,1,64,43,121,233
deplaning tool for face women,RELEVANT,OTHER,129,-,,55,1,0,,NONE,1.58,0,55,-,-,-,-,-,-,-,-
jade gua sha facial tools,RELEVANT,GUA_SHA,129,-,,64,1,0,,NONE,1.05,3,-,-,-,-,-,-,-,64,-
brushed,RELEVANT,BRUSH_MASSAGE,129,-,,39,4,0,,NONE,,1,39,-,-,-,53,121,-,217,-
face tool for jawline,RELEVANT,JAWLINE_CHIN,129,-,,42,5,0,,NONE,1.51,0,149,184,-,-,42,203,-,136,-
nose brush contour,RELEVANT,CONTOUR,129,-,,69,1,0,,NONE,,1,-,-,-,-,69,-,-,-,-
technique makeup brushes,RELEVANT,BRUSH_MASSAGE,129,-,,156,2,0,,NONE,,0,170,-,-,-,156,-,-,-,-
facial scrubber for face for women,RELEVANT,OTHER,129,-,,252,1,0,,NONE,1.24,0,-,-,-,252,-,-,-,-,-
kojeva lymphatic,COMPETITOR_BRAND,LYMPHATIC,128,-,,1,1,1,B0FD354L27,SINGLE,,0,1,-,-,-,-,-,-,-,-
self lymphatic drainage,RELEVANT,DRAINAGE,128,-,,8,9,1,B0FD354L27,SINGLE,,0,8,103,166,175,78,111,88,137,154
face slimmer for women,RELEVANT,OTHER,128,-,,48,1,0,,NONE,1.67,2,48,-,-,-,-,-,-,-,-
long bristle dry brush,RELEVANT,BRUSH_MASSAGE,128,-,,78,1,0,,NONE,1.35,0,78,-,-,-,-,-,-,-,-
stainless steel guasha tool,OFF_CATEGORY,GUA_SHA,128,-,,180,1,0,,NONE,,11,-,-,180,-,-,-,-,-,-
wooden body gua sha,RELEVANT,GUA_SHA,128,-,,175,3,0,,NONE,,1,-,175,211,191,-,-,-,-,-
self massage tool,RELEVANT,BRUSH_MASSAGE,128,-,,91,5,0,,NONE,,3,91,295,242,-,200,267,-,-,-
exfoliating face scrub brush,RELEVANT,BRUSH_MASSAGE,128,-,,138,2,0,,NONE,1.02,0,-,-,-,305,-,-,138,-,-
best lymphatic drainage brush,RELEVANT,DRAINAGE,127,-,303,2,8,6,B0FD354L27|B0GSQW56YT|B0FD6Y9BX5|B0G3685P2S|B0H5MMYNWM|B0G2XLH8CG,CONSOLIDATED,,0,2,3,30,34,5,4,17,8,-
gua sha lymphatic face brush,RELEVANT,GUA_SHA,127,-,57,1,9,5,B0FD354L27|B0GSQW56YT|B0FD6Y9BX5|B0H5MMYNWM|B0G2XLH8CG,CONSOLIDATED,,0,1,4,58,46,2,24,20,15,108
contour face,RELEVANT,CONTOUR,127,-,197,2,9,3,B0FD354L27|B0FD6Y9BX5|B0G2XLH8CG,SHARED,,17,2,40,74,44,5,60,34,19,149
gua sha facial tool amethyst,RELEVANT,GUA_SHA,127,-,,70,1,0,,NONE,,0,-,-,-,-,-,-,-,70,-
oil stick for face,OFF_CATEGORY,OTHER,127,-,,202,1,0,,NONE,1.26,0,-,-,-,-,-,-,-,202,-
dry brushing body brushes,RELEVANT,BRUSH_MASSAGE,127,-,,251,1,0,,NONE,1.4,0,-,-,251,-,-,-,-,-,-
ntiera lymphatic contour face brush,RELEVANT,CONTOUR,126,-,108,2,8,7,B0FD354L27|B0GSQW56YT|B0GVBQ7P79|B0GC3HX5KH|B0FD6Y9BX5|B0G3685P2S|B0G2XLH8CG,CONSOLIDATED,,0,2,13,20,10,3,5,43,18,-
vapoura lymphatic brush,RELEVANT,LYMPHATIC,126,-,250,5,8,6,B0GSQW56YT|B0GC3HX5KH|B0FD6Y9BX5|B0G3685P2S|B0H5MMYNWM|B0G2XLH8CG,CONSOLIDATED,,0,24,8,22,20,14,9,5,17,-
gua sha brushes,RELEVANT,GUA_SHA,126,-,80,5,9,5,B0FD354L27|B0GSQW56YT|B0GC3HX5KH|B0FD6Y9BX5|B0H5MMYNWM,CONSOLIDATED,,0,12,8,31,14,5,22,11,29,122
anti aging tools for face,RELEVANT,OTHER,126,-,,17,1,1,B0FD6Y9BX5,SINGLE,,0,-,-,-,-,17,-,-,-,-
gua sha with teeth,RELEVANT,GUA_SHA,126,-,,57,1,0,,NONE,1.52,0,-,-,-,-,-,-,-,57,-
jaw shaper for women,RELEVANT,OTHER,126,-,,75,1,0,,NONE,1.36,0,-,-,-,-,75,-,-,-,-
best cream to reduce eye bags,OFF_CATEGORY,OTHER,126,-,,293,1,0,,NONE,,0,293,-,-,-,-,-,-,-,-
cabuki brush,RELEVANT,BRUSH_MASSAGE,126,-,,302,1,0,,NONE,,0,-,-,-,-,-,302,-,-,-
aculptique lymphatic drainage,RELEVANT,DRAINAGE,126,-,,,0,0,,NONE,,0,-,-,-,-,-,-,-,-,-
aeiki lymphatic contour face brush,RELEVANT,CONTOUR,125,-,127,3,8,5,B0FD354L27|B0GSQW56YT|B0GVBQ7P79|B0FD6Y9BX5|B0G3685P2S,CONSOLIDATED,,0,3,12,19,55,18,17,78,33,-
the depuffer,RELEVANT,DEPUFF,125,-,,10,3,1,B0GSQW56YT,SINGLE,1.16,1,63,10,-,-,-,48,-,-,-
jawline tool,RELEVANT,JAWLINE_CHIN,125,-,,102,1,0,,NONE,1.06,0,-,-,-,-,-,-,-,102,-
wood makeup,RELEVANT,OTHER,125,-,,144,1,0,,NONE,0.62,2,-,-,-,-,-,-,-,-,144
wooden lymphatic drainage massage roller,RELEVANT,DRAINAGE,125,-,,147,1,0,,NONE,,0,-,-,-,147,-,-,-,-,-
facial brush cleansing,RELEVANT,BRUSH_MASSAGE,125,-,,103,3,0,,NONE,1.05,0,103,-,-,-,-,-,277,229,-
dry skin gift set,RELEVANT,OTHER,125,-,,269,1,0,,NONE,,0,-,-,269,-,-,-,-,-,-
conair face scrubber,RELEVANT,OTHER,125,-,,,0,0,,NONE,,0,-,-,-,-,-,-,-,-,-
korean face brush lifter,RELEVANT,BRUSH_MASSAGE,124,-,,2,6,6,B0FD354L27|B0GSQW56YT|B0GC3HX5KH|B0FD6Y9BX5|B0G3685P2S|B0G2XLH8CG,CONSOLIDATED,,0,2,19,-,14,10,9,-,11,-
contiur face brush,RELEVANT,BRUSH_MASSAGE,124,-,118,3,9,5,B0GSQW56YT|B0FD6Y9BX5|B0G3685P2S|B0H5MMYNWM|B0H93V3MNM,CONSOLIDATED,,0,30,19,28,37,4,14,15,24,3
lumilift facial glow brush,RELEVANT,BRUSH_MASSAGE,124,-,74,2,8,3,B0GSQW56YT|B0FD6Y9BX5|B0G3685P2S,SHARED,,0,33,20,37,51,2,9,105,67,-
facial dry brushes soft bristles,RELEVANT,BRUSH_MASSAGE,124,-,,5,9,4,B0GC3HX5KH|B0FD6Y9BX5|B0G3685P2S|B0G2XLH8CG,CONSOLIDATED,,0,91,38,27,11,5,13,50,18,260
scalp tapper for hair growth,RELEVANT,OTHER,124,-,,21,1,0,,NONE,,0,21,-,-,-,-,-,-,-,-
top rated face cleansing brush,RELEVANT,BRUSH_MASSAGE,124,-,,41,2,0,,NONE,,0,-,-,-,123,-,-,41,-,-
ems red light therapy face neck lift wrinkle remover,RELEVANT,JAWLINE_CHIN,124,-,,68,1,0,,NONE,1.53,0,68,-,-,-,-,-,-,-,-
instant spa,RELEVANT,OTHER,124,-,,76,1,0,,NONE,1.59,0,76,-,-,-,-,-,-,-,-
meaningful beauty set,RELEVANT,OTHER,124,-,,105,1,0,,NONE,,0,-,-,105,-,-,-,-,-,-
wooden lymphatic massage stick,RELEVANT,LYMPHATIC,124,-,,209,1,0,,NONE,1.06,0,-,-,-,209,-,-,-,-,-
kojivs lymphatic face brush,RELEVANT,LYMPHATIC,123,-,100,2,8,7,B0FD354L27|B0GSQW56YT|B0GVBQ7P79|B0GC3HX5KH|B0FD6Y9BX5|B0G3685P2S|B0G2XLH8CG,CONSOLIDATED,1.31,0,2,17,20,14,3,9,47,10,-
glow brush lymphatic,RELEVANT,LYMPHATIC,123,-,20,1,9,4,B0GSQW56YT|B0GC3HX5KH|B0FD6Y9BX5|B0G3685P2S,CONSOLIDATED,,0,30,3,41,13,1,18,22,26,48
nuvtra face brushes,RELEVANT,BRUSH_MASSAGE,123,-,,1,4,4,B0FD354L27|B0FD6Y9BX5|B0G3685P2S|B0G2XLH8CG,CONSOLIDATED,,0,3,-,-,-,1,6,-,9,-
face masager,RELEVANT,OTHER,123,-,,59,3,0,,NONE,,0,98,103,-,-,-,-,-,59,-
kitsch scalp renewal hair brush,COMPETITOR_BRAND,BRUSH_MASSAGE,123,-,,39,1,0,,NONE,,0,-,-,-,-,-,-,39,-,-
face exfoliant tool,RELEVANT,OTHER,123,-,,79,2,0,,NONE,,0,-,79,-,137,-,-,-,-,-
ayurveda dry brushing body brush,RELEVANT,BRUSH_MASSAGE,123,-,,142,2,0,,NONE,,0,-,-,142,169,-,-,-,-,-
makeup patches for face,RELEVANT,OTHER,123,-,,180,1,0,,NONE,,0,-,-,-,-,-,180,-,-,-
neck tightening creams that work instantly,OFF_CATEGORY,JAWLINE_CHIN,123,-,,223,1,0,,NONE,,0,-,-,-,-,223,-,-,-,-
facial exfoliating tools,RELEVANT,OTHER,123,-,,179,2,0,,NONE,1.08,0,-,280,-,-,-,179,-,-,-
nuvestra facial brush,RELEVANT,BRUSH_MASSAGE,122,-,,4,6,5,B0FD354L27|B0GC3HX5KH|B0FD6Y9BX5|B0G3685P2S|B0G2XLH8CG,CONSOLIDATED,,0,4,-,28,10,7,9,-,8,-
lymphatic contour brush for face and neck,RELEVANT,JAWLINE_CHIN,122,-,137,5,9,5,B0FD354L27|B0GSQW56YT|B0FD6Y9BX5|B0G3685P2S|B0G2XLH8CG,CONSOLIDATED,,0,17,10,24,50,5,12,28,9,68
nuverta face sculptor,RELEVANT,SCULPTING,122,-,,2,3,3,B0FD354L27|B0FD6Y9BX5|B0G3685P2S,SHARED,1.32,0,2,-,-,-,3,17,-,-,-
compact beauty tools,RELEVANT,OTHER,122,-,,18,1,1,B0FD354L27,SINGLE,,0,18,-,-,-,-,-,-,-,-
make up beushes,RELEVANT,OTHER,122,-,,89,1,0,,NONE,,0,-,-,-,-,89,-,-,-,-
gua sha shape up,RELEVANT,GUA_SHA,122,-,,135,1,0,,NONE,,0,-,135,-,-,-,-,-,-,-
jade massage tools,RELEVANT,BRUSH_MASSAGE,122,-,,136,1,0,,NONE,,0,-,-,-,-,-,-,-,136,-
vddo face brush,RELEVANT,BRUSH_MASSAGE,121,-,,1,5,5,B0FD354L27|B0GSQW56YT|B0GC3HX5KH|B0FD6Y9BX5|B0G3685P2S,CONSOLIDATED,1.14,0,3,8,-,12,1,7,-,-,-
aeku lymphatic face brush,RELEVANT,LYMPHATIC,121,-,124,10,9,3,B0GVBQ7P79|B0FD6Y9BX5|B0G3685P2S,SHARED,,0,21,26,12,51,17,10,30,70,72
new lymphatic contour face brush,RELEVANT,CONTOUR,121,-,152,4,9,3,B0FD354L27|B0GSQW56YT|B0FD6Y9BX5,SHARED,1.19,11,14,13,63,84,4,32,37,88,68
soothe silk contour brush,RELEVANT,CONTOUR,121,-,,1,3,3,B0FD354L27|B0FD6Y9BX5|B0G3685P2S,SHARED,1.26,0,1,-,-,-,6,4,-,-,-
lymphatic drainage scultique,OFF_CATEGORY,DRAINAGE,121,-,,67,2,0,,NONE,2.17,0,67,-,-,-,-,81,-,-,-
massage at home,RELEVANT,BRUSH_MASSAGE,121,-,,57,1,0,,NONE,,0,57,-,-,-,-,-,-,-,-
tighten neck and under chin,RELEVANT,JAWLINE_CHIN,121,-,,90,1,0,,NONE,,0,90,-,-,-,-,-,-,-,-
double facial cleansing brush,RELEVANT,BRUSH_MASSAGE,121,-,,92,2,0,,NONE,,0,92,-,-,-,-,-,-,152,-
glow in the dark face,RELEVANT,OTHER,121,-,,238,1,0,,NONE,,7,-,-,-,-,-,-,-,238,-
vintage wood tools,RELEVANT,OTHER,121,-,,,0,0,,NONE,,0,-,-,-,-,-,-,-,-,-
soft bristle lymphatic contour brush,RELEVANT,CONTOUR,120,-,124,1,8,6,B0FD354L27|B0GSQW56YT|B0GVBQ7P79|B0FD6Y9BX5|B0G3685P2S|B0H5MMYNWM,CONSOLIDATED,,0,5,9,13,37,1,8,17,21,-
lymphatic contour face brush prime,RELEVANT,CONTOUR,120,-,87,4,9,4,B0FD354L27|B0GSQW56YT|B0FD6Y9BX5|B0H5MMYNWM,CONSOLIDATED,,0,10,12,22,65,14,21,4,32,62
nayori face brush,COMPETITOR_BRAND,BRUSH_MASSAGE,120,-,45,8,4,4,B0GVBQ7P79|B0GC3HX5KH|B0FD6Y9BX5|B0H5MMYNWM,CONSOLIDATED,,0,-,-,18,11,9,-,8,-,-
lymphatic drainage wood,RELEVANT,DRAINAGE,120,-,,38,6,0,,NONE,,0,38,107,97,73,-,105,-,-,110
massage brushes,RELEVANT,BRUSH_MASSAGE,120,-,,50,6,0,,NONE,,3,50,-,-,78,113,166,230,161,-
parches x39,RELEVANT,OTHER,120,-,,,0,0,,NONE,1.69,0,-,-,-,-,-,-,-,-,-
soft lymphatic drainage face brush,RELEVANT,DRAINAGE,119,-,270,1,8,7,B0FD354L27|B0GSQW56YT|B0GVBQ7P79|B0FD6Y9BX5|B0G3685P2S|B0H5MMYNWM|B0G2XLH8CG,CONSOLIDATED,,1,1,3,17,22,2,12,7,19,-
nubetra contour glow brush,RELEVANT,CONTOUR,119,-,25,4,5,5,B0FD354L27|B0GSQW56YT|B0GC3HX5KH|B0FD6Y9BX5|B0G3685P2S,CONSOLIDATED,1.15,0,6,11,-,9,4,5,-,-,-
nayori globrush,COMPETITOR_BRAND,BRUSH_MASSAGE,119,-,,1,2,2,B0FD354L27|B0G2XLH8CG,SHARED,1.26,0,1,-,-,-,-,-,-,19,-
facial contouring device,RELEVANT,CONTOUR,119,-,,2,3,1,B0FD354L27,SINGLE,1.64,0,2,-,-,-,78,-,-,108,-
facial acupressure tool,RELEVANT,OTHER,119,-,,148,4,0,,NONE,,1,160,148,-,180,150,-,-,-,-
oil massager for body relax,OFF_CATEGORY,BRUSH_MASSAGE,119,-,,145,1,0,,NONE,1.47,0,-,145,-,-,-,-,-,-,-
auslina brush,COMPETITOR_BRAND,BRUSH_MASSAGE,119,-,,,0,0,,NONE,1.15,0,-,-,-,-,-,-,-,-,-
lymph brush face,RELEVANT,LYMPHATIC,118,-,142,5,9,6,B0FD354L27|B0GSQW56YT|B0GC3HX5KH|B0FD6Y9BX5|B0G3685P2S|B0G2XLH8CG,CONSOLIDATED,,0,13,8,26,19,5,16,23,12,61
lymphatic drainage dry face brush,RELEVANT,DRAINAGE,118,-,,3,8,5,B0GSQW56YT|B0GVBQ7P79|B0FD6Y9BX5|B0G3685P2S|B0G2XLH8CG,CONSOLIDATED,,0,25,7,10,21,3,9,110,8,-
lymphatic brush combo face body,RELEVANT,LYMPHATIC,118,-,131,3,8,5,B0FD354L27|B0GSQW56YT|B0GVBQ7P79|B0FD6Y9BX5|B0G3685P2S,CONSOLIDATED,,0,3,12,10,24,11,18,101,22,-
neck contour,RELEVANT,JAWLINE_CHIN,118,-,,18,4,1,B0FD6Y9BX5,SINGLE,1.21,3,-,-,85,62,18,-,-,75,-
lussara 4-in-1 lymphatic drainage massager,RELEVANT,DRAINAGE,118,-,,13,1,1,B0FD354L27,SINGLE,1.51,0,13,-,-,-,-,-,-,-,-
lymphatic drainage ring,RELEVANT,DRAINAGE,118,-,,99,1,0,,NONE,0.97,0,-,-,-,-,-,-,-,99,-
brochas para mascarillas faciales,RELEVANT,OTHER,118,-,,171,1,0,,NONE,1.24,0,-,-,-,171,-,-,-,-,-
gua sha pack,RELEVANT,GUA_SHA,118,-,,104,4,0,,NONE,,0,-,268,-,252,-,276,-,104,-
portrait mode 5-piece face brush set,RELEVANT,BRUSH_MASSAGE,118,-,,,0,0,,NONE,0.98,0,-,-,-,-,-,-,-,-,-
civilized contour face brush,RELEVANT,CONTOUR,117,-,66,3,6,4,B0GVBQ7P79|B0FD6Y9BX5|B0G3685P2S|B0H5MMYNWM,CONSOLIDATED,1.07,0,-,-,18,27,4,12,3,-,30
ergonomic lymphatic contour brush,RELEVANT,CONTOUR,117,-,137,1,9,5,B0FD354L27|B0GSQW56YT|B0FD6Y9BX5|B0G3685P2S|B0H5MMYNWM,CONSOLIDATED,1.59,0,1,19,34,27,2,10,14,21,101
best lymphatic drainage tool face,RELEVANT,DRAINAGE,117,-,,1,9,4,B0FD354L27|B0GSQW56YT|B0FD6Y9BX5|B0G2XLH8CG,CONSOLIDATED,,0,1,6,31,58,8,22,36,13,271
cepillo de masaje facial totemica,OFF_CATEGORY,OTHER,117,-,,1,5,3,B0GSQW56YT|B0FD6Y9BX5|B0G3685P2S,SHARED,,0,-,11,36,28,1,10,-,-,-
face exersice,RELEVANT,OTHER,117,-,,17,1,1,B0FD354L27,SINGLE,,0,17,-,-,-,-,-,-,-,-
viral on tiktok products,RELEVANT,OTHER,117,-,,25,1,0,,NONE,,0,25,-,-,-,-,-,-,-,-
lymphatic neck massager,RELEVANT,JAWLINE_CHIN,117,-,,24,4,0,,NONE,1.82,0,24,117,-,197,-,-,-,214,-
iconic glow,RELEVANT,OTHER,117,-,,71,1,0,,NONE,1.2,0,-,-,-,-,-,71,-,-,-
guasha metal,OFF_CATEGORY,GUA_SHA,117,-,,192,1,0,,NONE,,0,-,-,192,-,-,-,-,-,-
get rid of eye bags,RELEVANT,OTHER,117,-,,197,1,0,,NONE,,0,197,-,-,-,-,-,-,-,-
organic lymphatic face brush,RELEVANT,LYMPHATIC,116,-,142,2,9,6,B0GSQW56YT|B0GVBQ7P79|B0FD6Y9BX5|B0G3685P2S|B0H5MMYNWM|B0G2XLH8CG,CONSOLIDATED,,0,22,11,6,54,2,14,13,9,47
face brush lymphatic,RELEVANT,LYMPHATIC,116,-,151,5,9,5,B0FD354L27|B0GSQW56YT|B0FD6Y9BX5|B0H5MMYNWM|B0G2XLH8CG,CONSOLIDATED,1.21,3,18,7,23,89,5,27,9,15,134
ovq lymphatic contour face brush,RELEVANT,CONTOUR,116,-,132,11,9,2,B0FD354L27|B0FD6Y9BX5,SHARED,1.23,0,20,22,57,27,11,26,35,83,71
zazkhc lymphatic drainage,RELEVANT,DRAINAGE,116,-,,17,2,2,B0FD354L27|B0G3685P2S,SHARED,,0,17,-,-,-,-,19,-,-,-
miula lymphatic drainage massager,RELEVANT,DRAINAGE,116,-,,51,1,0,,NONE,,0,51,-,-,-,-,-,-,-,-
glow up brush hair,RELEVANT,BRUSH_MASSAGE,116,-,,76,1,0,,NONE,,0,-,-,-,-,-,-,-,76,-
headache relief massager,RELEVANT,BRUSH_MASSAGE,116,-,,158,1,0,,NONE,2.04,0,158,-,-,-,-,-,-,-,-
hand shaped massage tool,RELEVANT,BRUSH_MASSAGE,116,-,,168,2,0,,NONE,1.28,1,-,233,-,168,-,-,-,-,-
carpal tunnel massage tool,RELEVANT,BRUSH_MASSAGE,116,-,,212,1,0,,NONE,,0,-,-,-,212,-,-,-,-,-
masaje facial para la cara,RELEVANT,OTHER,116,-,,,0,0,,NONE,,0,-,-,-,-,-,-,-,-,-
dry brush guasha for face,RELEVANT,GUA_SHA,115,-,129,1,9,5,B0FD354L27|B0GSQW56YT|B0FD6Y9BX5|B0G3685P2S|B0H5MMYNWM,CONSOLIDATED,1.42,0,1,5,41,34,2,8,15,48,70
fave brush,RELEVANT,BRUSH_MASSAGE,115,-,178,1,8,3,B0FD354L27|B0FD6Y9BX5|B0H5MMYNWM,SHARED,,0,1,51,86,41,3,32,12,33,-
dry brush bulk,RELEVANT,BRUSH_MASSAGE,115,-,,58,6,0,,NONE,,0,58,132,-,297,141,124,-,110,-
face sculpt wrap,OFF_CATEGORY,SCULPTING,115,-,,44,1,0,,NONE,1.16,15,44,-,-,-,-,-,-,-,-
reduce puffy bags under eyes,RELEVANT,DEPUFF,115,-,,184,1,0,,NONE,,0,184,-,-,-,-,-,-,-,-
flea control cats,RELEVANT,OTHER,115,-,,,0,0,,NONE,3.12,0,-,-,-,-,-,-,-,-,-
lymphatic face brushes,RELEVANT,LYMPHATIC,114,-,117,1,9,6,B0FD354L27|B0GSQW56YT|B0FD6Y9BX5|B0G3685P2S|B0H5MMYNWM|B0G2XLH8CG,CONSOLIDATED,1.27,0,1,9,22,24,10,17,7,14,99
cecily braden lymphatic brush set,RELEVANT,LYMPHATIC,114,-,272,1,8,4,B0FD354L27|B0FD6Y9BX5|B0G3685P2S|B0G2XLH8CG,CONSOLIDATED,,0,20,26,21,45,1,12,223,8,-
facial items,RELEVANT,OTHER,114,-,,7,2,1,B0FD6Y9BX5,SINGLE,,0,39,-,-,-,7,-,-,-,-
skin lift,RELEVANT,OTHER,114,-,,17,1,1,B0FD6Y9BX5,SINGLE,,2,-,-,-,-,17,-,-,-,-
face shaper for jawline and double chin,RELEVANT,JAWLINE_CHIN,114,-,,27,1,0,,NONE,1.19,0,27,-,-,-,-,-,-,-,-
gifts for massage therapist,RELEVANT,BRUSH_MASSAGE,114,-,,31,1,0,,NONE,0.99,2,31,-,-,-,-,-,-,-,-
stone for face massage,RELEVANT,BRUSH_MASSAGE,114,-,,37,2,0,,NONE,,0,37,-,-,-,-,-,-,120,-
massage essentials for massage therapy,RELEVANT,BRUSH_MASSAGE,114,-,,57,1,0,,NONE,,0,57,-,-,-,-,-,-,-,-
metal gua sha facial tools,OFF_CATEGORY,GUA_SHA,114,-,,144,3,0,,NONE,,1,-,-,173,144,211,-,-,-,-
facial gift set,RELEVANT,OTHER,114,-,,277,1,0,,NONE,1.13,0,-,-,277,-,-,-,-,-,-
lymphoris lymphatic drainage,RELEVANT,DRAINAGE,114,-,,,0,0,,NONE,,0,-,-,-,-,-,-,-,-,-
florium lymphatic brush,RELEVANT,LYMPHATIC,113,-,80,2,8,4,B0FD6Y9BX5|B0G3685P2S|B0H5MMYNWM|B0G2XLH8CG,CONSOLIDATED,,0,27,21,32,24,2,9,6,20,-
the contour glow face brush,RELEVANT,CONTOUR,113,-,35,3,9,4,B0FD354L27|B0GSQW56YT|B0FD6Y9BX5|B0G3685P2S,CONSOLIDATED,,0,12,20,28,30,3,6,31,22,74
lymphatic contour face brush aeki,COMPETITOR_BRAND,CONTOUR,113,-,140,6,9,3,B0GSQW56YT|B0FD6Y9BX5|B0G3685P2S,SHARED,,0,22,18,24,38,6,19,27,34,43
lymphatic drainage face dry brush,RELEVANT,DRAINAGE,113,-,121,4,9,3,B0GSQW56YT|B0FD6Y9BX5|B0G3685P2S,SHARED,,0,32,4,22,98,5,19,38,39,46
aeki contour brush,COMPETITOR_BRAND,CONTOUR,113,-,,6,3,2,B0GVBQ7P79|B0G3685P2S,SHARED,,0,-,-,19,-,22,6,-,-,-
"new lymphatic contour face brush, dry brushing face brush, lymphatic drainage massager for face, chi",RELEVANT,DRAINAGE,113,-,272,26,8,0,,NONE,,0,26,32,69,48,54,58,194,111,-
lymphatic neck drainage massager,RELEVANT,DRAINAGE,113,-,,8,4,1,B0FD354L27,SINGLE,1.68,0,8,75,-,176,-,-,-,187,-
natural body brush for dry brushing,RELEVANT,BRUSH_MASSAGE,113,-,,166,3,0,,NONE,,0,-,202,193,166,-,-,-,-,-
dry body brush for women,RELEVANT,BRUSH_MASSAGE,113,-,,143,1,0,,NONE,1.24,0,-,-,143,-,-,-,-,-,-
small eye brush,RELEVANT,BRUSH_MASSAGE,113,-,,255,1,0,,NONE,,0,255,-,-,-,-,-,-,-,-
puur house lymphatic brush,COMPETITOR_BRAND,LYMPHATIC,112,-,72,5,7,3,B0FD354L27|B0FD6Y9BX5|B0G3685P2S,SHARED,,0,5,21,29,25,17,20,-,24,-
cepillo para masajear la cara,OFF_CATEGORY,OTHER,112,-,64,4,8,3,B0FD354L27|B0GSQW56YT|B0FD6Y9BX5,SHARED,,0,4,18,41,66,5,35,78,29,-
lymphatic brush￼,RELEVANT,LYMPHATIC,112,-,114,4,9,3,B0GSQW56YT|B0FD6Y9BX5|B0H5MMYNWM,SHARED,1.26,0,24,10,38,34,4,35,19,23,146
lymphatic drainage massage brush,RELEVANT,DRAINAGE,112,-,,2,9,1,B0FD6Y9BX5,SINGLE,1.25,0,25,21,52,31,2,33,54,94,159
best gua sha,RELEVANT,GUA_SHA,112,-,,28,5,0,,NONE,1.38,0,-,54,257,150,-,122,-,28,-
skin care tools set,RELEVANT,OTHER,112,-,,147,2,0,,NONE,,0,-,-,206,-,-,-,-,147,-
sculpt glow massager,RELEVANT,SCULPTING,112,-,,164,1,0,,NONE,,0,-,-,-,-,-,-,-,164,-
set of brushes makeup,RELEVANT,BRUSH_MASSAGE,112,-,,299,1,0,,NONE,,0,-,-,-,-,299,-,-,-,-
acl festival essentials,RELEVANT,OTHER,112,-,,,0,0,,NONE,1.5,0,-,-,-,-,-,-,-,-,-
facial brush tool,RELEVANT,BRUSH_MASSAGE,112,-,,,0,0,,NONE,,0,-,-,-,-,-,-,-,-,-
guasha dry brush for face,RELEVANT,GUA_SHA,111,-,149,2,9,5,B0FD354L27|B0GSQW56YT|B0FD6Y9BX5|B0G3685P2S|B0G2XLH8CG,CONSOLIDATED,,0,13,3,29,23,2,6,33,8,32
glow brush for face,RELEVANT,BRUSH_MASSAGE,111,-,20,2,7,4,B0FD354L27|B0FD6Y9BX5|B0G3685P2S|B0H5MMYNWM,CONSOLIDATED,1.23,0,4,-,44,23,2,10,12,27,-
recuvia face brush,COMPETITOR_BRAND,BRUSH_MASSAGE,111,-,36,1,5,4,B0GC3HX5KH|B0FD6Y9BX5|B0G3685P2S|B0H5MMYNWM,CONSOLIDATED,,0,-,-,23,15,1,12,4,-,-
skin brushes for body,RELEVANT,BRUSH_MASSAGE,111,-,,107,2,0,,NONE,,0,-,-,214,107,-,-,-,-,-
nagracoola clie facial cleansing brush,RELEVANT,BRUSH_MASSAGE,111,-,,183,1,0,,NONE,1.08,4,-,-,-,-,-,-,183,-,-
soft lymphatic brush,RELEVANT,LYMPHATIC,110,-,,1,8,5,B0FD354L27|B0GSQW56YT|B0FD6Y9BX5|B0G3685P2S|B0G2XLH8CG,CONSOLIDATED,1.09,0,1,18,21,24,2,20,252,17,-
nayori glow brush,COMPETITOR_BRAND,BRUSH_MASSAGE,110,-,25,1,1,1,B0FD6Y9BX5,SINGLE,1.32,0,-,-,-,-,1,-,-,-,-
chin lipo recovery supplies,RELEVANT,OTHER,110,-,,22,1,0,,NONE,,0,22,-,-,-,-,-,-,-,-
jade gua sha set,RELEVANT,GUA_SHA,110,-,,46,1,0,,NONE,0.96,2,-,-,-,-,-,-,-,46,-
cepillo para limpiar la cara,OFF_CATEGORY,OTHER,110,-,,126,2,0,,NONE,,0,-,-,-,126,-,-,160,-,-
lymphatic drainage massagers,RELEVANT,DRAINAGE,110,-,,55,3,0,,NONE,,0,55,138,-,271,-,-,-,-,-
neck hand massage tool,RELEVANT,JAWLINE_CHIN,110,-,,222,1,0,,NONE,,0,-,-,222,-,-,-,-,-,-
gua sha bian stone,RELEVANT,GUA_SHA,110,-,,,0,0,,NONE,,0,-,-,-,-,-,-,-,-,-
kocheva lymphatic face brush,RELEVANT,LYMPHATIC,109,-,109,1,9,4,B0GSQW56YT|B0FD6Y9BX5|B0G3685P2S|B0H5MMYNWM,CONSOLIDATED,,0,25,7,32,50,1,14,18,48,93
guasha brush tool for face,RELEVANT,GUA_SHA,109,-,83,4,9,2,B0GSQW56YT|B0FD6Y9BX5,SHARED,1.24,0,25,4,68,29,6,60,40,22,58
chin fat gone,RELEVANT,OTHER,109,-,,6,1,1,B0FD354L27,SINGLE,1.65,0,6,-,-,-,-,-,-,-,-
self-care,RELEVANT,OTHER,109,-,,64,1,0,,NONE,1.21,4,64,-,-,-,-,-,-,-,-
sculpting + contouring device,RELEVANT,SCULPTING,109,-,,153,1,0,,NONE,,0,-,-,-,-,-,-,-,153,-
contour dark skin,RELEVANT,CONTOUR,109,-,209,53,9,0,,NONE,,0,53,228,304,183,112,201,139,224,290
purple jade roller,RELEVANT,OTHER,109,-,,,0,0,,NONE,,0,-,-,-,-,-,-,-,-,-
lymphatic contour face brush natural bristle,RELEVANT,CONTOUR,108,-,130,1,9,6,B0FD354L27|B0GSQW56YT|B0GVBQ7P79|B0FD6Y9BX5|B0H5MMYNWM|B0G2XLH8CG,CONSOLIDATED,,0,5,1,4,24,2,21,16,15,41
soothsilk contour brush,RELEVANT,CONTOUR,108,-,,1,4,4,B0FD354L27|B0FD6Y9BX5|B0G3685P2S|B0H5MMYNWM,CONSOLIDATED,1.15,0,1,-,-,-,3,6,2,-,-
face tool for lymphatic drainage,RELEVANT,DRAINAGE,108,-,190,9,9,2,B0GSQW56YT|B0G2XLH8CG,SHARED,1.49,0,35,9,57,49,28,65,93,18,232
cosas para la cara,RELEVANT,OTHER,108,-,,26,2,0,,NONE,,0,40,-,-,-,26,-,-,-,-
lymphatic drainage technique,RELEVANT,DRAINAGE,108,-,,18,3,1,B0FD354L27,SINGLE,1,0,18,-,82,-,-,-,51,-,-
trending products 2025,RELEVANT,OTHER,108,-,,21,1,0,,NONE,0.88,0,21,-,-,-,-,-,-,-,-
2 pc,RELEVANT,OTHER,108,-,,36,1,0,,NONE,1.03,0,-,-,-,-,36,-,-,-,-
lymphatic drainage made in usa,RELEVANT,DRAINAGE,108,-,,55,1,0,,NONE,,0,-,-,-,55,-,-,-,-,-
lymphatic drainage ball,RELEVANT,DRAINAGE,108,-,,72,1,0,,NONE,,0,-,-,-,-,-,-,-,72,-
face serum for gua sha massage,OFF_CATEGORY,GUA_SHA,108,-,257,64,3,0,,NONE,1.71,0,-,64,279,-,-,71,-,-,-
black face,RELEVANT,OTHER,108,-,,98,1,0,,NONE,,16,-,-,-,-,-,-,98,-,-
glow in the dark makeup for face,RELEVANT,OTHER,108,-,,139,1,0,,NONE,0.79,0,-,-,-,-,139,-,-,-,-
contour face brush lymphatic,RELEVANT,CONTOUR,107,-,97,1,9,6,B0FD354L27|B0GSQW56YT|B0FD6Y9BX5|B0G3685P2S|B0H5MMYNWM|B0G2XLH8CG,CONSOLIDATED,1.28,1,1,8,21,24,4,10,5,11,50
smoothsilk face brush,RELEVANT,BRUSH_MASSAGE,107,-,,1,5,4,B0FD354L27|B0GSQW56YT|B0FD6Y9BX5|B0G3685P2S,CONSOLIDATED,,0,2,20,-,-,1,4,28,-,-
aeki lymphatic contour face brush 2 pk,COMPETITOR_BRAND,CONTOUR,107,-,119,7,9,3,B0GSQW56YT|B0FD6Y9BX5|B0G3685P2S,SHARED,1.22,0,23,18,58,53,19,7,31,43,81
dry rub brush for skin,RELEVANT,BRUSH_MASSAGE,107,-,,28,3,0,,NONE,,0,-,-,107,91,-,28,-,-,-
face washing brushes,RELEVANT,BRUSH_MASSAGE,107,-,,51,6,0,,NONE,1.06,0,51,140,174,177,-,173,104,-,-
make a face,RELEVANT,OTHER,107,-,,172,2,0,,NONE,,22,172,-,-,-,180,-,-,-,-
face smoothing patches,RELEVANT,OTHER,107,-,,210,1,0,,NONE,1.47,0,-,-,-,-,-,210,-,-,-
contour massage face brush,RELEVANT,CONTOUR,106,-,100,1,9,6,B0FD354L27|B0GSQW56YT|B0GC3HX5KH|B0FD6Y9BX5|B0G3685P2S|B0H5MMYNWM,CONSOLIDATED,1.29,0,1,10,21,17,5,13,7,27,50
contoured face brush for lymphatic drainage,RELEVANT,DRAINAGE,106,-,251,1,9,6,B0FD354L27|B0GSQW56YT|B0GC3HX5KH|B0FD6Y9BX5|B0G3685P2S|B0G2XLH8CG,CONSOLIDATED,,0,1,9,34,16,10,18,22,20,90
dry lymphatic massage brush,RELEVANT,LYMPHATIC,106,-,,3,9,2,B0GC3HX5KH|B0FD6Y9BX5,SHARED,1.24,1,50,30,28,20,3,82,47,48,86
try aeki brush,COMPETITOR_BRAND,BRUSH_MASSAGE,106,-,,2,1,1,B0FD354L27,SINGLE,,0,2,-,-,-,-,-,-,-,-
snow fox gua sha hair brush,RELEVANT,GUA_SHA,106,-,,23,1,0,,NONE,1.26,0,-,23,-,-,-,-,-,-,-
break up scar tissue under skin,RELEVANT,OTHER,106,-,,34,1,0,,NONE,2.31,0,34,-,-,-,-,-,-,-,-
blending brush for contouring,RELEVANT,CONTOUR,106,-,,61,1,0,,NONE,,0,-,-,-,-,61,-,-,-,-
lymphatic drainage fsa eligible,RELEVANT,DRAINAGE,106,-,,62,1,0,,NONE,,0,62,-,-,-,-,-,-,-,-
roller face massager tool,RELEVANT,BRUSH_MASSAGE,106,-,,113,1,0,,NONE,,0,113,-,-,-,-,-,-,-,-
neck cream with gua sha,OFF_CATEGORY,GUA_SHA,106,-,197,,0,0,,NONE,,1,-,-,-,-,-,-,-,-,-
dry brushes for face,RELEVANT,BRUSH_MASSAGE,105,-,,8,9,4,B0GSQW56YT|B0GVBQ7P79|B0FD6Y9BX5|B0G2XLH8CG,CONSOLIDATED,,0,74,8,13,113,11,29,35,16,167
kitch dry brush,RELEVANT,BRUSH_MASSAGE,105,-,,21,1,0,,NONE,1.38,0,-,-,-,-,-,21,-,-,-
natural dry brush,RELEVANT,BRUSH_MASSAGE,105,-,,53,7,0,,NONE,1.43,0,107,127,144,53,-,162,-,64,183
tao face cleansing brush,RELEVANT,BRUSH_MASSAGE,105,-,,56,4,0,,NONE,0.85,0,56,-,135,127,-,-,149,-,-
facial massage oil for face,OFF_CATEGORY,BRUSH_MASSAGE,105,-,,124,1,0,,NONE,1.47,1,-,-,-,-,-,-,-,124,-
self care under 10 dollars,RELEVANT,OTHER,104,-,,89,1,0,,NONE,,0,89,-,-,-,-,-,-,-,-
retractable massage brush,RELEVANT,BRUSH_MASSAGE,104,-,,79,3,0,,NONE,1.16,0,-,114,127,79,-,-,-,-,-
cepillo en seco para cuerpo,OFF_CATEGORY,OTHER,104,-,,97,2,0,,NONE,,0,-,-,-,-,-,128,-,97,-
soft brushes,RELEVANT,BRUSH_MASSAGE,104,-,,118,2,0,,NONE,,0,-,-,-,-,118,157,-,-,-
best glow for face,RELEVANT,OTHER,104,-,,57,3,0,,NONE,1.34,0,-,-,-,-,57,288,-,171,-
face tools for wrinkles,RELEVANT,OTHER,104,-,,140,1,0,,NONE,,0,-,-,-,-,-,-,-,140,-
eye massager for headaches,RELEVANT,BRUSH_MASSAGE,104,-,,207,2,0,,NONE,1.97,0,207,-,-,-,232,-,-,-,-
large makeup brushes,RELEVANT,BRUSH_MASSAGE,104,-,,305,1,0,,NONE,,0,-,-,-,-,305,-,-,-,-
counter glow face brush,RELEVANT,BRUSH_MASSAGE,103,-,37,3,6,6,B0FD354L27|B0GC3HX5KH|B0FD6Y9BX5|B0G3685P2S|B0H5MMYNWM|B0G2XLH8CG,CONSOLIDATED,1.32,0,10,-,-,12,3,8,9,6,-
face rollers for women lymphatic,RELEVANT,LYMPHATIC,103,-,248,3,7,2,B0FD354L27|B0FD6Y9BX5,SHARED,,0,3,72,117,124,17,-,46,93,-
guasha jade,RELEVANT,GUA_SHA,103,-,,38,2,0,,NONE,1.07,0,53,-,-,-,-,-,-,38,-
lepiaopiao,RELEVANT,OTHER,103,-,,3,1,1,B0FD354L27,SINGLE,,3,3,-,-,-,-,-,-,-,-
skin tightening for face,RELEVANT,OTHER,103,-,,91,1,0,,NONE,,0,91,-,-,-,-,-,-,-,-
cojiva lymphatic face brush,RELEVANT,LYMPHATIC,102,-,134,4,8,7,B0FD354L27|B0GSQW56YT|B0GC3HX5KH|B0FD6Y9BX5|B0G3685P2S|B0H5MMYNWM|B0G2XLH8CG,CONSOLIDATED,,0,13,10,25,11,4,7,17,12,-
lymphatic contour face brush organic,RELEVANT,CONTOUR,102,-,106,5,9,8,B0FD354L27|B0GSQW56YT|B0GVBQ7P79|B0GC3HX5KH|B0FD6Y9BX5|B0G3685P2S|B0H5MMYNWM|B0G2XLH8CG,CONSOLIDATED,,0,15,8,14,12,5,6,10,9,38
lymphatic contour face brush + free ebook,RELEVANT,CONTOUR,102,-,126,1,9,7,B0FD354L27|B0GSQW56YT|B0GC3HX5KH|B0FD6Y9BX5|B0G3685P2S|B0H5MMYNWM|B0G2XLH8CG,CONSOLIDATED,,0,1,9,33,14,2,8,5,11,47
gua dha brush,RELEVANT,BRUSH_MASSAGE,102,-,,1,8,2,B0GSQW56YT|B0FD6Y9BX5,SHARED,,0,28,5,33,49,1,27,56,31,-
facial dry brushes,RELEVANT,BRUSH_MASSAGE,102,-,,4,9,2,B0GSQW56YT|B0FD6Y9BX5,SHARED,0.96,0,70,15,31,88,4,28,45,114,139
lymphatic massager face,RELEVANT,LYMPHATIC,102,-,228,17,8,1,B0FD354L27,SINGLE,1.44,0,17,51,102,188,49,140,26,126,-
viral beauty tools from tiktok,RELEVANT,OTHER,102,-,,7,4,2,B0FD354L27|B0FD6Y9BX5,SHARED,1.47,0,11,-,-,-,7,97,-,119,-
spa equipment for esthetician room,RELEVANT,OTHER,102,-,,18,1,1,B0FD354L27,SINGLE,,0,18,-,-,-,-,-,-,-,-
make up nrushes,RELEVANT,OTHER,102,-,,34,1,0,,NONE,,0,-,-,-,-,34,-,-,-,-
makeup must have,RELEVANT,OTHER,102,-,,44,1,0,,NONE,,0,-,-,-,-,44,-,-,-,-
luxe professional face lift light,RELEVANT,OTHER,102,-,,45,1,0,,NONE,,0,-,-,-,-,-,45,-,-,-
face roler,RELEVANT,OTHER,102,-,,60,1,0,,NONE,1.61,0,60,-,-,-,-,-,-,-,-
scalp massager tool,RELEVANT,BRUSH_MASSAGE,102,-,,95,1,0,,NONE,1.23,1,95,-,-,-,-,-,-,-,-
brushs,RELEVANT,BRUSH_MASSAGE,102,-,,90,3,0,,NONE,,0,-,-,-,-,90,129,-,202,-
under neck tightening,RELEVANT,JAWLINE_CHIN,102,-,,54,2,0,,NONE,,0,54,-,-,-,231,-,-,-,-
facial cleansing brush with light therapy,RELEVANT,BRUSH_MASSAGE,102,-,,141,3,0,,NONE,,0,141,-,-,201,-,-,193,-,-
massager that looks like hands,RELEVANT,BRUSH_MASSAGE,102,-,,162,1,0,,NONE,1.85,0,-,162,-,-,-,-,-,-,-
contour kits for women,RELEVANT,CONTOUR,102,-,,157,2,0,,NONE,0.78,0,-,-,157,229,-,-,-,-,-
make up brushes face,RELEVANT,BRUSH_MASSAGE,102,-,,100,6,0,,NONE,1.09,0,162,-,-,261,100,283,131,236,-
debloat face brush,RELEVANT,BRUSH_MASSAGE,101,-,86,1,8,6,B0FD354L27|B0GSQW56YT|B0GC3HX5KH|B0FD6Y9BX5|B0H5MMYNWM|B0G2XLH8CG,CONSOLIDATED,,0,17,15,26,11,1,24,16,14,-
"2 pcs lymphatic contour face brush, dry lymphatic brush, lymphatic drainage massager for face, ergon",RELEVANT,DRAINAGE,101,-,,14,8,1,B0H5MMYNWM,SINGLE,,0,29,79,154,150,45,94,14,102,-
kejova brush,RELEVANT,BRUSH_MASSAGE,101,-,,1,1,1,B0FD354L27,SINGLE,1.31,0,1,-,-,-,-,-,-,-,-
beauty face shaping makeup,RELEVANT,OTHER,101,-,,4,1,1,B0FD6Y9BX5,SINGLE,1.6,0,-,-,-,-,4,-,-,-,-
makeup brushes tools,RELEVANT,BRUSH_MASSAGE,101,-,,43,3,0,,NONE,,0,43,-,-,-,91,-,-,134,-
lymphatic drainage paddle,RELEVANT,DRAINAGE,101,-,,87,2,0,,NONE,1.12,2,-,-,-,101,-,87,-,-,-
facial massager face and neck,RELEVANT,JAWLINE_CHIN,101,-,,134,6,0,,NONE,,2,134,147,-,235,153,156,-,180,-
korean face massager,RELEVANT,BRUSH_MASSAGE,101,-,,52,1,0,,NONE,1.59,0,52,-,-,-,-,-,-,-,-
kitsch reviews,COMPETITOR_BRAND,OTHER,101,-,,60,1,0,,NONE,1.6,0,-,-,-,-,-,-,60,-,-
pore cleansing brush for face,RELEVANT,BRUSH_MASSAGE,101,-,,79,1,0,,NONE,1.15,0,-,-,-,-,-,-,79,-,-
turmeric face wash with brush,RELEVANT,BRUSH_MASSAGE,101,-,,84,1,0,,NONE,0.98,9,84,-,-,-,-,-,-,-,-
facial oil gua sha,OFF_CATEGORY,GUA_SHA,101,-,,88,3,0,,NONE,,0,-,141,209,-,-,-,-,88,-
facial guasha brush,RELEVANT,GUA_SHA,100,-,106,1,9,6,B0FD354L27|B0GSQW56YT|B0GC3HX5KH|B0FD6Y9BX5|B0H5MMYNWM|B0G2XLH8CG,CONSOLIDATED,,0,1,4,80,13,2,22,19,7,70
dry lymphatic facial brush,RELEVANT,LYMPHATIC,100,-,,4,9,4,B0GSQW56YT|B0GVBQ7P79|B0FD6Y9BX5|B0G3685P2S,CONSOLIDATED,1.28,0,29,4,12,46,9,20,33,80,116
vddo brush,RELEVANT,BRUSH_MASSAGE,100,-,,4,2,2,B0GC3HX5KH|B0G3685P2S,SHARED,1.21,0,-,-,-,6,-,4,-,-,-
face inflammation reducer,RELEVANT,OTHER,100,-,,2,2,1,B0FD354L27,SINGLE,,0,2,77,-,-,-,-,-,-,-
ultra eye contour,RELEVANT,CONTOUR,100,-,,20,3,1,B0G3685P2S,SINGLE,,0,28,-,-,-,-,20,-,268,-
neck exfoliator,RELEVANT,JAWLINE_CHIN,100,-,,160,2,0,,NONE,,0,-,197,-,-,-,160,-,-,-
vwmyq silicone face scrubber,RELEVANT,OTHER,100,-,,,0,0,,NONE,1.02,4,-,-,-,-,-,-,-,-,-
fluffy contour brush,RELEVANT,CONTOUR,100,-,,,0,0,,NONE,,0,-,-,-,-,-,-,-,-,-
facial dry brush soft bristles,RELEVANT,BRUSH_MASSAGE,99,-,,2,9,2,B0FD6Y9BX5|B0G3685P2S,SHARED,,0,34,29,22,35,2,12,42,23,150
exfoliate brush for face,RELEVANT,BRUSH_MASSAGE,99,-,,29,7,0,,NONE,,0,29,252,157,147,110,131,-,122,-
lymphaire lymphatic drainage,RELEVANT,DRAINAGE,99,-,,103,4,0,,NONE,,0,146,105,-,-,-,103,-,138,-
gua sha facial massager,RELEVANT,GUA_SHA,99,-,,72,3,0,,NONE,,5,-,72,-,222,-,-,-,160,-
small hand brush,RELEVANT,BRUSH_MASSAGE,99,-,,210,1,0,,NONE,,0,-,-,-,-,210,-,-,-,-
reduce eye bags and puffiness,RELEVANT,DEPUFF,99,-,,245,2,0,,NONE,1.99,0,247,-,-,-,245,-,-,-,-
woods light for skin,RELEVANT,OTHER,99,-,,260,1,0,,NONE,,0,-,-,-,-,-,-,-,-,260
simple skincare set,RELEVANT,OTHER,99,-,,290,1,0,,NONE,,0,-,-,-,-,290,-,-,-,-
kojeva lymphatic drainage brush,COMPETITOR_BRAND,DRAINAGE,98,-,83,1,8,4,B0FD354L27|B0GSQW56YT|B0GVBQ7P79|B0FD6Y9BX5,CONSOLIDATED,1.29,0,1,18,17,46,5,24,62,77,-
lymphatic drainage massager lymphatic contour face brush double chin reducer lymphatic drainage brus,RELEVANT,DRAINAGE,98,-,122,2,9,1,B0FD354L27,SINGLE,1.37,0,2,38,93,88,39,64,42,110,183
soft bristle dry brush,RELEVANT,BRUSH_MASSAGE,98,-,,19,7,1,B0G3685P2S,SINGLE,,0,46,103,54,136,100,19,-,59,-
facial contouring kit,RELEVANT,CONTOUR,98,-,,16,3,1,B0FD6Y9BX5,SINGLE,,0,-,-,45,77,16,-,-,-,-
"kitsch scalp renewal brush - exfoliating & scalp massager for hair growth, gentle head massage brush",COMPETITOR_BRAND,BRUSH_MASSAGE,98,-,,56,1,0,,NONE,,0,-,-,-,-,-,-,56,-,-
precision contour brush,RELEVANT,CONTOUR,98,-,,62,2,0,,NONE,,0,-,-,-,-,62,-,-,-,300
lifting brush for face,RELEVANT,BRUSH_MASSAGE,97,-,116,3,9,7,B0FD354L27|B0GSQW56YT|B0GC3HX5KH|B0FD6Y9BX5|B0G3685P2S|B0H5MMYNWM|B0G2XLH8CG,CONSOLIDATED,,0,18,12,35,14,3,13,7,20,46
facial brush lymphatic drainage,RELEVANT,DRAINAGE,97,-,108,5,9,5,B0FD354L27|B0GSQW56YT|B0GC3HX5KH|B0FD6Y9BX5|B0H5MMYNWM,CONSOLIDATED,1.23,0,11,7,27,17,5,26,15,61,112
cepillado facial en seco,OFF_CATEGORY,OTHER,97,-,,4,5,3,B0GSQW56YT|B0FD6Y9BX5|B0G3685P2S,SHARED,,0,-,12,25,24,4,10,-,-,-
kokeva face brush,RELEVANT,BRUSH_MASSAGE,97,-,,5,4,2,B0FD354L27|B0G3685P2S,SHARED,1.36,0,5,-,-,25,-,7,27,-,-
face massage brush lymphatic,RELEVANT,LYMPHATIC,97,-,119,2,9,7,B0FD354L27|B0GSQW56YT|B0GC3HX5KH|B0FD6Y9BX5|B0G3685P2S|B0H5MMYNWM|B0G2XLH8CG,CONSOLIDATED,,0,2,6,21,13,3,20,19,12,252
dry lymphatic facial massage brush,RELEVANT,LYMPHATIC,97,-,185,5,9,4,B0GSQW56YT|B0GVBQ7P79|B0FD6Y9BX5|B0G2XLH8CG,CONSOLIDATED,,0,26,9,18,52,5,32,53,15,152
best double chin remover,RELEVANT,JAWLINE_CHIN,97,-,,5,1,1,B0FD354L27,SINGLE,1.74,0,5,-,-,-,-,-,-,-,-
ice skincare,RELEVANT,OTHER,97,-,,49,1,0,,NONE,1.04,0,49,-,-,-,-,-,-,-,-
natural hair eye makeup brushes,RELEVANT,BRUSH_MASSAGE,97,-,,141,1,0,,NONE,,0,-,-,-,-,-,-,-,141,-
cherishty face brush,RELEVANT,BRUSH_MASSAGE,96,-,,1,4,4,B0FD354L27|B0GC3HX5KH|B0G3685P2S|B0H5MMYNWM,CONSOLIDATED,,0,1,-,-,7,-,4,2,-,-
brush face guasha,RELEVANT,GUA_SHA,96,-,67,2,8,4,B0FD354L27|B0GSQW56YT|B0GC3HX5KH|B0FD6Y9BX5,CONSOLIDATED,,0,17,6,25,10,2,26,136,35,-
face massagers,RELEVANT,BRUSH_MASSAGE,96,-,,67,6,0,,NONE,1.62,0,67,190,-,252,195,297,-,126,-
face sharper,RELEVANT,OTHER,96,-,,34,1,0,,NONE,,0,-,-,-,34,-,-,-,-,-
gua sha for men face,RELEVANT,GUA_SHA,96,-,,57,1,0,,NONE,,0,-,-,57,-,-,-,-,-,-
contour make up,RELEVANT,CONTOUR,96,-,,80,4,0,,NONE,0.89,0,142,-,-,-,80,-,132,237,-
extra large makeup brush,RELEVANT,BRUSH_MASSAGE,96,-,,81,1,0,,NONE,,1,-,-,-,-,81,-,-,-,-
gua sha stones for facial massage,RELEVANT,GUA_SHA,96,-,,86,1,0,,NONE,,0,-,-,-,-,-,-,-,86,-
women face oil,OFF_CATEGORY,OTHER,96,-,,88,1,0,,NONE,,0,-,-,-,-,-,-,-,88,-
lymph face brush curved,RELEVANT,LYMPHATIC,95,-,79,4,9,3,B0FD354L27|B0GSQW56YT|B0FD6Y9BX5,SHARED,,0,7,18,32,81,4,34,29,74,107
merak facial brushes,RELEVANT,BRUSH_MASSAGE,95,-,,16,4,1,B0FD354L27,SINGLE,,0,16,-,-,60,44,-,-,33,-
kojiva,COMPETITOR_BRAND,OTHER,95,-,,1,1,1,B0FD354L27,SINGLE,1.21,0,1,-,-,-,-,-,-,-,-
eleve beauty face shaper,RELEVANT,OTHER,95,-,,10,1,1,B0FD354L27,SINGLE,1.44,0,10,-,-,-,-,-,-,-,-
face make up brushes,RELEVANT,BRUSH_MASSAGE,95,-,,82,5,0,,NONE,,0,144,-,-,-,82,181,143,262,-
body wood sculpting tools,RELEVANT,SCULPTING,95,-,,132,2,0,,NONE,1.34,0,-,132,143,-,-,-,-,-,-
beauty make up brushes,RELEVANT,BRUSH_MASSAGE,95,-,,171,1,0,,NONE,,0,-,-,-,-,171,-,-,-,-
massage for face,RELEVANT,BRUSH_MASSAGE,94,-,,8,5,2,B0FD354L27|B0FD6Y9BX5,SHARED,,0,8,-,149,-,18,-,40,111,-
conair true glow facial brush,RELEVANT,BRUSH_MASSAGE,94,-,74,15,1,1,B0H5MMYNWM,SINGLE,,0,-,-,-,-,-,-,15,-,-
mens gua sha,RELEVANT,GUA_SHA,94,-,,27,2,0,,NONE,,0,-,-,141,-,-,-,-,27,-
for face,RELEVANT,OTHER,94,-,,2,5,1,B0FD6Y9BX5,SINGLE,,10,60,125,-,-,2,170,-,173,-
must have massage tools,RELEVANT,BRUSH_MASSAGE,94,-,,70,1,0,,NONE,,0,-,-,-,-,70,-,-,-,-
cepillo para la piel en seco,OFF_CATEGORY,OTHER,94,-,,30,3,0,,NONE,,0,-,-,136,30,-,133,-,-,-
skin care tools for women,RELEVANT,OTHER,94,-,,38,2,0,,NONE,,0,38,-,-,-,-,-,-,216,-
super brush,RELEVANT,BRUSH_MASSAGE,94,-,,64,3,0,,NONE,,1,64,-,-,-,-,287,-,93,-
guasha stick,RELEVANT,GUA_SHA,94,-,,179,1,0,,NONE,1.05,0,-,-,-,-,-,-,-,179,-
lymphatic body tool,RELEVANT,LYMPHATIC,94,-,,42,3,0,,NONE,,0,42,268,289,-,-,-,-,-,-
bufse lymphatic contour face brush,RELEVANT,CONTOUR,93,-,117,1,9,5,B0FD354L27|B0GSQW56YT|B0FD6Y9BX5|B0G3685P2S|B0G2XLH8CG,CONSOLIDATED,,0,1,19,32,29,3,12,21,16,92
dry body brush for lymphatic drainage,RELEVANT,DRAINAGE,93,-,,30,8,0,,NONE,1.26,2,30,115,124,88,147,101,236,79,-
gua sha face sculpting tool,RELEVANT,GUA_SHA,93,-,243,31,8,0,,NONE,,0,58,31,204,99,137,133,-,105,216
hizoo neck massager lymphatic drainage,RELEVANT,DRAINAGE,93,-,,18,1,1,B0FD354L27,SINGLE,,0,18,-,-,-,-,-,-,-,-
rare beauty brushes,RELEVANT,BRUSH_MASSAGE,93,-,,42,1,0,,NONE,,0,-,-,-,-,-,-,-,42,-
jade gifts for women,RELEVANT,OTHER,93,-,,70,1,0,,NONE,,0,-,-,-,-,-,-,-,70,-
facial massage brushes puffiness,RELEVANT,DEPUFF,92,-,113,4,9,4,B0FD6Y9BX5|B0G3685P2S|B0H5MMYNWM|B0G2XLH8CG,CONSOLIDATED,,0,22,26,46,32,4,6,16,15,127
soothesilk anti cellulite massager,COMPETITOR_BRAND,BRUSH_MASSAGE,92,-,,7,1,1,B0FD354L27,SINGLE,1.57,0,7,-,-,-,-,-,-,-,-
spinning face cleansing brush,RELEVANT,BRUSH_MASSAGE,92,-,,43,1,0,,NONE,1.5,0,43,-,-,-,-,-,-,-,-
makeup brushes for face,RELEVANT,BRUSH_MASSAGE,92,-,,112,4,0,,NONE,1.08,0,-,-,-,-,112,209,162,217,-
face oil for massage,OFF_CATEGORY,BRUSH_MASSAGE,92,-,,145,1,0,,NONE,,0,-,-,-,-,-,-,-,145,-
glow in dark makeup for face,RELEVANT,OTHER,92,-,,148,1,0,,NONE,,0,-,-,-,-,148,-,-,-,-
jaw massage tool,RELEVANT,BRUSH_MASSAGE,92,-,,153,2,0,,NONE,,0,-,-,-,-,153,-,-,256,-
soft bristle body brushes,RELEVANT,BRUSH_MASSAGE,92,-,,227,1,0,,NONE,,0,-,-,227,-,-,-,-,-,-
koniva face brush,RELEVANT,BRUSH_MASSAGE,91,-,69,5,8,7,B0FD354L27|B0GSQW56YT|B0GC3HX5KH|B0FD6Y9BX5|B0G3685P2S|B0H5MMYNWM|B0G2XLH8CG,CONSOLIDATED,,0,5,7,29,9,20,6,11,13,-
lymph lift usa brush,RELEVANT,LYMPHATIC,91,-,109,5,9,6,B0FD354L27|B0GSQW56YT|B0FD6Y9BX5|B0G3685P2S|B0H5MMYNWM|B0G2XLH8CG,CONSOLIDATED,,0,11,9,21,42,7,5,18,20,49
koveja lymphatic face brush,RELEVANT,LYMPHATIC,91,-,142,1,9,3,B0FD354L27|B0GSQW56YT|B0FD6Y9BX5,SHARED,1.15,0,15,12,37,55,1,28,25,54,61
nuevtra brush,RELEVANT,BRUSH_MASSAGE,91,-,,3,3,3,B0FD354L27|B0GVBQ7P79|B0G3685P2S,SHARED,,0,3,-,5,-,-,6,-,-,-
body plane tool,RELEVANT,OTHER,91,-,,39,1,0,,NONE,1.33,0,-,39,-,-,-,-,-,-,-
facial exfoliating brushes,RELEVANT,BRUSH_MASSAGE,91,-,,49,5,0,,NONE,1.22,0,49,175,171,-,-,166,258,-,-
soft edge brush,RELEVANT,BRUSH_MASSAGE,91,-,,73,1,0,,NONE,,0,-,-,-,-,-,-,-,73,-
wellness gadgets for women,RELEVANT,OTHER,91,-,,131,2,0,,NONE,,0,131,-,-,133,-,-,-,-,-
morning eye depuffer,RELEVANT,DEPUFF,91,-,,150,1,0,,NONE,,0,-,-,-,-,-,-,-,150,-
real touch massager,RELEVANT,BRUSH_MASSAGE,91,-,,215,1,0,,NONE,1.72,0,215,-,-,-,-,-,-,-,-
green hand massager for neck,RELEVANT,JAWLINE_CHIN,91,-,,222,1,0,,NONE,,0,-,-,-,-,-,-,-,222,-
aeki lymphatic drainage brush,COMPETITOR_BRAND,DRAINAGE,90,-,135,6,8,1,B0FD6Y9BX5,SINGLE,,0,25,22,42,63,6,33,34,26,-
soothesilk facial brush,COMPETITOR_BRAND,BRUSH_MASSAGE,90,-,,1,5,5,B0FD354L27|B0GVBQ7P79|B0GC3HX5KH|B0FD6Y9BX5|B0H5MMYNWM,CONSOLIDATED,,0,1,-,9,8,5,-,4,-,-
2pcs new lymphatic contour face brush,RELEVANT,CONTOUR,90,-,196,20,9,1,B0FD354L27,SINGLE,,6,20,56,123,100,55,42,92,52,256
numiya gobrush pro,RELEVANT,BRUSH_MASSAGE,90,-,,33,3,0,,NONE,,0,53,33,-,-,38,-,-,-,-
spa facial,RELEVANT,OTHER,90,-,,35,1,0,,NONE,,2,35,-,-,-,-,-,-,-,-
wellness accessories,RELEVANT,OTHER,90,-,,62,1,0,,NONE,,0,62,-,-,-,-,-,-,-,-
fsa hsa approved lymphatic drainage,RELEVANT,DRAINAGE,90,-,,86,1,0,,NONE,,0,86,-,-,-,-,-,-,-,-
glow beauty round brush,RELEVANT,BRUSH_MASSAGE,90,-,,106,3,0,,NONE,1.03,0,-,-,136,106,-,-,-,-,257
silicon face brush,COMPETITOR_BRAND,BRUSH_MASSAGE,90,-,,117,1,0,,NONE,,0,117,-,-,-,-,-,-,-,-
masajeador de hielo facial,RELEVANT,OTHER,90,-,,,0,0,,NONE,,0,-,-,-,-,-,-,-,-,-
etross lymphatic brush,RELEVANT,LYMPHATIC,89,-,264,1,8,6,B0FD354L27|B0GSQW56YT|B0FD6Y9BX5|B0G3685P2S|B0H5MMYNWM|B0G2XLH8CG,CONSOLIDATED,,0,18,17,26,27,1,8,5,19,-
loryn lymphatic face brush,RELEVANT,LYMPHATIC,89,-,168,6,8,5,B0FD354L27|B0GSQW56YT|B0GVBQ7P79|B0FD6Y9BX5|B0G3685P2S,CONSOLIDATED,,0,6,18,20,77,7,12,59,51,-
anuwks lymphatic contour brush,RELEVANT,CONTOUR,89,-,109,8,9,2,B0FD354L27|B0H5MMYNWM,SHARED,,0,8,23,45,79,26,28,9,25,74
bristle gua sha,RELEVANT,GUA_SHA,89,-,83,2,9,3,B0FD354L27|B0GSQW56YT|B0FD6Y9BX5,SHARED,,1,16,4,39,41,2,43,56,27,105
"new lymphatic contour face brush - contour face brush for lymphatic drainage, enhancing elasticity, ",RELEVANT,DRAINAGE,89,-,,2,8,2,B0FD354L27|B0G3685P2S,SHARED,,0,2,35,76,46,33,11,120,40,-
lymphatic contour body brush,RELEVANT,CONTOUR,89,-,224,15,9,2,B0GVBQ7P79|B0FD6Y9BX5,SHARED,,0,73,28,15,137,19,91,48,104,103
stone lymphatic drainage massager,RELEVANT,DRAINAGE,89,-,,39,2,0,,NONE,,0,43,-,-,-,-,-,-,39,-
fascia face tool,RELEVANT,OTHER,89,-,,8,1,1,B0FD354L27,SINGLE,,0,8,-,-,-,-,-,-,-,-
depuffing wand for eyes,RELEVANT,DEPUFF,89,-,,40,1,0,,NONE,,3,40,-,-,-,-,-,-,-,-
face jawline shaper,RELEVANT,JAWLINE_CHIN,89,-,,54,1,0,,NONE,,0,54,-,-,-,-,-,-,-,-
face slimming cream,OFF_CATEGORY,OTHER,89,-,,90,1,0,,NONE,,0,90,-,-,-,-,-,-,-,-
drainage face brush,RELEVANT,DRAINAGE,88,-,69,2,9,4,B0FD354L27|B0GSQW56YT|B0FD6Y9BX5|B0H5MMYNWM,CONSOLIDATED,,2,14,9,33,22,2,23,5,21,65
aeki lymphatic,COMPETITOR_BRAND,LYMPHATIC,88,-,,9,2,2,B0FD354L27|B0FD6Y9BX5,SHARED,,5,9,-,-,-,10,-,-,-,-
face depuffer men,RELEVANT,DEPUFF,88,-,,20,5,1,B0FD354L27,SINGLE,,0,20,-,-,92,26,58,-,41,-
natural bristle dry brushes,RELEVANT,BRUSH_MASSAGE,88,-,,106,6,0,,NONE,,0,-,156,111,166,-,106,-,157,211
sculpting and contouring device,RELEVANT,SCULPTING,88,-,,110,1,0,,NONE,,0,-,-,-,-,-,-,-,110,-
beauty skin treatment,RELEVANT,OTHER,88,-,,239,1,0,,NONE,,0,239,-,-,-,-,-,-,-,-
rhinestones bedazzling,RELEVANT,OTHER,88,-,,,0,0,,NONE,,6,-,-,-,-,-,-,-,-,-
rolled i e cream maker,OFF_CATEGORY,OTHER,88,-,,,0,0,,NONE,0.9,0,-,-,-,-,-,-,-,-,-
facial contour dry brush for face lymphatic drainage,RELEVANT,DRAINAGE,87,-,132,2,9,5,B0FD354L27|B0GSQW56YT|B0FD6Y9BX5|B0G3685P2S|B0G2XLH8CG,CONSOLIDATED,,0,19,8,24,36,2,13,26,11,41
cepillo guasha,OFF_CATEGORY,GUA_SHA,87,-,,2,8,5,B0FD354L27|B0GSQW56YT|B0GC3HX5KH|B0FD6Y9BX5|B0G2XLH8CG,CONSOLIDATED,,0,9,11,34,10,2,24,88,8,-
tryaeki face brush for lymphatic drainage,COMPETITOR_BRAND,DRAINAGE,87,-,87,8,8,3,B0GSQW56YT|B0FD6Y9BX5|B0H5MMYNWM,SHARED,,0,21,20,29,52,11,22,8,49,-
dry brush gua sha,RELEVANT,GUA_SHA,87,-,66,3,9,4,B0FD354L27|B0GSQW56YT|B0FD6Y9BX5|B0H5MMYNWM,CONSOLIDATED,1.25,0,14,9,47,50,3,21,15,31,60
aeki lymphatic contour face brush with instructions,COMPETITOR_BRAND,CONTOUR,87,-,102,3,9,4,B0FD354L27|B0GSQW56YT|B0FD6Y9BX5|B0G3685P2S,CONSOLIDATED,,0,3,18,40,28,7,17,24,21,127
wooden handle face brush,RELEVANT,BRUSH_MASSAGE,87,-,,1,7,5,B0FD354L27|B0GSQW56YT|B0GC3HX5KH|B0FD6Y9BX5|B0G3685P2S,CONSOLIDATED,1.07,0,1,17,36,3,13,16,43,-,-
kglow brush,RELEVANT,BRUSH_MASSAGE,87,-,,1,2,2,B0FD354L27|B0GC3HX5KH,SHARED,1.2,0,1,-,-,9,-,-,-,-,-
dry brushing for cellulite,RELEVANT,BRUSH_MASSAGE,87,-,,31,5,0,,NONE,,0,31,-,110,98,-,97,-,65,-
floriem brush,COMPETITOR_BRAND,BRUSH_MASSAGE,87,-,,1,1,1,B0FD354L27,SINGLE,,0,1,-,-,-,-,-,-,-,-
chenyayun lymphatic,RELEVANT,LYMPHATIC,87,-,,28,1,0,,NONE,2.38,0,28,-,-,-,-,-,-,-,-
makeup tools and accessories,RELEVANT,OTHER,87,-,,28,1,0,,NONE,0.55,0,-,-,-,-,28,-,-,-,-
skin glow for face,RELEVANT,OTHER,87,-,,31,1,0,,NONE,,0,-,-,-,-,31,-,-,-,-
makeup contour brush,RELEVANT,CONTOUR,87,-,,54,6,0,,NONE,,0,91,-,-,154,54,76,131,222,-
vintage brush set,RELEVANT,BRUSH_MASSAGE,87,-,,64,1,0,,NONE,,0,-,-,64,-,-,-,-,-,-
face plush,RELEVANT,OTHER,87,-,,112,1,0,,NONE,,1,-,-,-,-,-,112,-,-,-
tension headache relief tool,RELEVANT,OTHER,87,-,,121,1,0,,NONE,1.17,0,121,-,-,-,-,-,-,-,-
makeup glow,RELEVANT,OTHER,87,-,,198,1,0,,NONE,,0,-,-,-,-,198,-,-,-,-
luxury skincare set,RELEVANT,OTHER,87,-,,252,1,0,,NONE,,0,-,-,-,-,-,-,-,252,-
facial lymph brush,RELEVANT,LYMPHATIC,86,-,115,2,8,5,B0FD354L27|B0GSQW56YT|B0GC3HX5KH|B0FD6Y9BX5|B0G2XLH8CG,CONSOLIDATED,,0,11,20,30,15,2,23,22,17,-
kojiva lymphatic facial brush,COMPETITOR_BRAND,LYMPHATIC,86,-,115,2,9,6,B0FD354L27|B0GSQW56YT|B0FD6Y9BX5|B0G3685P2S|B0H5MMYNWM|B0G2XLH8CG,CONSOLIDATED,1.2,0,2,12,29,23,7,10,17,9,101
bamboo face brush,RELEVANT,BRUSH_MASSAGE,86,-,,31,7,0,,NONE,,0,42,53,35,39,-,67,120,31,-
viral brush,RELEVANT,BRUSH_MASSAGE,86,-,,8,2,1,B0FD6Y9BX5,SINGLE,,0,38,-,-,-,8,-,-,-,-
face wrinkle massager,RELEVANT,BRUSH_MASSAGE,86,-,,12,2,1,B0FD354L27,SINGLE,,0,12,-,-,-,-,-,-,158,-
chin strap for sleeping face lift,OFF_CATEGORY,OTHER,86,-,,119,1,0,,NONE,1.31,0,119,-,-,-,-,-,-,-,-
bliss skincare set,RELEVANT,OTHER,86,-,,137,1,0,,NONE,1.24,0,-,-,-,-,-,137,-,-,-
castor oil face roller,OFF_CATEGORY,OTHER,86,-,,186,1,0,,NONE,1.38,0,-,-,-,-,-,-,-,186,-
light contour,RELEVANT,CONTOUR,86,-,,197,3,0,,NONE,,0,219,-,-,-,-,197,-,220,-
amazon neck massager,RELEVANT,JAWLINE_CHIN,86,-,,238,1,0,,NONE,1.32,0,-,-,-,-,238,-,-,-,-
skincare dry skin,RELEVANT,OTHER,86,-,,292,1,0,,NONE,,0,-,-,-,-,-,292,-,-,-
kokiva lymphatic face brush,RELEVANT,LYMPHATIC,85,-,96,2,8,5,B0FD354L27|B0GSQW56YT|B0GVBQ7P79|B0FD6Y9BX5|B0G3685P2S,CONSOLIDATED,1.28,0,12,2,18,38,3,16,49,64,-
loryn facial contour brush,RELEVANT,CONTOUR,85,-,97,4,8,4,B0FD354L27|B0GSQW56YT|B0FD6Y9BX5|B0H5MMYNWM,CONSOLIDATED,1.28,0,10,15,29,46,4,33,11,80,-
skindion maquina facial,RELEVANT,OTHER,85,-,,18,1,1,B0FD354L27,SINGLE,2.12,0,18,-,-,-,-,-,-,-,-
really useful products,RELEVANT,OTHER,85,-,,38,1,0,,NONE,0.71,0,38,-,-,-,-,-,-,-,-
fsa lymphatic drainage massager,RELEVANT,DRAINAGE,85,-,,107,1,0,,NONE,,0,107,-,-,-,-,-,-,-,-
real perfection makeup brushes,RELEVANT,BRUSH_MASSAGE,85,-,,113,1,0,,NONE,0.65,0,-,-,-,-,113,-,-,-,-
face and neck lifting device,RELEVANT,JAWLINE_CHIN,85,-,,236,1,0,,NONE,1.25,0,-,-,-,-,-,-,-,236,-
de bloat face sculpting brush,RELEVANT,SCULPTING,84,-,128,1,8,6,B0FD354L27|B0GSQW56YT|B0GC3HX5KH|B0FD6Y9BX5|B0G3685P2S|B0G2XLH8CG,CONSOLIDATED,1.37,0,2,14,53,7,1,9,23,17,-
harrys face tool,RELEVANT,OTHER,84,-,,17,1,1,B0GC3HX5KH,SINGLE,,0,-,-,-,17,-,-,-,-,-
gua sha black,RELEVANT,GUA_SHA,84,-,,78,1,0,,NONE,,0,-,-,-,-,-,-,78,-,-
hair brush massage,RELEVANT,BRUSH_MASSAGE,84,-,,130,1,0,,NONE,,0,130,-,-,-,-,-,-,-,-
recuvia gua sha brush for face,COMPETITOR_BRAND,GUA_SHA,83,-,83,1,8,5,B0FD354L27|B0GSQW56YT|B0FD6Y9BX5|B0G3685P2S|B0H5MMYNWM,CONSOLIDATED,1.17,0,8,13,69,50,1,19,11,59,-
facial drainage massage tools,RELEVANT,DRAINAGE,83,-,196,3,7,2,B0GC3HX5KH|B0FD6Y9BX5,SHARED,1.36,0,59,40,147,16,3,64,-,34,-
flex face brush,RELEVANT,BRUSH_MASSAGE,83,-,143,21,5,0,,NONE,1.27,0,21,47,-,70,-,53,78,-,-
face stick for fascia release,RELEVANT,OTHER,83,-,,23,1,0,,NONE,1.2,0,23,-,-,-,-,-,-,-,-
make up brushs,RELEVANT,BRUSH_MASSAGE,83,-,,31,1,0,,NONE,,0,-,-,-,-,31,-,-,-,-
massage for women self care,RELEVANT,BRUSH_MASSAGE,83,-,,119,3,0,,NONE,,0,-,-,137,192,-,-,-,119,-
silicone face and body brush,RELEVANT,BRUSH_MASSAGE,83,-,,,0,0,,NONE,,0,-,-,-,-,-,-,-,-,-
contour face brush￼,RELEVANT,CONTOUR,82,-,89,1,8,6,B0FD354L27|B0GSQW56YT|B0FD6Y9BX5|B0G3685P2S|B0H5MMYNWM|B0G2XLH8CG,CONSOLIDATED,1.17,0,1,17,27,28,2,13,3,12,-
double chin reducer reusable,RELEVANT,JAWLINE_CHIN,82,-,,24,1,0,,NONE,,0,24,-,-,-,-,-,-,-,-
blush contour brush,RELEVANT,CONTOUR,82,-,,43,2,0,,NONE,,0,-,-,-,-,142,-,43,-,-
dry brush skin,RELEVANT,BRUSH_MASSAGE,82,-,,71,7,0,,NONE,1.26,0,71,127,151,152,139,93,-,112,-
spa tools for facials,RELEVANT,OTHER,82,-,,45,1,0,,NONE,,0,45,-,-,-,-,-,-,-,-
alpha fit facial cleansing brush,RELEVANT,BRUSH_MASSAGE,82,-,,91,4,0,,NONE,,0,91,-,-,200,-,159,268,-,-
gua sha brush hair,RELEVANT,GUA_SHA,82,-,148,81,3,0,,NONE,,1,-,-,-,129,-,-,89,81,-
sculpting hair brush,RELEVANT,SCULPTING,82,-,,145,3,0,,NONE,0.95,1,145,163,-,-,-,-,-,169,-
stainless steel gua sha scraping tool,OFF_CATEGORY,GUA_SHA,82,-,,136,1,0,,NONE,1.06,0,-,-,-,-,-,-,-,136,-
self neck massager tool,RELEVANT,JAWLINE_CHIN,82,-,,206,3,0,,NONE,,0,209,206,-,241,-,-,-,-,-
messaging brush,RELEVANT,BRUSH_MASSAGE,82,-,,264,1,0,,NONE,,0,-,-,-,264,-,-,-,-,-
luxury skincare gift set,RELEVANT,OTHER,82,-,,267,1,0,,NONE,1.28,1,-,-,-,-,-,-,-,267,-
dry facial brush for lymphatic drainage,RELEVANT,DRAINAGE,81,-,102,4,9,8,B0FD354L27|B0GSQW56YT|B0GVBQ7P79|B0GC3HX5KH|B0FD6Y9BX5|B0G3685P2S|B0H5MMYNWM|B0G2XLH8CG,CONSOLIDATED,,1,16,5,13,12,4,18,6,19,54
sculpt lymphatic face brush,RELEVANT,SCULPTING,81,-,118,2,9,7,B0FD354L27|B0GSQW56YT|B0GC3HX5KH|B0FD6Y9BX5|B0G3685P2S|B0H5MMYNWM|B0G2XLH8CG,CONSOLIDATED,,0,19,12,26,13,2,15,9,5,76
best lymphatic drainage face tool,RELEVANT,DRAINAGE,81,-,,5,8,5,B0FD354L27|B0GSQW56YT|B0FD6Y9BX5|B0G3685P2S|B0G2XLH8CG,CONSOLIDATED,1.42,0,5,8,69,61,6,20,27,14,-
face lifter brush,RELEVANT,BRUSH_MASSAGE,81,-,97,1,8,4,B0FD354L27|B0GSQW56YT|B0GC3HX5KH|B0FD6Y9BX5,CONSOLIDATED,,0,19,17,33,18,1,26,53,62,-
soothesilk face brush,COMPETITOR_BRAND,BRUSH_MASSAGE,81,-,,1,5,5,B0FD354L27|B0GVBQ7P79|B0GC3HX5KH|B0FD6Y9BX5|B0H5MMYNWM,CONSOLIDATED,1.47,0,1,-,18,19,5,-,6,-,-
lymphatic contour face and body brushes,RELEVANT,CONTOUR,81,-,172,8,9,2,B0GSQW56YT|B0FD6Y9BX5,SHARED,,0,32,8,22,49,9,42,27,44,64
giasha,RELEVANT,OTHER,81,-,,65,6,0,,NONE,,0,178,138,264,122,97,-,-,65,-
guasha tool jade,RELEVANT,GUA_SHA,81,-,,35,1,0,,NONE,,0,-,-,-,-,-,-,-,35,-
skin tightening under chin,RELEVANT,OTHER,81,-,,43,1,0,,NONE,,0,43,-,-,-,-,-,-,-,-
face rollee,RELEVANT,OTHER,81,-,,72,1,0,,NONE,0.93,0,72,-,-,-,-,-,-,-,-
no touch tool,RELEVANT,OTHER,81,-,,41,2,0,,NONE,,1,41,-,-,214,-,-,-,-,-
skincare for mom,RELEVANT,OTHER,81,-,,261,1,0,,NONE,1.41,0,-,-,-,261,-,-,-,-,-
kogeva facial brush,RELEVANT,BRUSH_MASSAGE,80,-,,1,6,6,B0FD354L27|B0GVBQ7P79|B0GC3HX5KH|B0FD6Y9BX5|B0G3685P2S|B0G2XLH8CG,CONSOLIDATED,,0,1,-,8,4,13,7,-,11,-
cepillo para lift facial,OFF_CATEGORY,OTHER,80,-,122,2,8,6,B0FD354L27|B0GSQW56YT|B0GC3HX5KH|B0FD6Y9BX5|B0G3685P2S|B0G2XLH8CG,CONSOLIDATED,,0,15,18,49,10,2,13,30,14,-
lymphatic face drainage tool,RELEVANT,DRAINAGE,80,-,172,9,9,3,B0GSQW56YT|B0FD6Y9BX5|B0G3685P2S,SHARED,,0,38,9,60,105,11,14,49,34,200
light face sculpting tool,RELEVANT,SCULPTING,80,-,,72,4,0,,NONE,1.96,0,-,87,-,-,77,114,-,72,-
small face brush,RELEVANT,BRUSH_MASSAGE,80,-,229,23,9,0,,NONE,,0,23,82,112,136,86,80,29,97,287
alora lymphatic drainage,RELEVANT,DRAINAGE,80,-,,56,1,0,,NONE,1.86,0,-,-,-,-,56,-,-,-,-
medicube wrinkle reducer,OFF_CATEGORY,OTHER,80,-,,64,1,0,,NONE,1.21,0,64,-,-,-,-,-,-,-,-
mini contour,RELEVANT,CONTOUR,80,-,,136,2,0,,NONE,,0,-,136,-,154,-,-,-,-,-
headache eye massager,RELEVANT,BRUSH_MASSAGE,80,-,,157,2,0,,NONE,1.94,0,178,-,-,-,157,-,-,-,-
self care facial gifts for women,RELEVANT,OTHER,80,-,,163,3,0,,NONE,,0,-,-,192,219,-,-,-,163,-
gua sha facial tools rose quartz,RELEVANT,GUA_SHA,80,-,,98,1,0,,NONE,1.43,2,-,-,-,-,-,-,-,98,-
face lift solution,RELEVANT,OTHER,80,-,,142,1,0,,NONE,,4,-,142,-,-,-,-,-,-,-
surgery tools,RELEVANT,OTHER,80,-,,257,1,0,,NONE,,0,257,-,-,-,-,-,-,-,-
frozen gua sha,RELEVANT,GUA_SHA,80,-,,,0,0,,NONE,1.2,0,-,-,-,-,-,-,-,-,-
lymphatic drainage brushes for face,RELEVANT,DRAINAGE,79,-,146,4,9,7,B0FD354L27|B0GSQW56YT|B0GC3HX5KH|B0FD6Y9BX5|B0G3685P2S|B0H5MMYNWM|B0G2XLH8CG,CONSOLIDATED,,0,15,12,35,20,10,13,4,17,163
"extra large brush,",RELEVANT,BRUSH_MASSAGE,79,-,,34,2,0,,NONE,1.17,0,34,-,-,-,-,-,44,-,-
self care tools,RELEVANT,OTHER,79,-,,49,4,0,,NONE,0.94,0,-,92,-,-,49,85,-,90,-
dry brush for sensitive skin,RELEVANT,BRUSH_MASSAGE,79,-,,56,3,0,,NONE,,1,56,-,-,-,-,75,-,83,-
this works neck serum,OFF_CATEGORY,JAWLINE_CHIN,79,-,,156,1,0,,NONE,,0,-,-,-,-,-,156,-,-,-
gosha brush for face,RELEVANT,BRUSH_MASSAGE,78,-,60,1,9,7,B0FD354L27|B0GSQW56YT|B0GC3HX5KH|B0FD6Y9BX5|B0G3685P2S|B0H5MMYNWM|B0G2XLH8CG,CONSOLIDATED,,0,1,14,28,6,9,15,11,5,69
lymphatic facial brushes,RELEVANT,LYMPHATIC,78,-,98,5,9,7,B0FD354L27|B0GSQW56YT|B0GVBQ7P79|B0FD6Y9BX5|B0G3685P2S|B0H5MMYNWM|B0G2XLH8CG,CONSOLIDATED,,0,5,7,16,78,9,13,17,12,107
glow touch face sculpting,RELEVANT,SCULPTING,78,-,,27,5,0,,NONE,2.29,0,-,39,112,62,27,-,-,41,-
helps with double chin,RELEVANT,JAWLINE_CHIN,78,-,,5,1,1,B0FD354L27,SINGLE,,0,5,-,-,-,-,-,-,-,-
facial rollers for aging skin,RELEVANT,OTHER,78,-,,36,1,0,,NONE,1.36,0,36,-,-,-,-,-,-,-,-
home spa items,RELEVANT,OTHER,78,-,,39,1,0,,NONE,,0,39,-,-,-,-,-,-,-,-
fave roller,RELEVANT,OTHER,78,-,,55,1,0,,NONE,,0,55,-,-,-,-,-,-,-,-
body brush for dry brushing cellulite,RELEVANT,BRUSH_MASSAGE,78,-,,137,4,0,,NONE,,0,-,159,279,137,-,142,-,-,-
facial cleansing brush waterproof,RELEVANT,BRUSH_MASSAGE,78,-,,130,3,0,,NONE,,0,-,-,130,148,-,-,249,-,-
stainless steel gua sha set,OFF_CATEGORY,GUA_SHA,78,-,,100,1,0,,NONE,,2,-,-,100,-,-,-,-,-,-
lymphatic contour face brush rose romee,RELEVANT,CONTOUR,77,-,21,8,8,6,B0FD354L27|B0GSQW56YT|B0FD6Y9BX5|B0G3685P2S|B0H5MMYNWM|B0G2XLH8CG,CONSOLIDATED,1.25,0,19,9,36,24,15,14,8,16,-
sculpting brush for face,RELEVANT,SCULPTING,77,-,129,4,9,5,B0FD354L27|B0GSQW56YT|B0FD6Y9BX5|B0G3685P2S|B0H5MMYNWM,CONSOLIDATED,,2,14,8,38,74,4,6,17,44,77
gia sha brush,RELEVANT,BRUSH_MASSAGE,77,-,,1,5,4,B0FD354L27|B0GSQW56YT|B0G3685P2S|B0G2XLH8CG,CONSOLIDATED,,0,1,6,37,-,-,11,-,2,-
serum brush,OFF_CATEGORY,BRUSH_MASSAGE,77,-,,36,6,0,,NONE,,0,36,-,-,122,110,54,83,104,-
dalba face lift device,RELEVANT,OTHER,77,-,,17,1,1,B0FD354L27,SINGLE,,0,17,-,-,-,-,-,-,-,-
lymphatic massagers,RELEVANT,LYMPHATIC,77,-,,21,5,0,,NONE,1.4,0,21,140,-,248,184,-,-,209,-
derox,RELEVANT,OTHER,77,-,,164,1,0,,NONE,,0,-,-,-,-,-,-,-,-,164
beauty device for face and neck,RELEVANT,JAWLINE_CHIN,77,-,,171,1,0,,NONE,,0,-,-,-,-,-,-,-,171,-
neck tool,RELEVANT,JAWLINE_CHIN,77,-,,140,6,0,,NONE,,1,140,182,-,284,190,150,-,233,-
natural face exfoliator,RELEVANT,OTHER,77,-,,170,2,0,,NONE,,0,-,-,170,-,-,277,-,-,-
aluvia lymph brush,RELEVANT,LYMPHATIC,76,-,95,2,7,2,B0FD354L27|B0FD6Y9BX5,SHARED,1.31,0,4,23,35,50,2,25,-,60,-
face brush sets,RELEVANT,BRUSH_MASSAGE,76,-,,146,2,0,,NONE,,0,-,-,166,-,-,-,-,146,-
makeup brushes green,RELEVANT,BRUSH_MASSAGE,76,-,,113,1,0,,NONE,0.64,0,-,-,-,-,-,-,-,113,-
beauty brush sets,RELEVANT,BRUSH_MASSAGE,76,-,,276,1,0,,NONE,,0,-,-,-,-,276,-,-,-,-
best eye massager,RELEVANT,BRUSH_MASSAGE,75,-,,160,1,0,,NONE,2,0,-,-,-,-,160,-,-,-,-
real touch neck massager,RELEVANT,JAWLINE_CHIN,75,-,,228,3,0,,NONE,,0,243,-,-,-,236,-,-,228,-
beauty gift box,RELEVANT,OTHER,75,-,,253,1,0,,NONE,,0,-,-,253,-,-,-,-,-,-
face brushing,RELEVANT,BRUSH_MASSAGE,74,-,292,2,9,5,B0FD354L27|B0GSQW56YT|B0FD6Y9BX5|B0G3685P2S|B0H5MMYNWM,CONSOLIDATED,,0,15,17,25,70,2,13,11,31,95
awki lymphatic brush,RELEVANT,LYMPHATIC,74,-,98,2,7,4,B0FD354L27|B0GSQW56YT|B0FD6Y9BX5|B0G2XLH8CG,CONSOLIDATED,1.27,0,2,20,34,53,8,61,-,19,-
double chin fixer,RELEVANT,JAWLINE_CHIN,74,-,,8,1,1,B0FD354L27,SINGLE,,0,8,-,-,-,-,-,-,-,-
cepillo para celulitis en la pierna,OFF_CATEGORY,OTHER,74,-,,122,2,0,,NONE,,0,-,-,-,254,-,122,-,-,-
daily skin care set,RELEVANT,OTHER,74,-,,249,1,0,,NONE,,0,-,-,249,-,-,-,-,-,-
refy duo brush,RELEVANT,BRUSH_MASSAGE,74,-,,,0,0,,NONE,,0,-,-,-,-,-,-,-,-,-
hi zoo lymphatic drainage massager,RELEVANT,DRAINAGE,73,-,,5,1,1,B0FD354L27,SINGLE,1.49,0,5,-,-,-,-,-,-,-,-
fashia blasting tools,RELEVANT,OTHER,73,-,,10,1,1,B0GC3HX5KH,SINGLE,,0,-,-,-,10,-,-,-,-,-
dry brushing for lymphatic drainage,RELEVANT,DRAINAGE,73,-,,20,9,1,B0FD354L27,SINGLE,,0,20,63,70,66,89,38,296,73,276
detox lymphatic system,RELEVANT,LYMPHATIC,73,-,,98,1,0,,NONE,,0,-,-,-,-,98,-,-,-,-
silk face glow,RELEVANT,OTHER,73,-,,104,1,0,,NONE,1.95,1,-,-,-,104,-,-,-,-,-
headache relief eye massager,RELEVANT,BRUSH_MASSAGE,73,-,,166,1,0,,NONE,,0,166,-,-,-,-,-,-,-,-
body brush dry,RELEVANT,BRUSH_MASSAGE,73,-,,173,2,0,,NONE,1.37,0,-,269,173,-,-,-,-,-,-
makeup up brushes,RELEVANT,BRUSH_MASSAGE,73,-,,254,2,0,,NONE,,0,281,-,-,-,254,-,-,-,-
contour brush for face,RELEVANT,CONTOUR,72,-,111,1,8,3,B0FD354L27|B0GSQW56YT|B0FD6Y9BX5,SHARED,1.07,2,1,17,27,43,2,25,30,22,-
face lymphatic contour brush for jawline & chin sculpting dry brushing massager for lymphatic draina,RELEVANT,SCULPTING,72,-,278,6,8,2,B0FD354L27|B0FD6Y9BX5,SHARED,,0,6,34,96,69,16,35,171,62,-
best double chin eliminator,RELEVANT,JAWLINE_CHIN,72,-,,7,1,1,B0FD354L27,SINGLE,2.01,0,7,-,-,-,-,-,-,-,-
anti cellulite rotating massager,RELEVANT,BRUSH_MASSAGE,72,-,,23,1,0,,NONE,1.39,0,23,-,-,-,-,-,-,-,-
swollen eye makeup,RELEVANT,OTHER,72,-,,43,2,0,,NONE,,0,-,-,-,112,43,-,-,-,-
dry brush',RELEVANT,BRUSH_MASSAGE,72,-,,81,6,0,,NONE,,0,82,213,-,171,166,81,-,212,-
dry skin for women,RELEVANT,OTHER,72,-,,116,1,0,,NONE,,0,116,-,-,-,-,-,-,-,-
lymphatic face brush aeki,COMPETITOR_BRAND,LYMPHATIC,71,-,139,7,9,4,B0FD354L27|B0GSQW56YT|B0FD6Y9BX5|B0G3685P2S,CONSOLIDATED,,0,18,17,30,26,7,20,28,23,51
face depuffing,RELEVANT,DEPUFF,71,-,,6,7,2,B0FD354L27|B0FD6Y9BX5,SHARED,,0,18,47,-,112,6,95,39,83,-
vddo,RELEVANT,OTHER,71,-,,2,2,2,B0FD354L27|B0GC3HX5KH,SHARED,1.35,0,2,-,-,8,-,-,-,-,-
looks like a hand massager,RELEVANT,BRUSH_MASSAGE,71,-,,124,2,0,,NONE,1.61,0,-,124,-,-,-,-,-,131,-
better natural fiber hair brush,RELEVANT,BRUSH_MASSAGE,71,-,,130,1,0,,NONE,,0,-,-,-,-,-,-,-,130,-
skin care gadgets,RELEVANT,OTHER,71,-,,151,1,0,,NONE,,0,151,-,-,-,-,-,-,-,-
makeup brushes big,RELEVANT,BRUSH_MASSAGE,71,-,,171,1,0,,NONE,,0,-,-,-,-,171,-,-,-,-
aeki lymphatic contour brush,COMPETITOR_BRAND,CONTOUR,70,-,114,8,8,2,B0FD6Y9BX5|B0G3685P2S,SHARED,1.27,0,26,24,36,37,8,20,35,59,-
aeki face sculpting brush,COMPETITOR_BRAND,SCULPTING,70,-,129,5,8,1,B0FD6Y9BX5,SINGLE,,0,34,23,34,54,5,33,40,37,-
face sculptor tool,RELEVANT,SCULPTING,70,-,,51,2,0,,NONE,1.42,0,-,-,-,-,66,51,-,-,-
dry brush cellulite,RELEVANT,BRUSH_MASSAGE,70,-,,44,7,0,,NONE,1.31,0,44,98,160,87,118,74,-,224,-
rampula facial cleansing brush,RELEVANT,BRUSH_MASSAGE,70,-,,130,1,0,,NONE,,2,-,-,-,-,-,-,130,-,-
amazon toilet brush,OFF_CATEGORY,BRUSH_MASSAGE,70,-,,214,1,0,,NONE,0.88,0,214,-,-,-,-,-,-,-,-
skincare gift sets collection,RELEVANT,OTHER,70,-,,217,1,0,,NONE,,0,-,-,-,-,-,-,-,217,-
black skincare,RELEVANT,OTHER,70,-,,230,1,0,,NONE,,0,-,-,-,-,-,-,230,-,-
the lymphatic brush,RELEVANT,LYMPHATIC,69,-,288,1,9,7,B0FD354L27|B0GSQW56YT|B0GVBQ7P79|B0FD6Y9BX5|B0G3685P2S|B0H5MMYNWM|B0G2XLH8CG,CONSOLIDATED,1.36,0,1,4,13,23,3,6,19,15,71
gua sha soft brush,RELEVANT,GUA_SHA,69,-,63,1,9,4,B0GSQW56YT|B0GC3HX5KH|B0FD6Y9BX5|B0G3685P2S,CONSOLIDATED,,0,30,11,46,10,1,13,22,35,113
gua sha facial sets,RELEVANT,GUA_SHA,69,-,,24,2,0,,NONE,1.32,0,-,-,106,-,-,-,-,24,-
face toller,RELEVANT,OTHER,69,-,,53,1,0,,NONE,1.41,0,53,-,-,-,-,-,-,-,-
beauty tool,RELEVANT,OTHER,69,-,,3,4,1,B0FD6Y9BX5,SINGLE,,2,203,-,-,-,3,206,-,82,-
makeup brush clean,RELEVANT,BRUSH_MASSAGE,69,-,,81,1,0,,NONE,,0,-,-,-,-,81,-,-,-,-
double ended contour stick,RELEVANT,CONTOUR,69,-,,161,1,0,,NONE,,0,-,-,-,-,-,-,-,161,-
wooden scalp massage brush,RELEVANT,BRUSH_MASSAGE,69,-,,166,1,0,,NONE,0.94,1,-,-,-,166,-,-,-,-,-
cellulite body brush,RELEVANT,BRUSH_MASSAGE,69,-,,188,6,0,,NONE,,0,188,221,299,-,266,-,206,297,-
wooden brush pack,RELEVANT,BRUSH_MASSAGE,69,-,,242,2,0,,NONE,,0,-,-,279,242,-,-,-,-,-
exfloriator brush,RELEVANT,BRUSH_MASSAGE,69,-,,234,2,0,,NONE,,0,-,-,290,-,-,234,-,-,-
refy duo face brush,RELEVANT,BRUSH_MASSAGE,69,-,,,0,0,,NONE,1.07,0,-,-,-,-,-,-,-,-,-
soft guasha brush,RELEVANT,GUA_SHA,68,-,42,1,9,7,B0FD354L27|B0GSQW56YT|B0GC3HX5KH|B0FD6Y9BX5|B0G3685P2S|B0H5MMYNWM|B0G2XLH8CG,CONSOLIDATED,,0,1,2,34,10,5,20,7,9,80
puffy face brush,RELEVANT,DEPUFF,68,-,80,2,9,6,B0FD354L27|B0GSQW56YT|B0FD6Y9BX5|B0G3685P2S|B0H5MMYNWM|B0G2XLH8CG,CONSOLIDATED,,0,6,15,34,27,2,14,16,7,65
soft lymphatic dry brush,RELEVANT,LYMPHATIC,68,-,,55,7,0,,NONE,,0,74,209,158,185,71,55,-,109,-
brush dry body,RELEVANT,BRUSH_MASSAGE,68,-,,286,1,0,,NONE,,0,-,-,286,-,-,-,-,-,-
energy makeup brushes,RELEVANT,BRUSH_MASSAGE,68,-,,293,1,0,,NONE,1.24,1,-,-,-,-,-,-,-,293,-
mud mask brush,RELEVANT,BRUSH_MASSAGE,68,-,,,0,0,,NONE,,0,-,-,-,-,-,-,-,-,-
wooden face brush,RELEVANT,BRUSH_MASSAGE,67,-,285,2,9,3,B0FD354L27|B0GVBQ7P79|B0GC3HX5KH,SHARED,,2,2,53,9,16,56,45,37,32,52
face sculpture tool,RELEVANT,SCULPTING,67,-,,4,2,1,B0FD6Y9BX5,SINGLE,,0,-,-,-,-,4,-,-,28,-
facial fascia release tools,RELEVANT,OTHER,67,-,,28,5,0,,NONE,,0,28,85,-,41,-,96,-,87,-
jawline exerciser for women,RELEVANT,JAWLINE_CHIN,67,-,,34,2,0,,NONE,0.78,1,34,-,-,-,-,-,-,110,-
lymphatic drainage stimulator,RELEVANT,DRAINAGE,67,-,,43,3,0,,NONE,1.61,0,43,85,-,-,-,-,-,100,-
best make up brushes,RELEVANT,BRUSH_MASSAGE,67,-,,104,1,0,,NONE,1.51,0,-,-,-,-,104,-,-,-,-
exfoliating dry brush for body,RELEVANT,BRUSH_MASSAGE,67,-,,206,1,0,,NONE,1.24,0,-,-,206,-,-,-,-,-,-
contouring make up,RELEVANT,CONTOUR,67,-,,216,2,0,,NONE,1.04,0,-,-,-,-,226,-,-,216,-
light green face makeup,RELEVANT,OTHER,67,-,,268,1,0,,NONE,0.97,0,-,-,-,-,-,-,-,268,-
jawline shaper tool,RELEVANT,JAWLINE_CHIN,67,-,,276,1,0,,NONE,,0,276,-,-,-,-,-,-,-,-
25 and under items for women,RELEVANT,OTHER,67,-,,,0,0,,NONE,,0,-,-,-,-,-,-,-,-,-
lymphatic massage face brush,RELEVANT,LYMPHATIC,66,-,135,2,9,6,B0FD354L27|B0GSQW56YT|B0GC3HX5KH|B0FD6Y9BX5|B0H5MMYNWM|B0G2XLH8CG,CONSOLIDATED,1.18,0,2,11,25,9,5,22,10,17,166
ovq lymphatic contour brush,RELEVANT,CONTOUR,66,-,91,3,9,2,B0FD354L27|B0FD6Y9BX5,SHARED,,0,10,32,38,44,3,24,29,28,79
dry gua sha brush,RELEVANT,GUA_SHA,66,-,50,2,9,4,B0FD354L27|B0GSQW56YT|B0FD6Y9BX5|B0G3685P2S,CONSOLIDATED,,1,15,9,135,38,2,14,24,33,80
best dry brush for cellulite,RELEVANT,BRUSH_MASSAGE,66,-,275,57,4,0,,NONE,,0,-,59,127,61,-,57,-,-,-
괄사 마사지기구 from korea,RELEVANT,OTHER,66,-,,22,1,0,,NONE,1.05,0,-,-,-,-,-,-,-,22,-
microcurrent devices,RELEVANT,OTHER,66,-,,61,1,0,,NONE,,1,61,-,-,-,-,-,-,-,-
under eye tool,RELEVANT,OTHER,66,-,,90,4,0,,NONE,,0,125,-,-,132,90,-,-,192,-
facial neck massager,RELEVANT,JAWLINE_CHIN,66,-,,165,5,0,,NONE,2.12,0,165,190,-,-,191,215,-,206,-
beauty by earth gua sha,RELEVANT,GUA_SHA,66,-,,,0,0,,NONE,1.23,0,-,-,-,-,-,-,-,-,-
rosenice rose quartz gua sha facial tools,RELEVANT,GUA_SHA,66,-,,,0,0,,NONE,,0,-,-,-,-,-,-,-,-,-
gua sha kitsch,COMPETITOR_BRAND,GUA_SHA,65,-,,5,1,1,B0H5MMYNWM,SINGLE,,0,-,-,-,-,-,-,5,-,-
contouring face roller,RELEVANT,CONTOUR,65,-,,10,1,1,B0FD354L27,SINGLE,,0,10,-,-,-,-,-,-,-,-
face lifting massager,RELEVANT,BRUSH_MASSAGE,65,-,,6,6,1,B0FD354L27,SINGLE,1.43,0,6,115,-,243,76,166,-,164,-
lymph detox,RELEVANT,LYMPHATIC,65,-,,70,1,0,,NONE,1.29,5,-,-,-,-,70,-,-,-,-
contouring kit,RELEVANT,CONTOUR,65,-,,131,2,0,,NONE,,0,-,-,205,-,131,-,-,-,-
self care gadgets,RELEVANT,OTHER,65,-,,115,1,0,,NONE,,0,115,-,-,-,-,-,-,-,-
eye magic instant eye lift,RELEVANT,OTHER,65,-,,124,1,0,,NONE,1.58,0,-,-,-,-,-,124,-,-,-
contour for fair skin,RELEVANT,CONTOUR,65,-,,290,1,0,,NONE,,0,-,-,-,290,-,-,-,-,-
contour facial brush for lymphatic drainage,RELEVANT,DRAINAGE,64,-,151,5,9,4,B0FD354L27|B0GSQW56YT|B0FD6Y9BX5|B0G2XLH8CG,CONSOLIDATED,,0,13,12,48,51,5,28,24,19,117
korean face tools,RELEVANT,OTHER,64,-,,10,1,1,B0FD354L27,SINGLE,,0,10,-,-,-,-,-,-,-,-
makeup brished,RELEVANT,OTHER,64,-,,35,1,0,,NONE,,0,-,-,-,-,35,-,-,-,-
ultra quiet eye massager,RELEVANT,BRUSH_MASSAGE,64,-,,89,1,0,,NONE,,1,-,-,-,-,-,-,-,89,-
real technique brush,RELEVANT,BRUSH_MASSAGE,64,-,,106,3,0,,NONE,1.13,0,124,-,-,-,138,-,106,-,-
neck massager like real hands,RELEVANT,JAWLINE_CHIN,64,-,,274,1,0,,NONE,,0,-,274,-,-,-,-,-,-,-
washa face brush,RELEVANT,BRUSH_MASSAGE,63,-,,1,8,6,B0FD354L27|B0GSQW56YT|B0GC3HX5KH|B0FD6Y9BX5|B0G3685P2S|B0H5MMYNWM,CONSOLIDATED,1.41,0,2,9,40,18,1,3,20,24,-
pro face contour brush set,RELEVANT,CONTOUR,63,-,,18,2,1,B0H5MMYNWM,SINGLE,,1,-,-,-,-,27,-,18,-,-
eye lymphatic drainage tool,RELEVANT,DRAINAGE,63,-,,20,7,1,B0FD6Y9BX5,SINGLE,,0,64,83,151,138,20,62,-,29,-
chin sculpting tool,RELEVANT,SCULPTING,63,-,,33,5,0,,NONE,1.49,0,33,84,-,101,81,110,-,-,-
face massage stone,RELEVANT,BRUSH_MASSAGE,63,-,,35,2,0,,NONE,,0,35,-,-,-,-,-,-,121,-
red light lymphatic drainage tool,RELEVANT,DRAINAGE,63,-,,52,1,0,,NONE,,0,52,-,-,-,-,-,-,-,-
luxury makeup brands,RELEVANT,OTHER,63,-,,103,1,0,,NONE,,0,-,-,-,-,-,103,-,-,-
belly massage brush,RELEVANT,BRUSH_MASSAGE,63,-,,110,1,0,,NONE,1.26,1,-,-,-,110,-,-,-,-,-
guasha brushes for face,RELEVANT,GUA_SHA,62,-,68,2,9,4,B0FD354L27|B0GSQW56YT|B0FD6Y9BX5|B0G3685P2S,CONSOLIDATED,,0,16,4,91,53,2,19,67,29,45
dry brushing lymphatic,RELEVANT,LYMPHATIC,62,-,,5,9,1,B0FD354L27,SINGLE,,0,5,69,42,28,100,41,98,56,130
double chin reducer tool,RELEVANT,JAWLINE_CHIN,62,-,,10,1,1,B0FD354L27,SINGLE,1.31,0,10,-,-,-,-,-,-,-,-
facial mask brusg,RELEVANT,OTHER,62,-,,102,8,0,,NONE,,0,102,177,184,104,186,227,163,224,-
face riller,RELEVANT,OTHER,62,-,,75,1,0,,NONE,1.14,0,75,-,-,-,-,-,-,-,-
ready to go brushes,RELEVANT,BRUSH_MASSAGE,62,-,,88,1,0,,NONE,1.19,0,-,-,-,-,88,-,-,-,-
shampoo massager brush,RELEVANT,BRUSH_MASSAGE,62,-,,298,1,0,,NONE,,0,-,298,-,-,-,-,-,-,-
faradbeauty lymph heated brush red light,RELEVANT,LYMPHATIC,62,-,,,0,0,,NONE,,0,-,-,-,-,-,-,-,-,-
flat top face brush,RELEVANT,BRUSH_MASSAGE,62,-,,,0,0,,NONE,,0,-,-,-,-,-,-,-,-,-
depuffing face brush,RELEVANT,DEPUFF,61,-,134,1,8,6,B0FD354L27|B0GSQW56YT|B0GC3HX5KH|B0FD6Y9BX5|B0G3685P2S|B0G2XLH8CG,CONSOLIDATED,,0,14,19,26,15,1,10,22,16,-
lymphatic drainage (debloat + facial puffines),RELEVANT,DRAINAGE,61,-,,1,6,4,B0FD354L27|B0GSQW56YT|B0FD6Y9BX5|B0G2XLH8CG,CONSOLIDATED,,0,4,11,-,32,1,24,-,9,-
"new lymphatic contour face brush, lymphatic drainage massager",RELEVANT,DRAINAGE,61,-,90,9,9,6,B0FD354L27|B0GSQW56YT|B0FD6Y9BX5|B0G3685P2S|B0H5MMYNWM|B0G2XLH8CG,CONSOLIDATED,,5,9,13,54,35,19,17,16,20,72
vibrating face brush,OFF_CATEGORY,BRUSH_MASSAGE,61,-,,50,4,0,,NONE,1.39,2,50,60,-,-,-,84,57,-,-
face accessories for women,RELEVANT,OTHER,61,-,,4,1,1,B0FD354L27,SINGLE,,0,4,-,-,-,-,-,-,-,-
scarab massage tool,RELEVANT,BRUSH_MASSAGE,61,-,,45,1,0,,NONE,1.08,0,-,-,-,45,-,-,-,-,-
ultra beauty,RELEVANT,OTHER,61,-,,129,1,0,,NONE,,0,-,-,-,-,-,-,-,129,-
massage tools for couples,RELEVANT,BRUSH_MASSAGE,61,-,,142,1,0,,NONE,1.29,0,-,-,-,-,-,-,-,142,-
alba skin care products,RELEVANT,OTHER,61,-,,232,1,0,,NONE,1.44,0,-,-,-,-,-,-,-,232,-
massager that feels like hands,RELEVANT,BRUSH_MASSAGE,61,-,,251,2,0,,NONE,,0,-,251,-,-,-,-,-,264,-
facial kit for women gift set,RELEVANT,OTHER,61,-,,279,1,0,,NONE,,0,-,-,279,-,-,-,-,-,-
glo brush lymphatic,RELEVANT,LYMPHATIC,60,-,102,1,8,7,B0GSQW56YT|B0GVBQ7P79|B0GC3HX5KH|B0FD6Y9BX5|B0G3685P2S|B0H5MMYNWM|B0G2XLH8CG,CONSOLIDATED,1.37,0,25,2,19,3,1,8,9,17,-
kogiva lymphatic face brush,RELEVANT,LYMPHATIC,60,-,108,1,8,6,B0FD354L27|B0GSQW56YT|B0GC3HX5KH|B0FD6Y9BX5|B0G3685P2S|B0G2XLH8CG,CONSOLIDATED,1.16,0,1,14,26,15,3,12,48,17,-
recuvia lymphatic contour face brush eliminate,COMPETITOR_BRAND,CONTOUR,60,-,131,1,9,6,B0FD354L27|B0GSQW56YT|B0FD6Y9BX5|B0G3685P2S|B0H5MMYNWM|B0G2XLH8CG,CONSOLIDATED,1.42,0,9,18,24,21,1,6,5,10,73
fared beauty heated lymph brush,RELEVANT,LYMPHATIC,60,-,,4,6,2,B0FD354L27|B0FD6Y9BX5,SHARED,,0,4,40,30,55,10,36,-,-,-
smooth silk face brush,RELEVANT,BRUSH_MASSAGE,60,-,,2,4,4,B0GSQW56YT|B0GC3HX5KH|B0G3685P2S|B0H5MMYNWM,CONSOLIDATED,1.15,0,-,3,-,2,-,4,5,-,-
face sculpting and contouring tools,RELEVANT,SCULPTING,60,-,,12,8,3,B0GSQW56YT|B0FD6Y9BX5|B0G2XLH8CG,SHARED,,0,39,17,24,53,12,22,-,15,274
lymphatic drainage gua sha,RELEVANT,DRAINAGE,60,-,151,26,7,0,,NONE,1.32,1,31,26,-,90,131,112,100,36,-
guasha tool face,RELEVANT,GUA_SHA,60,-,,17,5,2,B0GSQW56YT|B0FD6Y9BX5,SHARED,,0,-,17,191,84,19,-,-,43,-
beauty tools for women,RELEVANT,OTHER,60,-,,19,1,1,B0FD6Y9BX5,SINGLE,1.04,0,-,-,-,-,19,-,-,-,-
detox oil for dry brushing,OFF_CATEGORY,BRUSH_MASSAGE,60,-,,22,1,0,,NONE,,0,22,-,-,-,-,-,-,-,-
anti cellulite massage brush,RELEVANT,BRUSH_MASSAGE,60,-,,39,7,0,,NONE,,0,56,88,107,85,39,83,-,279,-
facial and neck massager for face,RELEVANT,JAWLINE_CHIN,60,-,,128,5,0,,NONE,2.14,0,167,135,-,187,128,-,-,174,-
sculp touch,RELEVANT,OTHER,60,-,,95,1,0,,NONE,,0,-,-,-,-,95,-,-,-,-
face care routine,RELEVANT,OTHER,60,-,,123,1,0,,NONE,,2,123,-,-,-,-,-,-,-,-
instant line smoother for face,RELEVANT,OTHER,60,-,,132,1,0,,NONE,,0,-,-,-,-,132,-,-,-,-
real techniques brush set face,RELEVANT,BRUSH_MASSAGE,60,-,,163,1,0,,NONE,,0,-,-,163,-,-,-,-,-,-
dry lymphatic brush face,RELEVANT,LYMPHATIC,59,-,273,3,9,4,B0GSQW56YT|B0GVBQ7P79|B0FD6Y9BX5|B0G3685P2S,CONSOLIDATED,,0,25,8,11,38,3,17,21,46,107
dai mai massage brush,RELEVANT,BRUSH_MASSAGE,59,-,,51,2,0,,NONE,,0,-,-,-,51,-,57,-,-,-
face exercise,RELEVANT,OTHER,59,-,,19,1,1,B0FD354L27,SINGLE,1.19,0,19,-,-,-,-,-,-,-,-
jiyu korean skin care toner pads 2 pack,RELEVANT,OTHER,59,-,,24,1,0,,NONE,,0,24,-,-,-,-,-,-,-,-
brush for face cleaning,RELEVANT,BRUSH_MASSAGE,59,-,,62,7,0,,NONE,,0,62,175,-,165,167,186,105,188,-
lymphatic drainer,RELEVANT,LYMPHATIC,59,-,,62,1,0,,NONE,,1,-,-,-,-,-,-,-,62,-
have beauty,RELEVANT,OTHER,59,-,,71,1,0,,NONE,,0,-,-,-,-,71,-,-,-,-
wood therapy lymphatic drainage tools,RELEVANT,DRAINAGE,59,-,,127,3,0,,NONE,,0,127,-,194,154,-,-,-,-,-
makeup brushes amazon,RELEVANT,BRUSH_MASSAGE,59,-,,127,1,0,,NONE,,0,-,-,-,-,127,-,-,-,-
real techniques set brushes,RELEVANT,BRUSH_MASSAGE,59,-,,191,1,0,,NONE,,0,-,-,-,-,191,-,-,-,-
soothesilk™ lymphatic contour face brush,COMPETITOR_BRAND,CONTOUR,58,-,,1,8,5,B0FD354L27|B0GSQW56YT|B0GVBQ7P79|B0FD6Y9BX5|B0G2XLH8CG,CONSOLIDATED,1.21,0,1,12,14,34,3,22,60,7,-
aeki face lifting brush,COMPETITOR_BRAND,BRUSH_MASSAGE,58,-,123,4,8,2,B0FD354L27|B0FD6Y9BX5,SHARED,,0,10,23,53,30,4,22,21,39,-
face brush for lymphaticdrainage,RELEVANT,DRAINAGE,58,-,,3,8,4,B0FD354L27|B0GSQW56YT|B0FD6Y9BX5|B0G3685P2S,CONSOLIDATED,,0,7,17,26,34,3,12,60,65,-
lymphatic drainage brush set,RELEVANT,DRAINAGE,58,-,205,4,9,3,B0FD354L27|B0G3685P2S|B0G2XLH8CG,SHARED,,0,8,36,55,58,70,17,59,4,146
heated lymphatic brush,RELEVANT,LYMPHATIC,58,-,145,58,8,0,,NONE,2.25,2,98,67,97,121,61,58,125,85,-
gua-sha stone,RELEVANT,OTHER,58,-,,81,2,0,,NONE,,0,88,-,-,-,-,-,-,81,-
manual exfoliating face brush,OFF_CATEGORY,BRUSH_MASSAGE,58,-,,91,7,0,,NONE,,0,93,161,186,163,160,168,91,-,-
jaw line sculpter,RELEVANT,SCULPTING,58,-,,33,1,0,,NONE,,0,33,-,-,-,-,-,-,-,-
gua sha with handle,RELEVANT,GUA_SHA,58,-,,94,5,0,,NONE,,0,-,121,153,150,-,-,-,94,235
face lift roller,RELEVANT,OTHER,58,-,,80,1,0,,NONE,1.39,1,-,-,-,-,-,-,-,80,-
wooden massage set,RELEVANT,BRUSH_MASSAGE,58,-,,157,1,0,,NONE,,1,-,-,157,-,-,-,-,-,-
kitsch sale,COMPETITOR_BRAND,OTHER,58,-,,,0,0,,NONE,1.18,0,-,-,-,-,-,-,-,-,-
eteross,COMPETITOR_BRAND,OTHER,57,-,,2,1,1,B0FD354L27,SINGLE,1.35,1,2,-,-,-,-,-,-,-,-
dry brushing set,RELEVANT,BRUSH_MASSAGE,57,-,,114,5,0,,NONE,1.04,0,-,-,114,130,142,150,-,163,-
jade guasha tool for face,RELEVANT,GUA_SHA,57,-,,72,1,0,,NONE,1.39,2,-,-,-,-,-,-,-,72,-
makeup tool,RELEVANT,OTHER,57,-,,36,2,0,,NONE,0.76,3,-,-,-,-,36,-,-,202,-
gua sha hair,RELEVANT,GUA_SHA,57,-,,145,1,0,,NONE,,3,-,-,-,-,-,-,-,145,-
container for makeup brushes,RELEVANT,BRUSH_MASSAGE,57,-,,184,1,0,,NONE,,0,-,-,-,-,184,-,-,-,-
cooling eye massager,RELEVANT,BRUSH_MASSAGE,57,-,,250,1,0,,NONE,2.26,0,-,-,-,-,-,-,-,250,-
face beauty device,RELEVANT,OTHER,57,-,,300,1,0,,NONE,,2,-,-,-,-,-,-,-,300,-
soothe silk face brush,RELEVANT,BRUSH_MASSAGE,56,-,,1,6,6,B0FD354L27|B0GSQW56YT|B0GC3HX5KH|B0FD6Y9BX5|B0G3685P2S|B0H5MMYNWM,CONSOLIDATED,1.43,0,1,18,-,17,3,9,12,-,-
kojeva lymphatic contour face brush,COMPETITOR_BRAND,CONTOUR,56,-,125,5,9,6,B0FD354L27|B0GSQW56YT|B0FD6Y9BX5|B0G3685P2S|B0H5MMYNWM|B0G2XLH8CG,CONSOLIDATED,1.42,0,11,5,33,57,7,9,17,13,71
counterglow face brush,RELEVANT,BRUSH_MASSAGE,56,-,32,1,5,4,B0FD354L27|B0FD6Y9BX5|B0G3685P2S|B0H5MMYNWM,CONSOLIDATED,,0,6,-,-,35,1,9,8,-,-
face sculp,RELEVANT,OTHER,56,-,,1,7,3,B0FD354L27|B0FD6Y9BX5|B0G2XLH8CG,SHARED,,0,11,51,111,-,1,78,126,18,-
masaje linfático cara,RELEVANT,OTHER,56,-,,22,5,0,,NONE,,0,56,22,51,77,24,-,-,-,-
kitsch hair brushes,COMPETITOR_BRAND,BRUSH_MASSAGE,56,-,,29,1,0,,NONE,,0,-,-,-,-,-,-,29,-,-
spa brushes for facials,RELEVANT,BRUSH_MASSAGE,56,-,,45,7,0,,NONE,,0,50,184,-,45,165,188,118,144,-
lymphatic drainage for cellulite,RELEVANT,DRAINAGE,56,-,,90,5,0,,NONE,,0,90,267,-,209,127,156,-,-,-
same day delivery items makeup,RELEVANT,OTHER,56,-,,81,1,0,,NONE,,0,-,-,-,-,81,-,-,-,-
lymphatic drainage hsa,RELEVANT,DRAINAGE,56,-,,29,2,0,,NONE,,0,29,-,-,-,-,-,-,181,-
natural body brush,RELEVANT,BRUSH_MASSAGE,56,-,,180,1,0,,NONE,,0,-,-,180,-,-,-,-,-,-
massage oil set,OFF_CATEGORY,BRUSH_MASSAGE,56,-,,190,1,0,,NONE,1.33,6,-,-,-,-,-,-,-,190,-
vddo lymphatic brush,RELEVANT,LYMPHATIC,55,-,271,3,8,6,B0FD354L27|B0GSQW56YT|B0GC3HX5KH|B0FD6Y9BX5|B0G3685P2S|B0H5MMYNWM,CONSOLIDATED,,0,3,17,28,19,6,15,8,24,-
conture face brush lymphatic,RELEVANT,LYMPHATIC,55,-,132,2,9,5,B0GSQW56YT|B0GC3HX5KH|B0FD6Y9BX5|B0G3685P2S|B0H5MMYNWM,CONSOLIDATED,1.29,0,21,9,26,18,2,4,17,22,79
face massager brush,RELEVANT,BRUSH_MASSAGE,55,-,50,2,8,4,B0FD354L27|B0GSQW56YT|B0FD6Y9BX5|B0G3685P2S,CONSOLIDATED,,0,7,10,21,67,2,19,27,39,-
kojeva organic lymphatic face brush,COMPETITOR_BRAND,LYMPHATIC,55,-,105,7,9,4,B0FD354L27|B0GSQW56YT|B0FD6Y9BX5|B0H5MMYNWM,CONSOLIDATED,1.31,0,15,17,21,57,7,31,14,22,73
lymphatic brish,RELEVANT,LYMPHATIC,55,-,125,6,9,3,B0GSQW56YT|B0FD6Y9BX5|B0H5MMYNWM,SHARED,,0,32,11,48,34,12,23,6,24,74
washable face brush,RELEVANT,BRUSH_MASSAGE,55,-,98,1,6,4,B0FD354L27|B0GSQW56YT|B0GC3HX5KH|B0H5MMYNWM,CONSOLIDATED,,0,1,17,30,20,-,29,6,-,-
lymphatic drainage face brush - jawline & chin sculpting dry brushing massager for facial fatigue re,RELEVANT,DRAINAGE,55,-,233,4,8,2,B0FD354L27|B0GSQW56YT,SHARED,,0,4,19,54,37,42,46,198,35,-
sculpt contour,RELEVANT,SCULPTING,55,-,,6,7,1,B0FD6Y9BX5,SINGLE,,1,-,33,107,-,6,54,27,122,155
skin care must haves,RELEVANT,OTHER,55,-,,36,2,0,,NONE,0.85,0,36,-,-,-,38,-,-,-,-
美妆工具,RELEVANT,OTHER,55,-,,7,1,1,B0FD6Y9BX5,SINGLE,,0,-,-,-,-,7,-,-,-,-
facial applicator brush,RELEVANT,BRUSH_MASSAGE,55,-,,61,6,0,,NONE,,2,106,-,-,150,130,146,61,160,-
face scraper for women,RELEVANT,OTHER,55,-,,69,1,0,,NONE,1.15,0,-,-,-,-,-,-,-,69,-
brush face cleanser,RELEVANT,BRUSH_MASSAGE,55,-,,73,1,0,,NONE,,1,-,-,-,-,-,-,73,-,-
gua sha body tools stainless steel,OFF_CATEGORY,GUA_SHA,55,-,,173,1,0,,NONE,,0,-,-,173,-,-,-,-,-,-
face massager device,RELEVANT,BRUSH_MASSAGE,55,-,,195,1,0,,NONE,1.77,0,-,-,-,-,-,-,-,195,-
wooden boxes with handles,RELEVANT,OTHER,55,-,,209,1,0,,NONE,,0,-,-,-,209,-,-,-,-,-
skin lifting serum,OFF_CATEGORY,OTHER,55,-,,255,1,0,,NONE,,0,-,-,-,-,255,-,-,-,-
precision brush,RELEVANT,BRUSH_MASSAGE,55,-,,288,1,0,,NONE,,3,-,-,-,-,288,-,-,-,-
soothing contour brush,RELEVANT,CONTOUR,54,-,,1,8,5,B0GSQW56YT|B0GVBQ7P79|B0FD6Y9BX5|B0G3685P2S|B0G2XLH8CG,CONSOLIDATED,1.34,0,26,6,18,45,1,4,24,8,-
￼lymphatic contour brush,RELEVANT,CONTOUR,54,-,136,2,9,3,B0GSQW56YT|B0FD6Y9BX5|B0H5MMYNWM,SHARED,,0,26,17,35,64,2,24,8,39,113
lymphatic drainage massager for face and neck,RELEVANT,DRAINAGE,54,-,270,33,8,0,,NONE,1.65,0,57,33,143,91,75,138,51,133,-
flahold lymphatic drainage massager,RELEVANT,DRAINAGE,54,-,,2,2,1,B0FD354L27,SINGLE,,0,2,-,-,-,-,43,-,-,-
dry brush soft,RELEVANT,BRUSH_MASSAGE,54,-,,30,7,0,,NONE,,0,32,113,64,107,80,36,-,30,-
gusha face tools real jade,RELEVANT,OTHER,54,-,,22,1,0,,NONE,,0,-,-,-,-,-,-,-,22,-
facial things,RELEVANT,OTHER,54,-,,18,3,2,B0FD354L27|B0FD6Y9BX5,SHARED,,0,20,-,-,-,18,173,-,-,-
super brand tool,RELEVANT,OTHER,54,-,,75,1,0,,NONE,0.83,0,-,-,-,-,75,-,-,-,-
facial cleansing brush manual,OFF_CATEGORY,BRUSH_MASSAGE,54,-,,85,2,0,,NONE,,1,177,-,-,85,-,-,-,-,-
facial gift,RELEVANT,OTHER,54,-,,139,1,0,,NONE,,0,-,-,-,139,-,-,-,-,-
air pressure eye massager,RELEVANT,BRUSH_MASSAGE,54,-,,192,1,0,,NONE,,0,-,-,-,-,192,-,-,-,-
soft bristle gua sha,RELEVANT,GUA_SHA,53,-,43,1,9,7,B0FD354L27|B0GSQW56YT|B0GVBQ7P79|B0GC3HX5KH|B0FD6Y9BX5|B0G3685P2S|B0G2XLH8CG,CONSOLIDATED,,1,9,7,4,3,1,5,23,2,95
lymphatic drainage face brushes,RELEVANT,DRAINAGE,53,-,85,7,9,6,B0FD354L27|B0GSQW56YT|B0FD6Y9BX5|B0G3685P2S|B0H5MMYNWM|B0G2XLH8CG,CONSOLIDATED,,0,14,8,23,21,7,19,17,18,57
gua sha facial tools brush,RELEVANT,GUA_SHA,53,-,80,1,8,4,B0FD354L27|B0GSQW56YT|B0FD6Y9BX5|B0G2XLH8CG,CONSOLIDATED,1.32,0,3,1,60,34,2,24,36,14,-
lymphatic massage brush for face,RELEVANT,LYMPHATIC,53,-,142,6,8,6,B0FD354L27|B0GSQW56YT|B0GVBQ7P79|B0GC3HX5KH|B0FD6Y9BX5|B0G3685P2S,CONSOLIDATED,,0,16,13,19,20,6,9,85,47,-
circulation brushes,RELEVANT,BRUSH_MASSAGE,53,-,,3,6,2,B0FD354L27|B0FD6Y9BX5,SHARED,,0,3,73,-,-,9,47,102,30,-
dry brush natural bristles,RELEVANT,BRUSH_MASSAGE,53,-,,111,6,0,,NONE,1.08,0,145,300,275,111,-,146,-,172,-
self care must haves,RELEVANT,OTHER,53,-,,40,1,0,,NONE,1.31,0,-,-,-,-,40,-,-,-,-
facial hair care,RELEVANT,OTHER,53,-,,71,1,0,,NONE,,7,-,71,-,-,-,-,-,-,-
medicube for sensitive skin,OFF_CATEGORY,OTHER,53,-,,85,1,0,,NONE,,0,85,-,-,-,-,-,-,-,-
make up brushes real techniques,RELEVANT,BRUSH_MASSAGE,53,-,,147,2,0,,NONE,,0,167,-,-,-,-,-,147,-,-
double sided facial scrubber brush,RELEVANT,BRUSH_MASSAGE,53,-,,149,2,0,,NONE,,0,-,-,-,189,149,-,-,-,-
face care bag,RELEVANT,OTHER,53,-,,114,1,0,,NONE,,0,114,-,-,-,-,-,-,-,-
plastic massager,RELEVANT,BRUSH_MASSAGE,53,-,,126,1,0,,NONE,,0,126,-,-,-,-,-,-,-,-
at home massager,RELEVANT,BRUSH_MASSAGE,53,-,,171,1,0,,NONE,,0,171,-,-,-,-,-,-,-,-
puffy eye relief,RELEVANT,DEPUFF,53,-,,214,1,0,,NONE,,2,214,-,-,-,-,-,-,-,-
face contour brush lymphatic drainage,RELEVANT,DRAINAGE,52,-,50,1,9,6,B0FD354L27|B0GSQW56YT|B0FD6Y9BX5|B0G3685P2S|B0H5MMYNWM|B0G2XLH8CG,CONSOLIDATED,,0,20,14,30,23,1,10,6,13,99
contour face massage brush,RELEVANT,CONTOUR,52,-,112,8,9,7,B0FD354L27|B0GSQW56YT|B0GC3HX5KH|B0FD6Y9BX5|B0G3685P2S|B0H5MMYNWM|B0G2XLH8CG,CONSOLIDATED,,0,15,18,26,14,8,11,9,16,132
ultra soft brush de puff,RELEVANT,DEPUFF,52,-,52,1,4,3,B0FD354L27|B0G3685P2S|B0G2XLH8CG,SHARED,,0,1,-,-,22,-,7,-,8,-
lymphatic drainage face oil,OFF_CATEGORY,DRAINAGE,52,-,110,25,4,0,,NONE,,0,-,64,83,-,-,89,-,25,-
illamasqua,RELEVANT,OTHER,52,-,,5,1,1,B0G2XLH8CG,SINGLE,1.03,1,-,-,-,-,-,-,-,5,-
face spatula tool,RELEVANT,OTHER,52,-,,23,1,0,,NONE,,0,23,-,-,-,-,-,-,-,-
eye stones for puffy eyes,RELEVANT,DEPUFF,52,-,,79,1,0,,NONE,,0,-,-,-,-,-,-,-,79,-
eye cream to reduce bags,OFF_CATEGORY,OTHER,52,-,,173,1,0,,NONE,2.08,0,173,-,-,-,-,-,-,-,-
see me beauty skincare,RELEVANT,OTHER,52,-,,234,1,0,,NONE,,0,-,-,-,234,-,-,-,-,-
travel face oil,OFF_CATEGORY,OTHER,52,-,,,0,0,,NONE,,0,-,-,-,-,-,-,-,-,-
loryn facial brush,RELEVANT,BRUSH_MASSAGE,51,-,53,1,7,5,B0FD354L27|B0GSQW56YT|B0FD6Y9BX5|B0G3685P2S|B0H5MMYNWM,CONSOLIDATED,,0,1,11,26,29,2,12,17,-,-
lymphatic draining face brush,RELEVANT,LYMPHATIC,51,-,122,1,8,6,B0FD354L27|B0GSQW56YT|B0GVBQ7P79|B0FD6Y9BX5|B0G3685P2S|B0G2XLH8CG,CONSOLIDATED,,0,1,12,14,22,2,8,74,15,-
lymphatic brush face,RELEVANT,LYMPHATIC,51,-,122,6,9,4,B0GSQW56YT|B0FD6Y9BX5|B0G3685P2S|B0H5MMYNWM,CONSOLIDATED,1.17,0,21,11,31,89,6,20,9,67,53
lymphatic contour face brush set of 2,RELEVANT,CONTOUR,51,-,183,7,9,3,B0FD354L27|B0G3685P2S|B0H93V3MNM,SHARED,,0,10,46,74,80,48,11,37,33,7
kitsch brish,COMPETITOR_BRAND,OTHER,51,-,,7,3,1,B0H5MMYNWM,SINGLE,,0,-,-,-,46,-,-,7,78,-
gua sha set with oil,OFF_CATEGORY,GUA_SHA,51,-,,12,2,1,B0G2XLH8CG,SINGLE,,0,-,-,104,-,-,-,-,12,-
black women face care products,RELEVANT,OTHER,51,-,,11,1,1,B0FD354L27,SINGLE,,0,11,-,-,-,-,-,-,-,-
best massager tool,RELEVANT,BRUSH_MASSAGE,51,-,,49,1,0,,NONE,,0,49,-,-,-,-,-,-,-,-
dr melaxin sets,RELEVANT,OTHER,51,-,,50,1,0,,NONE,,0,50,-,-,-,-,-,-,-,-
jade gua sha comb,RELEVANT,GUA_SHA,51,-,,69,1,0,,NONE,1.2,10,-,-,-,-,-,-,-,69,-
gua sha massage oil,OFF_CATEGORY,GUA_SHA,51,-,,104,2,0,,NONE,,0,-,104,-,-,-,-,-,112,-
ritual cosmetics set,RELEVANT,OTHER,51,-,,66,3,0,,NONE,,0,-,-,66,-,266,-,-,88,-
face oil for guasha,OFF_CATEGORY,GUA_SHA,51,-,274,72,2,0,,NONE,,0,-,72,-,-,-,-,-,283,-
ultra beauty gift sets,RELEVANT,OTHER,51,-,,133,1,0,,NONE,,0,-,-,-,-,-,-,-,133,-
depuffing brush,RELEVANT,DEPUFF,50,-,110,1,8,7,B0FD354L27|B0GSQW56YT|B0GC3HX5KH|B0FD6Y9BX5|B0G3685P2S|B0H5MMYNWM|B0G2XLH8CG,CONSOLIDATED,,0,5,3,37,13,1,9,17,14,-
lymphatic contour brush for your face,RELEVANT,CONTOUR,50,-,87,7,9,7,B0FD354L27|B0GSQW56YT|B0GC3HX5KH|B0FD6Y9BX5|B0G3685P2S|B0H5MMYNWM|B0G2XLH8CG,CONSOLIDATED,,0,17,10,22,19,7,20,13,12,39
dry massage brush,RELEVANT,BRUSH_MASSAGE,50,-,,37,9,0,,NONE,,0,37,92,53,59,60,77,125,100,135
lymphatic drain massager,RELEVANT,LYMPHATIC,50,-,272,6,3,1,B0FD354L27,SINGLE,1.39,0,6,-,-,-,116,-,-,129,-
face massager for bells palsy,RELEVANT,BRUSH_MASSAGE,50,-,,34,1,0,,NONE,,0,34,-,-,-,-,-,-,-,-
dr melaxin korean skin care,RELEVANT,OTHER,50,-,,51,1,0,,NONE,,0,51,-,-,-,-,-,-,-,-
face neck massager tool,RELEVANT,JAWLINE_CHIN,50,-,,83,4,0,,NONE,,2,83,149,-,259,-,-,-,252,-
natures radiance lymphatic drainage,RELEVANT,DRAINAGE,50,-,,67,1,0,,NONE,2.32,0,-,67,-,-,-,-,-,-,-
stone massage tools,RELEVANT,BRUSH_MASSAGE,50,-,,169,2,0,,NONE,,0,169,-,-,-,-,-,-,198,-
avalore lymphatic brush,RELEVANT,LYMPHATIC,49,-,104,2,9,3,B0FD354L27|B0G3685P2S|B0H5MMYNWM,SHARED,,0,2,25,31,33,23,18,7,26,64
korean lymphatic drainage tool,RELEVANT,DRAINAGE,49,-,,6,6,2,B0FD354L27|B0FD6Y9BX5,SHARED,,0,6,28,-,142,11,52,-,56,-
soothe silk massager for face,RELEVANT,BRUSH_MASSAGE,49,-,,2,2,2,B0FD354L27|B0GC3HX5KH,SHARED,,0,2,-,-,5,-,-,-,-,-
zolara celulitis,RELEVANT,OTHER,49,-,,5,1,1,B0FD354L27,SINGLE,1.3,0,5,-,-,-,-,-,-,-,-
primally pure dry brush,RELEVANT,BRUSH_MASSAGE,49,-,,22,1,0,,NONE,1.23,0,-,-,-,22,-,-,-,-,-
contouring makeup kit,RELEVANT,CONTOUR,49,-,,171,1,0,,NONE,1.07,1,-,-,-,-,171,-,-,-,-
sculpting device,RELEVANT,SCULPTING,49,-,,202,1,0,,NONE,,4,-,-,-,-,-,-,-,202,-
natural brush,RELEVANT,BRUSH_MASSAGE,49,-,,179,4,0,,NONE,,0,-,-,179,-,-,231,-,214,229
glowy makeup serum,OFF_CATEGORY,OTHER,49,-,,269,1,0,,NONE,1.75,0,-,-,-,-,269,-,-,-,-
under $10.00,RELEVANT,OTHER,49,-,,294,1,0,,NONE,,0,-,-,-,-,294,-,-,-,-
lymphatic drainage jiggler,RELEVANT,DRAINAGE,49,-,,,0,0,,NONE,,0,-,-,-,-,-,-,-,-,-
nadi lymphatic face brush,RELEVANT,LYMPHATIC,48,-,,1,8,6,B0FD354L27|B0GSQW56YT|B0GC3HX5KH|B0FD6Y9BX5|B0G3685P2S|B0G2XLH8CG,CONSOLIDATED,,0,1,3,23,14,4,13,68,10,-
conture face brush,RELEVANT,BRUSH_MASSAGE,48,-,71,3,7,3,B0FD354L27|B0FD6Y9BX5|B0H5MMYNWM,SHARED,1.37,0,5,-,22,29,4,23,3,-,67
body massager brush gua sha,RELEVANT,GUA_SHA,48,-,164,3,7,1,B0GSQW56YT,SINGLE,1.05,0,54,3,-,32,93,173,96,25,-
silkier skin sculpt,RELEVANT,SCULPTING,48,-,,18,1,1,B0FD354L27,SINGLE,,0,18,-,-,-,-,-,-,-,-
lymph circulation,RELEVANT,LYMPHATIC,48,-,,53,1,0,,NONE,,2,53,-,-,-,-,-,-,-,-
light brush,RELEVANT,BRUSH_MASSAGE,48,-,,100,1,0,,NONE,0.87,4,-,-,-,-,-,-,-,100,-
womans tool bag with tools,RELEVANT,OTHER,48,-,,189,1,0,,NONE,,0,-,-,-,-,189,-,-,-,-
dry skin exfoliator tool,RELEVANT,OTHER,48,-,,109,3,0,,NONE,,0,-,252,109,-,-,273,-,-,-
expholiating brush,RELEVANT,BRUSH_MASSAGE,48,-,,131,4,0,,NONE,,0,131,295,281,-,-,-,179,-,-
facial and neck massager,RELEVANT,JAWLINE_CHIN,48,-,,218,5,0,,NONE,1.6,0,218,232,-,-,237,221,-,235,-
facial silicone brush,RELEVANT,BRUSH_MASSAGE,48,-,,193,2,0,,NONE,,0,-,-,-,302,193,-,-,-,-
aeki facial brush,COMPETITOR_BRAND,BRUSH_MASSAGE,47,-,70,4,8,3,B0FD354L27|B0FD6Y9BX5|B0G2XLH8CG,SHARED,1.22,0,4,21,27,40,5,22,23,11,-
contour face brush lymphatic drainage,RELEVANT,DRAINAGE,47,-,82,8,9,6,B0FD354L27|B0GSQW56YT|B0FD6Y9BX5|B0G3685P2S|B0H5MMYNWM|B0G2XLH8CG,CONSOLIDATED,1.3,3,15,17,30,23,12,10,8,18,83
lymphatic facial brush curved,RELEVANT,LYMPHATIC,47,-,149,1,9,7,B0FD354L27|B0GSQW56YT|B0GVBQ7P79|B0GC3HX5KH|B0FD6Y9BX5|B0G3685P2S|B0H5MMYNWM,CONSOLIDATED,,0,1,14,18,13,3,12,16,21,134
face brush guasha,RELEVANT,GUA_SHA,47,-,64,2,9,3,B0FD354L27|B0GSQW56YT|B0FD6Y9BX5,SHARED,,0,14,2,95,52,3,22,49,43,71
"2 pack lymphatic contour face brushes for sculpting & drainage – reduces puffiness, double chin, and",RELEVANT,DRAINAGE,47,-,151,6,9,1,B0FD354L27,SINGLE,,0,6,53,158,95,57,30,139,97,125
rostro,RELEVANT,OTHER,47,-,,6,2,1,B0FD6Y9BX5,SINGLE,,3,31,-,-,-,6,-,-,-,-
brush design,RELEVANT,BRUSH_MASSAGE,47,-,,37,2,0,,NONE,,0,37,-,-,-,-,-,64,-,-
gua sha facial lifting tool,RELEVANT,GUA_SHA,47,-,237,43,6,0,,NONE,1.55,0,156,66,-,157,78,165,-,43,-
lymph massage,RELEVANT,LYMPHATIC,47,-,,5,7,1,B0FD354L27,SINGLE,,0,5,159,262,51,-,197,66,208,-
facial glow,RELEVANT,OTHER,47,-,,85,2,0,,NONE,,1,-,-,-,261,85,-,-,-,-
love your look makeup kit,RELEVANT,OTHER,47,-,,133,1,0,,NONE,0.77,0,-,-,-,-,133,-,-,-,-
face cleansing oil and brush,OFF_CATEGORY,BRUSH_MASSAGE,47,-,,161,1,0,,NONE,,0,-,-,-,-,-,-,-,161,-
makeup brush face set,RELEVANT,BRUSH_MASSAGE,47,-,,230,1,0,,NONE,,0,-,-,-,-,-,-,-,230,-
roller gua sha,RELEVANT,GUA_SHA,47,-,,,0,0,,NONE,,4,-,-,-,-,-,-,-,-,-
vintage beauty,RELEVANT,OTHER,47,-,,,0,0,,NONE,,7,-,-,-,-,-,-,-,-,-
kojeba lymphatic brush,RELEVANT,LYMPHATIC,46,-,94,1,8,6,B0FD354L27|B0GSQW56YT|B0FD6Y9BX5|B0G3685P2S|B0H5MMYNWM|B0G2XLH8CG,CONSOLIDATED,,0,1,17,25,27,6,12,9,10,-
lymphatic brush for face curved,RELEVANT,LYMPHATIC,46,-,84,5,9,6,B0FD354L27|B0GSQW56YT|B0GVBQ7P79|B0FD6Y9BX5|B0H5MMYNWM|B0G2XLH8CG,CONSOLIDATED,,0,14,5,8,29,11,23,9,15,100
brocha para masaje facial,RELEVANT,OTHER,46,-,,6,9,5,B0GSQW56YT|B0GC3HX5KH|B0FD6Y9BX5|B0H5MMYNWM|B0G2XLH8CG,CONSOLIDATED,,0,22,18,45,7,6,26,16,19,148
smooth silk contour brush,RELEVANT,CONTOUR,46,-,,1,3,3,B0FD354L27|B0FD6Y9BX5|B0G3685P2S,SHARED,,0,2,-,-,-,1,6,-,-,-
body lymphatic brush,RELEVANT,LYMPHATIC,46,-,,9,8,2,B0FD354L27|B0FD6Y9BX5,SHARED,,0,9,72,47,43,19,136,122,86,-
piedra washa para masaje facial,RELEVANT,OTHER,46,-,,30,1,0,,NONE,1.24,0,-,-,-,-,-,-,-,30,-
gu sha facial lifting tool,RELEVANT,OTHER,46,-,,51,1,0,,NONE,,0,-,-,-,51,-,-,-,-,-
real techniques puff,RELEVANT,DEPUFF,46,-,,147,1,0,,NONE,,0,-,-,-,-,147,-,-,-,-
wooden makeup brushes,RELEVANT,BRUSH_MASSAGE,46,-,,161,1,0,,NONE,,1,-,-,-,161,-,-,-,-,-
get the glow face oil,OFF_CATEGORY,OTHER,46,-,,203,1,0,,NONE,,0,-,-,-,-,203,-,-,-,-
instant chin lift,RELEVANT,OTHER,46,-,,211,1,0,,NONE,1.68,0,211,-,-,-,-,-,-,-,-
glow skincare set,RELEVANT,OTHER,46,-,,247,2,0,,NONE,,0,-,-,-,247,-,271,-,-,-
massage brush body,RELEVANT,BRUSH_MASSAGE,46,-,,260,1,0,,NONE,1.13,0,-,-,260,-,-,-,-,-,-
makeup burshes,RELEVANT,OTHER,46,-,,282,1,0,,NONE,,0,-,-,-,-,282,-,-,-,-
washing face,RELEVANT,OTHER,46,-,,282,1,0,,NONE,,10,282,-,-,-,-,-,-,-,-
primally pure face brush,RELEVANT,BRUSH_MASSAGE,46,-,,,0,0,,NONE,,0,-,-,-,-,-,-,-,-,-
zenova lymphatic face brush,RELEVANT,LYMPHATIC,45,-,158,1,9,6,B0FD354L27|B0GSQW56YT|B0FD6Y9BX5|B0G3685P2S|B0H5MMYNWM|B0G2XLH8CG,CONSOLIDATED,1.36,0,1,11,27,24,4,15,19,18,36
lymph facial brush,RELEVANT,LYMPHATIC,45,-,103,3,9,7,B0FD354L27|B0GSQW56YT|B0GVBQ7P79|B0GC3HX5KH|B0FD6Y9BX5|B0H5MMYNWM|B0G2XLH8CG,CONSOLIDATED,,0,14,8,17,11,3,21,9,16,57
facial brushes lymphatic,RELEVANT,LYMPHATIC,45,-,,2,9,8,B0FD354L27|B0GSQW56YT|B0GVBQ7P79|B0GC3HX5KH|B0FD6Y9BX5|B0G3685P2S|B0H5MMYNWM|B0G2XLH8CG,CONSOLIDATED,,0,2,7,13,19,3,15,6,12,82
cojeva face brush,RELEVANT,BRUSH_MASSAGE,45,-,,1,4,4,B0FD354L27|B0GC3HX5KH|B0G3685P2S|B0G2XLH8CG,CONSOLIDATED,,0,1,-,-,11,-,8,-,5,-
cepillo para masaje linfático,OFF_CATEGORY,OTHER,45,-,196,17,7,1,B0FD6Y9BX5,SINGLE,,0,40,68,93,78,17,31,-,118,-
counter face brush,RELEVANT,BRUSH_MASSAGE,45,-,,1,2,2,B0FD354L27|B0G2XLH8CG,SHARED,,0,1,-,-,-,-,-,-,8,-
glofacial pore cleansing tool,RELEVANT,OTHER,45,-,,15,1,1,B0FD354L27,SINGLE,1.41,0,15,-,-,-,-,-,-,-,-
at home face lift,RELEVANT,OTHER,45,-,,22,3,0,,NONE,1.75,0,22,-,-,-,33,139,-,-,-
healthy girl essentials,RELEVANT,OTHER,45,-,,44,1,0,,NONE,,0,44,-,-,-,-,-,-,-,-
makeup beush,RELEVANT,OTHER,45,-,,54,1,0,,NONE,,0,-,-,-,-,54,-,-,-,-
face detox,RELEVANT,OTHER,45,-,,29,4,0,,NONE,,0,51,-,-,144,29,-,-,-,251
eye tool for puffy eyes,RELEVANT,DEPUFF,45,-,,67,5,0,,NONE,,0,157,-,175,122,67,-,-,99,-
contouring brush set,RELEVANT,CONTOUR,45,-,,95,5,0,,NONE,,0,-,-,173,214,95,175,-,112,-
double chin tightening,RELEVANT,JAWLINE_CHIN,45,-,,84,1,0,,NONE,1.18,0,84,-,-,-,-,-,-,-,-
facial tools for women,RELEVANT,OTHER,45,-,,80,2,0,,NONE,1.28,0,-,-,-,-,80,-,-,161,-
face blood,RELEVANT,OTHER,45,-,,121,1,0,,NONE,0.93,0,121,-,-,-,-,-,-,-,-
lymphatic system cleanse,RELEVANT,LYMPHATIC,45,-,,151,1,0,,NONE,1.97,0,-,-,-,-,-,-,-,151,-
under arm exfoliator,RELEVANT,OTHER,45,-,,169,1,0,,NONE,,0,-,-,169,-,-,-,-,-,-
eye cream with massager,OFF_CATEGORY,BRUSH_MASSAGE,45,-,,187,1,0,,NONE,,1,187,-,-,-,-,-,-,-,-
lumera brand brush,RELEVANT,BRUSH_MASSAGE,45,-,,,0,0,,NONE,,0,-,-,-,-,-,-,-,-,-
ultra soft brush depuff,RELEVANT,DEPUFF,44,-,85,1,7,5,B0FD354L27|B0FD6Y9BX5|B0G3685P2S|B0H5MMYNWM|B0G2XLH8CG,CONSOLIDATED,,0,6,25,-,37,1,3,5,8,-
lymphatic counter face brush,RELEVANT,LYMPHATIC,44,-,111,1,9,6,B0FD354L27|B0GSQW56YT|B0FD6Y9BX5|B0G3685P2S|B0H5MMYNWM|B0G2XLH8CG,CONSOLIDATED,,0,1,6,21,25,8,9,12,14,63
akei lymphatic brush,RELEVANT,LYMPHATIC,44,-,81,5,8,4,B0FD354L27|B0FD6Y9BX5|B0H5MMYNWM|B0G2XLH8CG,CONSOLIDATED,1.51,0,5,22,27,48,6,58,9,20,-
lymphatic drainage dry brush face,RELEVANT,DRAINAGE,44,-,66,5,9,5,B0GSQW56YT|B0GVBQ7P79|B0FD6Y9BX5|B0G3685P2S|B0H93V3MNM,CONSOLIDATED,1.29,0,22,8,17,73,5,15,35,42,11
k glow brush,RELEVANT,BRUSH_MASSAGE,44,-,,1,4,3,B0FD354L27|B0FD6Y9BX5|B0G3685P2S,SHARED,1.35,0,3,-,-,-,1,6,-,24,-
￼lymphatic contour face brush,RELEVANT,CONTOUR,44,-,151,7,9,4,B0FD354L27|B0GSQW56YT|B0FD6Y9BX5|B0H5MMYNWM,CONSOLIDATED,1.27,0,18,9,87,60,11,33,7,70,58
soothe silk brush,RELEVANT,BRUSH_MASSAGE,44,-,,3,1,1,B0GC3HX5KH,SINGLE,,0,-,-,-,3,-,-,-,-,-
velra for cellulite,RELEVANT,OTHER,44,-,,6,1,1,B0FD354L27,SINGLE,1.17,0,6,-,-,-,-,-,-,-,-
red light guasha tool for face,RELEVANT,GUA_SHA,44,-,,58,1,0,,NONE,1.99,0,58,-,-,-,-,-,-,-,-
fit glow eye bright,RELEVANT,OTHER,44,-,,59,1,0,,NONE,,0,-,-,-,-,59,-,-,-,-
thick brush,RELEVANT,BRUSH_MASSAGE,44,-,,73,4,0,,NONE,,0,73,-,-,-,179,134,84,-,-
body massager lymphatic drainage,RELEVANT,DRAINAGE,44,-,,34,3,0,,NONE,1.27,0,34,259,-,-,-,-,-,234,-
sensitive face,RELEVANT,OTHER,44,-,,128,1,0,,NONE,,1,128,-,-,-,-,-,-,-,-
massager bag for,RELEVANT,BRUSH_MASSAGE,44,-,,222,1,0,,NONE,,0,222,-,-,-,-,-,-,-,-
pet supplies dogs,RELEVANT,OTHER,44,-,,,0,0,,NONE,,0,-,-,-,-,-,-,-,-,-
specific beauty products,RELEVANT,OTHER,43,-,,20,2,1,B0FD6Y9BX5,SINGLE,1.38,0,21,-,-,-,20,-,-,-,-
facial must haves,RELEVANT,OTHER,43,-,,29,2,0,,NONE,,0,48,-,-,-,29,-,-,-,-
estimulador de colágeno facial,RELEVANT,OTHER,43,-,,5,1,1,B0FD354L27,SINGLE,,0,5,-,-,-,-,-,-,-,-
gua sha gift set,RELEVANT,GUA_SHA,43,-,,22,2,0,,NONE,,0,-,-,107,-,-,-,-,22,-
gua shuah,RELEVANT,OTHER,43,-,,105,6,0,,NONE,,0,181,141,216,132,105,-,-,109,-
tik tok finds,RELEVANT,OTHER,43,-,,39,1,0,,NONE,1.38,0,39,-,-,-,-,-,-,-,-
facial cleansing brush face scrubber,RELEVANT,BRUSH_MASSAGE,43,-,,53,4,0,,NONE,1.34,8,53,185,-,-,-,212,158,-,-
cala face brush,RELEVANT,BRUSH_MASSAGE,43,-,,74,1,0,,NONE,,0,-,-,-,-,-,-,74,-,-
face stimulator,RELEVANT,OTHER,43,-,,46,2,0,,NONE,1.47,0,46,152,-,-,-,-,-,-,-
gua sha real jade,RELEVANT,GUA_SHA,43,-,,36,2,0,,NONE,,0,-,-,-,294,-,-,-,36,-
massage body brush,RELEVANT,BRUSH_MASSAGE,43,-,,167,3,0,,NONE,,5,-,187,167,-,-,170,-,-,-
luxe eye serum,OFF_CATEGORY,OTHER,43,-,,102,1,0,,NONE,1.42,0,-,-,-,-,-,102,-,-,-
foundation and contour brush,RELEVANT,CONTOUR,43,-,,108,1,0,,NONE,,0,-,-,-,-,108,-,-,-,-
skin sets,RELEVANT,OTHER,43,-,,255,1,0,,NONE,,0,-,-,-,-,-,-,-,255,-
contoured lymphatic face brush,RELEVANT,CONTOUR,42,-,78,1,9,8,B0FD354L27|B0GSQW56YT|B0GVBQ7P79|B0GC3HX5KH|B0FD6Y9BX5|B0G3685P2S|B0H5MMYNWM|B0G2XLH8CG,CONSOLIDATED,1.4,0,1,6,19,18,4,13,11,12,38
soothesilk lymphatic face brush,COMPETITOR_BRAND,LYMPHATIC,42,-,86,1,9,5,B0FD354L27|B0GSQW56YT|B0FD6Y9BX5|B0H5MMYNWM|B0G2XLH8CG,CONSOLIDATED,,0,2,17,21,26,1,22,18,16,48
face brush for lymph,RELEVANT,LYMPHATIC,42,-,138,6,9,6,B0FD354L27|B0GSQW56YT|B0FD6Y9BX5|B0G3685P2S|B0H5MMYNWM|B0G2XLH8CG,CONSOLIDATED,,0,10,7,25,30,6,12,16,14,61
facial lymphatic brush for face,RELEVANT,LYMPHATIC,42,-,112,5,9,7,B0FD354L27|B0GSQW56YT|B0GVBQ7P79|B0FD6Y9BX5|B0G3685P2S|B0H5MMYNWM|B0G2XLH8CG,CONSOLIDATED,,0,10,7,14,61,5,18,17,8,290
angular face brush,RELEVANT,BRUSH_MASSAGE,42,-,141,5,8,1,B0FD354L27,SINGLE,1.16,0,5,50,69,99,25,71,-,43,131
auvorra brush,RELEVANT,BRUSH_MASSAGE,42,-,,1,3,3,B0FD354L27|B0GVBQ7P79|B0G3685P2S,SHARED,,0,1,-,12,-,-,6,-,-,-
true beauty glow lymphatic drainage,RELEVANT,DRAINAGE,42,-,31,9,1,1,B0FD354L27,SINGLE,1.72,0,9,-,-,-,-,-,-,-,-
dry brush massage,RELEVANT,BRUSH_MASSAGE,42,-,,45,9,0,,NONE,,0,133,89,61,45,129,55,94,132,277
maderotherapy,RELEVANT,OTHER,42,-,,18,1,1,B0FD354L27,SINGLE,1.1,3,18,-,-,-,-,-,-,-,-
no surgery neck lift,RELEVANT,JAWLINE_CHIN,42,-,,21,1,0,,NONE,,0,21,-,-,-,-,-,-,-,-
relaxing items,RELEVANT,OTHER,42,-,,28,1,0,,NONE,,0,28,-,-,-,-,-,-,-,-
brushes for dry brushing skin,RELEVANT,BRUSH_MASSAGE,42,-,,35,7,0,,NONE,,0,35,155,92,83,136,86,-,130,-
face care accessories,RELEVANT,OTHER,42,-,,36,1,0,,NONE,,0,36,-,-,-,-,-,-,-,-
de la heart lymphatic drainage,RELEVANT,DRAINAGE,42,-,,52,1,0,,NONE,1.09,0,52,-,-,-,-,-,-,-,-
massaging brush,RELEVANT,BRUSH_MASSAGE,42,-,,84,1,0,,NONE,,1,-,-,-,84,-,-,-,-,-
protect your neck,RELEVANT,JAWLINE_CHIN,42,-,,128,1,0,,NONE,,2,128,-,-,-,-,-,-,-,-
face contour kit,RELEVANT,CONTOUR,42,-,,131,1,0,,NONE,,2,-,-,131,-,-,-,-,-,-
healthy makeup for women,RELEVANT,OTHER,42,-,,134,1,0,,NONE,,0,-,-,-,-,134,-,-,-,-
bliss cosmetics,RELEVANT,OTHER,42,-,,144,1,0,,NONE,,0,-,-,-,-,-,144,-,-,-
dry brush body brush,RELEVANT,BRUSH_MASSAGE,42,-,,210,1,0,,NONE,,0,-,-,210,-,-,-,-,-,-
natural skincare set,RELEVANT,OTHER,42,-,,232,2,0,,NONE,,0,-,-,-,-,-,246,-,232,-
lymphatic drainage suction cups,RELEVANT,DRAINAGE,42,-,,,0,0,,NONE,1.36,0,-,-,-,-,-,-,-,-,-
face messager roller,RELEVANT,OTHER,42,-,,,0,0,,NONE,,0,-,-,-,-,-,-,-,-,-
upgrade lymphatic contour face brush,RELEVANT,CONTOUR,41,-,128,5,9,1,B0GSQW56YT,SINGLE,,4,22,5,51,37,28,32,36,24,26
fascia brush for stomach,RELEVANT,BRUSH_MASSAGE,41,-,141,2,5,1,B0FD354L27,SINGLE,,0,2,24,-,21,-,26,-,93,-
copper guasha brush,RELEVANT,GUA_SHA,41,-,,14,5,1,B0H5MMYNWM,SINGLE,1.38,0,-,47,68,43,-,-,14,65,-
self care accessories,RELEVANT,OTHER,41,-,,21,1,0,,NONE,,0,21,-,-,-,-,-,-,-,-
lymphatic drainage effect,RELEVANT,DRAINAGE,41,-,,40,3,0,,NONE,,1,40,-,-,-,119,90,-,-,-
rotacure for cellulite,RELEVANT,OTHER,41,-,,38,1,0,,NONE,,0,-,38,-,-,-,-,-,-,-
7 color face and neck massager,RELEVANT,JAWLINE_CHIN,41,-,,46,1,0,,NONE,1.81,4,46,-,-,-,-,-,-,-,-
face toning,RELEVANT,OTHER,41,-,,71,1,0,,NONE,,1,-,-,-,-,71,-,-,-,-
the best choice products,RELEVANT,OTHER,41,-,,137,1,0,,NONE,,0,137,-,-,-,-,-,-,-,-
clearance under $10,RELEVANT,OTHER,41,-,,166,1,0,,NONE,1.31,0,-,-,-,-,166,-,-,-,-
eye makeup brushes & tools,RELEVANT,BRUSH_MASSAGE,41,-,,197,2,0,,NONE,,0,197,-,-,-,217,-,-,-,-
reviva lymphatic brush,RELEVANT,LYMPHATIC,40,-,128,2,9,5,B0GSQW56YT|B0FD6Y9BX5|B0G3685P2S|B0H5MMYNWM|B0G2XLH8CG,CONSOLIDATED,,0,22,9,30,28,2,6,5,19,61
facial lymphatic brush set,RELEVANT,LYMPHATIC,40,-,159,3,9,4,B0FD354L27|B0FD6Y9BX5|B0G3685P2S|B0G2XLH8CG,CONSOLIDATED,,0,3,26,22,31,16,11,39,18,280
korean face depuffer,RELEVANT,DEPUFF,40,-,,2,5,1,B0FD6Y9BX5,SINGLE,,0,25,62,-,-,2,71,-,57,-
the kitsch store,COMPETITOR_BRAND,OTHER,40,-,,18,1,1,B0H5MMYNWM,SINGLE,,0,-,-,-,-,-,-,18,-,-
detox for skin,RELEVANT,OTHER,40,-,,81,2,0,,NONE,,0,81,-,-,-,104,-,-,-,-
face slimer,RELEVANT,OTHER,40,-,,92,1,0,,NONE,,0,-,-,-,92,-,-,-,-,-
neck sculpt,RELEVANT,SCULPTING,40,-,,28,3,0,,NONE,,0,-,-,172,-,28,126,-,-,-
contour brush lymphatic,RELEVANT,CONTOUR,39,-,88,1,9,7,B0FD354L27|B0GSQW56YT|B0GC3HX5KH|B0FD6Y9BX5|B0G3685P2S|B0H5MMYNWM|B0G2XLH8CG,CONSOLIDATED,,0,16,7,24,19,1,10,5,12,45
kojeva lymphatic facial brush,COMPETITOR_BRAND,LYMPHATIC,39,-,171,4,8,3,B0FD354L27|B0GSQW56YT|B0FD6Y9BX5,SHARED,,0,11,12,36,66,4,24,57,72,-
natural jade guasha tool for face,RELEVANT,GUA_SHA,39,-,,11,1,1,B0G2XLH8CG,SINGLE,,0,-,-,-,-,-,-,-,11,-
biomane brush,RELEVANT,BRUSH_MASSAGE,39,-,,25,1,0,,NONE,0.69,0,-,-,-,-,-,25,-,-,-
qua shua,RELEVANT,OTHER,39,-,,68,7,0,,NONE,,0,80,68,213,185,121,255,-,131,-
lymphatic drainage massager for body,RELEVANT,DRAINAGE,39,-,,53,2,0,,NONE,,2,53,231,-,-,-,-,-,-,-
oil brush set,OFF_CATEGORY,BRUSH_MASSAGE,39,-,,216,1,0,,NONE,,1,-,-,-,-,-,-,-,216,-
natural dry body brush,RELEVANT,BRUSH_MASSAGE,39,-,,194,2,0,,NONE,,0,-,194,278,-,-,-,-,-,-
face skins,RELEVANT,OTHER,39,-,,239,1,0,,NONE,,0,239,-,-,-,-,-,-,-,-
lymphatic drainage brush for face and neck,RELEVANT,DRAINAGE,38,-,149,2,9,7,B0FD354L27|B0GSQW56YT|B0GVBQ7P79|B0GC3HX5KH|B0FD6Y9BX5|B0G3685P2S|B0G2XLH8CG,CONSOLIDATED,1.19,0,2,3,16,13,5,19,26,10,48
korean skin care brush,RELEVANT,BRUSH_MASSAGE,38,-,,7,7,5,B0FD354L27|B0GC3HX5KH|B0FD6Y9BX5|B0G3685P2S|B0G2XLH8CG,CONSOLIDATED,,0,7,36,-,20,13,16,35,18,-
quia korean face mask brush,RELEVANT,BRUSH_MASSAGE,38,-,,15,6,1,B0H5MMYNWM,SINGLE,,0,85,64,78,-,77,-,15,46,-
linfatico drainage massage tools,OFF_CATEGORY,DRAINAGE,38,-,,10,2,1,B0FD354L27,SINGLE,,0,10,95,-,-,-,-,-,-,-
eteross brush,COMPETITOR_BRAND,BRUSH_MASSAGE,38,-,,2,1,1,B0FD354L27,SINGLE,1.16,0,2,-,-,-,-,-,-,-,-
glo brush,RELEVANT,BRUSH_MASSAGE,38,-,,9,1,1,B0GC3HX5KH,SINGLE,1.24,0,-,-,-,9,-,-,-,-,-
face guasha tool,RELEVANT,GUA_SHA,38,-,,10,8,1,B0GSQW56YT,SINGLE,1.53,0,23,10,298,130,24,145,-,26,216
lymphatic dry brushing body brush,RELEVANT,LYMPHATIC,38,-,,19,8,1,B0FD354L27,SINGLE,1.25,0,19,168,132,116,147,162,144,160,-
gua sha tools for face sculpting,RELEVANT,GUA_SHA,38,-,233,24,8,0,,NONE,,0,144,24,189,148,79,116,-,114,266
health and beauty skin care products,RELEVANT,OTHER,38,-,,26,1,0,,NONE,1.24,0,26,-,-,-,-,-,-,-,-
gua sha vibrating facial tools,OFF_CATEGORY,GUA_SHA,38,-,,36,1,0,,NONE,1.39,0,-,-,-,-,-,-,-,36,-
red light brush lymph,RELEVANT,LYMPHATIC,38,-,55,63,1,0,,NONE,,0,-,-,-,-,-,63,-,-,-
face sets,RELEVANT,OTHER,38,-,,143,2,0,,NONE,,0,-,-,266,-,-,-,-,143,-
soothesilk lymphatic facial contour brush,COMPETITOR_BRAND,CONTOUR,37,-,156,1,8,6,B0FD354L27|B0GSQW56YT|B0FD6Y9BX5|B0G3685P2S|B0H5MMYNWM|B0G2XLH8CG,CONSOLIDATED,1.21,0,1,14,48,23,2,15,17,11,-
exfoliating and depuffing lymphatic contouring face brush,RELEVANT,DEPUFF,37,-,,1,8,6,B0FD354L27|B0GSQW56YT|B0GVBQ7P79|B0FD6Y9BX5|B0G3685P2S|B0G2XLH8CG,CONSOLIDATED,,0,8,4,3,24,1,6,78,19,-
cicely braden lymphatic brush,RELEVANT,LYMPHATIC,37,-,260,1,9,7,B0FD354L27|B0GSQW56YT|B0GVBQ7P79|B0FD6Y9BX5|B0G3685P2S|B0H5MMYNWM|B0G2XLH8CG,CONSOLIDATED,,0,6,17,1,46,5,9,8,18,58
lumera face brush,RELEVANT,BRUSH_MASSAGE,37,-,,3,7,3,B0FD354L27|B0FD6Y9BX5|B0G3685P2S,SHARED,,0,13,24,29,35,3,12,40,-,-
aeki gua sha brush,COMPETITOR_BRAND,GUA_SHA,37,-,65,6,5,3,B0GSQW56YT|B0GC3HX5KH|B0FD6Y9BX5,SHARED,,0,-,17,-,6,9,-,21,51,-
natural exfoliating face brush,RELEVANT,BRUSH_MASSAGE,37,-,,53,6,0,,NONE,,0,-,55,53,126,-,96,67,-,123
kitschpop brush,COMPETITOR_BRAND,BRUSH_MASSAGE,37,-,,16,1,1,B0H5MMYNWM,SINGLE,1.08,0,-,-,-,-,-,-,16,-,-
best face gua sha tool,RELEVANT,GUA_SHA,37,-,,25,5,0,,NONE,,0,-,40,-,122,-,106,-,25,258
manual lymphatic drainage massage tools,OFF_CATEGORY,DRAINAGE,37,-,248,172,1,0,,NONE,1.17,0,172,-,-,-,-,-,-,-,-
sleep eye massager,RELEVANT,BRUSH_MASSAGE,37,-,,189,1,0,,NONE,,0,-,-,-,-,-,189,-,-,-
body brush natural,RELEVANT,BRUSH_MASSAGE,37,-,,198,1,0,,NONE,,2,-,-,198,-,-,-,-,-,-
non toxic lymphatic face brush,RELEVANT,LYMPHATIC,36,-,100,1,9,8,B0FD354L27|B0GSQW56YT|B0GVBQ7P79|B0GC3HX5KH|B0FD6Y9BX5|B0G3685P2S|B0H5MMYNWM|B0G2XLH8CG,CONSOLIDATED,,0,2,6,8,11,3,9,1,10,52
glowtane lymphatic brush,RELEVANT,LYMPHATIC,36,-,28,1,9,4,B0GSQW56YT|B0FD6Y9BX5|B0G3685P2S|B0H5MMYNWM,CONSOLIDATED,1.22,0,23,19,34,44,1,10,7,21,79
facial suction cups for lymphatic drainage,RELEVANT,DRAINAGE,36,-,,17,2,1,B0FD354L27,SINGLE,,0,17,-,65,-,-,-,-,-,-
zenova face brush,RELEVANT,BRUSH_MASSAGE,36,-,,3,1,1,B0GSQW56YT,SINGLE,,0,-,3,-,-,-,-,-,-,-
face fat slimmer,RELEVANT,OTHER,36,-,,15,1,1,B0FD354L27,SINGLE,1.64,0,15,-,-,-,-,-,-,-,-
skincare accessories for women,RELEVANT,OTHER,36,-,,19,1,1,B0FD354L27,SINGLE,,0,19,-,-,-,-,-,-,-,-
eye lymphatic drainage massager,RELEVANT,DRAINAGE,36,-,,43,4,0,,NONE,,0,43,63,-,235,-,-,-,50,-
cream contour brush set,OFF_CATEGORY,CONTOUR,36,-,,125,1,0,,NONE,,0,-,-,-,-,125,-,-,-,-
mom selfcare gift,RELEVANT,OTHER,36,-,,171,1,0,,NONE,,0,-,-,171,-,-,-,-,-,-
brush soft,RELEVANT,BRUSH_MASSAGE,36,-,,171,2,0,,NONE,,2,171,-,-,-,-,-,-,293,-
gua sha brush face,RELEVANT,GUA_SHA,35,-,74,3,9,6,B0FD354L27|B0GSQW56YT|B0GC3HX5KH|B0FD6Y9BX5|B0G3685P2S|B0H5MMYNWM,CONSOLIDATED,1.13,0,13,5,35,17,3,20,12,31,112
dry lymphatic brush,RELEVANT,LYMPHATIC,35,-,,1,9,3,B0FD354L27|B0GC3HX5KH|B0G3685P2S,SHARED,1.4,0,1,27,44,14,21,6,268,29,285
facial powder brush,RELEVANT,BRUSH_MASSAGE,35,-,,41,2,0,,NONE,,0,-,-,-,59,-,-,41,-,-
dermalogica face brush,RELEVANT,BRUSH_MASSAGE,35,-,,37,5,0,,NONE,,0,37,-,67,108,-,127,45,-,-
shape your face,RELEVANT,OTHER,35,-,,1,1,1,B0FD6Y9BX5,SINGLE,,0,-,-,-,-,1,-,-,-,-
glidelif multi-sculpt wand for face,RELEVANT,SCULPTING,35,-,,7,1,1,B0FD354L27,SINGLE,1.55,0,7,-,-,-,-,-,-,-,-
yoga facial tools,RELEVANT,OTHER,35,-,,16,1,1,B0FD354L27,SINGLE,,0,16,-,-,-,-,-,-,-,-
dry body brush lymphatic,RELEVANT,LYMPHATIC,35,-,,37,9,0,,NONE,,0,37,132,152,67,153,93,134,136,174
massagers amazon,RELEVANT,BRUSH_MASSAGE,35,-,,81,1,0,,NONE,,0,81,-,-,-,-,-,-,-,-
massager face,RELEVANT,BRUSH_MASSAGE,35,-,,77,3,0,,NONE,,1,77,184,-,-,-,-,-,231,-
massager brush for body,RELEVANT,BRUSH_MASSAGE,35,-,,170,1,0,,NONE,,0,-,170,-,-,-,-,-,-,-
dry brushes for body,RELEVANT,BRUSH_MASSAGE,35,-,,183,1,0,,NONE,1.21,3,-,-,183,-,-,-,-,-,-
eye swelling relief,RELEVANT,OTHER,35,-,,266,1,0,,NONE,,0,-,-,-,-,266,-,-,-,-
lymphatic massage the face,RELEVANT,LYMPHATIC,34,-,190,5,8,2,B0FD354L27|B0FD6Y9BX5,SHARED,,0,10,29,99,69,5,47,62,46,-
cepillo de drenaje linfático,OFF_CATEGORY,OTHER,34,-,,3,5,2,B0FD354L27|B0FD6Y9BX5,SHARED,1.26,0,3,-,-,29,6,21,-,25,-
cepillo para lifting,OFF_CATEGORY,OTHER,34,-,,1,1,1,B0FD6Y9BX5,SINGLE,1.08,0,-,-,-,-,1,-,-,-,-
massager lymphatic drainage,RELEVANT,DRAINAGE,34,-,,60,4,0,,NONE,,0,60,169,-,-,-,134,-,159,-
brush for nose contour,RELEVANT,CONTOUR,34,-,,67,1,0,,NONE,,0,-,-,-,-,67,-,-,-,-
facial massager for face and neck,RELEVANT,JAWLINE_CHIN,34,-,,145,6,0,,NONE,1.87,6,145,152,-,280,178,189,-,220,-
flower beauty contour,RELEVANT,CONTOUR,34,-,,200,1,0,,NONE,0.83,0,-,-,-,-,-,-,-,200,-
contouring face brush,RELEVANT,CONTOUR,33,-,90,2,8,5,B0FD354L27|B0GSQW56YT|B0FD6Y9BX5|B0G3685P2S|B0G2XLH8CG,CONSOLIDATED,,0,6,11,29,83,2,4,97,15,-
lymphatic drainage gua sha by ava,RELEVANT,DRAINAGE,33,-,,20,6,1,B0FD354L27,SINGLE,1.16,0,20,22,-,54,115,50,-,55,-
face. brush,RELEVANT,BRUSH_MASSAGE,33,-,,15,9,1,B0GSQW56YT,SINGLE,,0,46,15,168,99,22,27,47,152,264
fsa eligible lymphatic drainage,RELEVANT,DRAINAGE,33,-,,3,1,1,B0FD354L27,SINGLE,,0,3,-,-,-,-,-,-,-,-
nadivon face brush,RELEVANT,BRUSH_MASSAGE,33,-,,8,1,1,B0GC3HX5KH,SINGLE,,0,-,-,-,8,-,-,-,-,-
ultra patches focus,RELEVANT,OTHER,33,-,,97,1,0,,NONE,,0,-,-,-,-,-,97,-,-,-
dry skin around eyes and eyelids,RELEVANT,OTHER,33,-,,170,1,0,,NONE,,0,170,-,-,-,-,-,-,-,-
pour brush face,RELEVANT,BRUSH_MASSAGE,33,-,,,0,0,,NONE,1.1,0,-,-,-,-,-,-,-,-,-
washa stone,RELEVANT,OTHER,33,-,,,0,0,,NONE,,0,-,-,-,-,-,-,-,-,-
vapoura™ lymphatic contour face brush,RELEVANT,CONTOUR,32,-,95,6,9,6,B0FD354L27|B0GSQW56YT|B0FD6Y9BX5|B0G3685P2S|B0H5MMYNWM|B0G2XLH8CG,CONSOLIDATED,,0,13,12,27,25,6,10,18,20,48
lymphatic face brush￼,RELEVANT,LYMPHATIC,32,-,105,6,9,6,B0FD354L27|B0GSQW56YT|B0FD6Y9BX5|B0G3685P2S|B0H5MMYNWM|B0G2XLH8CG,CONSOLIDATED,1.22,0,18,7,21,27,6,13,12,14,80
trykojeva facial brush,COMPETITOR_BRAND,BRUSH_MASSAGE,32,-,108,2,7,4,B0FD354L27|B0GC3HX5KH|B0FD6Y9BX5|B0G2XLH8CG,CONSOLIDATED,1.2,0,19,22,32,17,2,-,53,9,-
dry brush for lymph drainage,RELEVANT,DRAINAGE,32,-,,19,8,1,B0FD354L27,SINGLE,,0,19,24,112,56,84,29,-,28,272
case neck brush,RELEVANT,JAWLINE_CHIN,32,-,,27,2,0,,NONE,,5,-,-,-,27,-,57,-,-,-
self care accessories for women,RELEVANT,OTHER,32,-,,15,1,1,B0FD354L27,SINGLE,,0,15,-,-,-,-,-,-,-,-
soothesilk deep tissue massage roller,COMPETITOR_BRAND,BRUSH_MASSAGE,32,-,,19,1,1,B0FD354L27,SINGLE,1.35,0,19,-,-,-,-,-,-,-,-
makeup/skincare,RELEVANT,OTHER,32,-,,20,1,1,B0FD6Y9BX5,SINGLE,,0,-,-,-,-,20,-,-,-,-
eye massager cooling,RELEVANT,BRUSH_MASSAGE,32,-,,119,2,0,,NONE,1.59,0,119,-,-,-,-,-,-,148,-
super brand tools,RELEVANT,OTHER,32,-,,59,2,0,,NONE,1.6,0,59,-,-,-,-,-,-,250,-
lymphatic swelling relief,RELEVANT,LYMPHATIC,32,-,,166,2,0,,NONE,1.94,0,-,-,-,-,166,-,-,185,-
gua sha face roller,RELEVANT,GUA_SHA,32,-,,175,1,0,,NONE,1.44,2,-,-,-,-,-,-,-,175,-
taeki face brush,COMPETITOR_BRAND,BRUSH_MASSAGE,31,-,46,2,6,5,B0FD354L27|B0GVBQ7P79|B0FD6Y9BX5|B0H5MMYNWM|B0G2XLH8CG,CONSOLIDATED,,0,2,-,17,39,10,-,18,9,-
auslina lymphatic brush,COMPETITOR_BRAND,LYMPHATIC,31,-,97,1,9,6,B0FD354L27|B0GSQW56YT|B0FD6Y9BX5|B0G3685P2S|B0H5MMYNWM|B0G2XLH8CG,CONSOLIDATED,1.35,0,1,9,25,35,11,8,5,18,67
soft bristle gua sha brush,RELEVANT,GUA_SHA,31,-,91,1,8,6,B0GSQW56YT|B0GVBQ7P79|B0GC3HX5KH|B0FD6Y9BX5|B0G3685P2S|B0G2XLH8CG,CONSOLIDATED,,0,34,8,11,19,1,6,82,2,-
drainage facial brush,RELEVANT,DRAINAGE,31,-,93,3,9,5,B0FD354L27|B0GSQW56YT|B0FD6Y9BX5|B0G3685P2S|B0G2XLH8CG,CONSOLIDATED,,0,10,14,48,24,3,12,23,20,117
soft lymphatic brush face,RELEVANT,LYMPHATIC,31,-,77,1,9,7,B0FD354L27|B0GSQW56YT|B0GVBQ7P79|B0FD6Y9BX5|B0G3685P2S|B0H5MMYNWM|B0G2XLH8CG,CONSOLIDATED,1.44,0,1,6,8,23,2,9,18,13,266
how to slim your face,RELEVANT,OTHER,31,-,,16,1,1,B0FD354L27,SINGLE,,0,16,-,-,-,-,-,-,-,-
dry skin brushing,RELEVANT,BRUSH_MASSAGE,31,-,,84,6,0,,NONE,,1,84,162,136,109,130,-,-,158,-
goat hair facial brushes,RELEVANT,BRUSH_MASSAGE,31,-,,51,1,0,,NONE,,0,-,-,-,-,-,51,-,-,-
moisturizer brush,RELEVANT,BRUSH_MASSAGE,31,-,268,56,4,0,,NONE,,2,-,92,-,122,-,117,56,-,-
sculpting serum,OFF_CATEGORY,SCULPTING,31,-,,77,1,0,,NONE,,5,-,-,-,-,77,-,-,-,-
foreo face cleansing brush,RELEVANT,BRUSH_MASSAGE,31,-,,61,2,0,,NONE,1.28,0,-,-,-,168,-,-,61,-,-
dry brushing body,RELEVANT,BRUSH_MASSAGE,31,-,,47,3,0,,NONE,,35,-,289,213,-,-,47,-,-,-
makeup brush natural,RELEVANT,BRUSH_MASSAGE,31,-,,184,2,0,,NONE,,0,-,-,-,-,-,202,-,184,-
eco friendly brush,RELEVANT,BRUSH_MASSAGE,31,-,,268,1,0,,NONE,,0,-,-,-,268,-,-,-,-,-
lymph node drainage tool,RELEVANT,DRAINAGE,31,-,,,0,0,,NONE,,0,-,-,-,-,-,-,-,-,-
lymphatic face brush + free ebook,RELEVANT,LYMPHATIC,30,-,,1,5,5,B0FD354L27|B0GSQW56YT|B0GC3HX5KH|B0FD6Y9BX5|B0G3685P2S,CONSOLIDATED,,0,2,5,-,18,1,9,-,-,-
soft bristle lymphatic face brush,RELEVANT,LYMPHATIC,30,-,108,1,9,6,B0FD354L27|B0GSQW56YT|B0GVBQ7P79|B0FD6Y9BX5|B0G3685P2S|B0G2XLH8CG,CONSOLIDATED,,1,5,7,17,23,1,6,27,18,258
best dry brush,RELEVANT,BRUSH_MASSAGE,30,-,,52,8,0,,NONE,,0,52,75,129,139,82,66,-,114,162
fascia release tools face,RELEVANT,OTHER,30,-,,8,2,1,B0FD354L27,SINGLE,,0,8,-,-,131,-,-,-,-,-
lymphatic wood tools,RELEVANT,LYMPHATIC,30,-,,61,3,0,,NONE,1.15,0,-,61,116,67,-,-,-,-,-
chin lipo massage tool,RELEVANT,BRUSH_MASSAGE,30,-,,45,3,0,,NONE,,0,45,-,-,90,149,-,-,-,-
get rid of double chin instantly,RELEVANT,JAWLINE_CHIN,30,-,,38,1,0,,NONE,1.62,0,38,-,-,-,-,-,-,-,-
spa room accessories,RELEVANT,OTHER,30,-,,49,1,0,,NONE,,0,49,-,-,-,-,-,-,-,-
the best gua sha,RELEVANT,GUA_SHA,30,-,,29,5,0,,NONE,,0,142,79,-,-,155,256,-,29,-
spa self care,RELEVANT,OTHER,30,-,,87,1,0,,NONE,,1,87,-,-,-,-,-,-,-,-
pink guasha,RELEVANT,GUA_SHA,30,-,70,91,1,0,,NONE,,0,-,-,-,-,-,-,-,91,-
collagen mask brush,OFF_CATEGORY,BRUSH_MASSAGE,30,-,,114,2,0,,NONE,,0,-,-,-,133,114,-,-,-,-
dry skin brush set,RELEVANT,BRUSH_MASSAGE,30,-,,101,3,0,,NONE,,0,-,-,117,174,-,-,-,101,-
under eye massager for puffiness,RELEVANT,DEPUFF,30,-,,208,3,0,,NONE,,0,213,-,-,-,222,-,-,208,-
face excersize tool,RELEVANT,OTHER,30,-,,,0,0,,NONE,,0,-,-,-,-,-,-,-,-,-
lymph lift brush,RELEVANT,LYMPHATIC,29,-,114,2,9,4,B0FD354L27|B0GSQW56YT|B0FD6Y9BX5|B0G3685P2S,CONSOLIDATED,1.03,0,12,4,29,35,2,13,25,24,41
gua and dry brush,RELEVANT,BRUSH_MASSAGE,29,-,128,1,8,5,B0FD354L27|B0GSQW56YT|B0FD6Y9BX5|B0G3685P2S|B0G2XLH8CG,CONSOLIDATED,,0,17,2,48,25,1,19,42,20,-
gua sha brish,RELEVANT,GUA_SHA,29,-,113,7,8,4,B0GSQW56YT|B0GC3HX5KH|B0FD6Y9BX5|B0H5MMYNWM,CONSOLIDATED,,0,29,8,25,13,7,33,10,56,-
soothesilk anti cellulite massager face,COMPETITOR_BRAND,BRUSH_MASSAGE,29,-,,6,2,2,B0FD354L27|B0FD6Y9BX5,SHARED,,0,6,-,-,-,18,-,-,-,-
skin brushes,RELEVANT,BRUSH_MASSAGE,29,-,,49,8,0,,NONE,,0,49,68,162,57,63,127,86,72,-
kitsch guasha,COMPETITOR_BRAND,GUA_SHA,29,-,,27,2,0,,NONE,,0,-,-,-,47,-,-,27,-,-
best facial,RELEVANT,OTHER,29,-,,36,3,0,,NONE,,0,36,-,-,-,56,-,-,79,-
treatment for double chin,RELEVANT,JAWLINE_CHIN,29,-,,7,1,1,B0FD354L27,SINGLE,,0,7,-,-,-,-,-,-,-,-
mask mixing brush,RELEVANT,BRUSH_MASSAGE,29,-,,24,1,0,,NONE,,0,24,-,-,-,-,-,-,-,-
facial cleaning brush for face,RELEVANT,BRUSH_MASSAGE,29,-,,37,6,0,,NONE,,0,37,208,163,-,-,161,120,186,-
natural bristle dry brush,RELEVANT,BRUSH_MASSAGE,29,-,,132,7,0,,NONE,,0,142,147,144,177,-,132,-,168,168
facial mask brushes,RELEVANT,BRUSH_MASSAGE,29,-,,132,5,0,,NONE,,1,132,152,-,-,166,165,135,-,-
face madk brush,RELEVANT,BRUSH_MASSAGE,29,-,,95,5,0,,NONE,,0,-,254,-,154,-,186,110,95,-
dry brush organic,RELEVANT,BRUSH_MASSAGE,29,-,,90,1,0,,NONE,1.14,0,-,-,-,-,-,-,-,90,-
detox slimming,RELEVANT,OTHER,29,-,,96,1,0,,NONE,,0,96,-,-,-,-,-,-,-,-
blood face,RELEVANT,OTHER,29,-,,116,1,0,,NONE,,1,116,-,-,-,-,-,-,-,-
large bristle brush,RELEVANT,BRUSH_MASSAGE,29,-,,193,2,0,,NONE,,0,251,-,-,-,-,-,-,193,-
all things beauty,RELEVANT,OTHER,29,-,,232,1,0,,NONE,,0,232,-,-,-,-,-,-,-,-
lymphatic drainage soap,RELEVANT,DRAINAGE,29,-,,,0,0,,NONE,,0,-,-,-,-,-,-,-,-,-
roller massager for face,RELEVANT,BRUSH_MASSAGE,29,-,,,0,0,,NONE,,1,-,-,-,-,-,-,-,-,-
cjb lymphatic face brush,RELEVANT,LYMPHATIC,28,-,,2,8,6,B0FD354L27|B0GSQW56YT|B0GC3HX5KH|B0FD6Y9BX5|B0G3685P2S|B0G2XLH8CG,CONSOLIDATED,,0,2,18,21,7,3,17,49,8,-
aeki lymphatic brush for face,COMPETITOR_BRAND,LYMPHATIC,28,-,103,4,9,7,B0FD354L27|B0GSQW56YT|B0GVBQ7P79|B0FD6Y9BX5|B0G3685P2S|B0H5MMYNWM|B0G2XLH8CG,CONSOLIDATED,,0,4,7,17,23,9,11,10,14,55
gua sha facial tools lymphatic drainage,RELEVANT,DRAINAGE,28,-,96,5,9,2,B0FD354L27|B0G2XLH8CG,SHARED,,2,7,21,289,44,112,39,105,5,171
fully face brush,RELEVANT,BRUSH_MASSAGE,28,-,,3,5,2,B0FD6Y9BX5|B0H5MMYNWM,SHARED,,0,-,-,-,59,6,26,3,93,-
beauty clearance sale,RELEVANT,OTHER,28,-,,31,1,0,,NONE,1.21,0,31,-,-,-,-,-,-,-,-
double chin lift,RELEVANT,JAWLINE_CHIN,28,-,,42,2,0,,NONE,,0,42,-,-,117,-,-,-,-,-
face mask beush,RELEVANT,OTHER,28,-,262,96,6,0,,NONE,,0,165,107,-,183,-,211,135,96,-
morning glow massage,RELEVANT,BRUSH_MASSAGE,28,-,81,38,1,0,,NONE,,0,-,-,-,38,-,-,-,-,-
double chin reducer face slimming,RELEVANT,JAWLINE_CHIN,28,-,,64,1,0,,NONE,0.87,3,64,-,-,-,-,-,-,-,-
makeup brush face,RELEVANT,BRUSH_MASSAGE,28,-,,106,4,0,,NONE,,0,-,-,-,-,106,263,139,218,-
the brush,RELEVANT,BRUSH_MASSAGE,28,-,,125,2,0,,NONE,,2,156,-,-,-,-,-,125,-,-
stainless gua sha facial tools,OFF_CATEGORY,GUA_SHA,28,-,,143,1,0,,NONE,1.21,0,-,-,143,-,-,-,-,-,-
smoothsilk lymphatic brush,RELEVANT,LYMPHATIC,27,-,77,1,8,6,B0FD354L27|B0GSQW56YT|B0FD6Y9BX5|B0G3685P2S|B0H5MMYNWM|B0G2XLH8CG,CONSOLIDATED,1.33,0,1,18,34,24,2,11,9,20,-
lymphasculpt™ gua sha facial contour brush,RELEVANT,GUA_SHA,27,-,,4,8,3,B0FD354L27|B0GSQW56YT|B0FD6Y9BX5,SHARED,1.14,0,9,12,46,29,4,25,59,41,-
facial glow brush,RELEVANT,BRUSH_MASSAGE,27,-,61,1,9,3,B0FD354L27|B0FD6Y9BX5|B0H5MMYNWM,SHARED,,0,3,24,51,28,1,34,7,31,90
globrush for face,RELEVANT,BRUSH_MASSAGE,27,-,45,2,5,3,B0FD354L27|B0FD6Y9BX5|B0H5MMYNWM,SHARED,1.1,0,6,-,-,36,2,22,4,-,-
soothesilk lymphatic contour face brush,COMPETITOR_BRAND,CONTOUR,27,-,113,1,9,5,B0FD354L27|B0GSQW56YT|B0FD6Y9BX5|B0G3685P2S|B0H5MMYNWM,CONSOLIDATED,1.29,0,1,12,28,36,2,18,6,26,166
"medicube peel shot with turmeric | reset in one step | gentle exfoliating serum with bha, lha & pha ",OFF_CATEGORY,OTHER,27,-,,26,1,0,,NONE,,0,-,-,-,-,-,-,-,26,-
face exfoliating scrub brush,RELEVANT,BRUSH_MASSAGE,27,-,,66,1,0,,NONE,0.99,0,-,-,-,-,-,-,66,-,-
natural skin care routine,RELEVANT,OTHER,27,-,,82,2,0,,NONE,,0,82,-,-,-,-,175,-,-,-
makeup application tools,RELEVANT,OTHER,27,-,,134,1,0,,NONE,,0,-,-,-,-,134,-,-,-,-
wood therapy massage tools for body sculpting,RELEVANT,SCULPTING,27,-,,168,1,0,,NONE,1.14,0,-,-,-,168,-,-,-,-,-
contour cream kit,OFF_CATEGORY,CONTOUR,27,-,,199,1,0,,NONE,,0,-,-,-,-,199,-,-,-,-
esthetics brushes,RELEVANT,BRUSH_MASSAGE,27,-,,,0,0,,NONE,,0,-,-,-,-,-,-,-,-,-
de-puffing face sculpting brush massage eye and neck care brush,RELEVANT,SCULPTING,26,-,154,3,8,5,B0FD354L27|B0GSQW56YT|B0GC3HX5KH|B0FD6Y9BX5|B0G3685P2S,CONSOLIDATED,,0,11,14,-,16,3,12,41,26,106
"rose romee 2 pcs lymphatic contour face brush, dry lymphatic brush, lymphatic drainage massager for ",RELEVANT,DRAINAGE,26,-,,15,8,1,B0FD354L27,SINGLE,,0,15,37,136,96,48,59,178,47,-
face stones sculpting,RELEVANT,SCULPTING,26,-,,22,2,0,,NONE,,0,22,-,-,-,-,-,-,46,-
face lift kit,RELEVANT,OTHER,26,-,,22,2,0,,NONE,,2,-,-,-,121,22,-,-,-,-
face pack bulk,RELEVANT,OTHER,26,-,,42,4,0,,NONE,,0,42,290,-,-,263,-,65,-,-
cepillo de masaje corporal,OFF_CATEGORY,OTHER,26,-,,83,1,0,,NONE,,0,-,-,-,83,-,-,-,-,-
pore cleanser brush,RELEVANT,BRUSH_MASSAGE,26,-,,83,2,0,,NONE,1.06,0,-,-,-,152,-,-,83,-,-
spa refresh,RELEVANT,OTHER,26,-,,143,1,0,,NONE,,2,143,-,-,-,-,-,-,-,-
facial gifts,RELEVANT,OTHER,26,-,,162,1,0,,NONE,1.22,0,-,-,162,-,-,-,-,-,-
gua sha wooden massage tool,RELEVANT,GUA_SHA,26,-,,170,4,0,,NONE,0.97,1,-,182,170,230,-,-,-,-,231
dual contour brush,RELEVANT,CONTOUR,26,-,,,0,0,,NONE,,0,-,-,-,-,-,-,-,-,-
soft facial brush for lymphatic drainage,RELEVANT,DRAINAGE,25,-,,2,8,7,B0FD354L27|B0GSQW56YT|B0GVBQ7P79|B0FD6Y9BX5|B0G3685P2S|B0H5MMYNWM|B0G2XLH8CG,CONSOLIDATED,,0,4,9,6,28,2,18,8,14,-
kojeva brush for face,COMPETITOR_BRAND,BRUSH_MASSAGE,25,-,39,1,7,7,B0FD354L27|B0GSQW56YT|B0GC3HX5KH|B0FD6Y9BX5|B0G3685P2S|B0H5MMYNWM|B0G2XLH8CG,CONSOLIDATED,,0,1,5,-,11,3,10,4,9,-
face fat loss,RELEVANT,OTHER,25,-,,17,2,1,B0FD6Y9BX5,SINGLE,,0,33,-,-,-,17,-,-,-,-
best chin reducer,RELEVANT,OTHER,25,-,,32,1,0,,NONE,1.3,0,32,-,-,-,-,-,-,-,-
beauty health,RELEVANT,OTHER,25,-,,66,2,0,,NONE,,0,68,-,-,-,66,-,-,-,-
lift chin,RELEVANT,OTHER,25,-,,23,2,0,,NONE,,0,23,-,-,222,-,-,-,-,-
simple face care,RELEVANT,OTHER,25,-,,212,1,0,,NONE,,0,-,-,-,-,-,212,-,-,-
eye bag reducer for women,RELEVANT,OTHER,25,-,,269,1,0,,NONE,2.16,0,269,-,-,-,-,-,-,-,-
lymphatic contour face brush wooden handle,RELEVANT,CONTOUR,24,-,125,1,9,6,B0FD354L27|B0GSQW56YT|B0GVBQ7P79|B0GC3HX5KH|B0G2XLH8CG|B0H93V3MNM,CONSOLIDATED,,0,9,13,4,1,25,32,39,10,7
lymphatic face brush soft,RELEVANT,LYMPHATIC,24,-,107,3,9,6,B0GSQW56YT|B0GVBQ7P79|B0FD6Y9BX5|B0G3685P2S|B0H5MMYNWM|B0G2XLH8CG,CONSOLIDATED,1.3,0,29,15,9,24,3,18,20,12,108
face lymphatic contour brush for jawline,RELEVANT,JAWLINE_CHIN,24,-,141,2,9,3,B0FD354L27|B0FD6Y9BX5|B0G3685P2S,SHARED,,0,2,32,42,37,3,13,31,22,118
boar bristle gua sha,RELEVANT,GUA_SHA,24,-,,1,5,3,B0GSQW56YT|B0GC3HX5KH|B0FD6Y9BX5,SHARED,,0,-,6,30,9,1,-,-,35,-
tik tok shopping,RELEVANT,OTHER,24,-,,3,1,1,B0FD354L27,SINGLE,1.18,0,3,-,-,-,-,-,-,-,-
dry brush for lipedema,RELEVANT,BRUSH_MASSAGE,24,-,,68,3,0,,NONE,,0,-,-,87,89,-,68,-,-,-
lymphatic serum,OFF_CATEGORY,LYMPHATIC,24,-,,33,2,0,,NONE,,0,-,133,-,-,33,-,-,-,-
face and neck relaxing,RELEVANT,JAWLINE_CHIN,24,-,,34,6,0,,NONE,1.84,0,34,77,288,-,62,68,67,-,-
guasha tool for face and oil,OFF_CATEGORY,GUA_SHA,24,-,182,27,6,0,,NONE,1.26,0,31,-,158,-,116,143,-,27,189
skin exfoliator brush,RELEVANT,BRUSH_MASSAGE,24,-,,74,6,0,,NONE,,0,80,-,93,113,107,298,74,-,-
dual sided facial cleansing brush,RELEVANT,BRUSH_MASSAGE,24,-,,92,3,0,,NONE,,1,92,119,-,-,135,-,-,-,-
blood makeup for face,RELEVANT,OTHER,24,-,,173,1,0,,NONE,0.91,0,173,-,-,-,-,-,-,-,-
mascarilla para levantar la papada,RELEVANT,OTHER,24,-,,,0,0,,NONE,,0,-,-,-,-,-,-,-,-,-
gua sha pen,RELEVANT,GUA_SHA,24,-,,,0,0,,NONE,,2,-,-,-,-,-,-,-,-,-
lymphatic contour brush￼,RELEVANT,CONTOUR,23,-,96,1,9,6,B0FD354L27|B0GSQW56YT|B0FD6Y9BX5|B0G3685P2S|B0H5MMYNWM|B0G2XLH8CG,CONSOLIDATED,,0,1,11,36,28,8,12,7,15,76
ergonomic lymphatic contour face brush,RELEVANT,CONTOUR,23,-,134,1,9,5,B0FD354L27|B0GSQW56YT|B0FD6Y9BX5|B0H5MMYNWM|B0G2XLH8CG,CONSOLIDATED,1.17,0,1,19,70,63,2,40,17,18,69
yerba prima skin brush,RELEVANT,BRUSH_MASSAGE,23,-,,52,4,0,,NONE,1.49,0,-,52,54,65,-,71,-,-,-
amazon skincare must haves,RELEVANT,OTHER,23,-,,17,1,1,B0FD6Y9BX5,SINGLE,,0,-,-,-,-,17,-,-,-,-
love wellness lymphatic massage roller,RELEVANT,LYMPHATIC,23,-,,17,1,1,B0FD354L27,SINGLE,1.35,0,17,-,-,-,-,-,-,-,-
face brushes for mask,RELEVANT,BRUSH_MASSAGE,23,-,,111,6,0,,NONE,,0,125,-,260,119,174,182,111,-,-
profecional make up brushes,RELEVANT,BRUSH_MASSAGE,23,-,,58,1,0,,NONE,,0,-,-,-,-,58,-,-,-,-
organic dry brushing body brush,RELEVANT,BRUSH_MASSAGE,23,-,,123,1,0,,NONE,,0,-,-,-,-,-,-,-,123,-
skincare gadgets for face,RELEVANT,OTHER,23,-,,127,1,0,,NONE,,0,127,-,-,-,-,-,-,-,-
makeup brushes natural bristles,RELEVANT,BRUSH_MASSAGE,23,-,,156,4,0,,NONE,,0,-,-,-,302,-,156,-,171,205
lift face,RELEVANT,OTHER,23,-,,97,4,0,,NONE,,0,97,-,-,-,178,293,-,272,-
metal massage tools,OFF_CATEGORY,BRUSH_MASSAGE,23,-,,257,1,0,,NONE,1.46,0,-,-,257,-,-,-,-,-,-
beauty & skincare,RELEVANT,OTHER,23,-,,282,1,0,,NONE,1.21,0,-,-,-,-,282,-,-,-,-
mini facial kit,RELEVANT,OTHER,23,-,,287,1,0,,NONE,,0,-,-,-,287,-,-,-,-,-
lymphatic guasha face brush,RELEVANT,GUA_SHA,22,-,74,4,9,3,B0FD354L27|B0GSQW56YT|B0FD6Y9BX5,SHARED,,0,12,4,52,54,6,51,33,36,45
best face sculptor,RELEVANT,SCULPTING,22,-,,18,4,2,B0FD354L27|B0FD6Y9BX5,SHARED,,0,20,-,-,85,18,45,-,-,-
best face tools,RELEVANT,OTHER,22,-,,19,7,1,B0FD354L27,SINGLE,,0,19,26,152,118,54,57,-,46,-
dry brush natural,RELEVANT,BRUSH_MASSAGE,22,-,,59,6,0,,NONE,,0,128,83,88,70,-,80,-,59,-
kitsh brush,RELEVANT,BRUSH_MASSAGE,22,-,,17,3,1,B0H5MMYNWM,SINGLE,,0,36,-,-,69,-,-,17,-,-
dry body brush natural bristles lymphatic,RELEVANT,LYMPHATIC,22,-,,98,9,0,,NONE,,0,101,100,98,149,155,115,292,156,290
cepillo exfoliante facial,OFF_CATEGORY,OTHER,22,-,,55,7,0,,NONE,,0,55,134,144,152,143,149,80,-,-
skin neck pouch,RELEVANT,JAWLINE_CHIN,22,-,,81,2,0,,NONE,,0,-,-,274,81,-,-,-,-,-
gua sha stone set,RELEVANT,GUA_SHA,22,-,,106,1,0,,NONE,,0,-,-,-,-,-,-,-,106,-
professional face makeup set,RELEVANT,OTHER,22,-,,110,1,0,,NONE,,0,-,-,-,-,110,-,-,-,-
brush real techniques set,RELEVANT,BRUSH_MASSAGE,22,-,,169,1,0,,NONE,,0,-,-,-,-,169,-,-,-,-
eye massager with cooling,RELEVANT,BRUSH_MASSAGE,22,-,,285,1,0,,NONE,1.84,1,285,-,-,-,-,-,-,-,-
lymph lift,RELEVANT,LYMPHATIC,22,-,,,0,0,,NONE,1.38,0,-,-,-,-,-,-,-,-,-
micro sculpt,RELEVANT,SCULPTING,22,-,,,0,0,,NONE,1.6,0,-,-,-,-,-,-,-,-,-
natural bristle lymphatic contour face brush soft,RELEVANT,CONTOUR,21,-,,6,8,4,B0GSQW56YT|B0FD6Y9BX5|B0G3685P2S|B0G2XLH8CG,CONSOLIDATED,,0,21,18,52,47,11,16,63,6,-
farad beauty lymph brush,RELEVANT,LYMPHATIC,21,-,88,1,8,4,B0FD354L27|B0GSQW56YT|B0FD6Y9BX5|B0H5MMYNWM,CONSOLIDATED,,0,1,11,54,67,2,86,18,35,-
lymphatic drainage neck,RELEVANT,DRAINAGE,21,-,,25,8,0,,NONE,,0,87,38,104,88,25,63,85,61,-
facial swelling reducer,RELEVANT,OTHER,21,-,,13,6,1,B0FD354L27,SINGLE,,0,13,62,-,168,94,120,-,101,-
chin dissolver,RELEVANT,OTHER,21,-,,5,1,1,B0FD354L27,SINGLE,1.46,0,5,-,-,-,-,-,-,-,-
kansa wand face,RELEVANT,OTHER,21,-,,12,1,1,B0FD354L27,SINGLE,1.4,11,12,-,-,-,-,-,-,-,-
dry bursh,RELEVANT,OTHER,21,-,,46,8,0,,NONE,,0,46,172,212,168,69,104,-,196,241
massage supplies professional,RELEVANT,BRUSH_MASSAGE,21,-,,31,1,0,,NONE,0.82,0,31,-,-,-,-,-,-,-,-
natural brush for dry brushing,RELEVANT,BRUSH_MASSAGE,21,-,,95,6,0,,NONE,,0,112,130,95,128,-,-,-,167,185
brushes for eyes,RELEVANT,BRUSH_MASSAGE,21,-,,190,2,0,,NONE,,1,190,-,-,-,197,-,-,-,-
facial stuff for women,RELEVANT,OTHER,21,-,,203,2,0,,NONE,,0,203,-,-,-,213,-,-,-,-
facial tools set,RELEVANT,OTHER,21,-,,143,2,0,,NONE,,1,-,-,143,-,-,-,-,277,-
amazon tool,RELEVANT,OTHER,21,-,,229,1,0,,NONE,,0,-,-,-,-,229,-,-,-,-
good quality makeup brushes,RELEVANT,BRUSH_MASSAGE,21,-,,288,1,0,,NONE,,0,-,-,-,-,288,-,-,-,-
brocha de maquillaje que vibra,RELEVANT,OTHER,21,-,,,0,0,,NONE,1.04,0,-,-,-,-,-,-,-,-,-
soothe silk facial contour brush,RELEVANT,CONTOUR,20,-,72,5,8,5,B0FD354L27|B0GSQW56YT|B0FD6Y9BX5|B0H5MMYNWM|B0G2XLH8CG,CONSOLIDATED,,0,8,6,21,23,15,24,5,10,-
lymphatic face brush drainage massager,RELEVANT,DRAINAGE,20,-,142,5,8,5,B0FD354L27|B0GSQW56YT|B0FD6Y9BX5|B0G3685P2S|B0G2XLH8CG,CONSOLIDATED,1.28,0,7,6,36,33,5,19,28,15,-
￼ face lymphatic contour brush for jawline & chin sculpting dry brushing massager for lymphatic drai,RELEVANT,SCULPTING,20,-,158,13,9,3,B0GSQW56YT|B0G3685P2S|B0G2XLH8CG,SHARED,,0,22,13,89,47,23,14,75,16,109
best gifts for self care,RELEVANT,OTHER,20,-,,39,1,0,,NONE,1.25,0,39,-,-,-,-,-,-,-,-
thick gua sha,RELEVANT,GUA_SHA,20,-,,38,4,0,,NONE,,0,-,39,-,256,-,-,272,38,-
sculpt kit,RELEVANT,SCULPTING,20,-,,120,1,0,,NONE,,1,-,-,-,-,120,-,-,-,-
skin tightening neck,RELEVANT,JAWLINE_CHIN,20,-,,128,1,0,,NONE,,0,128,-,-,-,-,-,-,-,-
jess x,RELEVANT,OTHER,20,-,,,0,0,,NONE,,0,-,-,-,-,-,-,-,-,-
face brush applicator,RELEVANT,BRUSH_MASSAGE,20,-,,,0,0,,NONE,,0,-,-,-,-,-,-,-,-,-
lymphatic contouring face brush,RELEVANT,CONTOUR,19,-,122,12,9,5,B0FD354L27|B0GSQW56YT|B0FD6Y9BX5|B0H5MMYNWM|B0G2XLH8CG,CONSOLIDATED,,0,17,16,48,50,12,33,20,18,131
fascia tool for face,RELEVANT,OTHER,19,-,,8,2,1,B0FD354L27,SINGLE,,0,8,-,-,90,-,-,-,-,-
countours,RELEVANT,OTHER,19,-,,89,8,0,,NONE,0.78,0,126,173,230,187,89,173,92,118,-
jade facial massager,RELEVANT,BRUSH_MASSAGE,19,-,,25,1,0,,NONE,,1,-,-,-,-,-,-,-,25,-
brush stone,RELEVANT,BRUSH_MASSAGE,19,-,,52,2,0,,NONE,,0,52,-,-,-,-,-,-,102,-
face and neck tightening and lifting,RELEVANT,JAWLINE_CHIN,19,-,,73,2,0,,NONE,,0,73,-,-,-,116,-,-,-,-
face glowing products,RELEVANT,OTHER,19,-,,44,1,0,,NONE,1.73,0,-,-,-,-,44,-,-,-,-
for dry skin face,RELEVANT,OTHER,19,-,,137,4,0,,NONE,,0,137,-,-,-,188,164,-,236,-
beauty￼,RELEVANT,OTHER,19,-,,161,1,0,,NONE,,0,-,-,-,-,161,-,-,-,-
dry body brush natural,RELEVANT,BRUSH_MASSAGE,19,-,,199,1,0,,NONE,,0,-,-,199,-,-,-,-,-,-
lymphatic brushing,RELEVANT,LYMPHATIC,18,-,,1,9,2,B0FD354L27|B0FD6Y9BX5,SHARED,1.11,0,1,32,34,62,10,73,35,22,129
get lifted instant face lift,RELEVANT,OTHER,18,-,,49,3,0,,NONE,1.82,1,49,-,-,-,65,-,-,125,-
facial and neck massage tool,RELEVANT,JAWLINE_CHIN,18,-,,109,7,0,,NONE,1.76,0,181,188,164,142,112,109,-,199,-
jade face stone,RELEVANT,OTHER,18,-,,56,1,0,,NONE,,0,-,-,-,-,-,-,-,56,-
dry brush sets,RELEVANT,BRUSH_MASSAGE,18,-,,90,5,0,,NONE,,0,-,-,109,161,232,149,-,90,-
body brush soft,RELEVANT,BRUSH_MASSAGE,18,-,,88,2,0,,NONE,,0,-,260,88,-,-,-,-,-,-
countoring makeup set,RELEVANT,OTHER,18,-,,104,1,0,,NONE,,0,-,-,-,-,104,-,-,-,-
large guasha tool for body,RELEVANT,GUA_SHA,18,-,,179,1,0,,NONE,,0,-,179,-,-,-,-,-,-,-
natural bristle dry brush for body,RELEVANT,BRUSH_MASSAGE,18,-,,182,1,0,,NONE,,0,-,-,182,-,-,-,-,-,-
best wooden massage tools,RELEVANT,BRUSH_MASSAGE,18,-,,163,3,0,,NONE,,0,-,256,169,163,-,-,-,-,-
the un brush,RELEVANT,BRUSH_MASSAGE,18,-,,188,2,0,,NONE,,0,210,-,-,-,-,-,188,-,-
best contour,RELEVANT,CONTOUR,18,-,,251,8,0,,NONE,0.86,0,252,294,259,296,251,297,297,298,-
gua sha cream for face,OFF_CATEGORY,GUA_SHA,18,-,170,,0,0,,NONE,,0,-,-,-,-,-,-,-,-,-
beginners makeup,RELEVANT,OTHER,18,-,,,0,0,,NONE,0.74,1,-,-,-,-,-,-,-,-,-
lymphatic sculpt brush,RELEVANT,SCULPTING,17,-,260,1,9,6,B0FD354L27|B0GSQW56YT|B0GC3HX5KH|B0FD6Y9BX5|B0G3685P2S|B0H5MMYNWM,CONSOLIDATED,,0,2,8,23,19,1,5,18,26,39
douxds flex face brush,RELEVANT,BRUSH_MASSAGE,17,-,,12,2,2,B0G3685P2S|B0H5MMYNWM,SHARED,,0,-,-,-,-,-,14,12,-,-
gua shua stone,RELEVANT,OTHER,17,-,,95,3,0,,NONE,,0,99,-,-,95,-,-,-,179,-
gua sha facial tools stainless,OFF_CATEGORY,GUA_SHA,17,-,,117,1,0,,NONE,1.05,0,-,-,117,-,-,-,-,-,-
skincare beauty,RELEVANT,OTHER,17,-,,210,1,0,,NONE,,0,-,-,-,-,210,-,-,-,-
brown eye patch,OFF_CATEGORY,OTHER,17,-,,279,1,0,,NONE,,1,-,-,-,-,-,279,-,-,-
cheap gua sha,RELEVANT,GUA_SHA,17,-,,290,1,0,,NONE,,0,-,-,-,290,-,-,-,-,-
massage gift set,RELEVANT,BRUSH_MASSAGE,17,-,,290,1,0,,NONE,1.43,0,-,-,-,-,-,-,-,290,-
facial drainage tool,RELEVANT,DRAINAGE,16,-,,1,7,2,B0FD354L27|B0FD6Y9BX5,SHARED,,0,4,44,128,72,1,61,-,55,-
le vite brush,RELEVANT,BRUSH_MASSAGE,16,-,,2,3,1,B0FD6Y9BX5,SINGLE,1.15,0,-,-,37,-,2,-,-,36,-
recuvia brush,COMPETITOR_BRAND,BRUSH_MASSAGE,16,-,,1,1,1,B0FD354L27,SINGLE,,0,1,-,-,-,-,-,-,-,-
contour brush for nose,RELEVANT,CONTOUR,16,-,270,88,1,0,,NONE,0.5,0,-,-,-,-,88,-,-,-,-
steel face sculpting tool,RELEVANT,SCULPTING,16,-,,92,1,0,,NONE,,0,-,-,92,-,-,-,-,-,-
gloar lymphatic drainage,RELEVANT,DRAINAGE,16,-,264,41,3,0,,NONE,2.34,0,41,-,-,184,-,80,-,-,-
sculpt it,RELEVANT,SCULPTING,16,-,,93,3,0,,NONE,,0,-,98,-,-,93,119,-,-,-
facial exfoliating scrub brush,RELEVANT,BRUSH_MASSAGE,16,-,,136,2,0,,NONE,,0,-,-,-,204,-,-,136,-,-
ultimate relaxation gifts,RELEVANT,OTHER,16,-,,153,1,0,,NONE,,0,-,-,-,-,-,-,-,153,-
amazon gua sha,RELEVANT,GUA_SHA,16,-,,169,1,0,,NONE,,0,-,-,-,-,169,-,-,-,-
mens facial exfoliator,RELEVANT,OTHER,16,-,,234,1,0,,NONE,,0,-,-,234,-,-,-,-,-,-
lymphatic drainage tool face neck,RELEVANT,DRAINAGE,15,-,,5,8,2,B0GSQW56YT|B0FD6Y9BX5,SHARED,1.35,0,51,16,144,40,5,124,76,41,-
the contouring,RELEVANT,CONTOUR,15,-,,5,3,2,B0FD354L27|B0FD6Y9BX5,SHARED,,0,10,-,-,124,5,-,-,-,-
facial application brush,RELEVANT,BRUSH_MASSAGE,15,-,271,51,8,0,,NONE,,0,73,170,274,78,114,165,86,51,-
facelift roller with ridges,RELEVANT,OTHER,15,-,,22,1,0,,NONE,,0,22,-,-,-,-,-,-,-,-
deep cleansing brush,RELEVANT,BRUSH_MASSAGE,15,-,,37,1,0,,NONE,,0,-,-,-,-,-,-,37,-,-
gua sha and oil,OFF_CATEGORY,GUA_SHA,15,-,210,45,5,0,,NONE,,0,-,122,267,-,-,164,-,45,212
simple beauty fine line,RELEVANT,OTHER,15,-,,90,1,0,,NONE,,0,-,-,-,-,90,-,-,-,-
face loofa,RELEVANT,OTHER,15,-,,115,1,0,,NONE,,1,115,-,-,-,-,-,-,-,-
best thing for dry eyes,RELEVANT,OTHER,15,-,,166,1,0,,NONE,2.26,0,-,-,-,-,-,166,-,-,-
makeup brushes natural,RELEVANT,BRUSH_MASSAGE,15,-,,288,1,0,,NONE,,0,-,-,-,-,-,-,-,288,-
odalit lymphatic face brush,RELEVANT,LYMPHATIC,14,-,102,10,8,5,B0FD354L27|B0GSQW56YT|B0GVBQ7P79|B0FD6Y9BX5|B0G3685P2S,CONSOLIDATED,,0,17,15,19,33,10,16,22,43,-
face brushes lymphatic drainage,RELEVANT,DRAINAGE,14,-,260,1,9,8,B0FD354L27|B0GSQW56YT|B0GVBQ7P79|B0GC3HX5KH|B0FD6Y9BX5|B0G3685P2S|B0H5MMYNWM|B0G2XLH8CG,CONSOLIDATED,,0,1,7,17,15,3,18,8,16,252
beushed,RELEVANT,OTHER,14,-,,43,5,0,,NONE,,0,64,-,-,-,46,181,43,231,-
gua sha tools set,RELEVANT,GUA_SHA,14,-,,100,2,0,,NONE,,3,-,-,209,-,-,-,-,100,-
neck tension headache relief,RELEVANT,JAWLINE_CHIN,14,-,,265,1,0,,NONE,1.22,0,265,-,-,-,-,-,-,-,-
recuvia lymphatic contour face brush - deflate & define,COMPETITOR_BRAND,CONTOUR,13,-,108,2,8,7,B0FD354L27|B0GSQW56YT|B0GVBQ7P79|B0FD6Y9BX5|B0G3685P2S|B0H5MMYNWM|B0G2XLH8CG,CONSOLIDATED,,0,13,14,18,23,2,12,19,10,-
lumera facial brush,RELEVANT,BRUSH_MASSAGE,13,-,,1,8,5,B0FD354L27|B0GC3HX5KH|B0FD6Y9BX5|B0G3685P2S|B0G2XLH8CG,CONSOLIDATED,,0,1,29,33,20,3,10,298,7,-
eleve face shaper for lymphatic drainage,RELEVANT,DRAINAGE,13,-,,28,7,0,,NONE,1.18,0,28,36,136,100,31,84,-,59,-
anti aging devices for face and neck,RELEVANT,JAWLINE_CHIN,13,-,,26,1,0,,NONE,,0,26,-,-,-,-,-,-,-,-
cellulite brush massager,RELEVANT,BRUSH_MASSAGE,13,-,301,125,7,0,,NONE,,0,125,164,-,206,131,189,146,184,-
eye globes for puffy eyes,RELEVANT,DEPUFF,13,-,,61,1,0,,NONE,1.41,0,61,-,-,-,-,-,-,-,-
facial glow oil,OFF_CATEGORY,OTHER,13,-,,216,1,0,,NONE,,1,-,-,-,-,216,-,-,-,-
lift and glow lymphatic brush,RELEVANT,LYMPHATIC,12,-,45,1,9,3,B0FD6Y9BX5|B0G3685P2S|B0G2XLH8CG,SHARED,,0,27,26,57,23,1,10,38,18,25
ice guasha tool for face,RELEVANT,GUA_SHA,12,-,,45,1,0,,NONE,1.01,0,-,-,-,-,-,-,-,45,-
face lift patches,RELEVANT,OTHER,12,-,,155,1,0,,NONE,,0,-,-,-,-,-,155,-,-,-
glow hair brush,RELEVANT,BRUSH_MASSAGE,11,-,,188,2,0,,NONE,1.05,0,-,276,-,-,-,-,-,188,-
stylia double chin reducer,RELEVANT,JAWLINE_CHIN,10,-,,24,1,0,,NONE,1.32,0,24,-,-,-,-,-,-,-,-
face skin tightening device,RELEVANT,OTHER,10,-,,35,1,0,,NONE,,0,35,-,-,-,-,-,-,-,-
must have beauty products,RELEVANT,OTHER,10,-,,40,1,0,,NONE,,0,-,-,-,-,40,-,-,-,-
mini massage tool,RELEVANT,BRUSH_MASSAGE,10,-,,230,2,0,,NONE,1.45,3,-,238,-,230,-,-,-,-,-
soft lymphatic facial brush,RELEVANT,LYMPHATIC,0,-,295,1,8,7,B0FD354L27|B0GSQW56YT|B0GVBQ7P79|B0FD6Y9BX5|B0G3685P2S|B0H5MMYNWM|B0G2XLH8CG,CONSOLIDATED,1.14,0,2,9,7,24,1,17,10,6,-
contour lymphatic brush,RELEVANT,CONTOUR,0,-,81,1,9,7,B0FD354L27|B0GSQW56YT|B0GVBQ7P79|B0FD6Y9BX5|B0G3685P2S|B0H5MMYNWM|B0G2XLH8CG,CONSOLIDATED,,0,15,3,18,22,1,9,5,19,35
lymph drainage face brush,RELEVANT,DRAINAGE,0,-,129,2,9,8,B0FD354L27|B0GSQW56YT|B0GVBQ7P79|B0GC3HX5KH|B0FD6Y9BX5|B0G3685P2S|B0H5MMYNWM|B0G2XLH8CG,CONSOLIDATED,,0,2,7,13,19,14,17,18,10,68
lymphatic drainage massager face brush,RELEVANT,DRAINAGE,0,-,136,2,9,5,B0FD354L27|B0GSQW56YT|B0FD6Y9BX5|B0H5MMYNWM|B0G2XLH8CG,CONSOLIDATED,,0,6,8,28,25,2,23,12,19,67
smoothing face brush,RELEVANT,BRUSH_MASSAGE,0,-,,2,8,4,B0FD354L27|B0FD6Y9BX5|B0G3685P2S|B0G2XLH8CG,CONSOLIDATED,,1,3,21,48,66,2,11,24,12,-
lymphatic dry brush face,RELEVANT,LYMPHATIC,0,-,285,3,9,5,B0GSQW56YT|B0GVBQ7P79|B0FD6Y9BX5|B0G3685P2S|B0H5MMYNWM,CONSOLIDATED,,0,27,6,13,69,3,12,16,38,45
civilized lymphatic contour face brush,RELEVANT,CONTOUR,0,-,87,9,9,4,B0GSQW56YT|B0FD6Y9BX5|B0H5MMYNWM|B0G2XLH8CG,CONSOLIDATED,,0,21,14,34,40,16,36,9,13,53
lymphatic neck brush,RELEVANT,JAWLINE_CHIN,0,-,265,6,8,4,B0FD354L27|B0GSQW56YT|B0FD6Y9BX5|B0G3685P2S,CONSOLIDATED,,0,10,8,28,66,6,14,43,35,-
pneumatic lymphatic contour face brush,RELEVANT,CONTOUR,0,-,111,8,9,5,B0FD354L27|B0GSQW56YT|B0FD6Y9BX5|B0H5MMYNWM|B0G2XLH8CG,CONSOLIDATED,1.4,0,14,8,47,28,19,34,11,13,64
contour brush for lymphatic drainage,RELEVANT,DRAINAGE,0,-,117,5,9,6,B0FD354L27|B0GSQW56YT|B0FD6Y9BX5|B0G3685P2S|B0H5MMYNWM|B0G2XLH8CG,CONSOLIDATED,1.26,0,13,11,37,25,5,12,9,14,142
lymphatic brushing face,RELEVANT,LYMPHATIC,0,-,178,5,9,3,B0GSQW56YT|B0GVBQ7P79|B0FD6Y9BX5,SHARED,,0,22,10,19,47,5,45,23,42,64
face dry brushing brush,RELEVANT,BRUSH_MASSAGE,0,-,,1,9,5,B0FD354L27|B0GVBQ7P79|B0GC3HX5KH|B0FD6Y9BX5|B0G3685P2S,CONSOLIDATED,,0,1,30,18,20,2,15,82,46,74
de puff face brush,RELEVANT,DEPUFF,0,-,,1,6,2,B0FD354L27|B0FD6Y9BX5,SHARED,,0,1,26,-,31,2,-,29,25,-
face peeling brush,RELEVANT,BRUSH_MASSAGE,0,-,292,5,6,1,B0FD354L27,SINGLE,,0,5,22,-,54,44,36,21,-,-
lymph brushes,RELEVANT,LYMPHATIC,0,-,94,8,9,4,B0GSQW56YT|B0FD6Y9BX5|B0H5MMYNWM|B0G2XLH8CG,CONSOLIDATED,,0,25,11,43,33,8,21,18,19,130
"cepillo facial de contorno linfático, masajeador de drenaje linfático para cara, diseñado ergonómica",OFF_CATEGORY,OTHER,0,-,96,7,9,3,B0FD354L27|B0FD6Y9BX5|B0G3685P2S,SHARED,,0,7,23,65,42,10,12,25,35,91
face dry brushing,RELEVANT,BRUSH_MASSAGE,0,-,,1,9,5,B0FD354L27|B0GSQW56YT|B0GVBQ7P79|B0FD6Y9BX5|B0G3685P2S,CONSOLIDATED,,0,1,19,16,68,2,11,53,72,84
best facial brush,RELEVANT,BRUSH_MASSAGE,0,-,,9,8,1,B0FD6Y9BX5,SINGLE,,0,22,30,59,89,9,55,25,28,-
lymphatic drainage tools for face,RELEVANT,DRAINAGE,0,-,177,4,9,2,B0GSQW56YT|B0FD6Y9BX5,SHARED,,0,31,4,46,67,12,35,24,21,120
daily face brush,RELEVANT,BRUSH_MASSAGE,0,-,,9,8,1,B0H5MMYNWM,SINGLE,,0,44,31,46,56,21,71,9,65,-
facial dry brush natural bristle,RELEVANT,BRUSH_MASSAGE,0,-,,12,8,2,B0FD354L27|B0GVBQ7P79,SHARED,,0,12,45,13,47,-,62,79,38,97
skin massage brush,RELEVANT,BRUSH_MASSAGE,0,-,192,14,8,1,B0FD6Y9BX5,SINGLE,,0,87,54,67,49,14,23,45,74,-
natural dry brush for face,RELEVANT,BRUSH_MASSAGE,0,-,,10,8,2,B0GSQW56YT|B0GVBQ7P79,SHARED,,0,126,20,10,60,-,46,79,35,41
dry brush for face and neck,RELEVANT,JAWLINE_CHIN,0,-,282,1,8,2,B0GSQW56YT|B0FD6Y9BX5,SHARED,1.34,0,55,20,41,66,1,32,136,79,-
dry brushing tool,RELEVANT,BRUSH_MASSAGE,0,-,,7,8,2,B0FD354L27|B0GVBQ7P79,SHARED,,1,7,56,16,70,55,75,-,47,118
facial brush face,RELEVANT,BRUSH_MASSAGE,0,-,240,2,8,1,B0FD354L27,SINGLE,,0,2,79,78,55,29,112,31,93,-
dry brush lymphatic,RELEVANT,LYMPHATIC,0,-,,6,9,1,B0FD354L27,SINGLE,,0,6,28,44,27,31,30,60,37,284
dry brushes for lymphatic system,RELEVANT,LYMPHATIC,0,-,300,21,9,0,,NONE,,0,84,23,24,96,49,53,56,21,144
lymphatic face massage,RELEVANT,LYMPHATIC,0,-,214,2,9,3,B0FD354L27|B0FD6Y9BX5|B0H5MMYNWM,SHARED,,0,18,36,58,59,2,144,17,52,175
face dry brush vegan,RELEVANT,BRUSH_MASSAGE,0,-,,7,4,3,B0GVBQ7P79|B0GC3HX5KH|B0H5MMYNWM,SHARED,,0,-,-,11,10,-,-,7,-,42
lymphedema brush,RELEVANT,LYMPHATIC,0,-,,17,5,3,B0FD354L27|B0GVBQ7P79|B0FD6Y9BX5,SHARED,,0,18,-,19,30,17,37,-,-,-
contour face brush set,RELEVANT,CONTOUR,0,-,,5,6,2,B0FD6Y9BX5|B0H5MMYNWM,SHARED,,2,-,-,51,108,5,58,16,26,-
natural face lifting,RELEVANT,OTHER,0,-,,7,6,2,B0FD354L27|B0FD6Y9BX5,SHARED,,1,19,65,-,21,7,107,-,90,-
gentle beauty lymph drainage,RELEVANT,DRAINAGE,0,-,,32,6,0,,NONE,1.26,0,80,65,-,48,32,45,-,46,-
face sculpting tools for women,RELEVANT,SCULPTING,0,-,,6,7,1,B0FD6Y9BX5,SINGLE,1.77,0,23,53,136,85,6,65,-,49,-
foreo face brush,RELEVANT,BRUSH_MASSAGE,0,-,171,29,7,0,,NONE,,0,29,54,62,98,69,81,31,-,-
silk brush for face,RELEVANT,BRUSH_MASSAGE,0,-,,1,2,2,B0GC3HX5KH|B0H5MMYNWM,SHARED,,0,-,-,-,5,-,-,1,-,-
face beauty,RELEVANT,OTHER,0,-,,6,2,2,B0FD354L27|B0FD6Y9BX5,SHARED,,0,11,-,-,-,6,-,-,-,-
worthwith facial brush,RELEVANT,BRUSH_MASSAGE,0,-,,5,2,2,B0GVBQ7P79|B0GC3HX5KH,SHARED,1.59,0,-,-,19,5,-,-,-,-,-
face contouring tool,RELEVANT,CONTOUR,0,-,176,1,8,3,B0GSQW56YT|B0FD6Y9BX5|B0G3685P2S,SHARED,,0,26,19,106,81,1,18,-,62,201
dry skin face brush,RELEVANT,BRUSH_MASSAGE,0,-,,3,9,2,B0FD354L27|B0FD6Y9BX5,SHARED,,0,3,32,81,86,11,94,84,46,161
contoured brush,RELEVANT,CONTOUR,0,-,174,23,9,0,,NONE,,0,62,48,59,87,23,70,34,39,185
circulation brush,RELEVANT,BRUSH_MASSAGE,0,-,,5,8,2,B0FD354L27|B0FD6Y9BX5,SHARED,,0,5,110,160,40,20,121,27,74,-
contouring brushes,RELEVANT,CONTOUR,0,-,186,12,9,1,B0FD6Y9BX5,SINGLE,,2,55,48,69,111,12,51,59,46,178
facial contouring,RELEVANT,CONTOUR,0,-,187,10,9,1,B0FD6Y9BX5,SINGLE,,1,43,27,53,99,10,96,29,137,151
lymphatic massage face,RELEVANT,LYMPHATIC,0,-,301,2,9,1,B0FD6Y9BX5,SINGLE,,0,30,22,62,71,2,138,26,47,253
face moisturizer brush,RELEVANT,BRUSH_MASSAGE,0,-,300,18,8,1,B0FD354L27,SINGLE,,1,18,82,95,78,56,85,65,103,-
cellulite remover brush,RELEVANT,BRUSH_MASSAGE,0,-,293,44,8,0,,NONE,,0,83,44,122,89,62,82,77,87,-
dry brush for lymphatic system,RELEVANT,LYMPHATIC,0,-,,6,9,2,B0FD354L27|B0G3685P2S,SHARED,,0,6,29,59,72,24,17,224,28,294
detox massage brush,RELEVANT,BRUSH_MASSAGE,0,-,230,3,9,1,B0FD6Y9BX5,SINGLE,,0,93,116,96,86,3,85,57,143,104
facial sculpting tools,RELEVANT,SCULPTING,0,-,237,1,8,2,B0FD354L27|B0FD6Y9BX5,SHARED,,0,3,42,152,103,1,113,-,40,256
lymph dry brush,RELEVANT,LYMPHATIC,0,-,,37,8,0,,NONE,,0,128,42,37,179,54,40,-,129,113
face contouring,RELEVANT,CONTOUR,0,-,196,7,9,1,B0FD6Y9BX5,SINGLE,,4,88,54,158,98,7,110,59,57,205
celulitis brush,RELEVANT,BRUSH_MASSAGE,0,-,282,26,8,0,,NONE,,0,26,86,249,108,61,85,28,112,-
flawless application face brush,RELEVANT,BRUSH_MASSAGE,0,-,,6,4,2,B0FD354L27|B0H5MMYNWM,SHARED,,0,7,-,-,-,70,71,6,-,-
organic skin brush,RELEVANT,BRUSH_MASSAGE,0,-,,29,5,0,,NONE,,0,-,56,41,65,-,36,29,-,-
flawless face brush,RELEVANT,BRUSH_MASSAGE,0,-,,8,4,1,B0FD354L27,SINGLE,,3,8,-,-,105,-,69,24,-,-
ayurveda dry brush,RELEVANT,BRUSH_MASSAGE,0,-,,17,4,1,B0G2XLH8CG,SINGLE,,0,-,-,56,32,-,-,-,17,116
care brush,RELEVANT,BRUSH_MASSAGE,0,-,,2,5,3,B0FD354L27|B0FD6Y9BX5|B0H5MMYNWM,SHARED,,1,2,81,-,-,5,206,14,-,-
organic pharmacy skin brush,RELEVANT,BRUSH_MASSAGE,0,-,,13,3,2,B0GVBQ7P79|B0GC3HX5KH,SHARED,,0,-,-,13,14,-,28,-,-,-
facial brush organic,RELEVANT,BRUSH_MASSAGE,0,-,,11,3,2,B0GVBQ7P79|B0H5MMYNWM,SHARED,,0,-,-,15,31,-,-,11,-,-
lymphatic gua sha face oil,OFF_CATEGORY,GUA_SHA,0,-,94,7,2,1,B0G2XLH8CG,SINGLE,,3,-,34,-,-,-,-,-,7,-
face tools for skincare anti aging,RELEVANT,OTHER,0,-,,19,2,1,B0FD6Y9BX5,SINGLE,,0,31,-,-,-,19,-,-,-,-
synthetic face brushes,RELEVANT,BRUSH_MASSAGE,0,-,,1,3,2,B0FD354L27|B0FD6Y9BX5,SHARED,,0,1,-,-,-,4,-,-,87,-
dry brush for face and body,RELEVANT,BRUSH_MASSAGE,0,-,,17,7,1,B0FD354L27,SINGLE,,0,17,75,41,31,-,82,71,140,-
facial brush wooden,RELEVANT,BRUSH_MASSAGE,0,-,,13,7,1,B0FD354L27,SINGLE,,1,13,105,41,26,-,104,45,-,126
lymphatic drainage massage oil face,OFF_CATEGORY,DRAINAGE,0,-,140,17,6,1,B0FD354L27,SINGLE,,0,17,46,-,-,52,70,-,41,169
boar bristle face brush,RELEVANT,BRUSH_MASSAGE,0,-,,28,6,0,,NONE,,0,32,92,71,28,-,103,74,-,-
lifting for face,RELEVANT,OTHER,0,-,,1,7,2,B0FD354L27|B0FD6Y9BX5,SHARED,,0,13,-,-,146,1,72,60,81,177
best face massager tool,RELEVANT,BRUSH_MASSAGE,0,-,,42,6,0,,NONE,1.43,0,44,45,-,142,42,143,-,56,-
face messaging tools,RELEVANT,OTHER,0,-,,7,7,1,B0FD6Y9BX5,SINGLE,,0,74,59,237,105,7,40,-,37,-
the face lift massage,RELEVANT,BRUSH_MASSAGE,0,-,,1,7,1,B0FD6Y9BX5,SINGLE,,0,111,120,-,87,1,60,48,147,-
soft skin brush,RELEVANT,BRUSH_MASSAGE,0,-,,40,7,0,,NONE,,0,62,-,105,126,90,40,67,100,-
face and body brush,RELEVANT,BRUSH_MASSAGE,0,-,,5,7,1,B0FD354L27,SINGLE,,1,5,54,53,198,118,127,36,-,-
dry brush face and body,RELEVANT,BRUSH_MASSAGE,0,-,,31,6,0,,NONE,,0,-,58,31,122,-,78,95,127,-
facial brush for women,RELEVANT,BRUSH_MASSAGE,0,-,,7,7,2,B0FD354L27|B0FD6Y9BX5,SHARED,1.24,0,7,-,135,83,11,258,26,78,-
neck and face sculpting tool,RELEVANT,SCULPTING,0,-,,13,7,1,B0FD6Y9BX5,SINGLE,2.08,0,97,56,168,154,13,79,-,94,-
face sculpting stone,RELEVANT,SCULPTING,0,-,,19,2,1,B0FD354L27,SINGLE,,0,19,-,-,-,-,-,-,53,-
swollen face relief,RELEVANT,OTHER,0,-,,27,2,0,,NONE,,0,-,27,-,49,-,-,-,-,-
for brushing,RELEVANT,BRUSH_MASSAGE,0,-,,35,3,0,,NONE,,2,35,-,42,39,-,-,-,-,-
sephora contour brush,RELEVANT,CONTOUR,0,-,224,17,2,1,B0H5MMYNWM,SINGLE,,0,-,-,-,-,65,-,17,-,-
mount lai gua sha facial lifting tool,RELEVANT,GUA_SHA,0,-,,31,2,0,,NONE,1.71,0,52,-,-,-,-,-,-,31,-
facial lymphatic drainage oil,OFF_CATEGORY,DRAINAGE,0,-,139,27,2,0,,NONE,1.7,0,27,-,-,-,-,-,-,59,-
ayurvedic dry brush,RELEVANT,BRUSH_MASSAGE,0,-,,18,2,1,B0GC3HX5KH,SINGLE,,0,-,-,68,18,-,-,-,-,-
face brush bamboo,RELEVANT,BRUSH_MASSAGE,0,-,,44,3,0,,NONE,,0,-,44,45,75,-,-,-,-,-
luxury brush,RELEVANT,BRUSH_MASSAGE,0,-,,47,2,0,,NONE,,0,-,-,47,-,-,-,-,71,-
best facial oil for gua sha,OFF_CATEGORY,GUA_SHA,0,-,,47,2,0,,NONE,,0,-,75,-,-,-,-,-,47,-
beauty amazon,RELEVANT,OTHER,0,-,,28,2,0,,NONE,,0,97,-,-,-,28,-,-,-,-
guasha face tools,RELEVANT,GUA_SHA,0,-,,9,5,2,B0GSQW56YT|B0FD6Y9BX5,SHARED,1.4,0,-,9,211,96,17,-,-,28,-
natural face lift,RELEVANT,OTHER,0,-,,25,5,0,,NONE,,0,25,-,-,56,-,84,-,57,153
olay facial brush,RELEVANT,BRUSH_MASSAGE,0,-,,37,4,0,,NONE,,0,-,-,95,90,-,94,37,-,-
wooden dry brush,RELEVANT,BRUSH_MASSAGE,0,-,,46,4,0,,NONE,,1,-,79,46,69,-,-,-,-,126
anti cellulite massager brush,RELEVANT,BRUSH_MASSAGE,0,-,286,61,5,0,,NONE,,2,62,61,-,111,69,101,-,-,-
lift up face,RELEVANT,OTHER,0,-,,42,4,0,,NONE,,0,49,-,-,-,42,-,104,144,-
lymphatic drainage women,RELEVANT,DRAINAGE,0,-,,18,4,1,B0FD354L27,SINGLE,,0,18,-,125,-,49,-,-,150,-
best face,RELEVANT,OTHER,0,-,,23,5,0,,NONE,,1,23,78,-,-,-,196,27,105,-
contour brushes makeup,RELEVANT,CONTOUR,0,-,,44,5,0,,NONE,,0,76,-,-,-,63,44,104,163,-
contour brush kit,RELEVANT,CONTOUR,0,-,,25,4,0,,NONE,,0,-,-,93,187,25,59,-,-,-
face sculpting serum,OFF_CATEGORY,SCULPTING,0,-,,25,4,0,,NONE,,0,-,87,-,-,25,131,-,-,123
3 piece dry brush set for cellulite massaging,RELEVANT,BRUSH_MASSAGE,0,-,,79,4,0,,NONE,,0,-,79,83,131,-,86,-,-,-
dry brush for celulite,RELEVANT,BRUSH_MASSAGE,0,-,283,55,5,0,,NONE,,0,55,117,144,86,-,78,-,-,-
jowl reducer,RELEVANT,OTHER,0,-,,5,1,1,B0FD354L27,SINGLE,,0,5,-,-,-,-,-,-,-,-
double chin fat burner,RELEVANT,JAWLINE_CHIN,0,-,,7,1,1,B0FD354L27,SINGLE,,0,7,-,-,-,-,-,-,-,-
lift skin,RELEVANT,OTHER,0,-,,7,1,1,B0FD6Y9BX5,SINGLE,,0,-,-,-,-,7,-,-,-,-
flawless contour facial massager,RELEVANT,CONTOUR,0,-,,9,1,1,B0FD6Y9BX5,SINGLE,,0,-,-,-,-,9,-,-,-,-
dry skin fave,RELEVANT,OTHER,0,-,,10,1,1,B0FD354L27,SINGLE,,0,10,-,-,-,-,-,-,-,-
jade tools for face,RELEVANT,OTHER,0,-,,11,1,1,B0G2XLH8CG,SINGLE,,0,-,-,-,-,-,-,-,11,-
vibrating face sculpting tool,OFF_CATEGORY,SCULPTING,0,-,,12,1,1,B0FD354L27,SINGLE,1.94,0,12,-,-,-,-,-,-,-,-
body brush for lymphatic,RELEVANT,LYMPHATIC,0,-,,24,8,0,,NONE,,15,24,70,57,143,25,124,85,250,-
brush contour,RELEVANT,CONTOUR,0,-,279,3,9,1,B0FD354L27,SINGLE,,1,3,109,62,171,27,98,116,72,220
spa brush for face,RELEVANT,BRUSH_MASSAGE,0,-,,8,8,1,B0FD354L27,SINGLE,,0,8,159,131,82,83,173,38,107,-
detox skin brush,RELEVANT,BRUSH_MASSAGE,0,-,,14,9,1,B0FD6Y9BX5,SINGLE,,1,58,115,151,149,14,70,72,143,133
massage dry brush,RELEVANT,BRUSH_MASSAGE,0,-,,44,8,0,,NONE,,0,136,87,67,44,78,129,-,95,188
dry skin brush lymphatic,RELEVANT,LYMPHATIC,0,-,,17,9,2,B0FD354L27|B0FD6Y9BX5,SHARED,,0,17,42,87,95,20,26,282,91,274
body dry brush lymphatic,RELEVANT,LYMPHATIC,0,-,,59,8,0,,NONE,,0,59,108,101,152,128,80,118,119,-
contour with brush,RELEVANT,CONTOUR,0,-,213,12,9,1,B0FD354L27,SINGLE,,0,12,130,74,166,80,129,143,100,141
dry brush best,RELEVANT,BRUSH_MASSAGE,0,-,,74,8,0,,NONE,,0,84,93,107,130,100,74,-,120,211
facial brush women,RELEVANT,BRUSH_MASSAGE,0,-,,21,8,0,,NONE,,0,21,296,160,139,24,156,44,119,-
brush for dry skin,RELEVANT,BRUSH_MASSAGE,0,-,,56,8,0,,NONE,,0,56,103,153,123,113,76,-,88,257
dry brushing body brush for lymphatic,RELEVANT,LYMPHATIC,0,-,277,38,8,0,,NONE,,16,38,116,130,105,118,150,141,174,-
skin brush for dry brushing cellulite,RELEVANT,BRUSH_MASSAGE,0,-,,30,8,0,,NONE,,0,30,127,277,89,128,85,149,118,-
face mud brush,RELEVANT,BRUSH_MASSAGE,0,-,,45,8,0,,NONE,,0,57,139,225,129,157,104,45,167,-
drainage tool,RELEVANT,DRAINAGE,0,-,221,38,8,0,,NONE,,3,62,51,214,190,38,86,-,123,272
spa facial brush,RELEVANT,BRUSH_MASSAGE,0,-,,20,8,1,B0FD354L27,SINGLE,,0,20,189,128,164,165,185,100,97,-
sha gua facial tool,RELEVANT,OTHER,0,-,283,18,8,1,B0G2XLH8CG,SINGLE,,0,32,70,279,137,45,184,-,18,297
dry brushes for skin,RELEVANT,BRUSH_MASSAGE,0,-,,49,8,0,,NONE,,0,49,150,197,134,147,76,-,87,232
cellulite brush dry brush,RELEVANT,BRUSH_MASSAGE,0,-,,55,8,0,,NONE,,0,55,147,181,140,137,123,132,160,-
counturing,RELEVANT,OTHER,0,-,,62,9,0,,NONE,,0,62,192,124,239,72,155,141,103,181
shower face brush,RELEVANT,BRUSH_MASSAGE,0,-,,18,8,1,B0FD354L27,SINGLE,,0,18,129,277,191,157,180,67,119,-
guasha facial tool,RELEVANT,GUA_SHA,0,-,,39,8,0,,NONE,,0,272,39,215,55,118,183,-,49,220
dry cellulite brush,RELEVANT,BRUSH_MASSAGE,0,-,,29,8,0,,NONE,,0,29,142,133,84,153,68,288,261,-
skin brush dry,RELEVANT,BRUSH_MASSAGE,0,-,,57,8,0,,NONE,,0,57,172,258,147,146,87,-,95,203
bristle brush skin,RELEVANT,BRUSH_MASSAGE,0,-,,14,8,1,B0FD354L27,SINGLE,,0,14,216,94,-,201,103,115,191,247
gua shua face tool,RELEVANT,OTHER,0,-,,41,8,0,,NONE,,0,93,41,185,209,195,227,-,46,213
facial scrubbing brush,RELEVANT,BRUSH_MASSAGE,0,-,,105,8,0,,NONE,1.35,0,112,141,180,179,168,181,105,145,-
dry brush brush,RELEVANT,BRUSH_MASSAGE,0,-,,52,8,0,,NONE,,0,52,130,198,168,162,106,-,190,244
cellulite massage brush,RELEVANT,BRUSH_MASSAGE,0,-,,95,8,0,,NONE,,4,95,180,208,165,145,181,176,151,-
pore vaccume for face,RELEVANT,OTHER,0,-,,17,1,1,B0FD354L27,SINGLE,,0,17,-,-,-,-,-,-,-,-
face excersize,RELEVANT,OTHER,0,-,,18,1,1,B0FD354L27,SINGLE,,0,18,-,-,-,-,-,-,-,-
tightening face,RELEVANT,OTHER,0,-,,18,1,1,B0FD354L27,SINGLE,,1,18,-,-,-,-,-,-,-,-
black obsidian gua sha,RELEVANT,GUA_SHA,0,-,,19,1,1,B0G2XLH8CG,SINGLE,1.25,3,-,-,-,-,-,-,-,19,-
lymphatic suction cup for face,RELEVANT,LYMPHATIC,0,-,,20,1,1,B0FD354L27,SINGLE,1.09,0,20,-,-,-,-,-,-,-,-
iconic makeup brushes,RELEVANT,BRUSH_MASSAGE,0,-,,22,1,0,,NONE,,0,-,-,-,-,-,22,-,-,-
face roller for face lift,RELEVANT,OTHER,0,-,,24,1,0,,NONE,,0,24,-,-,-,-,-,-,-,-
face workout device,RELEVANT,OTHER,0,-,,24,1,0,,NONE,,0,24,-,-,-,-,-,-,-,-
face scrub brush sponge,RELEVANT,BRUSH_MASSAGE,0,-,,24,1,0,,NONE,,0,-,-,-,-,-,-,24,-,-
lymphedema drainage,RELEVANT,DRAINAGE,0,-,,24,1,0,,NONE,,0,24,-,-,-,-,-,-,-,-
essential skin care,RELEVANT,OTHER,0,-,,25,1,0,,NONE,,1,25,-,-,-,-,-,-,-,-
guasha tool for face jade,RELEVANT,GUA_SHA,0,-,,27,1,0,,NONE,,0,-,-,-,-,-,-,-,27,-
gua sha container,RELEVANT,GUA_SHA,0,-,,29,1,0,,NONE,,0,-,-,-,29,-,-,-,-,-
face oils for gua sha,OFF_CATEGORY,GUA_SHA,0,-,,29,1,0,,NONE,,0,-,-,-,-,-,-,-,29,-
masajeador facial serum,OFF_CATEGORY,OTHER,0,-,,29,1,0,,NONE,,0,-,29,-,-,-,-,-,-,-
face firmer,RELEVANT,OTHER,0,-,,29,1,0,,NONE,,0,29,-,-,-,-,-,-,-,-
real jade gua sha set,RELEVANT,GUA_SHA,0,-,,30,1,0,,NONE,,0,-,-,-,-,-,-,-,30,-
toning tools,RELEVANT,OTHER,0,-,,30,1,0,,NONE,,0,-,-,-,-,30,-,-,-,-
tighten skin face,RELEVANT,OTHER,0,-,,30,1,0,,NONE,,0,30,-,-,-,-,-,-,-,-
face skin scrubber,RELEVANT,OTHER,0,-,,31,1,0,,NONE,,0,31,-,-,-,-,-,-,-,-
2 pcs,RELEVANT,OTHER,0,-,,31,1,0,,NONE,,6,-,-,-,-,31,-,-,-,-
silicone face ice roller,RELEVANT,OTHER,0,-,,32,1,0,,NONE,,0,32,-,-,-,-,-,-,-,-
makeups brushes,RELEVANT,BRUSH_MASSAGE,0,-,,32,1,0,,NONE,,0,-,-,-,-,32,-,-,-,-
perfect tool,RELEVANT,OTHER,0,-,,55,2,0,,NONE,,0,55,-,-,-,78,-,-,-,-
face and body brush set,RELEVANT,BRUSH_MASSAGE,0,-,,56,2,0,,NONE,,0,-,-,56,-,-,-,-,86,-
lymphatic circulation,RELEVANT,LYMPHATIC,0,-,,38,2,0,,NONE,,2,38,-,-,-,107,-,-,-,-
smoothing face,RELEVANT,OTHER,0,-,,6,3,1,B0FD6Y9BX5,SINGLE,,1,25,-,-,-,6,-,-,188,-
oil for face gua sha,OFF_CATEGORY,GUA_SHA,0,-,184,49,2,0,,NONE,,0,-,105,-,-,-,-,-,49,-
sculp wood,RELEVANT,OTHER,0,-,,73,2,0,,NONE,,0,-,83,73,-,-,-,-,-,-
beauty detox,RELEVANT,OTHER,0,-,,33,3,0,,NONE,,9,33,-,-,-,47,-,-,-,154
instant lift face,RELEVANT,OTHER,0,-,,66,2,0,,NONE,,0,66,-,-,-,92,-,-,-,-
for double chin,RELEVANT,JAWLINE_CHIN,0,-,,40,2,0,,NONE,,4,40,-,-,122,-,-,-,-,-
organic dry skin brush,RELEVANT,BRUSH_MASSAGE,0,-,,61,2,0,,NONE,,0,-,-,106,61,-,-,-,-,-
skin mask brush,RELEVANT,BRUSH_MASSAGE,0,-,,49,3,0,,NONE,,0,60,-,-,-,-,143,49,-,-
guasha tool for face set,RELEVANT,GUA_SHA,0,-,,56,2,0,,NONE,1.52,0,-,-,114,-,-,-,-,56,-
perfect brush,RELEVANT,BRUSH_MASSAGE,0,-,,54,2,0,,NONE,,0,54,-,-,-,117,-,-,-,-
gua sha brush for scalp,RELEVANT,GUA_SHA,0,-,,62,3,0,,NONE,1.61,1,-,62,-,81,-,-,-,115,-
bamboo facial mask brush,RELEVANT,BRUSH_MASSAGE,0,-,,30,3,0,,NONE,,0,-,-,135,100,-,-,30,-,-
lymphatic oil drainage,OFF_CATEGORY,DRAINAGE,0,-,,53,2,0,,NONE,,0,125,-,-,-,-,-,-,53,-
cellulite brush and cream,OFF_CATEGORY,BRUSH_MASSAGE,0,-,,77,2,0,,NONE,,0,-,-,-,101,-,77,-,-,-
health beauty,RELEVANT,OTHER,0,-,,58,2,0,,NONE,,0,58,-,-,-,121,-,-,-,-
contour kit brushes,RELEVANT,CONTOUR,0,-,,28,3,0,,NONE,,0,-,-,85,158,28,-,-,-,-
professional facial mask brush,RELEVANT,BRUSH_MASSAGE,0,-,,81,2,0,,NONE,,0,81,-,-,-,104,-,-,-,-
for faces only,RELEVANT,OTHER,0,-,,5,3,2,B0FD354L27|B0H5MMYNWM,SHARED,,0,5,-,-,-,-,-,20,254,-
stone brush,RELEVANT,BRUSH_MASSAGE,0,-,,72,2,0,,NONE,,3,72,-,-,-,-,-,-,114,-
clearsonic face brush,RELEVANT,BRUSH_MASSAGE,0,-,218,38,7,0,,NONE,,0,38,90,111,109,124,149,56,-,-
cellulite brushes,RELEVANT,BRUSH_MASSAGE,0,-,,14,7,1,B0FD354L27,SINGLE,,0,14,61,-,124,63,109,39,270,-
face lotion brush,RELEVANT,BRUSH_MASSAGE,0,-,286,14,6,1,B0H5MMYNWM,SINGLE,,0,-,70,266,107,62,68,14,-,-
dry skin brushing brush,RELEVANT,BRUSH_MASSAGE,0,-,,41,7,0,,NONE,,0,41,143,83,82,135,87,-,120,-
dry brushing body and face brush,RELEVANT,BRUSH_MASSAGE,0,-,,27,7,0,,NONE,,0,-,40,27,116,-,102,75,259,113
cosmetic brushes for face,RELEVANT,BRUSH_MASSAGE,0,-,,12,6,1,B0FD6Y9BX5,SINGLE,,0,109,-,-,-,12,63,68,170,211
gua sha prime,RELEVANT,GUA_SHA,0,-,,80,6,0,,NONE,,0,93,101,-,112,159,116,-,80,-
skin brush for cellulite,RELEVANT,BRUSH_MASSAGE,0,-,,26,7,0,,NONE,,2,26,80,-,116,121,94,72,273,-
facial tools professional,RELEVANT,OTHER,0,-,,49,6,0,,NONE,,0,54,86,-,153,49,124,-,209,-
dry brushing for cellulite and lymphatic,RELEVANT,LYMPHATIC,0,-,,77,7,0,,NONE,,0,77,108,100,132,107,133,-,151,-
cepillo para celulitis,OFF_CATEGORY,OTHER,0,-,,20,7,1,B0FD354L27,SINGLE,,0,20,251,118,174,51,96,-,138,-
dry brushing brushes,RELEVANT,BRUSH_MASSAGE,0,-,,45,6,0,,NONE,,0,45,160,145,61,194,-,-,142,-
skin brushing brush,RELEVANT,BRUSH_MASSAGE,0,-,,36,7,0,,NONE,,0,36,-,100,233,103,168,75,161,-
lybramatic,RELEVANT,OTHER,0,-,,19,7,1,B0FD6Y9BX5,SINGLE,,0,146,-,166,217,19,164,48,117,-
tools for face,RELEVANT,OTHER,0,-,,10,7,2,B0FD354L27|B0FD6Y9BX5,SHARED,,1,15,148,230,149,10,211,-,114,-
sha gua,RELEVANT,OTHER,0,-,,47,6,0,,NONE,,0,47,73,277,137,132,-,-,91,-
best facial cleansing brush,RELEVANT,BRUSH_MASSAGE,0,-,,92,6,0,,NONE,,0,92,102,162,-,139,-,96,169,-
spa dry brush,RELEVANT,BRUSH_MASSAGE,0,-,,103,6,0,,NONE,,0,156,148,106,120,133,-,-,103,-
face and neck lift,RELEVANT,JAWLINE_CHIN,0,-,,54,6,0,,NONE,,0,89,126,-,189,54,137,-,181,-
makeup brushes contouring,RELEVANT,CONTOUR,0,-,,50,6,0,,NONE,,0,64,-,-,296,50,146,60,191,-
for dry face,RELEVANT,OTHER,0,-,,73,6,0,,NONE,,0,-,76,124,133,-,73,-,114,291
natural skin brush for dry brushing,RELEVANT,BRUSH_MASSAGE,0,-,,70,7,0,,NONE,,0,70,170,88,105,-,102,288,144,-
natural dry brushing body brush for lymphatic,RELEVANT,LYMPHATIC,0,-,,49,6,0,,NONE,,0,49,114,-,123,132,250,-,161,-
skin dry brushing,RELEVANT,BRUSH_MASSAGE,0,-,,116,6,0,,NONE,,0,125,175,124,116,118,-,-,197,-
facial lifting tool,RELEVANT,OTHER,0,-,,4,7,1,B0FD6Y9BX5,SINGLE,1.1,0,36,120,-,226,4,142,-,173,304
fce mask brush,RELEVANT,BRUSH_MASSAGE,0,-,223,63,6,0,,NONE,,0,-,143,-,94,189,201,173,63,-
facial clay brush,RELEVANT,BRUSH_MASSAGE,0,-,279,56,7,0,,NONE,,0,56,185,194,180,145,172,80,-,-
brush for cellulite,RELEVANT,BRUSH_MASSAGE,0,-,,43,7,0,,NONE,,6,43,68,256,151,69,130,-,295,-
cellulite massager brush,RELEVANT,BRUSH_MASSAGE,0,-,266,91,7,0,,NONE,,1,125,131,-,175,91,173,147,178,-
ga sha,RELEVANT,OTHER,0,-,,65,7,0,,NONE,,0,168,65,251,156,104,-,189,94,-
fask mask brush,RELEVANT,BRUSH_MASSAGE,0,-,,88,6,0,,NONE,,0,120,206,-,140,-,255,91,88,-
face srubbing brush,RELEVANT,BRUSH_MASSAGE,0,-,,59,6,0,,NONE,,0,59,162,210,171,-,192,107,-,-
cleaning brush for face,RELEVANT,BRUSH_MASSAGE,0,-,,68,6,0,,NONE,,0,68,173,-,-,175,179,105,205,-
face mask brusg,RELEVANT,OTHER,0,-,214,53,7,0,,NONE,,0,-,142,272,80,169,196,160,53,-
cepillo para la celulitis,OFF_CATEGORY,OTHER,0,-,,23,7,0,,NONE,,0,23,271,254,104,67,260,-,95,-
natural skin brush,RELEVANT,BRUSH_MASSAGE,0,-,299,36,7,0,,NONE,,0,36,115,56,306,-,174,-,164,230
dry brushing skin,RELEVANT,BRUSH_MASSAGE,0,-,,107,7,0,,NONE,1.36,0,127,163,126,107,164,-,-,191,216
gua shu,RELEVANT,OTHER,0,-,,52,7,0,,NONE,,0,175,52,300,174,102,-,198,96,-
gua sha jawline,RELEVANT,GUA_SHA,0,-,289,113,7,0,,NONE,,0,-,137,156,-,170,113,232,119,174
gasha tool,RELEVANT,OTHER,0,-,,58,7,0,,NONE,,0,58,132,263,114,183,-,-,107,244
gua sua,RELEVANT,OTHER,0,-,,85,7,0,,NONE,1.15,0,169,145,220,100,85,275,-,114,-
face contouring makeup,RELEVANT,CONTOUR,0,-,,51,7,0,,NONE,,0,98,255,-,-,51,169,125,188,234
skin brushing,RELEVANT,BRUSH_MASSAGE,0,-,,9,7,1,B0FD354L27,SINGLE,,1,9,-,136,221,150,171,291,164,-
face skin care tools,RELEVANT,OTHER,0,-,,16,6,1,B0FD6Y9BX5,SINGLE,,0,36,199,269,-,16,274,-,200,-
facial mask brish,RELEVANT,OTHER,0,-,,88,6,0,,NONE,,0,88,-,-,102,198,197,202,214,-
facial scrub brish,RELEVANT,OTHER,0,-,,52,7,0,,NONE,,0,52,197,225,213,219,229,85,-,-
body detox brush,RELEVANT,BRUSH_MASSAGE,0,-,,106,6,0,,NONE,,0,108,201,148,299,-,191,106,-,-
body brush for cellulite and lymphatic,RELEVANT,LYMPHATIC,0,-,,56,7,0,,NONE,,0,56,105,280,-,141,283,79,290,-
best guasha,RELEVANT,GUA_SHA,0,-,,33,6,0,,NONE,1.14,0,-,33,272,279,86,-,-,136,291
tool brush,RELEVANT,BRUSH_MASSAGE,0,-,,84,7,0,,NONE,,1,178,190,-,237,84,191,-,174,240
jade roller for men,RELEVANT,OTHER,0,-,,33,1,0,,NONE,,0,33,-,-,-,-,-,-,-,-
make up for dry eyes,RELEVANT,OTHER,0,-,,33,1,0,,NONE,,0,-,-,-,-,33,-,-,-,-
gua sha jade tool,RELEVANT,GUA_SHA,0,-,,34,1,0,,NONE,,0,-,-,-,-,-,-,-,34,-
face slimmer cream,OFF_CATEGORY,OTHER,0,-,,34,1,0,,NONE,,0,34,-,-,-,-,-,-,-,-
home spa accessories,RELEVANT,OTHER,0,-,,38,1,0,,NONE,,0,38,-,-,-,-,-,-,-,-
spatula face,RELEVANT,OTHER,0,-,,39,1,0,,NONE,,2,39,-,-,-,-,-,-,-,-
neck tightening products,RELEVANT,JAWLINE_CHIN,0,-,,39,1,0,,NONE,,0,39,-,-,-,-,-,-,-,-
gua sha stone and oil,OFF_CATEGORY,GUA_SHA,0,-,,41,1,0,,NONE,,0,-,-,-,-,-,-,-,41,-
best sellers 2022 products,RELEVANT,OTHER,0,-,,41,1,0,,NONE,1.26,0,-,-,-,-,41,-,-,-,-
facial toning system,RELEVANT,OTHER,0,-,,41,1,0,,NONE,,0,-,-,-,-,41,-,-,-,-
must haves from tik tok,RELEVANT,OTHER,0,-,,43,1,0,,NONE,,0,-,-,-,-,43,-,-,-,-
face rejuvenation,RELEVANT,OTHER,0,-,,43,1,0,,NONE,,0,-,-,-,-,43,-,-,-,-
face shaper for jawline,RELEVANT,JAWLINE_CHIN,0,-,,45,1,0,,NONE,1.65,0,45,-,-,-,-,-,-,-,-
beauty treatment,RELEVANT,OTHER,0,-,,45,1,0,,NONE,,1,45,-,-,-,-,-,-,-,-
facial hair care products,RELEVANT,OTHER,0,-,,45,1,0,,NONE,,0,-,45,-,-,-,-,-,-,-
self massaging,RELEVANT,BRUSH_MASSAGE,0,-,,45,1,0,,NONE,,0,45,-,-,-,-,-,-,-,-
face scraping tool,RELEVANT,OTHER,0,-,,45,1,0,,NONE,,0,-,45,-,-,-,-,-,-,-
vanity planet facial brush,RELEVANT,BRUSH_MASSAGE,0,-,,45,1,0,,NONE,,0,-,-,-,-,-,-,45,-,-
gua sha face oil sensitive skin,OFF_CATEGORY,GUA_SHA,0,-,,46,1,0,,NONE,,0,-,-,-,-,-,-,-,46,-
manual massage roller,OFF_CATEGORY,BRUSH_MASSAGE,0,-,,46,1,0,,NONE,,3,46,-,-,-,-,-,-,-,-
amazons choice beauty products,RELEVANT,OTHER,0,-,,47,1,0,,NONE,,0,47,-,-,-,-,-,-,-,-
easy brush,RELEVANT,BRUSH_MASSAGE,0,-,,49,1,0,,NONE,,10,-,-,-,-,-,-,49,-,-
facial rejuvenation,RELEVANT,OTHER,0,-,,49,1,0,,NONE,,1,-,-,-,-,49,-,-,-,-
charcoal exfoliating brush,RELEVANT,BRUSH_MASSAGE,0,-,,50,1,0,,NONE,,0,-,-,-,-,-,-,50,-,-
roller ball for face,RELEVANT,OTHER,0,-,,50,1,0,,NONE,,1,50,-,-,-,-,-,-,-,-
jawline slimmer,RELEVANT,JAWLINE_CHIN,0,-,,51,1,0,,NONE,0.69,0,51,-,-,-,-,-,-,-,-
wooden cellulite massage tool,RELEVANT,BRUSH_MASSAGE,0,-,,53,1,0,,NONE,1,0,53,-,-,-,-,-,-,-,-
professional massage accessories,RELEVANT,BRUSH_MASSAGE,0,-,,53,1,0,,NONE,,0,53,-,-,-,-,-,-,-,-
morphe face brush set,RELEVANT,BRUSH_MASSAGE,0,-,,53,1,0,,NONE,,0,-,-,-,-,-,-,53,-,-
facia blaster for cellulite,RELEVANT,OTHER,0,-,,53,1,0,,NONE,,0,53,-,-,-,-,-,-,-,-
slim brush,RELEVANT,BRUSH_MASSAGE,0,-,,54,1,0,,NONE,,4,54,-,-,-,-,-,-,-,-
real jade roller,RELEVANT,OTHER,0,-,,54,1,0,,NONE,,0,54,-,-,-,-,-,-,-,-
face slimming double chin reducer,RELEVANT,JAWLINE_CHIN,0,-,,56,1,0,,NONE,1.18,0,56,-,-,-,-,-,-,-,-
lymphatic drainage paddle wood,RELEVANT,DRAINAGE,0,-,,58,1,0,,NONE,,1,-,-,-,58,-,-,-,-,-
neck contour cream,OFF_CATEGORY,JAWLINE_CHIN,0,-,,58,1,0,,NONE,2.62,2,58,-,-,-,-,-,-,-,-
must have makeup,RELEVANT,OTHER,0,-,,58,1,0,,NONE,,0,-,-,-,-,58,-,-,-,-
green touch beauty,RELEVANT,OTHER,0,-,,61,1,0,,NONE,,0,-,-,-,-,-,-,-,61,-
jade stone facial massager,RELEVANT,BRUSH_MASSAGE,0,-,,62,1,0,,NONE,,0,-,-,-,-,-,-,-,62,-
skin toning system,RELEVANT,OTHER,0,-,,62,1,0,,NONE,,0,-,-,-,-,62,-,-,-,-
natural face products,RELEVANT,OTHER,0,-,,63,1,0,,NONE,,0,63,-,-,-,-,-,-,-,-
key chin accessories,RELEVANT,OTHER,0,-,,64,1,0,,NONE,,0,64,-,-,-,-,-,-,-,-
touch me dry brush,RELEVANT,BRUSH_MASSAGE,0,-,,84,4,0,,NONE,,0,-,86,-,102,84,-,-,121,-
skin cleaner brush,RELEVANT,BRUSH_MASSAGE,0,-,,63,4,0,,NONE,,0,63,-,-,-,119,140,76,-,-
natural face mask brush,RELEVANT,BRUSH_MASSAGE,0,-,215,35,4,0,,NONE,,0,-,43,35,39,-,-,300,-,-
care me brush,RELEVANT,BRUSH_MASSAGE,0,-,,24,5,0,,NONE,,0,24,-,-,79,58,117,-,250,-
face oil and gua sha,OFF_CATEGORY,GUA_SHA,0,-,157,24,4,0,,NONE,,0,-,101,167,-,-,139,-,24,-
dry brush for skin health,RELEVANT,BRUSH_MASSAGE,0,-,,64,5,0,,NONE,,0,64,-,-,150,114,87,-,124,-
exfoliant brush,RELEVANT,BRUSH_MASSAGE,0,-,276,37,5,0,,NONE,,0,-,117,149,144,-,99,37,-,-
face massager for face lift,RELEVANT,BRUSH_MASSAGE,0,-,,24,5,0,,NONE,,0,142,119,-,71,24,-,-,196,-
face applicator brush,RELEVANT,BRUSH_MASSAGE,0,-,,34,5,0,,NONE,,1,-,-,-,289,88,71,34,70,-
brush for dry brushing,RELEVANT,BRUSH_MASSAGE,0,-,,78,5,0,,NONE,1,3,78,126,141,79,-,-,-,136,-
travel dry brush,RELEVANT,BRUSH_MASSAGE,0,-,,34,4,0,,NONE,,0,34,-,157,-,118,140,-,-,-
brush for skin brushing,RELEVANT,BRUSH_MASSAGE,0,-,,45,5,0,,NONE,,0,45,-,102,149,107,-,-,164,-
design brush,RELEVANT,BRUSH_MASSAGE,0,-,,76,5,0,,NONE,,1,76,-,-,-,140,132,103,145,-
brush medium,RELEVANT,BRUSH_MASSAGE,0,-,,54,5,0,,NONE,,0,54,-,-,-,145,270,61,88,-
guasha set for face,RELEVANT,GUA_SHA,0,-,,38,4,0,,NONE,1.17,1,-,-,126,151,188,-,-,38,-
makeup contouring brushes,RELEVANT,CONTOUR,0,-,,79,5,0,,NONE,,0,92,-,-,-,79,165,82,212,-
face massage oil gua sha,OFF_CATEGORY,GUA_SHA,0,-,150,49,5,0,,NONE,,0,-,100,190,-,-,137,-,49,161
vegan dry skin brush,RELEVANT,BRUSH_MASSAGE,0,-,,49,4,0,,NONE,,0,-,-,265,125,-,49,71,-,-
dead skin brush,RELEVANT,BRUSH_MASSAGE,0,-,,77,5,0,,NONE,,0,-,-,-,199,143,169,77,77,-
face brush manual,OFF_CATEGORY,BRUSH_MASSAGE,0,-,237,99,5,0,,NONE,,1,103,128,148,188,-,99,-,-,-
face tools gua sha,RELEVANT,GUA_SHA,0,-,,29,5,0,,NONE,,0,-,29,164,166,-,277,-,34,-
gua sha facial oil face,OFF_CATEGORY,GUA_SHA,0,-,173,52,5,0,,NONE,,0,82,97,276,-,-,172,-,52,-
dry brush for exfoliating,RELEVANT,BRUSH_MASSAGE,0,-,,48,4,0,,NONE,1.17,0,-,164,186,-,-,177,-,48,-
skincare massager,RELEVANT,BRUSH_MASSAGE,0,-,,63,4,0,,NONE,,0,63,-,-,-,91,210,-,211,-
facial lift,RELEVANT,OTHER,0,-,,6,5,1,B0FD6Y9BX5,SINGLE,,0,60,-,-,-,6,222,-,240,223
natural bristle brush for dry brushing,RELEVANT,BRUSH_MASSAGE,0,-,,124,4,0,,NONE,,0,124,-,125,183,-,-,-,176,-
dry brushing cellulite,RELEVANT,BRUSH_MASSAGE,0,-,262,91,4,0,,NONE,,0,-,-,123,130,-,91,-,-,271
guasha facial oil,OFF_CATEGORY,GUA_SHA,0,-,162,75,4,0,,NONE,,0,-,75,277,-,-,158,-,119,-
mask brush face,RELEVANT,BRUSH_MASSAGE,0,-,,113,4,0,,NONE,,0,126,-,-,-,223,193,113,-,-
facial cleasing brush,RELEVANT,BRUSH_MASSAGE,0,-,,85,4,0,,NONE,,0,85,172,196,208,-,-,-,-,-
dru brushing body brush,RELEVANT,BRUSH_MASSAGE,0,-,,77,5,0,,NONE,,0,-,231,238,154,-,77,-,127,-
dry brushing body brush cellulite,RELEVANT,BRUSH_MASSAGE,0,-,291,137,4,0,,NONE,,0,-,142,250,137,-,140,-,-,-
treatment brush,RELEVANT,BRUSH_MASSAGE,0,-,,24,4,0,,NONE,,1,24,231,-,281,148,-,-,-,-
natural brushes makeup,RELEVANT,BRUSH_MASSAGE,0,-,,133,4,0,,NONE,,0,133,-,247,-,-,139,-,175,-
skin cleanser brush,RELEVANT,BRUSH_MASSAGE,0,-,,87,5,0,,NONE,1.31,0,87,284,-,-,145,266,98,-,-
exfoliating face and body brush,RELEVANT,BRUSH_MASSAGE,0,-,,104,4,0,,NONE,,0,-,146,104,-,-,176,293,-,-
lift for face,RELEVANT,OTHER,0,-,,5,5,1,B0FD6Y9BX5,SINGLE,,1,107,-,-,-,5,300,-,243,244
extra dry skin face,RELEVANT,OTHER,0,-,,79,4,0,,NONE,,0,79,275,-,-,-,140,-,233,-
mask face brush,RELEVANT,BRUSH_MASSAGE,0,-,,133,4,0,,NONE,,0,138,-,-,276,-,183,133,-,-
facial massage set,RELEVANT,BRUSH_MASSAGE,0,-,,145,5,0,,NONE,,2,-,-,188,295,145,151,-,173,-
dry facial skin,RELEVANT,OTHER,0,-,,131,4,0,,NONE,,0,131,-,-,-,133,264,-,240,-
face rolller,RELEVANT,OTHER,0,-,,65,1,0,,NONE,,0,65,-,-,-,-,-,-,-,-
skincare for black skin,RELEVANT,OTHER,0,-,,72,1,0,,NONE,,0,-,-,-,-,-,-,72,-,-
relax products,RELEVANT,OTHER,0,-,,72,1,0,,NONE,,0,72,-,-,-,-,-,-,-,-
muscle brush,RELEVANT,BRUSH_MASSAGE,0,-,,73,1,0,,NONE,,0,-,73,-,-,-,-,-,-,-
jojoba oil brush,OFF_CATEGORY,BRUSH_MASSAGE,0,-,,73,1,0,,NONE,,0,-,-,-,-,-,-,-,73,-
lip cupping,OFF_CATEGORY,OTHER,0,-,,74,1,0,,NONE,1.22,0,74,-,-,-,-,-,-,-,-
produce tools,RELEVANT,OTHER,0,-,,75,1,0,,NONE,,0,-,-,-,-,75,-,-,-,-
diy facial brush,RELEVANT,BRUSH_MASSAGE,0,-,,76,1,0,,NONE,,0,-,-,-,76,-,-,-,-,-
mask aplicator,RELEVANT,OTHER,0,-,,76,1,0,,NONE,,0,76,-,-,-,-,-,-,-,-
best contouring makeup,RELEVANT,CONTOUR,0,-,,77,1,0,,NONE,,0,-,-,-,-,77,-,-,-,-
cosmetics brushes,RELEVANT,BRUSH_MASSAGE,0,-,,77,1,0,,NONE,0.83,0,-,-,-,-,77,-,-,-,-
face peel brush,RELEVANT,BRUSH_MASSAGE,0,-,,77,1,0,,NONE,,0,-,-,-,77,-,-,-,-,-
facial oil set,OFF_CATEGORY,OTHER,0,-,,80,1,0,,NONE,,0,-,-,-,-,-,-,-,80,-
black makeup brush,RELEVANT,BRUSH_MASSAGE,0,-,,81,1,0,,NONE,,0,-,-,-,-,-,-,81,-,-
facial tightening and lifting,RELEVANT,OTHER,0,-,,81,1,0,,NONE,,0,81,-,-,-,-,-,-,-,-
jade gift set,RELEVANT,OTHER,0,-,,84,1,0,,NONE,,0,-,-,-,-,-,-,-,84,-
massage patches,RELEVANT,BRUSH_MASSAGE,0,-,,84,1,0,,NONE,,0,-,-,-,-,-,84,-,-,-
upper eyelid lifting,RELEVANT,OTHER,0,-,,84,1,0,,NONE,,0,84,-,-,-,-,-,-,-,-
skin stimulator,RELEVANT,OTHER,0,-,,84,1,0,,NONE,,0,84,-,-,-,-,-,-,-,-
3 piece dry brush set,RELEVANT,BRUSH_MASSAGE,0,-,,88,1,0,,NONE,,0,-,-,-,-,-,-,-,88,-
scrub brush skin,RELEVANT,BRUSH_MASSAGE,0,-,,90,1,0,,NONE,,0,-,-,-,-,-,-,90,-,-
jawline perfect,RELEVANT,JAWLINE_CHIN,0,-,,92,1,0,,NONE,,0,92,-,-,-,-,-,-,-,-
jade rollwr,RELEVANT,OTHER,0,-,,92,1,0,,NONE,,0,92,-,-,-,-,-,-,-,-
premium dry brushing body brush set,RELEVANT,BRUSH_MASSAGE,0,-,,93,1,0,,NONE,,1,-,-,93,-,-,-,-,-,-
double side brush,RELEVANT,BRUSH_MASSAGE,0,-,,93,1,0,,NONE,,0,-,-,-,-,-,-,-,93,-
improve skin,RELEVANT,OTHER,0,-,,93,1,0,,NONE,,4,93,-,-,-,-,-,-,-,-
skin spa,RELEVANT,OTHER,0,-,,93,1,0,,NONE,,1,93,-,-,-,-,-,-,-,-
bamboo skin brush,RELEVANT,BRUSH_MASSAGE,0,-,,57,2,0,,NONE,,0,-,-,137,57,-,-,-,-,-
favorite beauty products,RELEVANT,OTHER,0,-,,61,2,0,,NONE,,0,61,-,-,-,133,-,-,-,-
dry skin brush organic,RELEVANT,BRUSH_MASSAGE,0,-,,76,2,0,,NONE,,0,-,-,120,76,-,-,-,-,-
eco friendly skincare,RELEVANT,OTHER,0,-,,91,2,0,,NONE,,0,-,-,106,91,-,-,-,-,-
hair drainage tool,RELEVANT,DRAINAGE,0,-,,85,3,0,,NONE,,0,85,113,-,-,-,-,-,99,-
cosmetic tools,RELEVANT,OTHER,0,-,,50,2,0,,NONE,,0,-,-,-,-,50,-,-,149,-
lymph drain,RELEVANT,LYMPHATIC,0,-,,86,2,0,,NONE,,0,115,-,-,-,-,86,-,-,-
ritual skin,RELEVANT,OTHER,0,-,,74,2,0,,NONE,,0,-,-,128,-,-,-,-,74,-
bristle brish,RELEVANT,OTHER,0,-,,76,2,0,,NONE,,0,-,-,-,-,-,-,76,128,-
dry eye store,RELEVANT,OTHER,0,-,,93,2,0,,NONE,,0,114,-,-,-,-,93,-,-,-
cleanse brush,RELEVANT,BRUSH_MASSAGE,0,-,,81,3,0,,NONE,,0,-,81,130,-,-,-,-,101,-
gua sha facial oil sensitive skin,OFF_CATEGORY,GUA_SHA,0,-,118,74,2,0,,NONE,,0,-,-,135,-,-,-,-,74,-
foreo facial cleansing brush,RELEVANT,BRUSH_MASSAGE,0,-,,57,2,0,,NONE,,0,-,-,-,-,-,156,57,-,-
instant face lift products,RELEVANT,OTHER,0,-,,109,2,0,,NONE,,0,109,-,-,-,111,-,-,-,-
jade rollee,RELEVANT,OTHER,0,-,,95,2,0,,NONE,,0,95,-,-,-,-,-,-,129,-
wooden tool,RELEVANT,OTHER,0,-,,112,2,0,,NONE,,4,-,-,-,112,-,-,-,-,113
spa for face,RELEVANT,OTHER,0,-,,35,2,0,,NONE,,0,35,-,-,190,-,-,-,-,-
facial sculpting device,RELEVANT,SCULPTING,0,-,,107,2,0,,NONE,2.34,1,-,-,-,-,107,-,-,135,-
medium brushes,RELEVANT,BRUSH_MASSAGE,0,-,,86,3,0,,NONE,,0,-,-,-,-,164,86,118,-,-
quasha tool real stone,RELEVANT,OTHER,0,-,,113,2,0,,NONE,,0,135,-,-,-,-,-,-,113,-
soft bristles brush,RELEVANT,BRUSH_MASSAGE,0,-,,122,2,0,,NONE,,0,-,-,-,-,126,122,-,-,-
jade rolle,RELEVANT,OTHER,0,-,,102,2,0,,NONE,,0,102,-,-,-,-,-,-,146,-
skin scrub brush,RELEVANT,BRUSH_MASSAGE,0,-,,83,3,0,,NONE,,0,83,-,-,-,177,-,112,-,-
cooling facial massager,RELEVANT,BRUSH_MASSAGE,0,-,,90,3,0,,NONE,,0,160,129,-,-,-,-,-,90,-
sha tool,RELEVANT,OTHER,0,-,,46,3,0,,NONE,,9,-,84,252,-,-,-,-,46,-
qua shua stone,RELEVANT,OTHER,0,-,,87,2,0,,NONE,,0,-,-,-,87,-,-,-,172,-
facial clay mask brush,RELEVANT,BRUSH_MASSAGE,0,-,,103,2,0,,NONE,,0,-,-,-,156,-,-,103,-,-
natural face scrubber,RELEVANT,OTHER,0,-,,55,2,0,,NONE,,0,55,-,-,205,-,-,-,-,-
wood sculpting tools body,RELEVANT,SCULPTING,0,-,,125,3,0,,NONE,,1,-,130,141,125,-,-,-,-,-
face lift oil,OFF_CATEGORY,OTHER,0,-,,38,3,0,,NONE,,0,-,-,-,-,38,137,-,-,231
do brush,RELEVANT,BRUSH_MASSAGE,0,-,,124,2,0,,NONE,,0,-,-,-,-,153,-,-,124,-
facial cooling massager,RELEVANT,BRUSH_MASSAGE,0,-,,72,3,0,,NONE,,0,187,158,-,-,-,-,-,72,-
dry brush set for cellulite,RELEVANT,BRUSH_MASSAGE,0,-,,103,3,0,,NONE,,0,-,-,103,144,-,170,-,-,-
face oil gua sha sensitive skin,OFF_CATEGORY,GUA_SHA,0,-,173,83,2,0,,NONE,,0,-,-,196,-,-,-,-,83,-
amazon brushes makeup,RELEVANT,BRUSH_MASSAGE,0,-,,135,2,0,,NONE,,0,151,-,-,-,135,-,-,-,-
dry brushing benefits,RELEVANT,BRUSH_MASSAGE,0,-,,18,3,1,B0FD354L27,SINGLE,,0,18,-,-,-,-,-,-,255,157
dry body brush set,RELEVANT,BRUSH_MASSAGE,0,-,,140,2,0,,NONE,,2,-,-,148,-,-,-,-,140,-
for facial,RELEVANT,OTHER,0,-,,98,2,0,,NONE,,3,192,-,-,-,98,-,-,-,-
gentle brush,RELEVANT,BRUSH_MASSAGE,0,-,,137,3,0,,NONE,,0,137,-,-,150,-,-,-,158,-
so right massage tool,RELEVANT,BRUSH_MASSAGE,0,-,,109,2,0,,NONE,,0,109,-,-,189,-,-,-,-,-
contour mini,RELEVANT,CONTOUR,0,-,,147,2,0,,NONE,,0,-,147,-,152,-,-,-,-,-
facial brush mask,RELEVANT,BRUSH_MASSAGE,0,-,,121,3,0,,NONE,,0,127,-,-,-,201,-,121,-,-
dry body brush for cellulite,RELEVANT,BRUSH_MASSAGE,0,-,,143,3,0,,NONE,,1,-,-,146,161,-,143,-,-,-
relaxation eye massager,RELEVANT,BRUSH_MASSAGE,0,-,,115,2,0,,NONE,,0,187,-,-,-,115,-,-,-,-
puffiness,RELEVANT,DEPUFF,0,-,,92,2,0,,NONE,,30,-,-,-,-,92,211,-,-,-
sculpting wood,RELEVANT,SCULPTING,0,-,,75,3,0,,NONE,,2,-,181,-,75,-,-,-,-,203
sculpting tool box,RELEVANT,SCULPTING,0,-,,138,2,0,,NONE,,0,-,-,138,169,-,-,-,-,-
body brush dry brushing,RELEVANT,BRUSH_MASSAGE,0,-,,93,2,0,,NONE,,0,-,214,93,-,-,-,-,-,-
hand sculpting,RELEVANT,SCULPTING,0,-,,73,2,0,,NONE,,2,-,-,-,236,73,-,-,-,-
comestic brush,RELEVANT,BRUSH_MASSAGE,0,-,,68,3,0,,NONE,,0,129,-,-,-,68,-,272,-,-
air touch makeup brush,RELEVANT,BRUSH_MASSAGE,0,-,,50,2,0,,NONE,,0,-,-,266,-,50,-,-,-,-
face mud mask brush,RELEVANT,BRUSH_MASSAGE,0,-,,43,2,0,,NONE,,0,-,-,-,273,-,-,43,-,-
face massager for women,RELEVANT,BRUSH_MASSAGE,0,-,,99,2,0,,NONE,,0,-,-,-,-,99,-,-,220,-
professional brush,RELEVANT,BRUSH_MASSAGE,0,-,,92,3,0,,NONE,,0,92,-,-,-,185,-,-,202,-
gua sha sets,RELEVANT,GUA_SHA,0,-,,98,3,0,,NONE,1.24,0,-,-,181,-,203,-,-,98,-
dry eye treatment kit,RELEVANT,OTHER,0,-,,153,2,0,,NONE,2.38,0,-,-,-,153,173,-,-,-,-
body brush oil,OFF_CATEGORY,BRUSH_MASSAGE,0,-,,103,3,0,,NONE,,0,-,103,275,-,-,-,-,111,-
facial brush applicator,RELEVANT,BRUSH_MASSAGE,0,-,,155,3,0,,NONE,,0,-,-,-,176,155,165,-,-,-
self help tools,RELEVANT,OTHER,0,-,,90,3,0,,NONE,,0,-,-,-,-,90,297,-,116,-
massage tool stone,RELEVANT,BRUSH_MASSAGE,0,-,,158,2,0,,NONE,,0,158,-,-,-,-,-,-,179,-
gua sha massage tool set,RELEVANT,GUA_SHA,0,-,,140,2,0,,NONE,,5,-,-,200,-,-,-,-,140,-
glowing face,RELEVANT,OTHER,0,-,,106,2,0,,NONE,,0,-,-,-,-,106,236,-,-,-
clay face mask brush,RELEVANT,BRUSH_MASSAGE,0,-,,157,3,0,,NONE,,2,-,-,-,184,-,175,157,-,-
blood and lymphatic cleanse,RELEVANT,LYMPHATIC,0,-,,135,2,0,,NONE,,0,-,135,212,-,-,-,-,-,-
natural facial,RELEVANT,OTHER,0,-,,77,3,0,,NONE,,3,77,-,236,-,-,-,-,210,-
brush on,RELEVANT,BRUSH_MASSAGE,0,-,,107,2,0,,NONE,,21,-,-,-,244,-,107,-,-,-
gentle edge brush,RELEVANT,BRUSH_MASSAGE,0,-,,169,2,0,,NONE,,0,-,-,-,188,-,-,-,169,-
guasha tool kit,RELEVANT,GUA_SHA,0,-,,107,3,0,,NONE,1.18,0,-,-,-,216,213,-,-,107,-
body brushing for cellulite,RELEVANT,BRUSH_MASSAGE,0,-,306,86,3,0,,NONE,,0,-,235,-,221,86,-,-,-,-
massage tool wooden,RELEVANT,BRUSH_MASSAGE,0,-,,108,2,0,,NONE,,1,-,-,256,108,-,-,-,-,-
guasha tool for face and body,RELEVANT,GUA_SHA,0,-,,156,3,0,,NONE,1.3,3,-,156,-,205,-,-,-,186,-
makeup brush cleansing,RELEVANT,BRUSH_MASSAGE,0,-,,166,2,0,,NONE,,1,166,-,-,-,-,-,-,199,-
body brush for dry brushing,RELEVANT,BRUSH_MASSAGE,0,-,,108,3,0,,NONE,,2,-,225,215,108,-,-,-,-,-
dry brushing body brush exfoliate,RELEVANT,BRUSH_MASSAGE,0,-,,161,2,0,,NONE,,0,-,161,207,-,-,-,-,-,-
great neck tools,RELEVANT,JAWLINE_CHIN,0,-,,96,3,0,,NONE,,0,96,270,-,-,-,186,-,-,-
wooden body brush,RELEVANT,BRUSH_MASSAGE,0,-,,90,3,0,,NONE,,0,-,302,90,161,-,-,-,-,-
body brushes for dry brushing,RELEVANT,BRUSH_MASSAGE,0,-,,95,3,0,,NONE,,0,-,255,204,95,-,-,-,-,-
face masks brush,RELEVANT,BRUSH_MASSAGE,0,-,,79,2,0,,NONE,,0,-,-,-,292,-,-,79,-,-
eye instant lift,RELEVANT,OTHER,0,-,,172,2,0,,NONE,,0,201,-,-,-,172,-,-,-,-
facial mud mask brush,RELEVANT,BRUSH_MASSAGE,0,-,,93,2,0,,NONE,,0,-,-,-,-,-,282,93,-,-
beauty makeup brushes,RELEVANT,BRUSH_MASSAGE,0,-,,181,2,0,,NONE,,0,181,-,-,-,196,-,-,-,-
neck and face lift,RELEVANT,JAWLINE_CHIN,0,-,,142,3,0,,NONE,,0,142,-,-,-,201,225,-,-,-
exfoliating brush dry skin,RELEVANT,BRUSH_MASSAGE,0,-,,111,2,0,,NONE,,0,-,-,269,-,-,111,-,-,-
brush for eyes,RELEVANT,BRUSH_MASSAGE,0,-,,142,3,0,,NONE,,0,142,-,-,-,182,250,-,-,-
best contour makeup kit,RELEVANT,CONTOUR,0,-,,97,1,0,,NONE,0.9,0,-,-,-,-,97,-,-,-,-
facial kit for glowing skin,RELEVANT,OTHER,0,-,,98,1,0,,NONE,,2,-,-,-,-,98,-,-,-,-
zen tools,RELEVANT,OTHER,0,-,,98,1,0,,NONE,,0,98,-,-,-,-,-,-,-,-
instant face neck and eye lift kit,RELEVANT,JAWLINE_CHIN,0,-,,99,1,0,,NONE,,0,-,-,-,-,99,-,-,-,-
all natural beauty gift set,RELEVANT,OTHER,0,-,,99,1,0,,NONE,,0,-,-,99,-,-,-,-,-,-
face lufah,RELEVANT,OTHER,0,-,,100,1,0,,NONE,,0,100,-,-,-,-,-,-,-,-
jade roler,RELEVANT,OTHER,0,-,,101,1,0,,NONE,,0,101,-,-,-,-,-,-,-,-
face lofah,RELEVANT,OTHER,0,-,,101,1,0,,NONE,,0,101,-,-,-,-,-,-,-,-
sets for face,RELEVANT,OTHER,0,-,,102,1,0,,NONE,,0,-,-,-,-,-,-,-,102,-
stone gua sha tools,RELEVANT,GUA_SHA,0,-,,103,1,0,,NONE,,1,-,-,-,-,-,-,-,103,-
makeup brush no shed,RELEVANT,BRUSH_MASSAGE,0,-,,104,1,0,,NONE,,0,104,-,-,-,-,-,-,-,-
face cleaning products,RELEVANT,OTHER,0,-,,104,1,0,,NONE,,0,104,-,-,-,-,-,-,-,-
wooden therapy brush,RELEVANT,BRUSH_MASSAGE,0,-,,105,1,0,,NONE,,0,-,-,-,105,-,-,-,-,-
sensitive skin care routine,RELEVANT,OTHER,0,-,,105,1,0,,NONE,,0,105,-,-,-,-,-,-,-,-
face contouring makeup kit,RELEVANT,CONTOUR,0,-,,105,1,0,,NONE,1.09,0,-,-,-,-,105,-,-,-,-
jade eye massager,RELEVANT,BRUSH_MASSAGE,0,-,,107,1,0,,NONE,,0,-,-,-,-,-,-,-,107,-
face skin tightening for women,RELEVANT,OTHER,0,-,,109,1,0,,NONE,,0,109,-,-,-,-,-,-,-,-
face and neck tightening,RELEVANT,JAWLINE_CHIN,0,-,,109,1,0,,NONE,,0,109,-,-,-,-,-,-,-,-
pure bristle brush,RELEVANT,BRUSH_MASSAGE,0,-,,110,1,0,,NONE,,0,-,-,-,-,-,-,-,110,-
face sculptor beauty roller,RELEVANT,SCULPTING,0,-,,113,1,0,,NONE,,1,-,-,-,-,113,-,-,-,-
day after brush dry shampoo,RELEVANT,BRUSH_MASSAGE,0,-,,114,1,0,,NONE,1.53,4,-,114,-,-,-,-,-,-,-
lets neck neck treatment,RELEVANT,JAWLINE_CHIN,0,-,,114,1,0,,NONE,,0,-,-,-,-,114,-,-,-,-
gua sha stones for face massage,RELEVANT,GUA_SHA,0,-,,115,1,0,,NONE,,0,-,-,-,-,-,-,-,115,-
hair makeup brush,RELEVANT,BRUSH_MASSAGE,0,-,,116,1,0,,NONE,,6,116,-,-,-,-,-,-,-,-
spa weekly,RELEVANT,OTHER,0,-,,116,1,0,,NONE,,1,116,-,-,-,-,-,-,-,-
dual ended brow brush,RELEVANT,BRUSH_MASSAGE,0,-,,119,1,0,,NONE,,0,-,-,-,-,-,-,-,119,-
face vibrant massager,RELEVANT,BRUSH_MASSAGE,0,-,,119,1,0,,NONE,,0,-,-,-,-,-,-,-,119,-
firming face roller,RELEVANT,OTHER,0,-,,119,1,0,,NONE,,0,-,-,-,-,119,-,-,-,-
organic dry body brush,RELEVANT,BRUSH_MASSAGE,0,-,,121,1,0,,NONE,,0,-,-,121,-,-,-,-,-,-
depuff eyes,RELEVANT,DEPUFF,0,-,,121,1,0,,NONE,,0,-,-,-,-,121,-,-,-,-
detox treatment,RELEVANT,OTHER,0,-,,123,1,0,,NONE,,0,123,-,-,-,-,-,-,-,-
silicone face cleanser brush,RELEVANT,BRUSH_MASSAGE,0,-,,123,1,0,,NONE,,0,-,-,-,-,-,-,123,-,-
face shaping stone,RELEVANT,OTHER,0,-,,125,1,0,,NONE,,0,125,-,-,-,-,-,-,-,-
fresh brush,RELEVANT,BRUSH_MASSAGE,0,-,,128,1,0,,NONE,,14,-,-,-,-,-,128,-,-,-
day makeup brush,RELEVANT,BRUSH_MASSAGE,0,-,,129,1,0,,NONE,,0,-,-,-,-,129,-,-,-,-
look at me eye patches,OFF_CATEGORY,OTHER,0,-,,130,1,0,,NONE,,0,-,-,-,-,-,130,-,-,-
after surgery accesories,RELEVANT,OTHER,0,-,,130,1,0,,NONE,,0,130,-,-,-,-,-,-,-,-
facial spring,RELEVANT,OTHER,0,-,,130,1,0,,NONE,,0,-,130,-,-,-,-,-,-,-
detox rid,RELEVANT,OTHER,0,-,,130,1,0,,NONE,,0,130,-,-,-,-,-,-,-,-
face cream lifting,OFF_CATEGORY,OTHER,0,-,,131,1,0,,NONE,,0,-,-,-,-,131,-,-,-,-
eco friendly beauty,RELEVANT,OTHER,0,-,,131,1,0,,NONE,,0,-,-,-,131,-,-,-,-,-
chin and neck firmer,RELEVANT,JAWLINE_CHIN,0,-,,132,1,0,,NONE,,0,132,-,-,-,-,-,-,-,-
contouring cream,OFF_CATEGORY,CONTOUR,0,-,,134,1,0,,NONE,,0,134,-,-,-,-,-,-,-,-
gua stone,RELEVANT,OTHER,0,-,,135,1,0,,NONE,,0,-,-,-,-,-,-,-,135,-
silicone face scrub brush,RELEVANT,BRUSH_MASSAGE,0,-,,136,1,0,,NONE,,0,-,-,-,-,-,-,136,-,-
best skin care regimen,RELEVANT,OTHER,0,-,,136,1,0,,NONE,,0,-,-,-,-,136,-,-,-,-
facial scrub brush men,RELEVANT,BRUSH_MASSAGE,0,-,,136,1,0,,NONE,,0,-,-,136,-,-,-,-,-,-
makeup brush for cream,OFF_CATEGORY,BRUSH_MASSAGE,0,-,,137,1,0,,NONE,,0,-,-,-,-,137,-,-,-,-
elegance facial scrub,RELEVANT,OTHER,0,-,,139,1,0,,NONE,,0,-,-,139,-,-,-,-,-,-
pure massager,RELEVANT,BRUSH_MASSAGE,0,-,,142,1,0,,NONE,,0,-,-,-,-,-,-,-,142,-
body gua sha oil,OFF_CATEGORY,GUA_SHA,0,-,,145,1,0,,NONE,,0,-,-,-,-,-,-,-,145,-
face stick tool,RELEVANT,OTHER,0,-,,146,1,0,,NONE,,0,-,-,-,-,-,-,-,146,-
two face make up,RELEVANT,OTHER,0,-,,146,1,0,,NONE,,0,-,-,-,-,146,-,-,-,-
massage assist tools,RELEVANT,BRUSH_MASSAGE,0,-,,147,1,0,,NONE,,0,-,-,-,-,147,-,-,-,-
eye skin tightening,RELEVANT,OTHER,0,-,,149,1,0,,NONE,,0,149,-,-,-,-,-,-,-,-
double chin tightening cream,OFF_CATEGORY,JAWLINE_CHIN,0,-,,149,1,0,,NONE,1.83,0,149,-,-,-,-,-,-,-,-
skincare system,RELEVANT,OTHER,0,-,,149,1,0,,NONE,,2,-,-,-,-,149,-,-,-,-
skin tightening cream for face and neck,OFF_CATEGORY,JAWLINE_CHIN,0,-,,149,1,0,,NONE,,0,149,-,-,-,-,-,-,-,-
face serum applicator,OFF_CATEGORY,OTHER,0,-,,150,1,0,,NONE,,0,-,-,-,-,150,-,-,-,-
fine line eye serum by simple beauty,OFF_CATEGORY,OTHER,0,-,,151,1,0,,NONE,,0,-,-,-,-,151,-,-,-,-
slim detox,RELEVANT,OTHER,0,-,,151,1,0,,NONE,,0,151,-,-,-,-,-,-,-,-
jade massage stone,RELEVANT,BRUSH_MASSAGE,0,-,,151,1,0,,NONE,,0,-,-,-,-,-,-,-,151,-
facial care system,RELEVANT,OTHER,0,-,,151,1,0,,NONE,,0,-,-,-,-,151,-,-,-,-
eliminate double chin,RELEVANT,JAWLINE_CHIN,0,-,,151,1,0,,NONE,1.02,2,-,-,-,151,-,-,-,-,-
tool brush set,RELEVANT,BRUSH_MASSAGE,0,-,,152,1,0,,NONE,,0,-,-,-,-,-,-,-,152,-
patch massager,RELEVANT,BRUSH_MASSAGE,0,-,,152,1,0,,NONE,,1,-,-,-,-,-,152,-,-,-
creative brush,RELEVANT,BRUSH_MASSAGE,0,-,,152,1,0,,NONE,,1,-,-,-,-,-,-,-,152,-
body care brush,RELEVANT,BRUSH_MASSAGE,0,-,,153,1,0,,NONE,,0,-,-,153,-,-,-,-,-,-
eye brush kit,RELEVANT,BRUSH_MASSAGE,0,-,,154,1,0,,NONE,,2,-,-,-,-,154,-,-,-,-
1 makeup brush,RELEVANT,BRUSH_MASSAGE,0,-,,155,1,0,,NONE,,5,-,-,-,-,155,-,-,-,-
wash hair brush,RELEVANT,BRUSH_MASSAGE,0,-,,156,1,0,,NONE,,0,156,-,-,-,-,-,-,-,-
natural facial kit,RELEVANT,OTHER,0,-,,157,1,0,,NONE,,0,-,-,157,-,-,-,-,-,-
makeup brush large,RELEVANT,BRUSH_MASSAGE,0,-,,157,1,0,,NONE,,0,-,-,-,-,157,-,-,-,-
metal gua sha stainless steel,OFF_CATEGORY,GUA_SHA,0,-,,161,1,0,,NONE,,0,-,-,161,-,-,-,-,-,-
face exfoliator for dry skin,RELEVANT,OTHER,0,-,,161,1,0,,NONE,,0,-,-,-,-,-,161,-,-,-
facial mask brush set,RELEVANT,BRUSH_MASSAGE,0,-,,161,1,0,,NONE,,0,-,-,161,-,-,-,-,-,-
gua sha stainless steel tools,OFF_CATEGORY,GUA_SHA,0,-,,162,1,0,,NONE,,0,-,-,162,-,-,-,-,-,-
cheek patch,RELEVANT,OTHER,0,-,,162,1,0,,NONE,,2,-,-,-,-,-,162,-,-,-
routine wellness travel size kit,RELEVANT,OTHER,0,-,,166,1,0,,NONE,,0,-,-,-,-,166,-,-,-,-
edges hair brush,RELEVANT,BRUSH_MASSAGE,0,-,,166,1,0,,NONE,,0,-,-,-,-,-,-,-,166,-
makeup brushes 5 piece,RELEVANT,BRUSH_MASSAGE,0,-,,169,1,0,,NONE,,0,-,-,-,-,-,-,-,169,-
dry eye overnight,RELEVANT,OTHER,0,-,,170,1,0,,NONE,,0,-,-,-,-,-,-,-,170,-
two sided brush,RELEVANT,BRUSH_MASSAGE,0,-,,171,1,0,,NONE,,0,-,-,-,-,171,-,-,-,-
brush edges,RELEVANT,BRUSH_MASSAGE,0,-,,173,1,0,,NONE,,0,-,-,-,-,-,-,-,173,-
all natural skin care set,RELEVANT,OTHER,0,-,,174,1,0,,NONE,,0,-,-,174,-,-,-,-,-,-
cleaning detox,RELEVANT,OTHER,0,-,,174,1,0,,NONE,,0,174,-,-,-,-,-,-,-,-
real ease neck support,RELEVANT,JAWLINE_CHIN,0,-,,175,1,0,,NONE,,0,-,-,-,-,-,175,-,-,-
travel relaxation kit,RELEVANT,OTHER,0,-,,175,1,0,,NONE,,0,-,-,-,-,175,-,-,-,-
dual brow brush,RELEVANT,BRUSH_MASSAGE,0,-,,176,1,0,,NONE,,1,-,-,-,-,-,-,-,176,-
glow in the dark tools,RELEVANT,OTHER,0,-,,177,1,0,,NONE,,0,-,-,-,-,-,-,-,177,-
end brushes,RELEVANT,BRUSH_MASSAGE,0,-,,177,1,0,,NONE,,12,-,-,-,-,-,-,-,177,-
makeup contouring kit for dark skin,RELEVANT,CONTOUR,0,-,,177,1,0,,NONE,,0,-,-,-,-,177,-,-,-,-
face and body kabuki brush,RELEVANT,BRUSH_MASSAGE,0,-,,180,1,0,,NONE,,0,-,-,-,180,-,-,-,-,-
face cleansing brush system,RELEVANT,BRUSH_MASSAGE,0,-,,182,1,0,,NONE,,0,-,-,-,-,-,-,-,182,-
natural bristle makeup brush set,RELEVANT,BRUSH_MASSAGE,0,-,,183,1,0,,NONE,,0,-,-,-,-,-,183,-,-,-
dsimple skin care,RELEVANT,OTHER,0,-,,185,1,0,,NONE,,0,-,-,-,-,185,-,-,-,-
exfoliating brush set,RELEVANT,BRUSH_MASSAGE,0,-,,186,1,0,,NONE,,4,-,-,186,-,-,-,-,-,-
best oil for face massage,OFF_CATEGORY,BRUSH_MASSAGE,0,-,,188,1,0,,NONE,,0,-,-,-,-,-,-,-,188,-
hair stimulator massager,RELEVANT,BRUSH_MASSAGE,0,-,,188,1,0,,NONE,,0,188,-,-,-,-,-,-,-,-
body brush massage,RELEVANT,BRUSH_MASSAGE,0,-,,190,1,0,,NONE,,0,-,-,-,-,-,190,-,-,-
makeup brushes in bag,RELEVANT,BRUSH_MASSAGE,0,-,,192,1,0,,NONE,,0,-,-,-,-,192,-,-,-,-
lymphatic+drainage,RELEVANT,DRAINAGE,0,-,,52,8,0,,NONE,,0,101,140,243,304,52,208,295,201,-
pur makeup brush,RELEVANT,BRUSH_MASSAGE,0,-,,193,1,0,,NONE,,0,-,-,-,-,-,-,-,193,-
face brush cleansing,RELEVANT,BRUSH_MASSAGE,0,-,,92,7,0,,NONE,,0,92,173,-,227,187,264,138,273,-
walnut face scrub,RELEVANT,OTHER,0,-,,194,1,0,,NONE,,5,-,-,194,-,-,-,-,-,-
facial cleansing brush system,RELEVANT,BRUSH_MASSAGE,0,-,,194,1,0,,NONE,,2,-,-,-,-,-,-,-,194,-
skin care spa,RELEVANT,OTHER,0,-,,195,1,0,,NONE,,0,195,-,-,-,-,-,-,-,-
face for dry skin,RELEVANT,OTHER,0,-,,122,2,0,,NONE,,0,122,-,-,-,-,268,-,-,-
deep cleansing face brush,RELEVANT,BRUSH_MASSAGE,0,-,,108,5,0,,NONE,,1,146,285,-,226,-,211,108,-,-
cellulite scrub brush,RELEVANT,BRUSH_MASSAGE,0,-,,101,5,0,,NONE,,0,132,-,-,262,214,267,101,-,-
body dry brush natural bristle,RELEVANT,BRUSH_MASSAGE,0,-,,170,3,0,,NONE,,0,-,202,170,214,-,-,-,-,-
facial clensing brush,RELEVANT,BRUSH_MASSAGE,0,-,,96,6,0,,NONE,,0,96,183,254,205,-,219,-,217,-
massager wood,RELEVANT,BRUSH_MASSAGE,0,-,,197,1,0,,NONE,,2,-,-,-,197,-,-,-,-,-
firm brow brush,RELEVANT,BRUSH_MASSAGE,0,-,,188,2,0,,NONE,,0,-,-,-,-,207,-,-,188,-
cleansing face brush set,RELEVANT,BRUSH_MASSAGE,0,-,,198,1,0,,NONE,,0,-,-,-,-,-,-,-,198,-
exfoliating skin brush,RELEVANT,BRUSH_MASSAGE,0,-,,141,2,0,,NONE,,0,255,-,-,-,-,-,141,-,-
squaline face oil,OFF_CATEGORY,OTHER,0,-,,199,1,0,,NONE,,0,-,-,-,-,-,-,-,199,-
wooden body massager,RELEVANT,BRUSH_MASSAGE,0,-,,194,2,0,,NONE,1.1,0,-,205,-,194,-,-,-,-,-
dry skin set,RELEVANT,OTHER,0,-,,192,2,0,,NONE,,0,-,-,207,-,-,-,-,192,-
natural wood brush,RELEVANT,BRUSH_MASSAGE,0,-,,139,2,0,,NONE,,0,-,-,139,260,-,-,-,-,-
self massage tools for neck,RELEVANT,JAWLINE_CHIN,0,-,,124,3,0,,NONE,,0,124,230,245,-,-,-,-,-,-
lymphatic drainage massager abdomen,RELEVANT,DRAINAGE,0,-,,116,2,0,,NONE,,0,-,116,-,-,-,-,-,284,-
naturals facial kit,RELEVANT,OTHER,0,-,,200,1,0,,NONE,,0,-,-,200,-,-,-,-,-,-
eye patch for dry eye,OFF_CATEGORY,OTHER,0,-,,200,1,0,,NONE,,1,-,-,-,-,-,200,-,-,-
natural skincare gift set,RELEVANT,OTHER,0,-,,200,1,0,,NONE,,0,-,-,200,-,-,-,-,-,-
countor set,RELEVANT,OTHER,0,-,,93,5,0,,NONE,,0,-,-,253,299,93,260,-,97,-
massage tool gua sha,RELEVANT,GUA_SHA,0,-,,180,4,0,,NONE,,0,-,189,228,-,-,206,-,180,-
natural bristle brush set,RELEVANT,BRUSH_MASSAGE,0,-,,201,1,0,,NONE,,1,-,-,201,-,-,-,-,-,-
makeup contouring kit,RELEVANT,CONTOUR,0,-,,201,1,0,,NONE,,0,-,-,-,-,201,-,-,-,-
body brush for cellulite,RELEVANT,BRUSH_MASSAGE,0,-,,120,4,0,,NONE,1.31,1,162,291,120,-,232,-,-,-,-
face glowing skin,RELEVANT,OTHER,0,-,,202,1,0,,NONE,,0,-,-,-,-,202,-,-,-,-
firm bristle body brush,RELEVANT,BRUSH_MASSAGE,0,-,,182,2,0,,NONE,,0,-,223,182,-,-,-,-,-,-
guasha tool for face stainless steel,OFF_CATEGORY,GUA_SHA,0,-,,203,1,0,,NONE,0.95,0,-,-,203,-,-,-,-,-,-
face exfoliator dry skin,RELEVANT,OTHER,0,-,,134,2,0,,NONE,,0,-,-,134,-,-,274,-,-,-
mini face massager,RELEVANT,BRUSH_MASSAGE,0,-,,150,3,0,,NONE,,1,-,150,-,244,-,-,-,219,-
instant facial,RELEVANT,OTHER,0,-,,207,1,0,,NONE,,0,-,-,-,-,207,-,-,-,-
brushing body brush,RELEVANT,BRUSH_MASSAGE,0,-,,190,2,0,,NONE,,34,-,224,190,-,-,-,-,-,-
brush tool,RELEVANT,BRUSH_MASSAGE,0,-,,150,7,0,,NONE,,1,196,182,215,285,150,212,-,209,-
facial scrub exfoliator brush,RELEVANT,BRUSH_MASSAGE,0,-,,152,5,0,,NONE,1.13,0,-,186,-,260,224,215,152,-,-
beauty device for neck and face,RELEVANT,JAWLINE_CHIN,0,-,,209,1,0,,NONE,,0,-,-,-,-,-,-,-,209,-
body brushing dry brush,RELEVANT,BRUSH_MASSAGE,0,-,,209,1,0,,NONE,,0,-,-,209,-,-,-,-,-,-
face exfoliate for dry skin,RELEVANT,OTHER,0,-,,209,1,0,,NONE,,0,-,209,-,-,-,-,-,-,-
best dry brushing body brush,RELEVANT,BRUSH_MASSAGE,0,-,,162,2,0,,NONE,1.37,0,-,162,256,-,-,-,-,-,-
skin exfoliating brush,RELEVANT,BRUSH_MASSAGE,0,-,,106,3,0,,NONE,,0,106,-,-,-,252,269,-,-,-
facial kit natural,RELEVANT,OTHER,0,-,,210,1,0,,NONE,,0,-,-,210,-,-,-,-,-,-
mini facial cleansing brush,RELEVANT,BRUSH_MASSAGE,0,-,,205,2,0,,NONE,,0,-,205,-,-,-,-,-,215,-
body brush natural bristles,RELEVANT,BRUSH_MASSAGE,0,-,,203,3,0,,NONE,,0,-,206,222,203,-,-,-,-,-
makeup stones for eyes,RELEVANT,OTHER,0,-,,132,2,0,,NONE,0.64,0,132,-,-,-,-,-,-,291,-
countoring makeup,RELEVANT,OTHER,0,-,,194,5,0,,NONE,,0,194,-,-,-,208,-,195,230,235
body brush for dry brushing natural,RELEVANT,BRUSH_MASSAGE,0,-,,193,2,0,,NONE,1.41,0,-,232,193,-,-,-,-,-,-
dense brush,RELEVANT,BRUSH_MASSAGE,0,-,,154,2,0,,NONE,,0,-,-,-,271,154,-,-,-,-
stainless steel massage tool,OFF_CATEGORY,BRUSH_MASSAGE,0,-,,213,1,0,,NONE,,0,-,-,213,-,-,-,-,-,-
brushes with free shipping,RELEVANT,BRUSH_MASSAGE,0,-,,104,3,0,,NONE,,0,266,-,-,-,104,274,-,-,-
anti puff eye cream,OFF_CATEGORY,DEPUFF,0,-,,216,1,0,,NONE,,0,-,-,-,-,216,-,-,-,-
dry skin products,RELEVANT,OTHER,0,-,,216,1,0,,NONE,,0,216,-,-,-,-,-,-,-,-
body bursh,RELEVANT,OTHER,0,-,,217,1,0,,NONE,,0,-,-,217,-,-,-,-,-,-
dry eye relief kit,RELEVANT,OTHER,0,-,,162,2,0,,NONE,,0,-,-,273,-,162,-,-,-,-
eye lift treatment,RELEVANT,OTHER,0,-,,218,1,0,,NONE,,1,-,-,-,-,218,-,-,-,-
lymphatic vitamins,OFF_CATEGORY,LYMPHATIC,0,-,,218,1,0,,NONE,,0,-,-,-,-,-,-,-,218,-
face lift serum instant,OFF_CATEGORY,OTHER,0,-,,218,1,0,,NONE,,1,-,-,-,-,218,-,-,-,-
dry skin brush natural bristle,RELEVANT,BRUSH_MASSAGE,0,-,,194,7,0,,NONE,,0,194,232,226,217,-,195,-,214,249
massage wooden,RELEVANT,BRUSH_MASSAGE,0,-,,177,2,0,,NONE,,0,-,-,261,177,-,-,-,-,-
compact massager,RELEVANT,BRUSH_MASSAGE,0,-,,219,1,0,,NONE,,0,219,-,-,-,-,-,-,-,-
body brushing,RELEVANT,BRUSH_MASSAGE,0,-,,219,1,0,,NONE,,0,-,-,219,-,-,-,-,-,-
2 brush,RELEVANT,BRUSH_MASSAGE,0,-,,220,1,0,,NONE,,0,-,-,-,-,220,-,-,-,-
instant face neck and eye lift,RELEVANT,JAWLINE_CHIN,0,-,,182,3,0,,NONE,,0,182,-,-,-,186,-,-,294,-
clean brushes make up,RELEVANT,BRUSH_MASSAGE,0,-,,221,1,0,,NONE,,0,-,-,-,-,221,-,-,-,-
brushing body,RELEVANT,BRUSH_MASSAGE,0,-,,221,1,0,,NONE,,35,-,-,221,-,-,-,-,-,-
face care products,RELEVANT,OTHER,0,-,,221,1,0,,NONE,1.38,0,221,-,-,-,-,-,-,-,-
dry body brushes,RELEVANT,BRUSH_MASSAGE,0,-,,183,3,0,,NONE,,0,-,225,183,-,-,-,-,255,-
large gua sha massage tool,RELEVANT,GUA_SHA,0,-,,187,7,0,,NONE,1.26,3,-,205,276,278,191,201,-,187,211
exfolitaing brush,RELEVANT,BRUSH_MASSAGE,0,-,,179,4,0,,NONE,,0,179,-,269,-,-,225,215,-,-
brush cases,RELEVANT,BRUSH_MASSAGE,0,-,,222,1,0,,NONE,,0,-,-,-,-,-,222,-,-,-
anti puffy eye,RELEVANT,DEPUFF,0,-,,222,1,0,,NONE,,0,-,-,-,-,222,-,-,-,-
natural bristle brushes,RELEVANT,BRUSH_MASSAGE,0,-,,222,1,0,,NONE,,0,-,-,-,-,-,222,-,-,-
contour makeup brush set,RELEVANT,CONTOUR,0,-,,191,3,0,,NONE,,0,-,-,-,-,191,257,-,218,-
dry brushing body brush natural,RELEVANT,BRUSH_MASSAGE,0,-,,202,3,0,,NONE,,1,-,209,202,257,-,-,-,-,-
brushes best,RELEVANT,BRUSH_MASSAGE,0,-,,127,3,0,,NONE,,0,259,-,-,-,127,285,-,-,-
neck massager for work,RELEVANT,JAWLINE_CHIN,0,-,,224,1,0,,NONE,,0,224,-,-,-,-,-,-,-,-
massage may,RELEVANT,BRUSH_MASSAGE,0,-,,224,1,0,,NONE,,0,-,224,-,-,-,-,-,-,-
exfoliating brush dry,RELEVANT,BRUSH_MASSAGE,0,-,,187,3,0,,NONE,,0,-,187,212,-,-,273,-,-,-
wood body brush,RELEVANT,BRUSH_MASSAGE,0,-,,162,3,0,,NONE,,1,-,295,162,215,-,-,-,-,-
face cleansing device,RELEVANT,OTHER,0,-,,224,1,0,,NONE,,0,-,-,-,-,-,-,-,224,-
body brush for dry skin,RELEVANT,BRUSH_MASSAGE,0,-,,224,1,0,,NONE,,0,-,-,224,-,-,-,-,-,-
at home spa kit for mom,RELEVANT,OTHER,0,-,,225,1,0,,NONE,,0,-,-,225,-,-,-,-,-,-
skin cleansing brush system,RELEVANT,BRUSH_MASSAGE,0,-,,225,1,0,,NONE,,1,-,-,-,-,-,-,-,225,-
home detox,RELEVANT,OTHER,0,-,,225,1,0,,NONE,,4,225,-,-,-,-,-,-,-,-
cellulite scrubber,RELEVANT,OTHER,0,-,,176,2,0,,NONE,1.24,0,-,-,-,277,-,176,-,-,-
starter brush,RELEVANT,BRUSH_MASSAGE,0,-,,227,1,0,,NONE,,16,-,-,-,-,-,-,-,227,-
neck chin lift,RELEVANT,JAWLINE_CHIN,0,-,,189,2,0,,NONE,,0,189,-,-,265,-,-,-,-,-
1 brush,RELEVANT,BRUSH_MASSAGE,0,-,,227,1,0,,NONE,,0,-,-,-,-,227,-,-,-,-
makeup brush eye,RELEVANT,BRUSH_MASSAGE,0,-,,227,1,0,,NONE,,0,-,-,-,-,227,-,-,-,-
skin dry,RELEVANT,OTHER,0,-,,228,1,0,,NONE,,0,228,-,-,-,-,-,-,-,-
leg exfoliator brush,RELEVANT,BRUSH_MASSAGE,0,-,,200,2,0,,NONE,1.37,0,-,260,200,-,-,-,-,-,-
contour for light skin,RELEVANT,CONTOUR,0,-,,206,2,0,,NONE,,0,-,-,-,-,-,254,-,206,-
facial scrubber exfoliator brush,RELEVANT,BRUSH_MASSAGE,0,-,,148,3,0,,NONE,1.4,0,-,258,-,-,-,289,148,-,-
double lift,RELEVANT,OTHER,0,-,,232,1,0,,NONE,,10,-,-,-,232,-,-,-,-,-
facial glow serum,OFF_CATEGORY,OTHER,0,-,,232,1,0,,NONE,,0,-,-,-,-,232,-,-,-,-
brushes case,RELEVANT,BRUSH_MASSAGE,0,-,,183,2,0,,NONE,,2,183,-,-,-,-,284,-,-,-
neck massage tools,RELEVANT,JAWLINE_CHIN,0,-,,178,6,0,,NONE,,0,178,221,248,290,-,243,-,224,-
skin cleansing brush,RELEVANT,BRUSH_MASSAGE,0,-,,113,4,0,,NONE,,0,281,-,-,265,-,-,113,277,-
face glowing oil,OFF_CATEGORY,OTHER,0,-,,235,1,0,,NONE,,0,-,-,-,-,235,-,-,-,-
eye brush small,RELEVANT,BRUSH_MASSAGE,0,-,,209,2,0,,NONE,,0,262,-,-,-,209,-,-,-,-
facial scrub brush for women exfoliation,RELEVANT,BRUSH_MASSAGE,0,-,,118,3,0,,NONE,,0,-,-,302,289,-,-,118,-,-
anti puffy eyes,RELEVANT,DEPUFF,0,-,,237,1,0,,NONE,,1,-,-,-,-,237,-,-,-,-
wooden brush with wooden bristles,RELEVANT,BRUSH_MASSAGE,0,-,,237,1,0,,NONE,,0,-,-,-,237,-,-,-,-,-
thick bristle brush,RELEVANT,BRUSH_MASSAGE,0,-,,203,2,0,,NONE,,0,-,-,-,-,-,-,203,272,-
skin cooling,RELEVANT,OTHER,0,-,,238,1,0,,NONE,,1,-,-,-,-,-,-,-,238,-
natural dry brushing body brush,RELEVANT,BRUSH_MASSAGE,0,-,,200,2,0,,NONE,,0,-,276,200,-,-,-,-,-,-
natural exfoliating brush,RELEVANT,BRUSH_MASSAGE,0,-,,177,4,0,,NONE,,0,-,177,200,-,-,291,286,-,-
dry skin exfoliator for face,RELEVANT,OTHER,0,-,,239,1,0,,NONE,,0,-,-,239,-,-,-,-,-,-
cleansing brushes,RELEVANT,BRUSH_MASSAGE,0,-,,209,3,0,,NONE,,0,213,299,-,-,-,-,-,209,-
set eye brushes,RELEVANT,BRUSH_MASSAGE,0,-,,242,1,0,,NONE,,0,-,-,-,-,242,-,-,-,-
facial eye cream,OFF_CATEGORY,OTHER,0,-,,243,1,0,,NONE,,0,243,-,-,-,-,-,-,-,-
double face,RELEVANT,OTHER,0,-,,245,1,0,,NONE,,13,-,-,-,245,-,-,-,-,-
face brushes makeup set,RELEVANT,BRUSH_MASSAGE,0,-,,229,2,0,,NONE,,0,-,-,-,-,229,263,-,-,-
contouring cream makeup,OFF_CATEGORY,CONTOUR,0,-,,249,1,0,,NONE,,0,-,-,-,-,249,-,-,-,-
beauty stone,RELEVANT,OTHER,0,-,,249,1,0,,NONE,,0,249,-,-,-,-,-,-,-,-
glow facial serum,OFF_CATEGORY,OTHER,0,-,,250,1,0,,NONE,,2,-,-,-,-,250,-,-,-,-
body brush cellulite,RELEVANT,BRUSH_MASSAGE,0,-,,161,4,0,,NONE,,0,161,298,-,-,253,290,-,-,-
face scrubber brush non electric,OFF_CATEGORY,BRUSH_MASSAGE,0,-,,251,1,0,,NONE,,0,-,-,-,-,-,-,251,-,-
reduce puffiness,RELEVANT,DEPUFF,0,-,,164,3,0,,NONE,,4,293,-,-,-,296,164,-,-,-
dry bristle body brush,RELEVANT,BRUSH_MASSAGE,0,-,,202,3,0,,NONE,,0,-,273,202,280,-,-,-,-,-
natural shampoo brush,RELEVANT,BRUSH_MASSAGE,0,-,,252,1,0,,NONE,,0,-,252,-,-,-,-,-,-,-
body brush set,RELEVANT,BRUSH_MASSAGE,0,-,,252,1,0,,NONE,,15,-,-,252,-,-,-,-,-,-
massage tool for neck,RELEVANT,JAWLINE_CHIN,0,-,,227,4,0,,NONE,,0,-,227,247,306,-,231,-,-,-
face and skincare,RELEVANT,OTHER,0,-,,253,1,0,,NONE,1.84,0,-,-,-,-,253,-,-,-,-
brush and,RELEVANT,BRUSH_MASSAGE,0,-,,253,1,0,,NONE,,0,253,-,-,-,-,-,-,-,-
really good makeup brushes,RELEVANT,BRUSH_MASSAGE,0,-,,254,1,0,,NONE,,0,-,-,-,-,254,-,-,-,-
reduce puffy eyes,RELEVANT,DEPUFF,0,-,,254,1,0,,NONE,,0,254,-,-,-,-,-,-,-,-
spa facial set,RELEVANT,OTHER,0,-,,247,3,0,,NONE,,0,-,-,251,-,247,-,-,266,-
brush bristles,RELEVANT,BRUSH_MASSAGE,0,-,,224,2,0,,NONE,,0,-,-,-,-,-,-,224,286,-
massage tools for neck,RELEVANT,JAWLINE_CHIN,0,-,,213,3,0,,NONE,,0,-,266,213,-,-,-,-,286,-
makeup brushes expensive,RELEVANT,BRUSH_MASSAGE,0,-,,256,1,0,,NONE,,0,-,-,-,-,256,-,-,-,-
botanical face oil,OFF_CATEGORY,OTHER,0,-,,257,1,0,,NONE,,6,-,-,-,-,-,-,-,257,-
makeup brush big,RELEVANT,BRUSH_MASSAGE,0,-,,257,1,0,,NONE,,0,-,-,-,-,257,-,-,-,-
skin tightening serum for face and neck,OFF_CATEGORY,JAWLINE_CHIN,0,-,,243,2,0,,NONE,,0,243,-,-,-,271,-,-,-,-
body massager oil,OFF_CATEGORY,BRUSH_MASSAGE,0,-,,257,1,0,,NONE,0.95,0,-,257,-,-,-,-,-,-,-
anti swelling,RELEVANT,OTHER,0,-,,260,1,0,,NONE,,0,-,-,-,-,260,-,-,-,-
wooden massagers,RELEVANT,BRUSH_MASSAGE,0,-,,260,1,0,,NONE,,0,-,-,-,260,-,-,-,-,-
elevate products,RELEVANT,OTHER,0,-,,261,1,0,,NONE,1.53,0,-,-,-,-,-,261,-,-,-
massage tools couples,RELEVANT,BRUSH_MASSAGE,0,-,,263,1,0,,NONE,,0,-,-,-,-,-,-,-,263,-
wooden massage hair brush,RELEVANT,BRUSH_MASSAGE,0,-,,264,1,0,,NONE,,0,-,-,-,264,-,-,-,-,-
2 side brush,RELEVANT,BRUSH_MASSAGE,0,-,,265,1,0,,NONE,,0,-,-,-,-,265,-,-,-,-
face scrub brush men,RELEVANT,BRUSH_MASSAGE,0,-,,265,1,0,,NONE,,0,-,-,265,-,-,-,-,-,-
facial oils for face,OFF_CATEGORY,OTHER,0,-,,267,1,0,,NONE,1.82,0,-,-,-,-,-,-,-,267,-
brush set natural,RELEVANT,BRUSH_MASSAGE,0,-,,267,1,0,,NONE,,0,-,-,267,-,-,-,-,-,-
face light video,RELEVANT,OTHER,0,-,,268,1,0,,NONE,,0,-,-,-,-,-,268,-,-,-
neck face,RELEVANT,JAWLINE_CHIN,0,-,,251,2,0,,NONE,,3,-,288,-,-,-,-,-,251,-
natural exfoliator for face,RELEVANT,OTHER,0,-,,270,1,0,,NONE,,0,-,270,-,-,-,-,-,-,-
makeup brushes good quality,RELEVANT,BRUSH_MASSAGE,0,-,,270,1,0,,NONE,,0,-,-,-,-,270,-,-,-,-
face skin,RELEVANT,OTHER,0,-,,271,1,0,,NONE,2.11,0,271,-,-,-,-,-,-,-,-
dry body brush cellulite,RELEVANT,BRUSH_MASSAGE,0,-,,264,2,0,,NONE,,0,-,-,280,-,-,264,-,-,-
baby massage brush,RELEVANT,BRUSH_MASSAGE,0,-,,272,1,0,,NONE,,0,-,-,272,-,-,-,-,-,-
make up brushes high quality,RELEVANT,BRUSH_MASSAGE,0,-,,273,1,0,,NONE,,0,-,-,-,-,273,-,-,-,-
dry skin brushes for body,RELEVANT,BRUSH_MASSAGE,0,-,,273,1,0,,NONE,,0,-,-,273,-,-,-,-,-,-
high quality makeup brush,RELEVANT,BRUSH_MASSAGE,0,-,,274,1,0,,NONE,,0,-,-,-,-,274,-,-,-,-
natural brush set,RELEVANT,BRUSH_MASSAGE,0,-,,274,1,0,,NONE,,0,-,-,274,-,-,-,-,-,-
dry brushing body brush circulation,RELEVANT,BRUSH_MASSAGE,0,-,,249,2,0,,NONE,,0,-,-,249,-,-,300,-,-,-
wooden brush wooden bristles,RELEVANT,BRUSH_MASSAGE,0,-,,276,1,0,,NONE,,0,-,-,-,276,-,-,-,-,-
steel brush set,RELEVANT,BRUSH_MASSAGE,0,-,,276,1,0,,NONE,,4,-,-,276,-,-,-,-,-,-
eye brown brush,RELEVANT,BRUSH_MASSAGE,0,-,,278,1,0,,NONE,,0,-,-,-,-,278,-,-,-,-
professional makeup brush,RELEVANT,BRUSH_MASSAGE,0,-,,279,1,0,,NONE,,4,-,-,-,-,279,-,-,-,-
face with,RELEVANT,OTHER,0,-,,280,1,0,,NONE,,1,280,-,-,-,-,-,-,-,-
all make up brushes,RELEVANT,BRUSH_MASSAGE,0,-,,281,1,0,,NONE,,0,-,-,-,-,281,-,-,-,-
best eye makeup brushes,RELEVANT,BRUSH_MASSAGE,0,-,,281,1,0,,NONE,,0,-,-,-,-,281,-,-,-,-
mini face exfoliator,RELEVANT,OTHER,0,-,,282,1,0,,NONE,,0,-,282,-,-,-,-,-,-,-
professional quality makeup brushes,RELEVANT,BRUSH_MASSAGE,0,-,,284,1,0,,NONE,,0,-,-,-,-,284,-,-,-,-
body brush natural bristle,RELEVANT,BRUSH_MASSAGE,0,-,,272,2,0,,NONE,,1,-,-,297,272,-,-,-,-,-
best oils for face,OFF_CATEGORY,OTHER,0,-,,286,1,0,,NONE,,0,-,-,-,-,-,-,-,286,-
make up glow,RELEVANT,OTHER,0,-,,287,1,0,,NONE,,0,-,-,-,-,287,-,-,-,-
dry body brushing,RELEVANT,BRUSH_MASSAGE,0,-,,288,1,0,,NONE,,0,-,-,288,-,-,-,-,-,-
beauty devices for the face,RELEVANT,OTHER,0,-,,289,1,0,,NONE,,0,-,-,-,-,-,-,-,289,-
natural face skin care,RELEVANT,OTHER,0,-,,290,1,0,,NONE,,0,290,-,-,-,-,-,-,-,-
skin assist,RELEVANT,OTHER,0,-,,291,1,0,,NONE,,2,-,-,-,-,291,-,-,-,-
long dry brush,RELEVANT,BRUSH_MASSAGE,0,-,,291,1,0,,NONE,1.29,0,-,291,-,-,-,-,-,-,-
head massager brush,RELEVANT,BRUSH_MASSAGE,0,-,,291,1,0,,NONE,,0,-,291,-,-,-,-,-,-,-
makeup brush accessories,RELEVANT,BRUSH_MASSAGE,0,-,,292,1,0,,NONE,,0,292,-,-,-,-,-,-,-,-
make up brushes in a case,RELEVANT,BRUSH_MASSAGE,0,-,,294,1,0,,NONE,,0,-,-,-,-,294,-,-,-,-
quality make up brushes,RELEVANT,BRUSH_MASSAGE,0,-,,295,1,0,,NONE,,0,-,-,-,-,295,-,-,-,-
exfoliating brush for legs,OFF_CATEGORY,BRUSH_MASSAGE,0,-,,295,1,0,,NONE,,0,-,295,-,-,-,-,-,-,-
face massager wrinkles,RELEVANT,BRUSH_MASSAGE,0,-,,296,1,0,,NONE,,0,-,-,-,-,-,-,-,296,-
face spa system,RELEVANT,OTHER,0,-,,296,1,0,,NONE,,3,-,-,-,-,-,-,-,296,-
gua sha cheap,RELEVANT,GUA_SHA,0,-,,297,1,0,,NONE,,0,-,-,-,297,-,-,-,-,-
smoothing skin,RELEVANT,OTHER,0,-,,299,1,0,,NONE,,1,299,-,-,-,-,-,-,-,-
body brushing brush,RELEVANT,BRUSH_MASSAGE,0,-,,301,1,0,,NONE,,0,-,-,301,-,-,-,-,-,-
body bristle brush,RELEVANT,BRUSH_MASSAGE,0,-,,304,1,0,,NONE,,0,-,-,304,-,-,-,-,-,-
my kitsch face brush,COMPETITOR_BRAND,BRUSH_MASSAGE,0,-,,,0,0,,NONE,,0,-,-,-,-,-,-,-,-,-
mykitsch lymphatic drainage brush,COMPETITOR_BRAND,DRAINAGE,0,-,,,0,0,,NONE,,0,-,-,-,-,-,-,-,-,-
kitchen lymphatic face brush,RELEVANT,LYMPHATIC,0,-,,,0,0,,NONE,,0,-,-,-,-,-,-,-,-,-
my kitsch dry brush,COMPETITOR_BRAND,BRUSH_MASSAGE,0,-,,,0,0,,NONE,,0,-,-,-,-,-,-,-,-,-
kitsch facial dry brush,COMPETITOR_BRAND,BRUSH_MASSAGE,0,-,,,0,0,,NONE,,0,-,-,-,-,-,-,-,-,-
kitsch lymphatic contour facial brush,COMPETITOR_BRAND,CONTOUR,0,-,,,0,0,,NONE,,0,-,-,-,-,-,-,-,-,-
kitsch face contour brush,COMPETITOR_BRAND,CONTOUR,0,-,,,0,0,,NONE,,0,-,-,-,-,-,-,-,-,-
kirsch face brush,RELEVANT,BRUSH_MASSAGE,0,-,,,0,0,,NONE,,0,-,-,-,-,-,-,-,-,-
kitsch terracotta brush,COMPETITOR_BRAND,BRUSH_MASSAGE,0,-,,,0,0,,NONE,,0,-,-,-,-,-,-,-,-,-
lymphatic drainage kitsch,COMPETITOR_BRAND,DRAINAGE,0,-,,,0,0,,NONE,,0,-,-,-,-,-,-,-,-,-
kit sch brush face,RELEVANT,BRUSH_MASSAGE,0,-,,,0,0,,NONE,,0,-,-,-,-,-,-,-,-,-
kitch facial brush,RELEVANT,BRUSH_MASSAGE,0,-,,,0,0,,NONE,,0,-,-,-,-,-,-,-,-,-
lymphatic brush kitsch,COMPETITOR_BRAND,LYMPHATIC,0,-,,,0,0,,NONE,,0,-,-,-,-,-,-,-,-,-
lymphatic brush and gua sha,RELEVANT,GUA_SHA,0,-,,,0,0,,NONE,,0,-,-,-,-,-,-,-,-,-
kitsch facial lymphatic brush,COMPETITOR_BRAND,LYMPHATIC,0,-,,,0,0,,NONE,,0,-,-,-,-,-,-,-,-,-
lymphatic contour face brush kitch,RELEVANT,CONTOUR,0,-,,,0,0,,NONE,,0,-,-,-,-,-,-,-,-,-
flea treats cats,RELEVANT,OTHER,0,-,,,0,0,,NONE,,0,-,-,-,-,-,-,-,-,-
led therapy brush,RELEVANT,BRUSH_MASSAGE,0,-,,,0,0,,NONE,,0,-,-,-,-,-,-,-,-,-
chin lymphatic drainage tool,RELEVANT,DRAINAGE,0,-,,,0,0,,NONE,,0,-,-,-,-,-,-,-,-,-
face drainage lymphatic,RELEVANT,DRAINAGE,0,-,,,0,0,,NONE,,0,-,-,-,-,-,-,-,-,-
u shaped nose contour brush,RELEVANT,CONTOUR,0,-,,,0,0,,NONE,,0,-,-,-,-,-,-,-,-,-
counter glow brush,RELEVANT,BRUSH_MASSAGE,0,-,,,0,0,,NONE,,0,-,-,-,-,-,-,-,-,-
toolbox beauty nose contour brush,RELEVANT,CONTOUR,0,-,,,0,0,,NONE,,0,-,-,-,-,-,-,-,-,-
lymphatic contour face brush oil,OFF_CATEGORY,CONTOUR,0,-,,,0,0,,NONE,,0,-,-,-,-,-,-,-,-,-
sculptique lymphatic drainage brush,RELEVANT,DRAINAGE,0,-,,,0,0,,NONE,,0,-,-,-,-,-,-,-,-,-
lymphatic contour face brush natural,RELEVANT,CONTOUR,0,-,,,0,0,,NONE,,0,-,-,-,-,-,-,-,-,-
lymphnode brush,RELEVANT,LYMPHATIC,0,-,,,0,0,,NONE,,0,-,-,-,-,-,-,-,-,-
solena lymphatic face brush,RELEVANT,LYMPHATIC,0,-,,,0,0,,NONE,,0,-,-,-,-,-,-,-,-,-
rhinestone kit bedazzling,RELEVANT,OTHER,0,-,,,0,0,,NONE,,0,-,-,-,-,-,-,-,-,-
dry lymphatic drainage brush,RELEVANT,DRAINAGE,0,-,,,0,0,,NONE,,0,-,-,-,-,-,-,-,-,-
best lymphatic brush,RELEVANT,LYMPHATIC,0,-,,,0,0,,NONE,,0,-,-,-,-,-,-,-,-,-
cepillo linfatico,OFF_CATEGORY,OTHER,0,-,,,0,0,,NONE,,0,-,-,-,-,-,-,-,-,-
face sculpture brush,RELEVANT,SCULPTING,0,-,,,0,0,,NONE,,0,-,-,-,-,-,-,-,-,-
kit.sch brush,RELEVANT,BRUSH_MASSAGE,0,-,,,0,0,,NONE,,0,-,-,-,-,-,-,-,-,-
fave lymphatic drainage brush,RELEVANT,DRAINAGE,0,-,,,0,0,,NONE,,0,-,-,-,-,-,-,-,-,-
gua sha and brush,RELEVANT,GUA_SHA,0,-,,,0,0,,NONE,,0,-,-,-,-,-,-,-,-,-
lymphatic dry brush set,RELEVANT,LYMPHATIC,0,-,,,0,0,,NONE,,0,-,-,-,-,-,-,-,-,-
oil lymphatic drainage,OFF_CATEGORY,DRAINAGE,0,-,,,0,0,,NONE,,0,-,-,-,-,-,-,-,-,-
face massager lymphatic drainage brush,RELEVANT,DRAINAGE,0,-,,,0,0,,NONE,,0,-,-,-,-,-,-,-,-,-
lymphatic brush made in usa,RELEVANT,LYMPHATIC,0,-,,,0,0,,NONE,,0,-,-,-,-,-,-,-,-,-
soft brush guasha,RELEVANT,GUA_SHA,0,-,,,0,0,,NONE,,0,-,-,-,-,-,-,-,-,-
body lymphatic drainage brush,RELEVANT,DRAINAGE,0,-,,,0,0,,NONE,,0,-,-,-,-,-,-,-,-,-
lymphatic drain device,RELEVANT,LYMPHATIC,0,-,,,0,0,,NONE,,0,-,-,-,-,-,-,-,-,-
fascia brush for face,RELEVANT,BRUSH_MASSAGE,0,-,,,0,0,,NONE,,0,-,-,-,-,-,-,-,-,-
gua sha brush natural bristles,RELEVANT,GUA_SHA,0,-,,,0,0,,NONE,,0,-,-,-,-,-,-,-,-,-
boar bristle lymphatic brush,RELEVANT,LYMPHATIC,0,-,,,0,0,,NONE,,0,-,-,-,-,-,-,-,-,-
lymph drainage tools,RELEVANT,DRAINAGE,0,-,,,0,0,,NONE,,0,-,-,-,-,-,-,-,-,-
guasha gift set,RELEVANT,GUA_SHA,0,-,,,0,0,,NONE,,0,-,-,-,-,-,-,-,-,-
jade lymphatic drainage tool,RELEVANT,DRAINAGE,0,-,,,0,0,,NONE,,0,-,-,-,-,-,-,-,-,-
amazon dry brush,RELEVANT,BRUSH_MASSAGE,0,-,,,0,0,,NONE,,0,-,-,-,-,-,-,-,-,-
lymphatic drainage essentials,RELEVANT,DRAINAGE,0,-,,,0,0,,NONE,,0,-,-,-,-,-,-,-,-,-
neck guasha,RELEVANT,GUA_SHA,0,-,,,0,0,,NONE,,0,-,-,-,-,-,-,-,-,-
facial professional tools,RELEVANT,OTHER,0,-,,,0,0,,NONE,,0,-,-,-,-,-,-,-,-,-
facial guasha tools,RELEVANT,GUA_SHA,0,-,,,0,0,,NONE,,0,-,-,-,-,-,-,-,-,-
best face lymphatic drainage tools,RELEVANT,DRAINAGE,0,-,,,0,0,,NONE,,0,-,-,-,-,-,-,-,-,-
lymphatic drainage dry brushes,RELEVANT,DRAINAGE,0,-,,,0,0,,NONE,,0,-,-,-,-,-,-,-,-,-
lymphatic drainage wand,RELEVANT,DRAINAGE,0,-,,,0,0,,NONE,,0,-,-,-,-,-,-,-,-,-
guava skincare,RELEVANT,OTHER,0,-,,,0,0,,NONE,,0,-,-,-,-,-,-,-,-,-
brochas para skincare,RELEVANT,OTHER,0,-,,,0,0,,NONE,,0,-,-,-,-,-,-,-,-,-
conture makeup brush,RELEVANT,BRUSH_MASSAGE,0,-,,,0,0,,NONE,,0,-,-,-,-,-,-,-,-,-
wood face massager,RELEVANT,BRUSH_MASSAGE,0,-,,,0,0,,NONE,,0,-,-,-,-,-,-,-,-,-
gua sha shape up tool,RELEVANT,GUA_SHA,0,-,,,0,0,,NONE,1.22,0,-,-,-,-,-,-,-,-,-
dual ended nose contour brush,RELEVANT,CONTOUR,0,-,,,0,0,,NONE,,0,-,-,-,-,-,-,-,-,-
guasha brush face,RELEVANT,GUA_SHA,0,-,,,0,0,,NONE,,0,-,-,-,-,-,-,-,-,-
makeup brushes nose contour,RELEVANT,CONTOUR,0,-,,,0,0,,NONE,,0,-,-,-,-,-,-,-,-,-
u shaped contour brush,RELEVANT,CONTOUR,0,-,,,0,0,,NONE,,0,-,-,-,-,-,-,-,-,-
lymphatic drainage soft brush,RELEVANT,DRAINAGE,0,-,,,0,0,,NONE,,0,-,-,-,-,-,-,-,-,-
double chin lymphatic drainage,RELEVANT,DRAINAGE,0,-,,,0,0,,NONE,,0,-,-,-,-,-,-,-,-,-
best lymphatic drainage tools body,RELEVANT,DRAINAGE,0,-,,,0,0,,NONE,,0,-,-,-,-,-,-,-,-,-
cepillo de cara para facial,OFF_CATEGORY,OTHER,0,-,,,0,0,,NONE,,0,-,-,-,-,-,-,-,-,-
face soft brush,RELEVANT,BRUSH_MASSAGE,0,-,,,0,0,,NONE,,0,-,-,-,-,-,-,-,-,-
green gua sha,RELEVANT,GUA_SHA,0,-,,,0,0,,NONE,,0,-,-,-,-,-,-,-,-,-
gua sha storage,RELEVANT,GUA_SHA,0,-,,,0,0,,NONE,,0,-,-,-,-,-,-,-,-,-
angled nose contour brush,RELEVANT,CONTOUR,0,-,,,0,0,,NONE,,0,-,-,-,-,-,-,-,-,-
small angled contour brush,RELEVANT,CONTOUR,0,-,,,0,0,,NONE,,0,-,-,-,-,-,-,-,-,-
makeup brush for contour,RELEVANT,CONTOUR,0,-,,,0,0,,NONE,,0,-,-,-,-,-,-,-,-,-
gua sha facial tools oil,OFF_CATEGORY,GUA_SHA,0,-,,,0,0,,NONE,,0,-,-,-,-,-,-,-,-,-
contour highlighter brush,RELEVANT,CONTOUR,0,-,,,0,0,,NONE,,0,-,-,-,-,-,-,-,-,-
make up contour brush,RELEVANT,CONTOUR,0,-,,,0,0,,NONE,,0,-,-,-,-,-,-,-,-,-
gua sha metal tool,OFF_CATEGORY,GUA_SHA,0,-,,,0,0,,NONE,,0,-,-,-,-,-,-,-,-,-
kitsch skincare,COMPETITOR_BRAND,OTHER,0,-,,,0,0,,NONE,,0,-,-,-,-,-,-,-,-,-
lymphatic brush set,RELEVANT,LYMPHATIC,0,-,,,0,0,,NONE,,0,-,-,-,-,-,-,-,-,-
gua sha for lymphatic drainage,RELEVANT,DRAINAGE,0,-,,,0,0,,NONE,,0,-,-,-,-,-,-,-,-,-
sculpting face mask,RELEVANT,SCULPTING,0,-,,,0,0,,NONE,,0,-,-,-,-,-,-,-,-,-
korean massage tool,RELEVANT,BRUSH_MASSAGE,0,-,,,0,0,,NONE,,0,-,-,-,-,-,-,-,-,-
face massager oil,OFF_CATEGORY,BRUSH_MASSAGE,0,-,,,0,0,,NONE,,0,-,-,-,-,-,-,-,-,-
silicone lymphatic brush,RELEVANT,LYMPHATIC,0,-,,,0,0,,NONE,,0,-,-,-,-,-,-,-,-,-
guava face tool,RELEVANT,OTHER,0,-,,,0,0,,NONE,,0,-,-,-,-,-,-,-,-,-
drybrush for face,RELEVANT,BRUSH_MASSAGE,0,-,,,0,0,,NONE,,0,-,-,-,-,-,-,-,-,-
guasha set with oil,OFF_CATEGORY,GUA_SHA,0,-,,,0,0,,NONE,,0,-,-,-,-,-,-,-,-,-
lymphatic drainage oil face,OFF_CATEGORY,DRAINAGE,0,-,,,0,0,,NONE,,0,-,-,-,-,-,-,-,-,-
tanologist blending brush,RELEVANT,BRUSH_MASSAGE,0,-,,,0,0,,NONE,,0,-,-,-,-,-,-,-,-,-
small contour brush for nose,RELEVANT,CONTOUR,0,-,,,0,0,,NONE,,0,-,-,-,-,-,-,-,-,-
moisturizer brush applicator face,RELEVANT,BRUSH_MASSAGE,0,-,,,0,0,,NONE,,0,-,-,-,-,-,-,-,-,-
dry brushing lymphatic drainage,RELEVANT,DRAINAGE,0,-,,,0,0,,NONE,,0,-,-,-,-,-,-,-,-,-
gente lymphatic drainage,RELEVANT,DRAINAGE,0,-,,,0,0,,NONE,,1,-,-,-,-,-,-,-,-,-
patrick ta contour brush,RELEVANT,CONTOUR,0,-,,,0,0,,NONE,,0,-,-,-,-,-,-,-,-,-
ice guasha,RELEVANT,GUA_SHA,0,-,,,0,0,,NONE,1.06,0,-,-,-,-,-,-,-,-,-
close stool goft brush,RELEVANT,BRUSH_MASSAGE,0,-,,,0,0,,NONE,,0,-,-,-,-,-,-,-,-,-
fimate guasha,RELEVANT,GUA_SHA,0,-,,,0,0,,NONE,,0,-,-,-,-,-,-,-,-,-
gua sha fimate,RELEVANT,GUA_SHA,0,-,,,0,0,,NONE,,0,-,-,-,-,-,-,-,-,-
quartz face roller massager,RELEVANT,BRUSH_MASSAGE,0,-,,,0,0,,NONE,,0,-,-,-,-,-,-,-,-,-
etereauty facial cleansing brush,RELEVANT,BRUSH_MASSAGE,0,-,,,0,0,,NONE,,0,-,-,-,-,-,-,-,-,-
facial drainage,RELEVANT,DRAINAGE,0,-,,,0,0,,NONE,,0,-,-,-,-,-,-,-,-,-
contiur brush,RELEVANT,BRUSH_MASSAGE,0,-,,,0,0,,NONE,,0,-,-,-,-,-,-,-,-,-
face brushed,RELEVANT,BRUSH_MASSAGE,0,-,,,0,0,,NONE,,0,-,-,-,-,-,-,-,-,-
soft contour brush,RELEVANT,CONTOUR,0,-,,,0,0,,NONE,,0,-,-,-,-,-,-,-,-,-
cat flea tick control,RELEVANT,OTHER,0,-,,,0,0,,NONE,,0,-,-,-,-,-,-,-,-,-
silicon brush for face mask,COMPETITOR_BRAND,BRUSH_MASSAGE,0,-,,,0,0,,NONE,,0,-,-,-,-,-,-,-,-,-
guasha rose quartz,RELEVANT,GUA_SHA,0,-,,,0,0,,NONE,,0,-,-,-,-,-,-,-,-,-
innerneed silicone face brush,RELEVANT,BRUSH_MASSAGE,0,-,,,0,0,,NONE,,0,-,-,-,-,-,-,-,-,-
gace brush,RELEVANT,BRUSH_MASSAGE,0,-,,,0,0,,NONE,,0,-,-,-,-,-,-,-,-,-
lympathic brush,RELEVANT,BRUSH_MASSAGE,0,-,,,0,0,,NONE,,0,-,-,-,-,-,-,-,-,-
face brush women,RELEVANT,BRUSH_MASSAGE,0,-,,,0,0,,NONE,,0,-,-,-,-,-,-,-,-,-
ventosas para masajes faciales,RELEVANT,OTHER,0,-,,,0,0,,NONE,,0,-,-,-,-,-,-,-,-,-
curved face brush,RELEVANT,BRUSH_MASSAGE,0,-,,,0,0,,NONE,,0,-,-,-,-,-,-,-,-,-
lymphatic facial massager,RELEVANT,LYMPHATIC,0,-,,,0,0,,NONE,,0,-,-,-,-,-,-,-,-,-
face brush massager,RELEVANT,BRUSH_MASSAGE,0,-,,,0,0,,NONE,,0,-,-,-,-,-,-,-,-,-
sonic brush face,RELEVANT,BRUSH_MASSAGE,0,-,,,0,0,,NONE,,0,-,-,-,-,-,-,-,-,-
purple face brush,RELEVANT,BRUSH_MASSAGE,0,-,,,0,0,,NONE,,0,-,-,-,-,-,-,-,-,-
face brushes cleansing,RELEVANT,BRUSH_MASSAGE,0,-,,,0,0,,NONE,,0,-,-,-,-,-,-,-,-,-
beauty mask brush,RELEVANT,BRUSH_MASSAGE,0,-,,,0,0,,NONE,,0,-,-,-,-,-,-,-,-,-
face brush dry brushing,RELEVANT,BRUSH_MASSAGE,0,-,,,0,0,,NONE,,0,-,-,-,-,-,-,-,-,-
nose contour brush elf,RELEVANT,CONTOUR,0,-,,,0,0,,NONE,,0,-,-,-,-,-,-,-,-,-
opiqcey face mask brush,RELEVANT,BRUSH_MASSAGE,0,-,,,0,0,,NONE,,0,-,-,-,-,-,-,-,-,-
skin care brushes,RELEVANT,BRUSH_MASSAGE,0,-,,,0,0,,NONE,,0,-,-,-,-,-,-,-,-,-
lymphatic drainage cupping,OFF_CATEGORY,DRAINAGE,0,-,,,0,0,,NONE,,0,-,-,-,-,-,-,-,-,-
face brush tool,RELEVANT,BRUSH_MASSAGE,0,-,,,0,0,,NONE,,0,-,-,-,-,-,-,-,-,-
face brush with soap,RELEVANT,BRUSH_MASSAGE,0,-,,,0,0,,NONE,,0,-,-,-,-,-,-,-,-,-
thick handle brush,RELEVANT,BRUSH_MASSAGE,0,-,,,0,0,,NONE,,0,-,-,-,-,-,-,-,-,-
esthetics mask brush,RELEVANT,BRUSH_MASSAGE,0,-,,,0,0,,NONE,,0,-,-,-,-,-,-,-,-,-
rosto,RELEVANT,OTHER,0,-,,,0,0,,NONE,,0,-,-,-,-,-,-,-,-,-
contour brush mini,RELEVANT,CONTOUR,0,-,,,0,0,,NONE,,0,-,-,-,-,-,-,-,-,-
organic bronzer brush,RELEVANT,BRUSH_MASSAGE,0,-,,,0,0,,NONE,,0,-,-,-,-,-,-,-,-,-
facialbrush,RELEVANT,BRUSH_MASSAGE,0,-,,,0,0,,NONE,,0,-,-,-,-,-,-,-,-,-
face brush powder,RELEVANT,BRUSH_MASSAGE,0,-,,,0,0,,NONE,,0,-,-,-,-,-,-,-,-,-
full coverage face brush,RELEVANT,BRUSH_MASSAGE,0,-,,,0,0,,NONE,,0,-,-,-,-,-,-,-,-,-
cold plate ice cream,OFF_CATEGORY,OTHER,0,-,,,0,0,,NONE,,0,-,-,-,-,-,-,-,-,-
best face brush,RELEVANT,BRUSH_MASSAGE,0,-,,,0,0,,NONE,,0,-,-,-,-,-,-,-,-,-
mini contour brush,RELEVANT,CONTOUR,0,-,,,0,0,,NONE,,0,-,-,-,-,-,-,-,-,-
wood faces,RELEVANT,OTHER,0,-,,,0,0,,NONE,,0,-,-,-,-,-,-,-,-,-
cool makeup brushes set,RELEVANT,BRUSH_MASSAGE,0,-,,,0,0,,NONE,,0,-,-,-,-,-,-,-,-,-
plastic face roller,RELEVANT,OTHER,0,-,,,0,0,,NONE,,0,-,-,-,-,-,-,-,-,-
eye contour brush,RELEVANT,CONTOUR,0,-,,,0,0,,NONE,,0,-,-,-,-,-,-,-,-,-
dual shaper,RELEVANT,OTHER,0,-,,,0,0,,NONE,,0,-,-,-,-,-,-,-,-,-
facial skin brush,RELEVANT,BRUSH_MASSAGE,0,-,,,0,0,,NONE,,0,-,-,-,-,-,-,-,-,-
face hair brush,RELEVANT,BRUSH_MASSAGE,0,-,,,0,0,,NONE,,0,-,-,-,-,-,-,-,-,-
double ended blush brush,RELEVANT,BRUSH_MASSAGE,0,-,,,0,0,,NONE,,0,-,-,-,-,-,-,-,-,-
massage brush for face,RELEVANT,BRUSH_MASSAGE,0,-,,,0,0,,NONE,,0,-,-,-,-,-,-,-,-,-
face comb,RELEVANT,OTHER,0,-,,,0,0,,NONE,,0,-,-,-,-,-,-,-,-,-
fase brush,RELEVANT,BRUSH_MASSAGE,0,-,,,0,0,,NONE,,0,-,-,-,-,-,-,-,-,-
face skin brush,RELEVANT,BRUSH_MASSAGE,0,-,,,0,0,,NONE,,0,-,-,-,-,-,-,-,-,-
icon set,COMPETITOR_BRAND,OTHER,0,-,,,0,0,,NONE,,0,-,-,-,-,-,-,-,-,-
therapy scraper,RELEVANT,OTHER,0,-,,,0,0,,NONE,,0,-,-,-,-,-,-,-,-,-
shaping brush,RELEVANT,BRUSH_MASSAGE,0,-,,,0,0,,NONE,,0,-,-,-,-,-,-,-,-,-
buffer face brush,RELEVANT,BRUSH_MASSAGE,0,-,,,0,0,,NONE,,0,-,-,-,-,-,-,-,-,-
brush skin,RELEVANT,BRUSH_MASSAGE,0,-,,,0,0,,NONE,,0,-,-,-,-,-,-,-,-,-
advantage flea treatment cats,RELEVANT,OTHER,0,-,,,0,0,,NONE,,0,-,-,-,-,-,-,-,-,-
massaging face brush,RELEVANT,BRUSH_MASSAGE,0,-,,,0,0,,NONE,,0,-,-,-,-,-,-,-,-,-
tapered face makeup brush,RELEVANT,BRUSH_MASSAGE,0,-,,,0,0,,NONE,,0,-,-,-,-,-,-,-,-,-
facial and body cupping set,OFF_CATEGORY,OTHER,0,-,,,0,0,,NONE,,0,-,-,-,-,-,-,-,-,-
skin face brush,RELEVANT,BRUSH_MASSAGE,0,-,,,0,0,,NONE,,0,-,-,-,-,-,-,-,-,-
masajes faciales,RELEVANT,OTHER,0,-,,,0,0,,NONE,,0,-,-,-,-,-,-,-,-,-
fipronil cats,RELEVANT,OTHER,0,-,,,0,0,,NONE,,0,-,-,-,-,-,-,-,-,-
brosse visage,RELEVANT,OTHER,0,-,,,0,0,,NONE,,0,-,-,-,-,-,-,-,-,-
gua sha scraping,RELEVANT,GUA_SHA,0,-,,,0,0,,NONE,,18,-,-,-,-,-,-,-,-,-
trish mcevoy brush,RELEVANT,BRUSH_MASSAGE,0,-,,,0,0,,NONE,,0,-,-,-,-,-,-,-,-,-
body and face brush,RELEVANT,BRUSH_MASSAGE,0,-,,,0,0,,NONE,,0,-,-,-,-,-,-,-,-,-
ice cream tray freezer,OFF_CATEGORY,OTHER,0,-,,,0,0,,NONE,,0,-,-,-,-,-,-,-,-,-
contour cream brush,OFF_CATEGORY,CONTOUR,0,-,,,0,0,,NONE,,0,-,-,-,-,-,-,-,-,-
wooden brush box,RELEVANT,BRUSH_MASSAGE,0,-,,,0,0,,NONE,,0,-,-,-,-,-,-,-,-,-
face massager for men,RELEVANT,BRUSH_MASSAGE,0,-,,,0,0,,NONE,,0,-,-,-,-,-,-,-,-,-
back roller classic,RELEVANT,OTHER,0,-,,,0,0,,NONE,,2,-,-,-,-,-,-,-,-,-
cepillo cara,OFF_CATEGORY,OTHER,0,-,,,0,0,,NONE,,0,-,-,-,-,-,-,-,-,-
cheek contour brush,RELEVANT,CONTOUR,0,-,,,0,0,,NONE,,0,-,-,-,-,-,-,-,-,-
ice face massager,RELEVANT,BRUSH_MASSAGE,0,-,,,0,0,,NONE,1,0,-,-,-,-,-,-,-,-,-
wet n wild contour brush,RELEVANT,CONTOUR,0,-,,,0,0,,NONE,0.77,0,-,-,-,-,-,-,-,-,-
dense contour brush,RELEVANT,CONTOUR,0,-,,,0,0,,NONE,,0,-,-,-,-,-,-,-,-,-
face exfoliation brush,RELEVANT,BRUSH_MASSAGE,0,-,,,0,0,,NONE,,0,-,-,-,-,-,-,-,-,-
contour blender brush,RELEVANT,CONTOUR,0,-,,,0,0,,NONE,,0,-,-,-,-,-,-,-,-,-
contour bronzer brush,RELEVANT,CONTOUR,0,-,,,0,0,,NONE,,0,-,-,-,-,-,-,-,-,-
happy massager wooden,RELEVANT,BRUSH_MASSAGE,0,-,,,0,0,,NONE,,0,-,-,-,-,-,-,-,-,-
dry brushing brush face,RELEVANT,BRUSH_MASSAGE,0,-,,,0,0,,NONE,,0,-,-,-,-,-,-,-,-,-
face sponge konjac,RELEVANT,OTHER,0,-,,,0,0,,NONE,,0,-,-,-,-,-,-,-,-,-
face mask applicator set,RELEVANT,OTHER,0,-,,,0,0,,NONE,,1,-,-,-,-,-,-,-,-,-
face brush with cover,RELEVANT,BRUSH_MASSAGE,0,-,,,0,0,,NONE,,0,-,-,-,-,-,-,-,-,-
sonic brush for face,RELEVANT,BRUSH_MASSAGE,0,-,,,0,0,,NONE,,0,-,-,-,-,-,-,-,-,-
rosena brush,RELEVANT,BRUSH_MASSAGE,0,-,,,0,0,,NONE,,0,-,-,-,-,-,-,-,-,-
ultrasonic face brush,RELEVANT,BRUSH_MASSAGE,0,-,,,0,0,,NONE,,0,-,-,-,-,-,-,-,-,-
skin brush face,RELEVANT,BRUSH_MASSAGE,0,-,,,0,0,,NONE,,0,-,-,-,-,-,-,-,-,-
boar bristle facial brush,RELEVANT,BRUSH_MASSAGE,0,-,,,0,0,,NONE,,0,-,-,-,-,-,-,-,-,-
dry skin brush face,RELEVANT,BRUSH_MASSAGE,0,-,,,0,0,,NONE,,0,-,-,-,-,-,-,-,-,-
face contour brush set,RELEVANT,CONTOUR,0,-,,,0,0,,NONE,,1,-,-,-,-,-,-,-,-,-
contour powder brush,RELEVANT,CONTOUR,0,-,,,0,0,,NONE,,0,-,-,-,-,-,-,-,-,-
contour blush brush,RELEVANT,CONTOUR,0,-,,,0,0,,NONE,,0,-,-,-,-,-,-,-,-,-
face mask applying brush,RELEVANT,BRUSH_MASSAGE,0,-,,,0,0,,NONE,,0,-,-,-,-,-,-,-,-,-
charcoal face brush,RELEVANT,BRUSH_MASSAGE,0,-,,,0,0,,NONE,,0,-,-,-,-,-,-,-,-,-
stress relief face,RELEVANT,OTHER,0,-,,,0,0,,NONE,,0,-,-,-,-,-,-,-,-,-
facial brush and bowl,RELEVANT,BRUSH_MASSAGE,0,-,,,0,0,,NONE,,0,-,-,-,-,-,-,-,-,-
facial diy mask bowl brush spoon tools set,RELEVANT,BRUSH_MASSAGE,0,-,,,0,0,,NONE,,0,-,-,-,-,-,-,-,-,-
peel off mask brush,RELEVANT,BRUSH_MASSAGE,0,-,,,0,0,,NONE,,0,-,-,-,-,-,-,-,-,-
dry brush oil,OFF_CATEGORY,BRUSH_MASSAGE,0,-,,,0,0,,NONE,,0,-,-,-,-,-,-,-,-,-
face makeup brush kit,RELEVANT,BRUSH_MASSAGE,0,-,,,0,0,,NONE,,0,-,-,-,-,-,-,-,-,-
cat flea tick prevention,RELEVANT,OTHER,0,-,,,0,0,,NONE,1.27,0,-,-,-,-,-,-,-,-,-
face wash electric brush,OFF_CATEGORY,BRUSH_MASSAGE,0,-,,,0,0,,NONE,,0,-,-,-,-,-,-,-,-,-
face mask and brush,RELEVANT,BRUSH_MASSAGE,0,-,,,0,0,,NONE,,0,-,-,-,-,-,-,-,-,-
face lifting roller,RELEVANT,OTHER,0,-,,,0,0,,NONE,,0,-,-,-,-,-,-,-,-,-
hair fiber brush,RELEVANT,BRUSH_MASSAGE,0,-,,,0,0,,NONE,,0,-,-,-,-,-,-,-,-,-
face brush wood,RELEVANT,BRUSH_MASSAGE,0,-,,,0,0,,NONE,,0,-,-,-,-,-,-,-,-,-
face brush wooden,RELEVANT,BRUSH_MASSAGE,0,-,,,0,0,,NONE,,0,-,-,-,-,-,-,-,-,-
face brush sensitive skin,RELEVANT,BRUSH_MASSAGE,0,-,,,0,0,,NONE,,0,-,-,-,-,-,-,-,-,-
face brush rechargeable,RELEVANT,BRUSH_MASSAGE,0,-,,,0,0,,NONE,,0,-,-,-,-,-,-,-,-,-
face brush korean,RELEVANT,BRUSH_MASSAGE,0,-,,,0,0,,NONE,,0,-,-,-,-,-,-,-,-,-
brush cleaner face,RELEVANT,BRUSH_MASSAGE,0,-,,,0,0,,NONE,,0,-,-,-,-,-,-,-,-,-
facial massager brush,RELEVANT,BRUSH_MASSAGE,0,-,,,0,0,,NONE,,0,-,-,-,-,-,-,-,-,-
spin face brush,RELEVANT,BRUSH_MASSAGE,0,-,,,0,0,,NONE,,0,-,-,-,-,-,-,-,-,-
lymphatic facial dry brush,RELEVANT,LYMPHATIC,0,-,,,0,0,,NONE,,0,-,-,-,-,-,-,-,-,-
facial dry brush lymphatic drainage,RELEVANT,DRAINAGE,0,-,,,0,0,,NONE,,0,-,-,-,-,-,-,-,-,-
best lymphatic facial brush,RELEVANT,LYMPHATIC,0,-,,,0,0,,NONE,,0,-,-,-,-,-,-,-,-,-
lymphatic facial brush face,RELEVANT,LYMPHATIC,0,-,,,0,0,,NONE,,0,-,-,-,-,-,-,-,-,-
facial dry brush face,RELEVANT,BRUSH_MASSAGE,0,-,,,0,0,,NONE,,0,-,-,-,-,-,-,-,-,-
lymphatic face contouring brush,RELEVANT,CONTOUR,0,-,,,0,0,,NONE,,0,-,-,-,-,-,-,-,-,-
lymphatic system face brush,RELEVANT,LYMPHATIC,0,-,,,0,0,,NONE,,0,-,-,-,-,-,-,-,-,-
facial brush lymphatic system,RELEVANT,LYMPHATIC,0,-,,,0,0,,NONE,,0,-,-,-,-,-,-,-,-,-
small lymphatic face brush,RELEVANT,LYMPHATIC,0,-,,,0,0,,NONE,,0,-,-,-,-,-,-,-,-,-
original lymphatic face brush,RELEVANT,LYMPHATIC,0,-,,,0,0,,NONE,,0,-,-,-,-,-,-,-,-,-
lymphatic face brush set,RELEVANT,LYMPHATIC,0,-,,,0,0,,NONE,,0,-,-,-,-,-,-,-,-,-
lymphatic drainage face brush sculpting,RELEVANT,DRAINAGE,0,-,,,0,0,,NONE,,0,-,-,-,-,-,-,-,-,-
lymphatic drainage face brush aeki,COMPETITOR_BRAND,DRAINAGE,0,-,,,0,0,,NONE,,0,-,-,-,-,-,-,-,-,-
face dry brush natural,RELEVANT,BRUSH_MASSAGE,0,-,,,0,0,,NONE,,0,-,-,-,-,-,-,-,-,-
firm lymphatic contour face brush,RELEVANT,CONTOUR,0,-,,,0,0,,NONE,,0,-,-,-,-,-,-,-,-,-
contour brushes face sculpting,RELEVANT,SCULPTING,0,-,,,0,0,,NONE,,0,-,-,-,-,-,-,-,-,-
glow brush face,RELEVANT,BRUSH_MASSAGE,0,-,,,0,0,,NONE,,0,-,-,-,-,-,-,-,-,-
lymphatic contour face brush dual,RELEVANT,CONTOUR,0,-,,,0,0,,NONE,,0,-,-,-,-,-,-,-,-,-
lymphatic facial brush natural bristles,RELEVANT,LYMPHATIC,0,-,,,0,0,,NONE,,0,-,-,-,-,-,-,-,-,-
lymphatic face brush gentle bristles,RELEVANT,LYMPHATIC,0,-,,,0,0,,NONE,,0,-,-,-,-,-,-,-,-,-
fash brush lymphatic,RELEVANT,LYMPHATIC,0,-,,,0,0,,NONE,,0,-,-,-,-,-,-,-,-,-
lymphatic face brush fsa eligible,RELEVANT,LYMPHATIC,0,-,,,0,0,,NONE,,0,-,-,-,-,-,-,-,-,-
grasha face,RELEVANT,OTHER,0,-,,,0,0,,NONE,,0,-,-,-,-,-,-,-,-,-
lymphatic contour and face brush,RELEVANT,CONTOUR,0,-,,,0,0,,NONE,,0,-,-,-,-,-,-,-,-,-
lymphatic brush and face,RELEVANT,LYMPHATIC,0,-,,,0,0,,NONE,,0,-,-,-,-,-,-,-,-,-
lymphatic contour+brush,RELEVANT,CONTOUR,0,-,,,0,0,,NONE,,0,-,-,-,-,-,-,-,-,-
lymphatic contour brush face,RELEVANT,CONTOUR,0,-,,,0,0,,NONE,,0,-,-,-,-,-,-,-,-,-
lymphatic brush for the body,RELEVANT,LYMPHATIC,0,-,,,0,0,,NONE,,0,-,-,-,-,-,-,-,-,-
face tools lymphatic drainage,RELEVANT,DRAINAGE,0,-,,,0,0,,NONE,,0,-,-,-,-,-,-,-,-,-
gua sha and face brush,RELEVANT,GUA_SHA,0,-,,,0,0,,NONE,,0,-,-,-,-,-,-,-,-,-
koveja lymphatic contour face brush,RELEVANT,CONTOUR,0,-,,,0,0,,NONE,,0,-,-,-,-,-,-,-,-,-
gua sha and dry brush,RELEVANT,GUA_SHA,0,-,,,0,0,,NONE,,0,-,-,-,-,-,-,-,-,-
ergonomic lymphatic facial brush,RELEVANT,LYMPHATIC,0,-,,,0,0,,NONE,,0,-,-,-,-,-,-,-,-,-
sefvako lymphatic face brush,COMPETITOR_BRAND,LYMPHATIC,0,-,,,0,0,,NONE,,0,-,-,-,-,-,-,-,-,-
2pcs lymphatic contour face brush,RELEVANT,CONTOUR,0,-,,,0,0,,NONE,,0,-,-,-,-,-,-,-,-,-
nucetra lymphatic brush,RELEVANT,LYMPHATIC,0,-,,,0,0,,NONE,,0,-,-,-,-,-,-,-,-,-
sefvako lymphatic brush,COMPETITOR_BRAND,LYMPHATIC,0,-,,,0,0,,NONE,,0,-,-,-,-,-,-,-,-,-
dry brush guasha face,RELEVANT,GUA_SHA,0,-,,,0,0,,NONE,,0,-,-,-,-,-,-,-,-,-
best guasha tool face,RELEVANT,GUA_SHA,0,-,,,0,0,,NONE,,0,-,-,-,-,-,-,-,-,-
gua sha facial brush tools,RELEVANT,GUA_SHA,0,-,,,0,0,,NONE,,0,-,-,-,-,-,-,-,-,-
dry guasha brush face,RELEVANT,GUA_SHA,0,-,,,0,0,,NONE,,0,-,-,-,-,-,-,-,-,-
lymphatic control face brush,RELEVANT,LYMPHATIC,0,-,,,0,0,,NONE,,0,-,-,-,-,-,-,-,-,-
facial application brushes,RELEVANT,BRUSH_MASSAGE,0,-,,,0,0,,NONE,,0,-,-,-,-,-,-,-,-,-
guasha dry brush,RELEVANT,GUA_SHA,0,-,,,0,0,,NONE,,0,-,-,-,-,-,-,-,-,-
face sculting brush,RELEVANT,BRUSH_MASSAGE,0,-,,,0,0,,NONE,,0,-,-,-,-,-,-,-,-,-
lymphatic draining brush face,RELEVANT,LYMPHATIC,0,-,,,0,0,,NONE,,0,-,-,-,-,-,-,-,-,-
lymphatic contour face brush jade,RELEVANT,CONTOUR,0,-,,,0,0,,NONE,,0,-,-,-,-,-,-,-,-,-
sefvako,COMPETITOR_BRAND,OTHER,0,-,,,0,0,,NONE,,0,-,-,-,-,-,-,-,-,-
gua sha tool brush,RELEVANT,GUA_SHA,0,-,,,0,0,,NONE,,0,-,-,-,-,-,-,-,-,-
face depuffing brush,RELEVANT,DEPUFF,0,-,,,0,0,,NONE,,0,-,-,-,-,-,-,-,-,-
jawline brush,RELEVANT,JAWLINE_CHIN,0,-,,,0,0,,NONE,,0,-,-,-,-,-,-,-,-,-
guasha with brush,RELEVANT,GUA_SHA,0,-,,,0,0,,NONE,,0,-,-,-,-,-,-,-,-,-
gua facial,RELEVANT,OTHER,0,-,,,0,0,,NONE,,0,-,-,-,-,-,-,-,-,-
lymphatic drain face,RELEVANT,LYMPHATIC,0,-,,,0,0,,NONE,,0,-,-,-,-,-,-,-,-,-
gua sha lymphatic,RELEVANT,GUA_SHA,0,-,,,0,0,,NONE,,0,-,-,-,-,-,-,-,-,-
lymphatic facial draining brush,RELEVANT,LYMPHATIC,0,-,,,0,0,,NONE,,0,-,-,-,-,-,-,-,-,-
drybrush gua sha,RELEVANT,GUA_SHA,0,-,,,0,0,,NONE,,0,-,-,-,-,-,-,-,-,-
lymphatic drainage brush gua sha,RELEVANT,DRAINAGE,0,-,,,0,0,,NONE,,0,-,-,-,-,-,-,-,-,-
lymphatic drainage brushe,RELEVANT,DRAINAGE,0,-,,,0,0,,NONE,,0,-,-,-,-,-,-,-,-,-
dry facial brushes soft bristles,RELEVANT,BRUSH_MASSAGE,0,-,,,0,0,,NONE,,0,-,-,-,-,-,-,-,-,-
face brush gua sha soft,RELEVANT,GUA_SHA,0,-,,,0,0,,NONE,,0,-,-,-,-,-,-,-,-,-
soft gua sha facial brush,RELEVANT,GUA_SHA,0,-,,,0,0,,NONE,,0,-,-,-,-,-,-,-,-,-
nuvitra contour glow brush,RELEVANT,CONTOUR,0,-,,,0,0,,NONE,,0,-,-,-,-,-,-,-,-,-
gua sha brush set,RELEVANT,GUA_SHA,0,-,,,0,0,,NONE,,0,-,-,-,-,-,-,-,-,-
face shaping brush,RELEVANT,BRUSH_MASSAGE,0,-,,,0,0,,NONE,,0,-,-,-,-,-,-,-,-,-
lymphatic drainage jade,RELEVANT,DRAINAGE,0,-,,,0,0,,NONE,,0,-,-,-,-,-,-,-,-,-
lymphatic contour face brush wood,RELEVANT,CONTOUR,0,-,,,0,0,,NONE,,0,-,-,-,-,-,-,-,-,-
big gua sha face,RELEVANT,GUA_SHA,0,-,,,0,0,,NONE,,0,-,-,-,-,-,-,-,-,-
facelift brush,RELEVANT,BRUSH_MASSAGE,0,-,,,0,0,,NONE,,0,-,-,-,-,-,-,-,-,-
lymphoma brush face,RELEVANT,LYMPHATIC,0,-,,,0,0,,NONE,,0,-,-,-,-,-,-,-,-,-
jade tools face,RELEVANT,OTHER,0,-,,,0,0,,NONE,,0,-,-,-,-,-,-,-,-,-
facial lymph node brush,RELEVANT,LYMPHATIC,0,-,,,0,0,,NONE,,0,-,-,-,-,-,-,-,-,-
face scalping brush,RELEVANT,BRUSH_MASSAGE,0,-,,,0,0,,NONE,,0,-,-,-,-,-,-,-,-,-
organic lymphatic contour face brush,RELEVANT,CONTOUR,0,-,,,0,0,,NONE,,0,-,-,-,-,-,-,-,-,-
lymph flow face brush,RELEVANT,LYMPHATIC,0,-,,,0,0,,NONE,,0,-,-,-,-,-,-,-,-,-
lymphatic drainge face,RELEVANT,LYMPHATIC,0,-,,,0,0,,NONE,,0,-,-,-,-,-,-,-,-,-
limatic drainage brush,RELEVANT,DRAINAGE,0,-,,,0,0,,NONE,,0,-,-,-,-,-,-,-,-,-
gau sha brush,RELEVANT,BRUSH_MASSAGE,0,-,,,0,0,,NONE,,0,-,-,-,-,-,-,-,-,-
organic lymphatic facial brush,RELEVANT,LYMPHATIC,0,-,,,0,0,,NONE,,0,-,-,-,-,-,-,-,-,-
lymphatic contour face brush vegan,RELEVANT,CONTOUR,0,-,,,0,0,,NONE,,0,-,-,-,-,-,-,-,-,-
face comb women,RELEVANT,OTHER,0,-,,,0,0,,NONE,,0,-,-,-,-,-,-,-,-,-
gua shua jade,RELEVANT,OTHER,0,-,,,0,0,,NONE,,0,-,-,-,-,-,-,-,-,-
lynph brush,RELEVANT,BRUSH_MASSAGE,0,-,,,0,0,,NONE,,0,-,-,-,-,-,-,-,-,-
lymphatic drainage massager cold,RELEVANT,DRAINAGE,0,-,,,0,0,,NONE,,0,-,-,-,-,-,-,-,-,-
lymphatic drainage comb,RELEVANT,DRAINAGE,0,-,,,0,0,,NONE,,0,-,-,-,-,-,-,-,-,-
pregnancy gua sha,RELEVANT,GUA_SHA,0,-,,,0,0,,NONE,,0,-,-,-,-,-,-,-,-,-
lymphatic brush face organic,RELEVANT,LYMPHATIC,0,-,,,0,0,,NONE,,0,-,-,-,-,-,-,-,-,-
brush face massage,RELEVANT,BRUSH_MASSAGE,0,-,,,0,0,,NONE,,0,-,-,-,-,-,-,-,-,-
jaw lymphatic drainage massager,RELEVANT,DRAINAGE,0,-,,,0,0,,NONE,,0,-,-,-,-,-,-,-,-,-
eyelid lymphatic drainage,RELEVANT,DRAINAGE,0,-,,,0,0,,NONE,,0,-,-,-,-,-,-,-,-,-
face sculptung brush,RELEVANT,SCULPTING,0,-,,,0,0,,NONE,,0,-,-,-,-,-,-,-,-,-
face linfatico brush,OFF_CATEGORY,BRUSH_MASSAGE,0,-,,,0,0,,NONE,,0,-,-,-,-,-,-,-,-,-
neutral lymphatic brush,RELEVANT,LYMPHATIC,0,-,,,0,0,,NONE,,0,-,-,-,-,-,-,-,-,-
lymphatic drainage bruh,RELEVANT,DRAINAGE,0,-,,,0,0,,NONE,,0,-,-,-,-,-,-,-,-,-
facial roller lymphatic drainage,RELEVANT,DRAINAGE,0,-,,,0,0,,NONE,,0,-,-,-,-,-,-,-,-,-
lymphatic drainage massager facial focused,RELEVANT,DRAINAGE,0,-,,,0,0,,NONE,,0,-,-,-,-,-,-,-,-,-
tools face massage,RELEVANT,BRUSH_MASSAGE,0,-,,,0,0,,NONE,,0,-,-,-,-,-,-,-,-,-
de puff tool,RELEVANT,DEPUFF,0,-,,,0,0,,NONE,,0,-,-,-,-,-,-,-,-,-
face inflammation brush,RELEVANT,BRUSH_MASSAGE,0,-,,,0,0,,NONE,,0,-,-,-,-,-,-,-,-,-
facial sculpting brush face,RELEVANT,SCULPTING,0,-,,,0,0,,NONE,,0,-,-,-,-,-,-,-,-,-
lymphatic contour face brush cjb,RELEVANT,CONTOUR,0,-,,,0,0,,NONE,,0,-,-,-,-,-,-,-,-,-
gua sha hair jade,RELEVANT,GUA_SHA,0,-,,,0,0,,NONE,,0,-,-,-,-,-,-,-,-,-
gua sha chin,RELEVANT,GUA_SHA,0,-,,,0,0,,NONE,,0,-,-,-,-,-,-,-,-,-
brush depuff,RELEVANT,DEPUFF,0,-,,,0,0,,NONE,,0,-,-,-,-,-,-,-,-,-
facial dru brush,RELEVANT,BRUSH_MASSAGE,0,-,,,0,0,,NONE,,0,-,-,-,-,-,-,-,-,-
face flush brush,RELEVANT,BRUSH_MASSAGE,0,-,,,0,0,,NONE,,0,-,-,-,-,-,-,-,-,-
face sculpt lymphatic drainage,RELEVANT,DRAINAGE,0,-,,,0,0,,NONE,,0,-,-,-,-,-,-,-,-,-
gia sha face brush,RELEVANT,BRUSH_MASSAGE,0,-,,,0,0,,NONE,,0,-,-,-,-,-,-,-,-,-
face sculpting brush natural,RELEVANT,SCULPTING,0,-,,,0,0,,NONE,,0,-,-,-,-,-,-,-,-,-
best face massage,RELEVANT,BRUSH_MASSAGE,0,-,,,0,0,,NONE,,0,-,-,-,-,-,-,-,-,-
sculpt brush face,RELEVANT,SCULPTING,0,-,,,0,0,,NONE,,0,-,-,-,-,-,-,-,-,-
guasha brush tool face,RELEVANT,GUA_SHA,0,-,,,0,0,,NONE,,0,-,-,-,-,-,-,-,-,-
lymphatic drainage contour brish,RELEVANT,DRAINAGE,0,-,,,0,0,,NONE,,0,-,-,-,-,-,-,-,-,-
lymphatic contour bruah,RELEVANT,CONTOUR,0,-,,,0,0,,NONE,,0,-,-,-,-,-,-,-,-,-
aeyki face brush,RELEVANT,BRUSH_MASSAGE,0,-,,,0,0,,NONE,,0,-,-,-,-,-,-,-,-,-
gua sha vrush,RELEVANT,GUA_SHA,0,-,,,0,0,,NONE,,0,-,-,-,-,-,-,-,-,-
koje lymphatic face brush,RELEVANT,LYMPHATIC,0,-,,,0,0,,NONE,,0,-,-,-,-,-,-,-,-,-
lumphatic face brush,RELEVANT,BRUSH_MASSAGE,0,-,,,0,0,,NONE,,0,-,-,-,-,-,-,-,-,-
korean skin care facial brush,RELEVANT,BRUSH_MASSAGE,0,-,,,0,0,,NONE,,0,-,-,-,-,-,-,-,-,-
cepillo linfatico de contorno facial,OFF_CATEGORY,OTHER,0,-,,,0,0,,NONE,,0,-,-,-,-,-,-,-,-,-
lympahtic brush,RELEVANT,BRUSH_MASSAGE,0,-,,,0,0,,NONE,,0,-,-,-,-,-,-,-,-,-
lymph brush oil,OFF_CATEGORY,LYMPHATIC,0,-,,,0,0,,NONE,,0,-,-,-,-,-,-,-,-,-
lymphatic face brush with oil,OFF_CATEGORY,LYMPHATIC,0,-,,,0,0,,NONE,,0,-,-,-,-,-,-,-,-,-
lymphatic face brush gua sha,RELEVANT,GUA_SHA,0,-,,,0,0,,NONE,,0,-,-,-,-,-,-,-,-,-
lymphatic brush oil,OFF_CATEGORY,LYMPHATIC,0,-,,,0,0,,NONE,,0,-,-,-,-,-,-,-,-,-
gua sha brush oil,OFF_CATEGORY,GUA_SHA,0,-,,,0,0,,NONE,,0,-,-,-,-,-,-,-,-,-
facial contour lymphatic,RELEVANT,CONTOUR,0,-,,,0,0,,NONE,,0,-,-,-,-,-,-,-,-,-
contour brushe,RELEVANT,CONTOUR,0,-,,,0,0,,NONE,,0,-,-,-,-,-,-,-,-,-
gua shaw brush,RELEVANT,GUA_SHA,0,-,,,0,0,,NONE,,0,-,-,-,-,-,-,-,-,-
gua sha lymphatic brush set,RELEVANT,GUA_SHA,0,-,,,0,0,,NONE,,0,-,-,-,-,-,-,-,-,-
face contouring brush lymphatic,RELEVANT,CONTOUR,0,-,,,0,0,,NONE,,0,-,-,-,-,-,-,-,-,-
sinus brush face,RELEVANT,BRUSH_MASSAGE,0,-,,,0,0,,NONE,,0,-,-,-,-,-,-,-,-,-
guasha tool face brush,RELEVANT,GUA_SHA,0,-,,,0,0,,NONE,,0,-,-,-,-,-,-,-,-,-
high quality lymphatic brush,RELEVANT,LYMPHATIC,0,-,,,0,0,,NONE,,0,-,-,-,-,-,-,-,-,-
lymphlift face brush,RELEVANT,LYMPHATIC,0,-,,,0,0,,NONE,,0,-,-,-,-,-,-,-,-,-
guasha oil face,OFF_CATEGORY,GUA_SHA,0,-,,,0,0,,NONE,,0,-,-,-,-,-,-,-,-,-
lymphatic brush starter,RELEVANT,LYMPHATIC,0,-,,,0,0,,NONE,,0,-,-,-,-,-,-,-,-,-
gua sha tool with oil,OFF_CATEGORY,GUA_SHA,0,-,,,0,0,,NONE,,0,-,-,-,-,-,-,-,-,-
face oil gua sha men,OFF_CATEGORY,GUA_SHA,0,-,,,0,0,,NONE,,0,-,-,-,-,-,-,-,-,-
gua sha brush kit,RELEVANT,GUA_SHA,0,-,,,0,0,,NONE,,0,-,-,-,-,-,-,-,-,-
lymphatic contour kit,RELEVANT,CONTOUR,0,-,,,0,0,,NONE,,0,-,-,-,-,-,-,-,-,-
lymphatic contour face brush lym,RELEVANT,CONTOUR,0,-,,,0,0,,NONE,,0,-,-,-,-,-,-,-,-,-
lymphatic sculpting brush,RELEVANT,SCULPTING,0,-,,,0,0,,NONE,,0,-,-,-,-,-,-,-,-,-
brush applying face mask,RELEVANT,BRUSH_MASSAGE,0,-,,,0,0,,NONE,,0,-,-,-,-,-,-,-,-,-
gua sha sculpting brush,RELEVANT,GUA_SHA,0,-,,,0,0,,NONE,,0,-,-,-,-,-,-,-,-,-
facial massage tools gua sha,RELEVANT,GUA_SHA,0,-,,,0,0,,NONE,,0,-,-,-,-,-,-,-,-,-
gua sha eyes,RELEVANT,GUA_SHA,0,-,,,0,0,,NONE,,0,-,-,-,-,-,-,-,-,-
guacha face,RELEVANT,OTHER,0,-,,,0,0,,NONE,,0,-,-,-,-,-,-,-,-,-
face brushing lymph drainage,RELEVANT,DRAINAGE,0,-,,,0,0,,NONE,,0,-,-,-,-,-,-,-,-,-
fscial tools,RELEVANT,OTHER,0,-,,,0,0,,NONE,,0,-,-,-,-,-,-,-,-,-
lymphatic contour face serum,OFF_CATEGORY,CONTOUR,0,-,,,0,0,,NONE,,0,-,-,-,-,-,-,-,-,-
contour gliw brush,RELEVANT,CONTOUR,0,-,,,0,0,,NONE,,0,-,-,-,-,-,-,-,-,-
aeki brush face,COMPETITOR_BRAND,BRUSH_MASSAGE,0,-,,,0,0,,NONE,,0,-,-,-,-,-,-,-,-,-
dry brush oil set,OFF_CATEGORY,BRUSH_MASSAGE,0,-,,,0,0,,NONE,,0,-,-,-,-,-,-,-,-,-
gua sha stone facial tool,RELEVANT,GUA_SHA,0,-,,,0,0,,NONE,,0,-,-,-,-,-,-,-,-,-
dual facial brush,RELEVANT,BRUSH_MASSAGE,0,-,,,0,0,,NONE,,0,-,-,-,-,-,-,-,-,-
dry brushing kit with oil,OFF_CATEGORY,BRUSH_MASSAGE,0,-,,,0,0,,NONE,,0,-,-,-,-,-,-,-,-,-
korean brush face,RELEVANT,BRUSH_MASSAGE,0,-,,,0,0,,NONE,,0,-,-,-,-,-,-,-,-,-
electric facial lymphatic drainage tool,OFF_CATEGORY,DRAINAGE,0,-,,,0,0,,NONE,,0,-,-,-,-,-,-,-,-,-
linfatic face brush,RELEVANT,BRUSH_MASSAGE,0,-,,,0,0,,NONE,,0,-,-,-,-,-,-,-,-,-
guasha face oul,RELEVANT,GUA_SHA,0,-,,,0,0,,NONE,,0,-,-,-,-,-,-,-,-,-
mustio lymphatic contour face brush,RELEVANT,CONTOUR,0,-,,,0,0,,NONE,,0,-,-,-,-,-,-,-,-,-
facial countour dry brush,RELEVANT,BRUSH_MASSAGE,0,-,,,0,0,,NONE,,0,-,-,-,-,-,-,-,-,-
guasha face neck,RELEVANT,GUA_SHA,0,-,,,0,0,,NONE,,0,-,-,-,-,-,-,-,-,-
marie claire lymphatic brush,RELEVANT,LYMPHATIC,0,-,,,0,0,,NONE,,0,-,-,-,-,-,-,-,-,-
brush gor face,RELEVANT,BRUSH_MASSAGE,0,-,,,0,0,,NONE,,0,-,-,-,-,-,-,-,-,-
lyphoria lymphatic drainage brush,RELEVANT,DRAINAGE,0,-,,,0,0,,NONE,,0,-,-,-,-,-,-,-,-,-
zeeder gua sha,RELEVANT,GUA_SHA,0,-,,,0,0,,NONE,,0,-,-,-,-,-,-,-,-,-
face stone lymphatic drainage,RELEVANT,DRAINAGE,0,-,,,0,0,,NONE,,0,-,-,-,-,-,-,-,-,-
nuvetra lift glow lymphatic brush,COMPETITOR_BRAND,LYMPHATIC,0,-,,,0,0,,NONE,,0,-,-,-,-,-,-,-,-,-
lmphatic brush,RELEVANT,BRUSH_MASSAGE,0,-,,,0,0,,NONE,,0,-,-,-,-,-,-,-,-,-
brush face drainage,RELEVANT,DRAINAGE,0,-,,,0,0,,NONE,,0,-,-,-,-,-,-,-,-,-
gua sha lanshin,RELEVANT,GUA_SHA,0,-,,,0,0,,NONE,,0,-,-,-,-,-,-,-,-,-
fsa eligible face guasha,RELEVANT,GUA_SHA,0,-,,,0,0,,NONE,,0,-,-,-,-,-,-,-,-,-
escova facial de contorno linfatico,OFF_CATEGORY,OTHER,0,-,,,0,0,,NONE,,0,-,-,-,-,-,-,-,-,-
gaucha brush,RELEVANT,BRUSH_MASSAGE,0,-,,,0,0,,NONE,,0,-,-,-,-,-,-,-,-,-
maya verra drenaje linfaticado,RELEVANT,OTHER,0,-,,,0,0,,NONE,,0,-,-,-,-,-,-,-,-,-
drenaje linfatico cara,OFF_CATEGORY,OTHER,0,-,,,0,0,,NONE,,0,-,-,-,-,-,-,-,-,-
massage tools lymphatic drainage,RELEVANT,DRAINAGE,0,-,,,0,0,,NONE,,0,-,-,-,-,-,-,-,-,-
gwen stefani face oil,OFF_CATEGORY,OTHER,0,-,,,0,0,,NONE,,0,-,-,-,-,-,-,-,-,-
guasha tool chin,RELEVANT,GUA_SHA,0,-,,,0,0,,NONE,,0,-,-,-,-,-,-,-,-,-
facial cups lymphatic drainage,RELEVANT,DRAINAGE,0,-,,,0,0,,NONE,,0,-,-,-,-,-,-,-,-,-
lymphatic drainage brush 2 piece,RELEVANT,DRAINAGE,0,-,,,0,0,,NONE,,0,-,-,-,-,-,-,-,-,-
face sculpting brush ultra soft,RELEVANT,SCULPTING,0,-,,,0,0,,NONE,,0,-,-,-,-,-,-,-,-,-
large lymphatic contour face brush,RELEVANT,CONTOUR,0,-,,,0,0,,NONE,,0,-,-,-,-,-,-,-,-,-
lymphatic contour face brush golden,RELEVANT,CONTOUR,0,-,,,0,0,,NONE,,0,-,-,-,-,-,-,-,-,-
facial tension brush,RELEVANT,BRUSH_MASSAGE,0,-,,,0,0,,NONE,,0,-,-,-,-,-,-,-,-,-
aura contour brush,RELEVANT,CONTOUR,0,-,,,0,0,,NONE,,0,-,-,-,-,-,-,-,-,-
inflammation face brush,RELEVANT,BRUSH_MASSAGE,0,-,,,0,0,,NONE,,0,-,-,-,-,-,-,-,-,-
face shape brush,RELEVANT,BRUSH_MASSAGE,0,-,,,0,0,,NONE,,0,-,-,-,-,-,-,-,-,-
kejeva lymphatic drainage face brush,RELEVANT,DRAINAGE,0,-,,,0,0,,NONE,,0,-,-,-,-,-,-,-,-,-
lymphatic drainage brush face neck,RELEVANT,DRAINAGE,0,-,,,0,0,,NONE,,0,-,-,-,-,-,-,-,-,-
skin brush dry brushing,RELEVANT,BRUSH_MASSAGE,0,-,,,0,0,,NONE,,0,-,-,-,-,-,-,-,-,-
lymphatic brush kit,RELEVANT,LYMPHATIC,0,-,,,0,0,,NONE,,0,-,-,-,-,-,-,-,-,-
facial lymphoma brush,RELEVANT,LYMPHATIC,0,-,,,0,0,,NONE,,0,-,-,-,-,-,-,-,-,-
natural brush lymphatic drainage,RELEVANT,DRAINAGE,0,-,,,0,0,,NONE,,0,-,-,-,-,-,-,-,-,-
dey brush face,RELEVANT,BRUSH_MASSAGE,0,-,,,0,0,,NONE,,0,-,-,-,-,-,-,-,-,-
lymphatic couture face brush,RELEVANT,LYMPHATIC,0,-,,,0,0,,NONE,,0,-,-,-,-,-,-,-,-,-
massage face brush,RELEVANT,BRUSH_MASSAGE,0,-,,,0,0,,NONE,,0,-,-,-,-,-,-,-,-,-
curved facial brush,RELEVANT,BRUSH_MASSAGE,0,-,,,0,0,,NONE,,0,-,-,-,-,-,-,-,-,-
short facial brush set,RELEVANT,BRUSH_MASSAGE,0,-,,,0,0,,NONE,,0,-,-,-,-,-,-,-,-,-
depuffing brush face,RELEVANT,DEPUFF,0,-,,,0,0,,NONE,,0,-,-,-,-,-,-,-,-,-
geisha face brush,RELEVANT,BRUSH_MASSAGE,0,-,,,0,0,,NONE,,0,-,-,-,-,-,-,-,-,-
aeko lymphatic contour face brush,RELEVANT,CONTOUR,0,-,,,0,0,,NONE,,0,-,-,-,-,-,-,-,-,-
alvora glow brush,COMPETITOR_BRAND,BRUSH_MASSAGE,0,-,,,0,0,,NONE,,0,-,-,-,-,-,-,-,-,-
kojiva brush face,COMPETITOR_BRAND,BRUSH_MASSAGE,0,-,,,0,0,,NONE,,0,-,-,-,-,-,-,-,-,-
limphatic brush,RELEVANT,BRUSH_MASSAGE,0,-,,,0,0,,NONE,,0,-,-,-,-,-,-,-,-,-
cepillo facial linfatico mayaverra,OFF_CATEGORY,OTHER,0,-,,,0,0,,NONE,,0,-,-,-,-,-,-,-,-,-
cepillo drenaje linfatico cara,OFF_CATEGORY,OTHER,0,-,,,0,0,,NONE,,0,-,-,-,-,-,-,-,-,-
drenaje linfatico facial,OFF_CATEGORY,OTHER,0,-,,,0,0,,NONE,,0,-,-,-,-,-,-,-,-,-
cepillo efecto lifting,OFF_CATEGORY,OTHER,0,-,,,0,0,,NONE,,0,-,-,-,-,-,-,-,-,-
escova de drenagem coreana,RELEVANT,OTHER,0,-,,,0,0,,NONE,,0,-,-,-,-,-,-,-,-,-
lymphatic massage brush face,RELEVANT,LYMPHATIC,0,-,,,0,0,,NONE,,0,-,-,-,-,-,-,-,-,-
face brush lymph drainage,RELEVANT,DRAINAGE,0,-,,,0,0,,NONE,,0,-,-,-,-,-,-,-,-,-
brush lymphatic massage,RELEVANT,LYMPHATIC,0,-,,,0,0,,NONE,,0,-,-,-,-,-,-,-,-,-
lymph drainage face massager,RELEVANT,DRAINAGE,0,-,,,0,0,,NONE,,0,-,-,-,-,-,-,-,-,-
skin lymphatic brush,RELEVANT,LYMPHATIC,0,-,,,0,0,,NONE,,0,-,-,-,-,-,-,-,-,-
drainage brush face,RELEVANT,DRAINAGE,0,-,,,0,0,,NONE,,0,-,-,-,-,-,-,-,-,-
double chin lymphatic brush,RELEVANT,JAWLINE_CHIN,0,-,,,0,0,,NONE,,0,-,-,-,-,-,-,-,-,-
lymphatic brush your face,RELEVANT,LYMPHATIC,0,-,,,0,0,,NONE,,0,-,-,-,-,-,-,-,-,-
face massage brush women,RELEVANT,BRUSH_MASSAGE,0,-,,,0,0,,NONE,,0,-,-,-,-,-,-,-,-,-
dry contour face brush,RELEVANT,CONTOUR,0,-,,,0,0,,NONE,,0,-,-,-,-,-,-,-,-,-
face firming brush,RELEVANT,BRUSH_MASSAGE,0,-,,,0,0,,NONE,,0,-,-,-,-,-,-,-,-,-
drybrush face,RELEVANT,BRUSH_MASSAGE,0,-,,,0,0,,NONE,,0,-,-,-,-,-,-,-,-,-
beauty items under 15,RELEVANT,OTHER,0,-,,,0,0,,NONE,,0,-,-,-,-,-,-,-,-,-
lymphatic limp drainage brush,RELEVANT,DRAINAGE,0,-,,,0,0,,NONE,,0,-,-,-,-,-,-,-,-,-
aeki facial lymphatic brush,COMPETITOR_BRAND,LYMPHATIC,0,-,,,0,0,,NONE,,0,-,-,-,-,-,-,-,-,-
facial depuff brush,RELEVANT,DEPUFF,0,-,,,0,0,,NONE,,0,-,-,-,-,-,-,-,-,-
soft bristle face lymphatic brush,RELEVANT,LYMPHATIC,0,-,,,0,0,,NONE,,0,-,-,-,-,-,-,-,-,-
viral brush face,RELEVANT,BRUSH_MASSAGE,0,-,,,0,0,,NONE,,0,-,-,-,-,-,-,-,-,-
korean skin care face massager,RELEVANT,BRUSH_MASSAGE,0,-,,,0,0,,NONE,,0,-,-,-,-,-,-,-,-,-
gausha brush,RELEVANT,BRUSH_MASSAGE,0,-,,,0,0,,NONE,,0,-,-,-,-,-,-,-,-,-
lympatic face brush,RELEVANT,BRUSH_MASSAGE,0,-,,,0,0,,NONE,,0,-,-,-,-,-,-,-,-,-
adrenal brush face,RELEVANT,BRUSH_MASSAGE,0,-,,,0,0,,NONE,,0,-,-,-,-,-,-,-,-,-
lymphatic face brudh,RELEVANT,LYMPHATIC,0,-,,,0,0,,NONE,,0,-,-,-,-,-,-,-,-,-
lymphatic sponge,RELEVANT,LYMPHATIC,0,-,,,0,0,,NONE,,0,-,-,-,-,-,-,-,-,-
soft depuff face brush,RELEVANT,DEPUFF,0,-,,,0,0,,NONE,,0,-,-,-,-,-,-,-,-,-
flahold lymphatic brush,RELEVANT,LYMPHATIC,0,-,,,0,0,,NONE,,0,-,-,-,-,-,-,-,-,-
balls face massage,RELEVANT,BRUSH_MASSAGE,0,-,,,0,0,,NONE,,0,-,-,-,-,-,-,-,-,-
new body massage brush,RELEVANT,BRUSH_MASSAGE,0,-,,,0,0,,NONE,,0,-,-,-,-,-,-,-,-,-
soothe silk massager face,RELEVANT,BRUSH_MASSAGE,0,-,,,0,0,,NONE,,0,-,-,-,-,-,-,-,-,-
triaeki brush lymphatic,COMPETITOR_BRAND,LYMPHATIC,0,-,,,0,0,,NONE,,0,-,-,-,-,-,-,-,-,-
gouache face brush,RELEVANT,BRUSH_MASSAGE,0,-,,,0,0,,NONE,,0,-,-,-,-,-,-,-,-,-
huda lymphatic drainage,RELEVANT,DRAINAGE,0,-,,,0,0,,NONE,,0,-,-,-,-,-,-,-,-,-
kymphatic face brush,RELEVANT,BRUSH_MASSAGE,0,-,,,0,0,,NONE,,0,-,-,-,-,-,-,-,-,-
lunatic drainage brush,RELEVANT,DRAINAGE,0,-,,,0,0,,NONE,,0,-,-,-,-,-,-,-,-,-
de puff brush face,RELEVANT,DEPUFF,0,-,,,0,0,,NONE,,0,-,-,-,-,-,-,-,-,-
kojevo face brush,RELEVANT,BRUSH_MASSAGE,0,-,,,0,0,,NONE,,0,-,-,-,-,-,-,-,-,-
getaiki brush,RELEVANT,BRUSH_MASSAGE,0,-,,,0,0,,NONE,,0,-,-,-,-,-,-,-,-,-
arki face brush,RELEVANT,BRUSH_MASSAGE,0,-,,,0,0,,NONE,,0,-,-,-,-,-,-,-,-,-
de puffer face brush,RELEVANT,DEPUFF,0,-,,,0,0,,NONE,,0,-,-,-,-,-,-,-,-,-
lymph drain face brush,RELEVANT,LYMPHATIC,0,-,,,0,0,,NONE,,0,-,-,-,-,-,-,-,-,-
double chin lymphatic massager,RELEVANT,JAWLINE_CHIN,0,-,,,0,0,,NONE,,0,-,-,-,-,-,-,-,-,-
lymph draining face brush,RELEVANT,LYMPHATIC,0,-,,,0,0,,NONE,,0,-,-,-,-,-,-,-,-,-
double chin brush,RELEVANT,JAWLINE_CHIN,0,-,,,0,0,,NONE,,0,-,-,-,-,-,-,-,-,-
lymphatic face brush men,RELEVANT,LYMPHATIC,0,-,,,0,0,,NONE,,0,-,-,-,-,-,-,-,-,-
contur face brush,RELEVANT,BRUSH_MASSAGE,0,-,,,0,0,,NONE,,0,-,-,-,-,-,-,-,-,-
facial lifting brush,RELEVANT,BRUSH_MASSAGE,0,-,,,0,0,,NONE,,0,-,-,-,-,-,-,-,-,-
face nrush,RELEVANT,OTHER,0,-,,,0,0,,NONE,,0,-,-,-,-,-,-,-,-,-
lymphatic face brushes 2 pack,RELEVANT,LYMPHATIC,0,-,,,0,0,,NONE,,0,-,-,-,-,-,-,-,-,-
cepillo rostro,OFF_CATEGORY,OTHER,0,-,,,0,0,,NONE,,0,-,-,-,-,-,-,-,-,-
lymphativ brush,RELEVANT,LYMPHATIC,0,-,,,0,0,,NONE,,0,-,-,-,-,-,-,-,-,-
cepillo de rostro,OFF_CATEGORY,OTHER,0,-,,,0,0,,NONE,,0,-,-,-,-,-,-,-,-,-
lymphatic drainage face brush jaw,RELEVANT,DRAINAGE,0,-,,,0,0,,NONE,,0,-,-,-,-,-,-,-,-,-
face inflammation reducer brush,RELEVANT,BRUSH_MASSAGE,0,-,,,0,0,,NONE,,0,-,-,-,-,-,-,-,-,-
lymphadema brush,RELEVANT,LYMPHATIC,0,-,,,0,0,,NONE,,0,-,-,-,-,-,-,-,-,-
facial dry brushing tool,RELEVANT,BRUSH_MASSAGE,0,-,,,0,0,,NONE,,0,-,-,-,-,-,-,-,-,-
lymphatic fluid drainage massager,RELEVANT,DRAINAGE,0,-,,,0,0,,NONE,,0,-,-,-,-,-,-,-,-,-
face washing brush women,RELEVANT,BRUSH_MASSAGE,0,-,,,0,0,,NONE,,0,-,-,-,-,-,-,-,-,-
face shaper brush,RELEVANT,BRUSH_MASSAGE,0,-,,,0,0,,NONE,,0,-,-,-,-,-,-,-,-,-
facial comb women,RELEVANT,OTHER,0,-,,,0,0,,NONE,,0,-,-,-,-,-,-,-,-,-
under eye brush massager,RELEVANT,BRUSH_MASSAGE,0,-,,,0,0,,NONE,,0,-,-,-,-,-,-,-,-,-
lojeva lymphatic brush,RELEVANT,LYMPHATIC,0,-,,,0,0,,NONE,,0,-,-,-,-,-,-,-,-,-
lifting sculpting face brush,RELEVANT,SCULPTING,0,-,,,0,0,,NONE,,0,-,-,-,-,-,-,-,-,-
lymphatic drainage vrush,RELEVANT,DRAINAGE,0,-,,,0,0,,NONE,,0,-,-,-,-,-,-,-,-,-
soft bristle lymphatic body brush,RELEVANT,LYMPHATIC,0,-,,,0,0,,NONE,,0,-,-,-,-,-,-,-,-,-
stroke face massager,RELEVANT,BRUSH_MASSAGE,0,-,,,0,0,,NONE,,0,-,-,-,-,-,-,-,-,-
rotary lymphatic brush,RELEVANT,LYMPHATIC,0,-,,,0,0,,NONE,,0,-,-,-,-,-,-,-,-,-
jaw line lymphatic drainage massager,RELEVANT,DRAINAGE,0,-,,,0,0,,NONE,,0,-,-,-,-,-,-,-,-,-
aeiki lymphatic face brush,RELEVANT,LYMPHATIC,0,-,,,0,0,,NONE,,0,-,-,-,-,-,-,-,-,-
aemi lymphatic contour face brush,RELEVANT,CONTOUR,0,-,,,0,0,,NONE,,0,-,-,-,-,-,-,-,-,-
drenagem facial brush,RELEVANT,BRUSH_MASSAGE,0,-,,,0,0,,NONE,,0,-,-,-,-,-,-,-,-,-
nuvetea contour glow brush,OFF_CATEGORY,CONTOUR,0,-,,,0,0,,NONE,,0,-,-,-,-,-,-,-,-,-
nuvetrashop face brush,COMPETITOR_BRAND,BRUSH_MASSAGE,0,-,,,0,0,,NONE,,0,-,-,-,-,-,-,-,-,-
nuvetra contour glowbrush,COMPETITOR_BRAND,CONTOUR,0,-,,,0,0,,NONE,,0,-,-,-,-,-,-,-,-,-
brush guadha,RELEVANT,BRUSH_MASSAGE,0,-,,,0,0,,NONE,,0,-,-,-,-,-,-,-,-,-
best face guasha,RELEVANT,GUA_SHA,0,-,,,0,0,,NONE,,0,-,-,-,-,-,-,-,-,-
auvorrs sculpt brush,RELEVANT,SCULPTING,0,-,,,0,0,,NONE,,0,-,-,-,-,-,-,-,-,-
cepillo drenaje linfatico facial,OFF_CATEGORY,OTHER,0,-,,,0,0,,NONE,,0,-,-,-,-,-,-,-,-,-
drenaface,RELEVANT,OTHER,0,-,,,0,0,,NONE,,0,-,-,-,-,-,-,-,-,-
tryaeki brush,COMPETITOR_BRAND,BRUSH_MASSAGE,0,-,,,0,0,,NONE,,0,-,-,-,-,-,-,-,-,-
nuverta face brush,RELEVANT,BRUSH_MASSAGE,0,-,,,0,0,,NONE,,0,-,-,-,-,-,-,-,-,-
kitsch lymphatic contour brush,COMPETITOR_BRAND,CONTOUR,0,-,,,0,0,,NONE,,0,-,-,-,-,-,-,-,-,-
kitsch facial contour brush,COMPETITOR_BRAND,CONTOUR,0,-,,,0,0,,NONE,,0,-,-,-,-,-,-,-,-,-
kitsch massage brush,COMPETITOR_BRAND,BRUSH_MASSAGE,0,-,,,0,0,,NONE,,0,-,-,-,-,-,-,-,-,-
kitsch lymph brush,COMPETITOR_BRAND,LYMPHATIC,0,-,,,0,0,,NONE,,0,-,-,-,-,-,-,-,-,-
kitschface brush,COMPETITOR_BRAND,BRUSH_MASSAGE,0,-,,,0,0,,NONE,,0,-,-,-,-,-,-,-,-,-
facial brush products,RELEVANT,BRUSH_MASSAGE,0,-,,,0,0,,NONE,,0,-,-,-,-,-,-,-,-,-
kitsch skin brush,COMPETITOR_BRAND,BRUSH_MASSAGE,0,-,,,0,0,,NONE,,0,-,-,-,-,-,-,-,-,-
lymph contour face brush,RELEVANT,CONTOUR,0,-,,,0,0,,NONE,,0,-,-,-,-,-,-,-,-,-
kitsch lymphatic contouring face brush,COMPETITOR_BRAND,CONTOUR,0,-,,,0,0,,NONE,,0,-,-,-,-,-,-,-,-,-
kish lymphatic face brush,RELEVANT,LYMPHATIC,0,-,,,0,0,,NONE,,0,-,-,-,-,-,-,-,-,-
kitsch lymph,COMPETITOR_BRAND,LYMPHATIC,0,-,,,0,0,,NONE,,0,-,-,-,-,-,-,-,-,-
brosse face,RELEVANT,OTHER,0,-,,,0,0,,NONE,,0,-,-,-,-,-,-,-,-,-
kisch brush,RELEVANT,BRUSH_MASSAGE,0,-,,,0,0,,NONE,,0,-,-,-,-,-,-,-,-,-
kitsch face massager,COMPETITOR_BRAND,BRUSH_MASSAGE,0,-,,,0,0,,NONE,,0,-,-,-,-,-,-,-,-,-
facial lymphatic massage,RELEVANT,LYMPHATIC,0,-,,,0,0,,NONE,,0,-,-,-,-,-,-,-,-,-
kish face brush,RELEVANT,BRUSH_MASSAGE,0,-,,,0,0,,NONE,,0,-,-,-,-,-,-,-,-,-
kitschbrush,COMPETITOR_BRAND,BRUSH_MASSAGE,0,-,,,0,0,,NONE,,0,-,-,-,-,-,-,-,-,-
kitsch lymphatic contour,COMPETITOR_BRAND,CONTOUR,0,-,,,0,0,,NONE,,0,-,-,-,-,-,-,-,-,-
face massager tool brush,RELEVANT,BRUSH_MASSAGE,0,-,,,0,0,,NONE,,0,-,-,-,-,-,-,-,-,-
kitsch face tool,COMPETITOR_BRAND,OTHER,0,-,,,0,0,,NONE,,0,-,-,-,-,-,-,-,-,-
kitsch makeup brush,COMPETITOR_BRAND,BRUSH_MASSAGE,0,-,,,0,0,,NONE,,0,-,-,-,-,-,-,-,-,-
face sculpting brush lymphatic kitsch,COMPETITOR_BRAND,SCULPTING,0,-,,,0,0,,NONE,,0,-,-,-,-,-,-,-,-,-
face toning brush,RELEVANT,BRUSH_MASSAGE,0,-,,,0,0,,NONE,,0,-,-,-,-,-,-,-,-,-
kitch brush lymph,RELEVANT,LYMPHATIC,0,-,,,0,0,,NONE,,0,-,-,-,-,-,-,-,-,-
face smoothing brush,RELEVANT,BRUSH_MASSAGE,0,-,,,0,0,,NONE,,0,-,-,-,-,-,-,-,-,-
litsch brush,RELEVANT,BRUSH_MASSAGE,0,-,,,0,0,,NONE,,0,-,-,-,-,-,-,-,-,-
kitsch nrush,COMPETITOR_BRAND,OTHER,0,-,,,0,0,,NONE,,0,-,-,-,-,-,-,-,-,-
kitsch dry facial brush,COMPETITOR_BRAND,BRUSH_MASSAGE,0,-,,,0,0,,NONE,,0,-,-,-,-,-,-,-,-,-
kistch brush,RELEVANT,BRUSH_MASSAGE,0,-,,,0,0,,NONE,,0,-,-,-,-,-,-,-,-,-
tryeki lymphatic brush,RELEVANT,LYMPHATIC,0,-,,,0,0,,NONE,,0,-,-,-,-,-,-,-,-,-
kit.sch face brush,RELEVANT,BRUSH_MASSAGE,0,-,,,0,0,,NONE,,0,-,-,-,-,-,-,-,-,-
kitch contour brush,RELEVANT,CONTOUR,0,-,,,0,0,,NONE,,0,-,-,-,-,-,-,-,-,-
lymph drainage brush face,RELEVANT,DRAINAGE,0,-,,,0,0,,NONE,,0,-,-,-,-,-,-,-,-,-
kitch contour face brush,RELEVANT,CONTOUR,0,-,,,0,0,,NONE,,0,-,-,-,-,-,-,-,-,-
brush face lifting,RELEVANT,BRUSH_MASSAGE,0,-,,,0,0,,NONE,,0,-,-,-,-,-,-,-,-,-
face sculpting brush kitsch,COMPETITOR_BRAND,SCULPTING,0,-,,,0,0,,NONE,,0,-,-,-,-,-,-,-,-,-
face brushes exfoliating,RELEVANT,BRUSH_MASSAGE,0,-,,,0,0,,NONE,,0,-,-,-,-,-,-,-,-,-
kitsh face brush,RELEVANT,BRUSH_MASSAGE,0,-,,,0,0,,NONE,,0,-,-,-,-,-,-,-,-,-
facial roller kitsch,COMPETITOR_BRAND,OTHER,0,-,,,0,0,,NONE,,0,-,-,-,-,-,-,-,-,-
kitsch sculpting brush,COMPETITOR_BRAND,SCULPTING,0,-,,,0,0,,NONE,,0,-,-,-,-,-,-,-,-,-
kitsch lymphatic drainage massager,COMPETITOR_BRAND,DRAINAGE,0,-,,,0,0,,NONE,,0,-,-,-,-,-,-,-,-,-
facial massage brush lymphatic drainage,RELEVANT,DRAINAGE,0,-,,,0,0,,NONE,,0,-,-,-,-,-,-,-,-,-
soft bristle facial lymphatic brush,RELEVANT,LYMPHATIC,0,-,,,0,0,,NONE,,0,-,-,-,-,-,-,-,-,-
kitsch guasha brush,COMPETITOR_BRAND,GUA_SHA,0,-,,,0,0,,NONE,,0,-,-,-,-,-,-,-,-,-
lymphatic contour face brush hypoallergenic,RELEVANT,CONTOUR,0,-,,,0,0,,NONE,,0,-,-,-,-,-,-,-,-,-
lymphatic brush gua sha,RELEVANT,GUA_SHA,0,-,,,0,0,,NONE,,0,-,-,-,-,-,-,-,-,-
lymphatic contour face brush ly,RELEVANT,CONTOUR,0,-,,,0,0,,NONE,,0,-,-,-,-,-,-,-,-,-
kitch facial lymphatic drainage brush,RELEVANT,DRAINAGE,0,-,,,0,0,,NONE,,0,-,-,-,-,-,-,-,-,-
face sculptor brush,RELEVANT,SCULPTING,0,-,,,0,0,,NONE,,0,-,-,-,-,-,-,-,-,-
guasha tool face kitsch,COMPETITOR_BRAND,GUA_SHA,0,-,,,0,0,,NONE,,0,-,-,-,-,-,-,-,-,-
kitsch drainage brush,COMPETITOR_BRAND,DRAINAGE,0,-,,,0,0,,NONE,,0,-,-,-,-,-,-,-,-,-
kitschlymphatic contour face brush,COMPETITOR_BRAND,CONTOUR,0,-,,,0,0,,NONE,,0,-,-,-,-,-,-,-,-,-
dry sculpting brush face,RELEVANT,SCULPTING,0,-,,,0,0,,NONE,,0,-,-,-,-,-,-,-,-,-
kitsch face gua sha,COMPETITOR_BRAND,GUA_SHA,0,-,,,0,0,,NONE,,0,-,-,-,-,-,-,-,-,-
organic dry face brush,RELEVANT,BRUSH_MASSAGE,0,-,,,0,0,,NONE,,0,-,-,-,-,-,-,-,-,-
face roller lymphatic drainage brush,RELEVANT,DRAINAGE,0,-,,,0,0,,NONE,,0,-,-,-,-,-,-,-,-,-
kitcsh brush,RELEVANT,BRUSH_MASSAGE,0,-,,,0,0,,NONE,,0,-,-,-,-,-,-,-,-,-
face neck dry brush,RELEVANT,JAWLINE_CHIN,0,-,,,0,0,,NONE,,0,-,-,-,-,-,-,-,-,-
cepillo facial de contorno linfatico,OFF_CATEGORY,OTHER,0,-,,,0,0,,NONE,,0,-,-,-,-,-,-,-,-,-
kitsch sculpting,COMPETITOR_BRAND,SCULPTING,0,-,,,0,0,,NONE,,0,-,-,-,-,-,-,-,-,-
lymphatic countour face brush,RELEVANT,LYMPHATIC,0,-,,,0,0,,NONE,,0,-,-,-,-,-,-,-,-,-
lymphatic contour face brish,RELEVANT,CONTOUR,0,-,,,0,0,,NONE,,0,-,-,-,-,-,-,-,-,-
mykitch lymphatic brush,RELEVANT,LYMPHATIC,0,-,,,0,0,,NONE,,0,-,-,-,-,-,-,-,-,-
facial lumphatic brush,RELEVANT,BRUSH_MASSAGE,0,-,,,0,0,,NONE,,0,-,-,-,-,-,-,-,-,-
kitscg brush,RELEVANT,BRUSH_MASSAGE,0,-,,,0,0,,NONE,,0,-,-,-,-,-,-,-,-,-
lymphatic drainage brush goop,RELEVANT,DRAINAGE,0,-,,,0,0,,NONE,,0,-,-,-,-,-,-,-,-,-
copper skin brush,RELEVANT,BRUSH_MASSAGE,0,-,,,0,0,,NONE,,0,-,-,-,-,-,-,-,-,-
lymphatic drainage bruch,RELEVANT,DRAINAGE,0,-,,,0,0,,NONE,,0,-,-,-,-,-,-,-,-,-
kitsch face sculptor,COMPETITOR_BRAND,SCULPTING,0,-,,,0,0,,NONE,,0,-,-,-,-,-,-,-,-,-
kirtsch brush,RELEVANT,BRUSH_MASSAGE,0,-,,,0,0,,NONE,,0,-,-,-,-,-,-,-,-,-
kitsch face brish,COMPETITOR_BRAND,OTHER,0,-,,,0,0,,NONE,,0,-,-,-,-,-,-,-,-,-
kitschlymphatic drainage brush,COMPETITOR_BRAND,DRAINAGE,0,-,,,0,0,,NONE,,0,-,-,-,-,-,-,-,-,-
contoured lymphatic facial brush,RELEVANT,CONTOUR,0,-,,,0,0,,NONE,,0,-,-,-,-,-,-,-,-,-
lymphatic contour brush kitsch,COMPETITOR_BRAND,CONTOUR,0,-,,,0,0,,NONE,,0,-,-,-,-,-,-,-,-,-
lymphtic brush,RELEVANT,LYMPHATIC,0,-,,,0,0,,NONE,,0,-,-,-,-,-,-,-,-,-
terracotta lymphatic face brush,RELEVANT,LYMPHATIC,0,-,,,0,0,,NONE,,0,-,-,-,-,-,-,-,-,-
kitsch reviews lymph,COMPETITOR_BRAND,LYMPHATIC,0,-,,,0,0,,NONE,,0,-,-,-,-,-,-,-,-,-
lymphati brush,RELEVANT,LYMPHATIC,0,-,,,0,0,,NONE,,0,-,-,-,-,-,-,-,-,-
kitsch dey brush,COMPETITOR_BRAND,BRUSH_MASSAGE,0,-,,,0,0,,NONE,,0,-,-,-,-,-,-,-,-,-
kitsch lymphatic dry brush,COMPETITOR_BRAND,LYMPHATIC,0,-,,,0,0,,NONE,,0,-,-,-,-,-,-,-,-,-
kitsch all,COMPETITOR_BRAND,OTHER,0,-,,,0,0,,NONE,,0,-,-,-,-,-,-,-,-,-
kit.sch lymphatic contour face brush,RELEVANT,CONTOUR,0,-,,,0,0,,NONE,,0,-,-,-,-,-,-,-,-,-
terracotta face brush,RELEVANT,BRUSH_MASSAGE,0,-,,,0,0,,NONE,,0,-,-,-,-,-,-,-,-,-
lymphatic soft brush,RELEVANT,LYMPHATIC,0,-,,,0,0,,NONE,,0,-,-,-,-,-,-,-,-,-
kitsch facial tools,COMPETITOR_BRAND,OTHER,0,-,,,0,0,,NONE,,0,-,-,-,-,-,-,-,-,-
terracotta lymphatic contour,RELEVANT,CONTOUR,0,-,,,0,0,,NONE,,0,-,-,-,-,-,-,-,-,-
kitsch terra cotta face brush,COMPETITOR_BRAND,BRUSH_MASSAGE,0,-,,,0,0,,NONE,,0,-,-,-,-,-,-,-,-,-
lymphatic face dry brush,RELEVANT,LYMPHATIC,0,-,,,0,0,,NONE,,0,-,-,-,-,-,-,-,-,-
lymphatic countor face brush,RELEVANT,LYMPHATIC,0,-,,,0,0,,NONE,,0,-,-,-,-,-,-,-,-,-
kitsch dace brush,COMPETITOR_BRAND,BRUSH_MASSAGE,0,-,,,0,0,,NONE,,0,-,-,-,-,-,-,-,-,-
kiych,RELEVANT,OTHER,0,-,,,0,0,,NONE,,0,-,-,-,-,-,-,-,-,-
face sculpting dry brush,RELEVANT,SCULPTING,0,-,,,0,0,,NONE,,0,-,-,-,-,-,-,-,-,-
lymphatic drainage massager facr,RELEVANT,DRAINAGE,0,-,,,0,0,,NONE,,0,-,-,-,-,-,-,-,-,-
lymphatic countour brush,RELEVANT,LYMPHATIC,0,-,,,0,0,,NONE,,0,-,-,-,-,-,-,-,-,-
kitsch terracotta smooth polish brush,COMPETITOR_BRAND,BRUSH_MASSAGE,0,-,,,0,0,,NONE,,0,-,-,-,-,-,-,-,-,-
kitsch lymphatic brish,COMPETITOR_BRAND,LYMPHATIC,0,-,,,0,0,,NONE,,0,-,-,-,-,-,-,-,-,-
gua sga brush,RELEVANT,BRUSH_MASSAGE,0,-,,,0,0,,NONE,,0,-,-,-,-,-,-,-,-,-
kit.sch dry brush,RELEVANT,BRUSH_MASSAGE,0,-,,,0,0,,NONE,,0,-,-,-,-,-,-,-,-,-
lyohatic contour face brush,RELEVANT,CONTOUR,0,-,,,0,0,,NONE,,0,-,-,-,-,-,-,-,-,-
lymphatic face briah,RELEVANT,LYMPHATIC,0,-,,,0,0,,NONE,,0,-,-,-,-,-,-,-,-,-
korean skin brush,RELEVANT,BRUSH_MASSAGE,0,-,,,0,0,,NONE,,0,-,-,-,-,-,-,-,-,-
kitsch face depuffer,COMPETITOR_BRAND,DEPUFF,0,-,,,0,0,,NONE,,0,-,-,-,-,-,-,-,-,-
kitish brush,RELEVANT,BRUSH_MASSAGE,0,-,,,0,0,,NONE,,0,-,-,-,-,-,-,-,-,-
kitsch face scraper,COMPETITOR_BRAND,OTHER,0,-,,,0,0,,NONE,,0,-,-,-,-,-,-,-,-,-
depuff brush face,RELEVANT,DEPUFF,0,-,,,0,0,,NONE,,0,-,-,-,-,-,-,-,-,-
lymphatic drainage brush cjb,RELEVANT,DRAINAGE,0,-,,,0,0,,NONE,,0,-,-,-,-,-,-,-,-,-
limphatic drainage face brush,RELEVANT,DRAINAGE,0,-,,,0,0,,NONE,,0,-,-,-,-,-,-,-,-,-
kitsh dry brush,RELEVANT,BRUSH_MASSAGE,0,-,,,0,0,,NONE,,0,-,-,-,-,-,-,-,-,-
lyphatic brush,RELEVANT,BRUSH_MASSAGE,0,-,,,0,0,,NONE,,0,-,-,-,-,-,-,-,-,-
lympatic drainage face brush,RELEVANT,DRAINAGE,0,-,,,0,0,,NONE,,0,-,-,-,-,-,-,-,-,-
kojvea face brush,RELEVANT,BRUSH_MASSAGE,0,-,,,0,0,,NONE,,0,-,-,-,-,-,-,-,-,-
