keyword,search_volume,product_form,cluster,defenders_top20,defenders_top50,defense_level,avie_rank,sponsored_asins,cpr,h10_bid,title_density,B0FD354L27,B0GSQW56YT,B0GVBQ7P79,B0GC3HX5KH,B0FD6Y9BX5,B0G3685P2S,B0H5MMYNWM,B0G2XLH8CG,B0H93V3MNM,B0FV8CRNXD,B0FDBJK9ML,B0GFSMWTPK,B0FH2Q6J2Q,B0FP2DVM2C,B0G4CZNJVL,B0G8KQ5XFG
lymphatic drainage,210642.0,ADJACENT,LYMPHATIC_CORE,0,0,NONE,,250,288,1.75,42.0,209.0,260.0,306.0,275.0,67.0,172.0,71.0,279.0,248.0,214.0,250.0,,,,,281.0
gua sha,164451.0,ADJACENT,GUA_SHA,0,1,NONE,,260,235,1.11,46.0,75.0,87.0,300.0,265.0,113.0,201.0,216.0,109.0,,240.0,,,,,,49.0
lymphatic drainage massager,74320.0,ADJACENT,LYMPHATIC_CORE,0,1,NONE,,356,122,1.14,28.0,22.0,81.0,281.0,288.0,93.0,109.0,,95.0,,105.0,267.0,298.0,,82.0,,163.0
lymphatic contour face brush,72949.0,EXACT,LYMPHATIC_CORE,10,16,CONSOLIDATED,142.0,275,123,0.96,38.0,20.0,9.0,22.0,37.0,15.0,18.0,6.0,21.0,3.0,12.0,11.0,32.0,13.0,34.0,7.0,26.0
contour,40151.0,ADJACENT,CONTOUR_CORE,0,1,NONE,,264,86,0.94,42.0,87.0,89.0,188.0,198.0,67.0,82.0,40.0,153.0,140.0,105.0,114.0,128.0,,155.0,118.0,210.0
guasha tool for face,40138.0,ADJACENT,GUA_SHA,2,3,SHARED,278.0,272,79,1.06,21.0,10.0,11.0,130.0,144.0,39.0,91.0,,53.0,214.0,174.0,188.0,,214.0,278.0,,129.0
ice roller for face,34386.0,ADJACENT,OTHER,0,0,NONE,,256,76,1.0,35.0,122.0,,,,,,,,,148.0,,,,,,
lymphatic drainage supplements,27281.0,ADJACENT,LYMPHATIC_CORE,0,0,NONE,,203,63,2.1,20.0,,,,,,,,,,,,,,,,
facial cleansing brush,23023.0,ADJACENT,OTHER,0,0,NONE,,274,63,0.93,36.0,85.0,186.0,277.0,273.0,,241.0,283.0,240.0,,185.0,274.0,,,,,
kitsch lymphatic contour face brush,21637.0,EXACT,COMPETITOR_BRAND,7,11,CONSOLIDATED,113.0,96,50,1.21,0.0,18.0,20.0,19.0,121.0,8.0,26.0,2.0,88.0,49.0,10.0,111.0,53.0,27.0,13.0,23.0,117.0
lymphatic face brush,21629.0,EXACT,LYMPHATIC_CORE,11,15,CONSOLIDATED,124.0,267,51,1.02,3.0,12.0,5.0,14.0,39.0,15.0,23.0,8.0,16.0,7.0,11.0,18.0,54.0,20.0,34.0,9.0,50.0
face brush,19613.0,ADJACENT,OTHER,1,4,SINGLE,274.0,275,55,1.05,22.0,65.0,39.0,180.0,77.0,33.0,132.0,29.0,84.0,273.0,10.0,122.0,202.0,,85.0,107.0,209.0
face roller,19556.0,ADJACENT,OTHER,0,0,NONE,,241,57,1.03,29.0,63.0,,,208.0,,,,,,147.0,,,,,,
contour palette,18618.0,ADJACENT,CONTOUR_CORE,0,0,NONE,,347,54,0.74,25.0,,,,,,,,,,,,,,,,
guasha,18597.0,ADJACENT,GUA_SHA,0,0,NONE,,266,58,0.96,36.0,100.0,110.0,227.0,122.0,266.0,,,54.0,244.0,153.0,220.0,,,,,191.0
gua sha facial tools,16296.0,ADJACENT,GUA_SHA,2,4,SHARED,246.0,228,50,1.11,19.0,10.0,65.0,86.0,168.0,33.0,102.0,,36.0,,140.0,183.0,,178.0,209.0,,19.0
lymphatic drainage brush,16283.0,EXACT,LYMPHATIC_CORE,7,11,CONSOLIDATED,146.0,280,45,1.08,5.0,40.0,9.0,50.0,65.0,19.0,12.0,8.0,20.0,71.0,6.0,41.0,57.0,17.0,25.0,67.0,89.0
face massager,15038.0,ADJACENT,OTHER,0,0,NONE,255.0,284,48,1.19,17.0,88.0,92.0,,266.0,102.0,90.0,,82.0,,100.0,198.0,168.0,,215.0,,230.0
contour brush,14879.0,EXACT,CONTOUR_CORE,0,2,NONE,236.0,291,46,0.82,12.0,84.0,85.0,119.0,186.0,33.0,68.0,31.0,64.0,135.0,62.0,141.0,127.0,,110.0,159.0,208.0
kitsch face brush,12855.0,ADJACENT,COMPETITOR_BRAND,6,11,CONSOLIDATED,77.0,46,40,1.35,0.0,21.0,4.0,24.0,25.0,22.0,12.0,2.0,10.0,,6.0,7.0,,,,30.0,56.0
face brush for lymphatic drainage,11747.0,EXACT,LYMPHATIC_CORE,8,16,CONSOLIDATED,113.0,284,40,1.09,7.0,25.0,9.0,15.0,39.0,13.0,18.0,10.0,16.0,26.0,7.0,28.0,36.0,3.0,22.0,43.0,37.0
facial brush,9353.0,ADJACENT,OTHER,2,3,SHARED,295.0,262,37,1.0,4.0,87.0,72.0,86.0,144.0,36.0,67.0,14.0,85.0,136.0,11.0,155.0,190.0,,83.0,,165.0
face brushes for cleansing,9343.0,ADJACENT,OTHER,1,2,SINGLE,249.0,219,36,1.04,1.0,12.0,90.0,256.0,181.0,71.0,223.0,22.0,99.0,,115.0,191.0,,302.0,,228.0,
terracotta lymphatic contour face brush,9343.0,EXACT,LYMPHATIC_CORE,9,10,CONSOLIDATED,158.0,53,35,1.24,0.0,20.0,7.0,17.0,109.0,14.0,15.0,1.0,5.0,82.0,4.0,119.0,112.0,44.0,67.0,18.0,134.0
kojeva lymphatic face brush,9340.0,EXACT,COMPETITOR_BRAND,8,12,CONSOLIDATED,146.0,242,35,1.03,0.0,6.0,7.0,5.0,139.0,8.0,12.0,27.0,15.0,114.0,10.0,42.0,53.0,13.0,28.0,23.0,61.0
lymphatic drainage tool,8512.0,ADJACENT,LYMPHATIC_CORE,1,6,SINGLE,240.0,381,35,1.06,2.0,37.0,32.0,120.0,138.0,23.0,68.0,,36.0,3.0,22.0,67.0,153.0,,54.0,117.0,62.0
ice face roller,7890.0,ADJACENT,OTHER,0,0,NONE,,269,37,1.0,9.0,86.0,,,,,,,,,81.0,,,,,,
face cleansing brush,7795.0,ADJACENT,OTHER,0,0,NONE,,209,34,0.95,3.0,74.0,163.0,289.0,306.0,,226.0,150.0,178.0,,92.0,225.0,,,,,
lymphatic brush,7504.0,EXACT,LYMPHATIC_CORE,7,11,CONSOLIDATED,127.0,255,33,1.15,0.0,29.0,11.0,47.0,157.0,13.0,18.0,7.0,94.0,3.0,6.0,34.0,91.0,,25.0,10.0,71.0
face massager tool,7499.0,ADJACENT,OTHER,0,0,NONE,,230,35,1.25,5.0,83.0,79.0,,163.0,89.0,67.0,,64.0,,80.0,179.0,268.0,,188.0,,185.0
lymphatic massage oil,7494.0,ADJACENT,LYMPHATIC_CORE,0,0,NONE,,195,35,1.5,6.0,,,,,,,,213.0,,,,,,,,
aeki lymphatic contour face brush,7116.0,EXACT,COMPETITOR_BRAND,6,12,CONSOLIDATED,153.0,253,34,1.18,5.0,23.0,8.0,19.0,93.0,12.0,7.0,14.0,33.0,84.0,21.0,43.0,3.0,37.0,72.0,36.0,107.0
face ice roller,6812.0,ADJACENT,OTHER,0,0,NONE,,231,32,1.07,,,,,,,,,,,66.0,299.0,,,,,
lymphatic,6802.0,ADJACENT,LYMPHATIC_CORE,0,2,NONE,,244,47,2.08,47.0,93.0,74.0,176.0,181.0,24.0,96.0,25.0,81.0,253.0,134.0,130.0,214.0,,190.0,126.0,193.0
guasha tool,6301.0,ADJACENT,GUA_SHA,0,1,NONE,244.0,221,38,1.07,20.0,48.0,103.0,222.0,112.0,191.0,283.0,,77.0,248.0,130.0,302.0,,,296.0,,217.0
face roller lymphatic drainage,5987.0,ADJACENT,LYMPHATIC_CORE,0,1,NONE,304.0,187,32,1.11,1.0,76.0,71.0,204.0,104.0,151.0,172.0,136.0,99.0,,25.0,119.0,194.0,114.0,171.0,175.0,122.0
gua sha brush,5987.0,EXACT,GUA_SHA,7,11,CONSOLIDATED,106.0,199,32,1.14,2.0,31.0,8.0,24.0,19.0,7.0,32.0,11.0,63.0,158.0,9.0,15.0,157.0,88.0,23.0,150.0,17.0
facial massager,5987.0,ADJACENT,OTHER,0,0,NONE,,270,38,1.32,20.0,83.0,93.0,,,97.0,76.0,,77.0,,99.0,197.0,123.0,,169.0,,239.0
face sculpting tool,5984.0,ADJACENT,CONTOUR_CORE,1,6,SINGLE,243.0,274,34,1.4,9.0,54.0,35.0,95.0,105.0,5.0,45.0,,44.0,140.0,26.0,78.0,158.0,,98.0,81.0,42.0
gua sha oil,5028.0,ADJACENT,GUA_SHA,0,0,NONE,,152,32,1.25,6.0,,,,,,,,136.0,,,,,,,,
silicone face brush,4801.0,ADJACENT,OTHER,0,0,NONE,,288,32,1.03,5.0,135.0,,,148.0,,,203.0,,,,221.0,,,,,
facial brush skin cleansing,4778.0,ADJACENT,OTHER,0,1,NONE,,310,30,1.06,0.0,28.0,149.0,268.0,123.0,210.0,198.0,178.0,218.0,,131.0,264.0,,,,,234.0
lymphatic brush for face,4349.0,EXACT,LYMPHATIC_CORE,8,13,CONSOLIDATED,139.0,278,29,1.05,0.0,15.0,7.0,21.0,101.0,12.0,13.0,9.0,67.0,24.0,20.0,34.0,100.0,10.0,31.0,18.0,29.0
ice roller for face women,4336.0,ADJACENT,OTHER,0,0,NONE,,201,30,1.1,3.0,79.0,,,,,,,,,63.0,,,,,,
face mask brush,4328.0,ADJACENT,OTHER,0,0,NONE,226.0,237,35,0.84,16.0,153.0,285.0,279.0,83.0,216.0,231.0,124.0,56.0,,,105.0,,,,,
jaw massager,4328.0,ADJACENT,OTHER,1,1,SINGLE,,258,32,1.17,7.0,19.0,,,,,,,,,257.0,,,,,,
lymphatic massager,4328.0,ADJACENT,LYMPHATIC_CORE,0,0,NONE,246.0,292,29,1.18,0.0,55.0,61.0,,259.0,274.0,60.0,,53.0,,200.0,148.0,279.0,,123.0,,108.0
face depuffer,4328.0,ADJACENT,OTHER,3,5,SHARED,,342,30,1.3,3.0,14.0,65.0,,93.0,4.0,50.0,,52.0,,10.0,63.0,,74.0,61.0,49.0,90.0
face scrub brush,4328.0,ADJACENT,OTHER,0,1,NONE,285.0,242,30,1.04,3.0,22.0,282.0,116.0,152.0,170.0,179.0,105.0,,,96.0,195.0,,,,,
omnilux contour face,4328.0,ADJACENT,CONTOUR_CORE,0,2,NONE,,137,29,2.3,0.0,,,,,,,,44.0,,24.0,,,,,,
kitch lymphatic contour face brush,3899.0,EXACT,COMPETITOR_BRAND,5,11,CONSOLIDATED,51.0,109,29,1.21,0.0,10.0,18.0,23.0,99.0,32.0,21.0,2.0,91.0,49.0,7.0,82.0,95.0,38.0,39.0,20.0,89.0
jade roller for face,3531.0,ADJACENT,OTHER,0,0,NONE,,231,31,1.06,7.0,,,,,,,,114.0,,82.0,,,,,,
gua sha tool,3531.0,ADJACENT,GUA_SHA,0,0,NONE,,250,31,1.24,9.0,131.0,105.0,255.0,158.0,202.0,278.0,,88.0,230.0,141.0,79.0,,,,,86.0
face exfoliator brush,3531.0,ADJACENT,OTHER,0,0,NONE,277.0,278,28,1.16,0.0,83.0,182.0,294.0,134.0,194.0,224.0,173.0,114.0,,128.0,221.0,,270.0,,285.0,
harrys face brush,3529.0,ADJACENT,OTHER,0,1,NONE,,154,28,1.07,0.0,63.0,,67.0,68.0,,,42.0,64.0,,53.0,,,,,,
gua sha cream,3529.0,ADJACENT,GUA_SHA,0,0,NONE,,144,31,1.37,8.0,,,,,,,,118.0,,,,,,,,
facial roller,3529.0,ADJACENT,OTHER,0,1,NONE,,271,32,1.04,10.0,35.0,,,,,,,,,123.0,,,,,,
clarisonic facial cleansing brush,3529.0,ADJACENT,OTHER,0,0,NONE,,168,28,1.04,0.0,57.0,,,,,,114.0,,,,,,,,,
facial brushes,3256.0,ADJACENT,OTHER,0,0,NONE,287.0,311,31,0.88,10.0,133.0,85.0,145.0,179.0,61.0,99.0,57.0,111.0,,78.0,184.0,208.0,91.0,97.0,223.0,202.0
face sculpting brush,3117.0,EXACT,CONTOUR_CORE,9,15,CONSOLIDATED,126.0,225,29,1.09,3.0,10.0,7.0,14.0,28.0,4.0,6.0,5.0,16.0,50.0,26.0,27.0,51.0,34.0,18.0,13.0,25.0
face lymphatic drainage brush,3117.0,EXACT,LYMPHATIC_CORE,9,15,CONSOLIDATED,95.0,280,28,1.13,0.0,19.0,9.0,31.0,20.0,6.0,17.0,12.0,16.0,48.0,10.0,30.0,68.0,8.0,22.0,42.0,43.0
kitsch terracotta lymphatic contour face brush,3117.0,EXACT,COMPETITOR_BRAND,7,14,CONSOLIDATED,80.0,42,28,1.23,0.0,10.0,5.0,18.0,31.0,23.0,20.0,1.0,11.0,50.0,9.0,32.0,44.0,36.0,93.0,28.0,87.0
lymphatic drainage tools,3009.0,ADJACENT,LYMPHATIC_CORE,0,3,NONE,,298,28,0.97,0.0,79.0,42.0,105.0,122.0,24.0,45.0,,68.0,290.0,63.0,104.0,261.0,,65.0,116.0,76.0
lymphatic drainage brush for face,2672.0,EXACT,LYMPHATIC_CORE,9,14,CONSOLIDATED,81.0,272,28,1.18,3.0,16.0,9.0,23.0,26.0,10.0,12.0,11.0,19.0,50.0,8.0,17.0,55.0,7.0,21.0,32.0,58.0
lymphatic support,2672.0,ADJACENT,LYMPHATIC_CORE,0,0,NONE,,181,31,2.12,12.0,,206.0,245.0,246.0,,252.0,,253.0,,,,,,,251.0,
lymphatic drainage oil,2672.0,ADJACENT,LYMPHATIC_CORE,0,0,NONE,,222,29,1.43,6.0,,134.0,,,208.0,,,163.0,,,,,,,,
gua sha stainless steel,2670.0,ADJACENT,GUA_SHA,0,0,NONE,,189,27,1.1,0.0,,,194.0,,,,,184.0,,,,,,,,225.0
face rollers for women,2670.0,ADJACENT,OTHER,0,0,NONE,,245,28,1.15,2.0,82.0,,,,,,,,,83.0,,,,,,
dry brush for face,2667.0,ADJACENT,OTHER,6,10,CONSOLIDATED,256.0,229,28,1.14,1.0,51.0,8.0,32.0,17.0,13.0,22.0,4.0,121.0,3.0,23.0,74.0,100.0,6.0,29.0,54.0,125.0
aeki lymphatic face brush,2667.0,EXACT,COMPETITOR_BRAND,8,13,CONSOLIDATED,151.0,240,29,1.1,4.0,5.0,8.0,17.0,39.0,9.0,11.0,12.0,21.0,55.0,19.0,42.0,3.0,31.0,56.0,26.0,73.0
neck roller,2662.0,ADJACENT,OTHER,0,0,NONE,,297,28,0.94,3.0,97.0,,,,,,,,,,,,,,,
facial scrub brush,2659.0,ADJACENT,OTHER,0,1,NONE,,262,27,1.17,0.0,53.0,186.0,214.0,220.0,255.0,200.0,25.0,,,161.0,217.0,,277.0,,,
face gua sha,2654.0,ADJACENT,GUA_SHA,1,3,SINGLE,233.0,274,28,1.14,1.0,30.0,77.0,259.0,94.0,133.0,183.0,97.0,11.0,248.0,84.0,47.0,,,157.0,,51.0
guasha tool for body,2649.0,ADJACENT,GUA_SHA,0,0,NONE,,298,29,0.94,4.0,84.0,98.0,229.0,302.0,,,,,,,,,,,,219.0
facial lymphatic drainage brush,2564.0,EXACT,LYMPHATIC_CORE,10,14,CONSOLIDATED,91.0,287,28,1.21,1.0,12.0,8.0,18.0,24.0,7.0,17.0,10.0,16.0,86.0,6.0,40.0,48.0,13.0,15.0,60.0,43.0
derma roller for face,2562.0,ADJACENT,OTHER,0,0,NONE,,225,30,1.08,8.0,89.0,,,,,,,,,,,,,,,
facial massage tool,2559.0,ADJACENT,OTHER,1,2,SINGLE,,332,28,1.29,3.0,67.0,61.0,148.0,102.0,7.0,52.0,,58.0,,38.0,173.0,,,,,251.0
lymphatic drainage face brush,2559.0,EXACT,LYMPHATIC_CORE,6,14,CONSOLIDATED,115.0,249,28,1.09,2.0,26.0,13.0,22.0,25.0,8.0,21.0,10.0,24.0,58.0,6.0,31.0,57.0,11.0,14.0,28.0,35.0
face massager lymphatic drainage,2557.0,ADJACENT,LYMPHATIC_CORE,1,9,SINGLE,233.0,210,27,1.33,0.0,31.0,21.0,106.0,99.0,14.0,49.0,25.0,38.0,,33.0,30.0,169.0,,48.0,94.0,86.0
kitsch brush face,2557.0,ADJACENT,COMPETITOR_BRAND,6,7,CONSOLIDATED,,43,27,1.1,0.0,20.0,,19.0,6.0,,10.0,2.0,22.0,,5.0,,,,,,
facial brush for lymphatic drainage,2343.0,EXACT,LYMPHATIC_CORE,9,15,CONSOLIDATED,83.0,251,28,1.12,2.0,1.0,7.0,12.0,23.0,10.0,11.0,6.0,13.0,60.0,17.0,46.0,27.0,4.0,21.0,44.0,32.0
guasha brush for face,2338.0,EXACT,GUA_SHA,10,12,CONSOLIDATED,80.0,258,27,1.02,1.0,11.0,7.0,38.0,66.0,4.0,21.0,3.0,9.0,71.0,5.0,18.0,68.0,20.0,15.0,60.0,13.0
kitsch lymphatic drainage face brush,2302.0,EXACT,COMPETITOR_BRAND,7,12,CONSOLIDATED,143.0,89,27,1.22,0.0,11.0,6.0,12.0,41.0,18.0,23.0,2.0,20.0,48.0,9.0,60.0,54.0,25.0,53.0,27.0,65.0
kitch face brush,2297.0,ADJACENT,COMPETITOR_BRAND,6,9,CONSOLIDATED,,66,27,1.09,0.0,17.0,7.0,,22.0,,18.0,2.0,19.0,,6.0,26.0,,,,25.0,
facial ice roller,2227.0,ADJACENT,OTHER,0,0,NONE,,222,28,1.08,2.0,95.0,,,,,,,,,,,,,,,
kitsch lymphatic face brush,2227.0,EXACT,COMPETITOR_BRAND,6,13,CONSOLIDATED,60.0,38,27,1.13,0.0,25.0,18.0,20.0,43.0,8.0,10.0,2.0,37.0,46.0,22.0,82.0,69.0,27.0,15.0,35.0,54.0
lymphatic drainage massage,2225.0,ADJACENT,LYMPHATIC_CORE,0,4,NONE,,359,28,1.09,5.0,64.0,35.0,134.0,245.0,25.0,76.0,27.0,61.0,209.0,24.0,91.0,,,161.0,,
exfoliating face brush,1999.0,ADJACENT,OTHER,0,2,NONE,299.0,212,28,1.15,3.0,34.0,154.0,199.0,124.0,195.0,212.0,70.0,50.0,,180.0,207.0,,280.0,,200.0,200.0
kitsch contour face brush,1996.0,EXACT,COMPETITOR_BRAND,7,12,CONSOLIDATED,126.0,37,27,1.02,0.0,20.0,17.0,24.0,21.0,8.0,4.0,2.0,7.0,46.0,18.0,91.0,59.0,23.0,57.0,30.0,63.0
guasha brush,1983.0,EXACT,GUA_SHA,7,10,CONSOLIDATED,85.0,219,27,1.08,0.0,21.0,13.0,116.0,55.0,3.0,19.0,39.0,66.0,114.0,2.0,18.0,65.0,27.0,12.0,139.0,16.0
face scraper,1983.0,ADJACENT,OTHER,0,1,NONE,,239,30,0.95,11.0,40.0,,,122.0,,,,,,105.0,,,,,,
face roller set,1983.0,ADJACENT,OTHER,0,0,NONE,,273,29,1.13,8.0,87.0,,,,,,,,,63.0,,,,,,
gua sha tools,1981.0,ADJACENT,GUA_SHA,0,2,NONE,,295,28,1.26,4.0,74.0,41.0,226.0,264.0,89.0,270.0,,36.0,,,87.0,,,,,151.0
lymphatic drainage massager face,1981.0,ADJACENT,LYMPHATIC_CORE,3,7,SHARED,272.0,292,27,1.43,0.0,17.0,16.0,110.0,96.0,9.0,36.0,24.0,39.0,,29.0,122.0,161.0,,154.0,231.0,63.0
skult collagen face sculpt wrap,1981.0,ADJACENT,CONTOUR_CORE,0,1,NONE,,210,28,1.31,3.0,31.0,,,,,,,,,,,,,,,
face dry brush,1952.0,ADJACENT,OTHER,7,11,CONSOLIDATED,124.0,234,27,1.17,0.0,55.0,7.0,36.0,16.0,10.0,25.0,2.0,22.0,84.0,11.0,12.0,102.0,6.0,23.0,,89.0
pritech facial cleansing brush,1867.0,ADJACENT,OTHER,0,0,NONE,,111,27,1.18,1.0,,,,,,,54.0,,,51.0,78.0,,,,,
face massage,1865.0,ADJACENT,OTHER,2,4,SHARED,,330,27,1.13,2.0,40.0,70.0,207.0,196.0,7.0,66.0,17.0,100.0,225.0,34.0,138.0,,,133.0,,
kitsch face brush for lymphatic drainage,1865.0,EXACT,COMPETITOR_BRAND,7,11,CONSOLIDATED,136.0,60,26,1.24,0.0,10.0,4.0,11.0,35.0,9.0,21.0,2.0,19.0,41.0,5.0,62.0,73.0,34.0,59.0,98.0,66.0
contour brushes for makeup,1757.0,EXACT,CONTOUR_CORE,0,0,NONE,,298,26,0.94,0.0,56.0,,190.0,186.0,90.0,72.0,62.0,203.0,248.0,167.0,,,,,,
facial brushes esthetician,1754.0,ADJACENT,OTHER,0,2,NONE,277.0,241,30,0.68,11.0,33.0,106.0,208.0,174.0,86.0,101.0,66.0,91.0,,50.0,252.0,,,177.0,,286.0
massage neck,1693.0,ADJACENT,OTHER,0,0,NONE,,453,26,1.49,0.0,,,,,,296.0,,,,,,,,,,
real techniques expert face brush,1693.0,ADJACENT,OTHER,0,2,NONE,,138,26,1.14,0.0,38.0,,,,,,,21.0,,,,,,,,
lymphatic contour face brush kitsch,1693.0,EXACT,COMPETITOR_BRAND,7,10,CONSOLIDATED,92.0,97,26,1.15,0.0,2.0,13.0,27.0,65.0,10.0,16.0,1.0,20.0,53.0,69.0,41.0,77.0,15.0,57.0,33.0,56.0
contour makeup,1693.0,ADJACENT,CONTOUR_CORE,0,0,NONE,,315,26,0.92,0.0,,,,,139.0,184.0,66.0,169.0,242.0,219.0,,,,,,
lymphatic face brush curved,1690.0,EXACT,LYMPHATIC_CORE,7,13,CONSOLIDATED,137.0,232,26,1.06,0.0,10.0,8.0,13.0,101.0,11.0,5.0,22.0,23.0,64.0,6.0,33.0,54.0,17.0,27.0,29.0,38.0
facial oil for gua sha,1690.0,ADJACENT,GUA_SHA,0,0,NONE,,227,27,1.39,1.0,,,209.0,,,,,256.0,,,,,,,,
silicone facial cleansing brush,1687.0,ADJACENT,OTHER,0,0,NONE,,268,28,1.05,,,,,,,,,,,94.0,,,,,,
face mask brush applicator,1687.0,ADJACENT,OTHER,0,0,NONE,67.0,334,28,0.88,4.0,,,,106.0,,,,,,112.0,,,,,,
face sculpting brush lymphatic,1687.0,EXACT,LYMPHATIC_CORE,10,15,CONSOLIDATED,144.0,269,26,1.21,0.0,9.0,5.0,15.0,31.0,8.0,7.0,16.0,21.0,65.0,14.0,13.0,44.0,18.0,29.0,11.0,22.0
face scrubber brush,1687.0,ADJACENT,OTHER,0,0,NONE,,204,26,1.11,0.0,96.0,177.0,211.0,208.0,190.0,200.0,160.0,189.0,,183.0,204.0,,264.0,,240.0,191.0
contour kit,1394.0,ADJACENT,CONTOUR_CORE,0,0,NONE,,301,29,0.84,11.0,,,254.0,,88.0,,,,,,,,,,,
face oil gua sha,1356.0,ADJACENT,GUA_SHA,0,1,NONE,218.0,193,26,1.4,0.0,,130.0,226.0,,,201.0,,49.0,,,,,,,,
gua sha stone,1320.0,ADJACENT,GUA_SHA,0,0,NONE,,169,26,1.15,2.0,102.0,,,90.0,,,,301.0,,,,,,216.0,,132.0
gua sha medicube,1320.0,ADJACENT,GUA_SHA,0,0,NONE,,131,26,1.31,0.0,,,,,,,,64.0,,,,,,,,
harrys facial cleansing brush,1320.0,ADJACENT,OTHER,0,2,NONE,,177,26,1.05,0.0,,,101.0,,,,21.0,90.0,,45.0,,,,,,
my kitsch lymphatic contour face brush,1320.0,EXACT,COMPETITOR_BRAND,8,14,CONSOLIDATED,99.0,39,26,1.33,0.0,8.0,18.0,11.0,27.0,12.0,10.0,2.0,58.0,40.0,19.0,47.0,44.0,23.0,71.0,20.0,48.0
aurora skin 7-in-1 led facial sculptor,1320.0,ADJACENT,CONTOUR_CORE,0,0,NONE,,77,26,2.13,,,,,,,,,,,90.0,,,,,,
exfoliating brush for face,1320.0,ADJACENT,OTHER,0,1,NONE,,264,26,1.17,0.0,40.0,166.0,186.0,132.0,177.0,111.0,83.0,116.0,,161.0,194.0,,197.0,,206.0,202.0
lymphatic drain,1320.0,ADJACENT,LYMPHATIC_CORE,0,1,NONE,236.0,172,26,2.25,0.0,54.0,88.0,,,184.0,111.0,,168.0,232.0,115.0,,244.0,,45.0,188.0,
jade face roller,1320.0,ADJACENT,OTHER,0,0,NONE,,250,27,1.13,4.0,82.0,,,,,,,,,93.0,,,,143.0,,
face cleaning brush,1317.0,ADJACENT,OTHER,0,0,NONE,,218,26,1.21,1.0,79.0,163.0,207.0,182.0,176.0,189.0,150.0,272.0,,110.0,160.0,215.0,,215.0,213.0,
pmd facial cleansing brush,1317.0,ADJACENT,OTHER,0,0,NONE,,163,26,1.36,0.0,,,,,,,,,,64.0,,,,,,
cold face roller,1317.0,ADJACENT,OTHER,0,0,NONE,,251,26,1.2,2.0,94.0,,,,,,,,,74.0,,,,,,
face massage tools,1317.0,ADJACENT,OTHER,1,1,SINGLE,,336,26,1.19,1.0,81.0,70.0,262.0,135.0,12.0,54.0,,212.0,243.0,82.0,199.0,,,188.0,,277.0
silicone brush for face,1317.0,ADJACENT,OTHER,0,0,NONE,,230,26,0.73,0.0,66.0,,,132.0,141.0,,153.0,,,88.0,282.0,,,,,
kitsch dry brush face,1230.0,ADJACENT,COMPETITOR_BRAND,6,8,CONSOLIDATED,,28,26,1.16,0.0,3.0,,4.0,29.0,6.0,9.0,1.0,,,18.0,23.0,,,,,
lymphatic brush for body,1227.0,EXACT,LYMPHATIC_CORE,2,3,SHARED,,179,26,1.27,0.0,8.0,79.0,64.0,54.0,28.0,149.0,86.0,72.0,,17.0,91.0,251.0,85.0,68.0,296.0,198.0
neck gua sha,1227.0,ADJACENT,GUA_SHA,0,0,NONE,,169,26,1.45,0.0,78.0,125.0,254.0,180.0,195.0,193.0,180.0,111.0,,,137.0,,,,,
gua sha set,1227.0,ADJACENT,GUA_SHA,0,0,NONE,,220,28,1.1,7.0,81.0,,281.0,293.0,278.0,295.0,,100.0,,,,,,,,
jaw massager tmj,1227.0,ADJACENT,OTHER,0,0,NONE,,143,26,1.08,1.0,54.0,,,,,,,,,,,,,,,
facial dry brush,1227.0,ADJACENT,OTHER,4,7,CONSOLIDATED,198.0,284,27,1.1,3.0,110.0,11.0,26.0,160.0,7.0,25.0,64.0,126.0,155.0,6.0,53.0,157.0,10.0,22.0,66.0,
lymphatic massage roller,1227.0,ADJACENT,LYMPHATIC_CORE,0,0,NONE,,212,27,1.1,4.0,52.0,,,,,,,,,263.0,,,,,,
lymphatic massage tool,1227.0,ADJACENT,LYMPHATIC_CORE,0,0,NONE,,210,26,1.14,0.0,69.0,83.0,161.0,127.0,68.0,57.0,,217.0,245.0,59.0,138.0,119.0,,,,253.0
face brushes,1225.0,ADJACENT,OTHER,0,5,NONE,266.0,288,26,0.9,1.0,86.0,49.0,204.0,127.0,24.0,39.0,38.0,134.0,272.0,26.0,149.0,284.0,,106.0,98.0,220.0
face brush set,1225.0,ADJACENT,OTHER,0,1,NONE,,242,26,1.04,2.0,38.0,,190.0,279.0,99.0,95.0,,178.0,,,,,,271.0,,
face brushes makeup,1225.0,ADJACENT,OTHER,0,1,NONE,,296,26,0.99,0.0,,,,,83.0,283.0,22.0,76.0,290.0,274.0,,,,,,
sonic facial cleansing brush,1225.0,ADJACENT,OTHER,0,0,NONE,,175,27,1.24,,,,,,,,,,,65.0,,,,,,
contour cube,1225.0,ADJACENT,CONTOUR_CORE,0,3,NONE,,46,27,0.69,3.0,34.0,,,,,35.0,,,,40.0,,,,,,
stainless steel face roller,1225.0,ADJACENT,OTHER,0,0,NONE,,212,28,0.84,7.0,76.0,,,,,,,,,,,,,,,
dry brush for exfoliating skin,1225.0,ADJACENT,OTHER,0,0,NONE,,169,26,1.25,0.0,,257.0,200.0,94.0,,114.0,,,,52.0,195.0,,,,,
guasha set,1225.0,ADJACENT,GUA_SHA,0,0,NONE,,207,26,1.22,1.0,,,158.0,276.0,196.0,,,73.0,,,,,,212.0,,
harry's face brush,1122.0,ADJACENT,OTHER,0,2,NONE,,109,26,1.14,0.0,59.0,,85.0,67.0,,88.0,47.0,42.0,,56.0,,,,,,
contour face brush,1122.0,EXACT,CONTOUR_CORE,8,14,CONSOLIDATED,107.0,215,37,1.19,37.0,27.0,8.0,26.0,40.0,3.0,12.0,30.0,13.0,7.0,9.0,23.0,102.0,10.0,20.0,31.0,76.0
lymphatic drainage by sculptique,1122.0,ADJACENT,LYMPHATIC_CORE,0,0,NONE,,196,26,2.26,0.0,110.0,,,136.0,,187.0,,,250.0,,287.0,,,,,
face lymphatic drainage,1122.0,ADJACENT,LYMPHATIC_CORE,3,9,SHARED,217.0,289,26,1.38,2.0,39.0,11.0,46.0,66.0,4.0,40.0,55.0,72.0,133.0,34.0,131.0,141.0,20.0,23.0,71.0,27.0
lymphatic roller,1037.0,ADJACENT,LYMPHATIC_CORE,0,1,NONE,,305,25,1.01,0.0,47.0,,,,,,,,,,,,,,,
lymphatic drainage roller,1034.0,ADJACENT,LYMPHATIC_CORE,0,0,NONE,,283,26,1.09,1.0,136.0,,,,,,,,,151.0,276.0,,,,,
face contour brush,1034.0,EXACT,CONTOUR_CORE,9,14,CONSOLIDATED,109.0,257,25,1.18,0.0,27.0,19.0,21.0,45.0,5.0,11.0,22.0,16.0,7.0,6.0,20.0,99.0,12.0,25.0,10.0,114.0
gua sha jade,1034.0,ADJACENT,GUA_SHA,0,1,NONE,,157,27,1.2,4.0,,,,279.0,,,,42.0,,,,,,,,
face and neck massager,1034.0,ADJACENT,OTHER,0,0,NONE,,189,27,1.42,6.0,109.0,81.0,,236.0,122.0,82.0,71.0,84.0,,269.0,185.0,,,218.0,,
lymphatic massage,1034.0,ADJACENT,LYMPHATIC_CORE,0,2,NONE,,305,27,1.14,4.0,61.0,60.0,234.0,98.0,65.0,57.0,25.0,80.0,181.0,38.0,142.0,,,,,
kitsch facial brush,1034.0,ADJACENT,COMPETITOR_BRAND,6,10,CONSOLIDATED,,22,25,1.27,0.0,3.0,25.0,6.0,50.0,31.0,20.0,1.0,19.0,,17.0,36.0,,,86.0,,
facial rollers,1034.0,ADJACENT,OTHER,0,0,NONE,,187,25,1.11,0.0,293.0,,,,,,,,,111.0,,,,,,
contour cream,1034.0,ADJACENT,CONTOUR_CORE,0,0,NONE,,186,25,1.22,0.0,175.0,,,,237.0,,,,225.0,,,,,,,
contour face brush for lymphatic drainage,1034.0,EXACT,LYMPHATIC_CORE,9,14,CONSOLIDATED,78.0,280,26,1.04,1.0,16.0,10.0,39.0,34.0,8.0,22.0,14.0,15.0,3.0,9.0,61.0,42.0,4.0,31.0,19.0,67.0
electric facial cleansing brush,1034.0,ADJACENT,OTHER,0,1,NONE,,202,29,1.14,11.0,,,,,,70.0,,,,46.0,,,,,,
roller for face,1034.0,ADJACENT,OTHER,0,0,NONE,,201,31,1.2,17.0,58.0,,,,,,,,,140.0,,,,,,
face oil for gua sha,1034.0,ADJACENT,GUA_SHA,0,0,NONE,203.0,142,26,1.54,1.0,,143.0,,,,,,77.0,,,,,,,,
eye roller for puffy eyes,1034.0,ADJACENT,OTHER,0,0,NONE,,243,26,1.21,3.0,109.0,,,,,,,,,,,,,,,
facial lymphatic drainage tool,1034.0,ADJACENT,LYMPHATIC_CORE,4,9,CONSOLIDATED,220.0,241,25,1.33,0.0,30.0,11.0,69.0,80.0,10.0,40.0,35.0,12.0,180.0,16.0,58.0,84.0,33.0,24.0,73.0,55.0
cold roller for face,1034.0,ADJACENT,OTHER,0,0,NONE,,192,25,1.2,,,,,,,,,,,88.0,,,,,,
face lymphatic drainage tool,1034.0,ADJACENT,LYMPHATIC_CORE,4,10,CONSOLIDATED,201.0,208,25,1.37,0.0,28.0,13.0,54.0,53.0,10.0,27.0,7.0,38.0,107.0,24.0,48.0,149.0,18.0,62.0,29.0,71.0
ice roller face,1034.0,ADJACENT,OTHER,0,0,NONE,,149,25,1.13,,,,,,,,,,,82.0,,,,,,
lymphatic drainage massage oil,1034.0,ADJACENT,LYMPHATIC_CORE,0,0,NONE,,235,28,1.44,7.0,,,,,,188.0,,164.0,,135.0,,,,,,
facial exfoliator brush,1034.0,ADJACENT,OTHER,0,0,NONE,277.0,229,25,1.25,0.0,55.0,163.0,198.0,92.0,100.0,268.0,161.0,175.0,,91.0,230.0,,,,,
electric face cleansing brush,1034.0,ADJACENT,OTHER,0,0,NONE,,166,25,1.15,0.0,,,,,,,,,,,,,,,,
facial mask brush,1034.0,ADJACENT,OTHER,0,0,NONE,,164,26,0.58,3.0,104.0,129.0,,93.0,193.0,208.0,175.0,230.0,,72.0,260.0,,301.0,,,
skin brush,1011.0,ADJACENT,OTHER,1,1,SINGLE,267.0,338,27,1.28,6.0,93.0,126.0,182.0,120.0,108.0,62.0,200.0,76.0,222.0,13.0,82.0,,71.0,113.0,258.0,150.0
face mask applicator brush,949.0,ADJACENT,OTHER,0,0,NONE,,214,12,0.97,1.0,,,,124.0,,,,,,,,,,,,
facial roller for lymphatic drainage,934.0,ADJACENT,LYMPHATIC_CORE,0,1,NONE,271.0,199,12,1.29,0.0,53.0,115.0,187.0,143.0,156.0,151.0,142.0,70.0,,34.0,202.0,259.0,122.0,304.0,175.0,196.0
red light face massager,934.0,ADJACENT,OTHER,0,0,NONE,,208,12,1.69,2.0,66.0,,,,,,,,,,,,,,,
aeki face brush for lymphatic drainage,934.0,EXACT,COMPETITOR_BRAND,9,14,CONSOLIDATED,130.0,163,12,1.14,0.0,4.0,10.0,11.0,24.0,17.0,7.0,13.0,9.0,47.0,18.0,27.0,3.0,26.0,62.0,91.0,50.0
face sculpting,934.0,ADJACENT,CONTOUR_CORE,3,8,SHARED,,257,12,1.57,12.0,15.0,34.0,108.0,137.0,1.0,70.0,37.0,51.0,278.0,43.0,10.0,165.0,45.0,129.0,24.0,67.0
face guasha,934.0,ADJACENT,GUA_SHA,2,4,SHARED,212.0,205,12,1.28,0.0,5.0,36.0,169.0,66.0,6.0,146.0,,60.0,278.0,50.0,107.0,,262.0,110.0,,122.0
korean facial brush,934.0,ADJACENT,OTHER,4,10,CONSOLIDATED,176.0,236,12,0.97,0.0,48.0,39.0,31.0,17.0,10.0,51.0,15.0,28.0,,7.0,33.0,168.0,76.0,103.0,35.0,131.0
lymphatic facial brush,934.0,EXACT,LYMPHATIC_CORE,9,14,CONSOLIDATED,103.0,183,12,1.18,0.0,14.0,8.0,21.0,26.0,5.0,9.0,19.0,10.0,11.0,7.0,24.0,60.0,28.0,12.0,87.0,27.0
lymphatic drainage belt,934.0,ADJACENT,LYMPHATIC_CORE,0,0,NONE,,118,12,1.3,,,,,,,,,,,51.0,,,,,,
electric face brush,931.0,ADJACENT,OTHER,0,0,NONE,,164,12,1.12,0.0,,,,,,,,,,,,,,,,
silicone face mask brush,931.0,ADJACENT,OTHER,0,0,NONE,,176,12,0.81,13.0,,,,,,,,,,,,,,,,
skin brush for dry brushing,931.0,ADJACENT,OTHER,0,0,NONE,,98,12,1.42,0.0,77.0,176.0,79.0,73.0,172.0,188.0,159.0,130.0,,88.0,92.0,255.0,,,,
lymphatic contour brush,931.0,EXACT,LYMPHATIC_CORE,10,16,CONSOLIDATED,115.0,172,12,1.31,2.0,16.0,6.0,26.0,36.0,9.0,13.0,4.0,17.0,3.0,10.0,21.0,42.0,14.0,23.0,11.0,47.0
lymphatic drainage massager body,931.0,ADJACENT,LYMPHATIC_CORE,1,1,SINGLE,,198,12,1.2,1.0,11.0,270.0,,,,,,,,120.0,,,,,,276.0
guasha medicube,931.0,ADJACENT,GUA_SHA,0,0,NONE,,97,12,1.48,0.0,,,,,,,,,,,,,,,,
gua sha brush for face,931.0,EXACT,GUA_SHA,11,13,CONSOLIDATED,71.0,172,12,1.13,0.0,20.0,4.0,28.0,12.0,5.0,10.0,13.0,9.0,113.0,3.0,8.0,101.0,46.0,19.0,136.0,16.0
gua sha body,911.0,ADJACENT,GUA_SHA,0,0,NONE,,213,12,0.95,4.0,,283.0,,,,,,219.0,,,,,,,,266.0
jaw line sculptor,911.0,ADJACENT,CONTOUR_CORE,0,1,NONE,,215,12,1.25,0.0,25.0,,,,,,,,,,,,,,,
facial massager tool,834.0,ADJACENT,OTHER,0,0,NONE,,178,11,1.56,0.0,62.0,65.0,,161.0,73.0,296.0,,57.0,,68.0,149.0,,,80.0,,167.0
face cleaning brushes,834.0,ADJACENT,OTHER,0,0,NONE,,160,11,1.16,0.0,68.0,270.0,,193.0,,,159.0,199.0,,96.0,183.0,278.0,,,233.0,
face contour,831.0,ADJACENT,CONTOUR_CORE,1,3,SINGLE,274.0,214,11,1.13,1.0,90.0,93.0,157.0,127.0,8.0,95.0,43.0,83.0,212.0,78.0,45.0,180.0,246.0,252.0,69.0,202.0
face scraper tool,829.0,ADJACENT,OTHER,0,0,NONE,,239,11,1.09,0.0,62.0,,,83.0,,,,,,73.0,,,,,,92.0
facial gua sha tool,829.0,ADJACENT,GUA_SHA,2,4,SHARED,235.0,155,11,1.34,0.0,21.0,68.0,211.0,90.0,17.0,192.0,,15.0,,67.0,123.0,,,,,23.0
riki sculptress mini facial massage,829.0,ADJACENT,CONTOUR_CORE,1,1,SINGLE,,96,11,1.57,,,,,,,,,,,8.0,,,,,,
gua sha neck cream,777.0,ADJACENT,GUA_SHA,0,0,NONE,178.0,190,11,1.43,10.0,,,,,,,,,,,,,,280.0,,
facial massage,777.0,ADJACENT,OTHER,1,2,SINGLE,,201,11,1.31,3.0,64.0,,212.0,99.0,6.0,,224.0,65.0,,50.0,,,,97.0,,
face rollers,775.0,ADJACENT,OTHER,0,0,NONE,,186,11,1.11,1.0,88.0,,,,,,,,,126.0,,,,,,
microneedling roller for face,775.0,ADJACENT,OTHER,0,0,NONE,,165,11,1.18,,,,,,,,,,,78.0,,,,,,92.0
gua sha face oil,775.0,ADJACENT,GUA_SHA,0,0,NONE,,127,11,1.31,3.0,,,,,,,,62.0,,,,,,,,
powered facial cleansing brushes & devices,775.0,ADJACENT,OTHER,0,0,NONE,,180,11,1.21,0.0,55.0,,,,,,,,,96.0,,,,,,
vibrating face massager,775.0,ADJACENT,OTHER,0,0,NONE,,151,11,1.37,0.0,57.0,,,,,,,,,,,,,,,
face depuffer tool,705.0,ADJACENT,OTHER,2,6,SHARED,,157,10,1.52,1.0,17.0,29.0,,99.0,5.0,72.0,,25.0,,56.0,74.0,,42.0,88.0,22.0,63.0
cleansing brush for your face,705.0,ADJACENT,OTHER,0,0,NONE,,158,10,1.2,0.0,73.0,119.0,174.0,126.0,,176.0,128.0,195.0,,127.0,200.0,,189.0,178.0,256.0,300.0
facial sculpting tool,703.0,ADJACENT,CONTOUR_CORE,1,4,SINGLE,253.0,105,10,1.53,1.0,66.0,46.0,100.0,167.0,11.0,95.0,,108.0,224.0,48.0,41.0,206.0,,263.0,90.0,56.0
neck cream with roller,703.0,ADJACENT,OTHER,0,0,NONE,,174,10,1.45,5.0,91.0,,,,,,,,,,,,,,,
lymphatic drainage face tool,703.0,ADJACENT,LYMPHATIC_CORE,3,9,SHARED,181.0,186,10,1.25,0.0,33.0,12.0,58.0,60.0,7.0,40.0,21.0,78.0,123.0,22.0,28.0,156.0,18.0,56.0,37.0,63.0
facial massage cream,703.0,ADJACENT,OTHER,0,0,NONE,,190,10,1.31,10.0,,,,,288.0,,,,,,,,,,,
lymphatic oil,703.0,ADJACENT,LYMPHATIC_CORE,0,0,NONE,,163,10,1.48,1.0,,,,,,,,108.0,,,,,,,,
guasha oil for face,703.0,ADJACENT,GUA_SHA,0,0,NONE,223.0,173,10,1.44,0.0,,137.0,220.0,,,203.0,,52.0,,,,,,,,
lymphatic face massager,700.0,ADJACENT,LYMPHATIC_CORE,0,7,NONE,232.0,170,10,1.58,0.0,24.0,42.0,133.0,148.0,66.0,137.0,22.0,50.0,,28.0,21.0,252.0,43.0,53.0,217.0,69.0
lymphatic draining,700.0,ADJACENT,LYMPHATIC_CORE,2,3,SHARED,,166,10,1.79,0.0,12.0,,,,24.0,106.0,,,,66.0,60.0,,84.0,17.0,,
cotsoco lymphatic contour face brush,700.0,EXACT,LYMPHATIC_CORE,5,11,CONSOLIDATED,90.0,172,10,1.28,0.0,13.0,28.0,24.0,55.0,6.0,31.0,25.0,20.0,83.0,2.0,57.0,32.0,39.0,52.0,14.0,76.0
dry brush face,700.0,ADJACENT,OTHER,8,11,CONSOLIDATED,107.0,153,10,1.16,0.0,1.0,7.0,27.0,21.0,8.0,22.0,4.0,19.0,282.0,12.0,73.0,103.0,6.0,78.0,18.0,
metal face roller,700.0,ADJACENT,OTHER,0,0,NONE,,129,10,1.06,1.0,68.0,,,,,,,,,,,,,,,
facial cleansing brush for men,700.0,ADJACENT,OTHER,0,0,NONE,,156,10,1.22,,,,,,,,,,,61.0,,,,,,
jade face sculpting tool,700.0,ADJACENT,CONTOUR_CORE,0,1,NONE,,136,10,1.28,0.0,,,,45.0,,,,52.0,,,,,,,,159.0
shark face depuffer,697.0,ADJACENT,OTHER,2,8,SHARED,,38,10,1.55,0.0,20.0,24.0,,56.0,27.0,42.0,,24.0,,,59.0,,9.0,50.0,90.0,27.0
elf flawless face brush,697.0,ADJACENT,OTHER,0,0,NONE,,74,10,1.11,0.0,,,,,,,,,,,,,,,,
korean face brush,697.0,ADJACENT,OTHER,4,10,CONSOLIDATED,150.0,166,10,1.27,0.0,33.0,38.0,53.0,18.0,8.0,42.0,16.0,26.0,,19.0,23.0,,54.0,302.0,46.0,
facial dry brush for lymphatic drainage,692.0,EXACT,LYMPHATIC_CORE,9,14,CONSOLIDATED,112.0,130,10,1.28,1.0,35.0,8.0,19.0,27.0,5.0,17.0,25.0,20.0,38.0,6.0,18.0,151.0,3.0,15.0,37.0,60.0
lymphatic drainage brushes,690.0,EXACT,LYMPHATIC_CORE,6,13,CONSOLIDATED,94.0,208,10,1.22,0.0,21.0,7.0,37.0,41.0,13.0,9.0,11.0,23.0,93.0,22.0,18.0,95.0,17.0,25.0,47.0,70.0
kitch brush face,690.0,ADJACENT,COMPETITOR_BRAND,5,6,CONSOLIDATED,,32,10,1.21,0.0,3.0,,,18.0,,5.0,2.0,,,7.0,21.0,,,,,
gua sha oil for face,690.0,ADJACENT,GUA_SHA,0,0,NONE,204.0,112,10,1.46,1.0,,125.0,,,,,,77.0,,,,,,,,
dry face brush,690.0,ADJACENT,OTHER,7,12,CONSOLIDATED,,119,10,1.24,1.0,47.0,6.0,28.0,14.0,8.0,22.0,2.0,96.0,69.0,10.0,9.0,87.0,5.0,30.0,33.0,
face massage tool,687.0,ADJACENT,OTHER,1,1,SINGLE,,167,10,1.57,1.0,87.0,68.0,156.0,113.0,14.0,52.0,,61.0,238.0,69.0,185.0,,,255.0,,232.0
guasha stainless steel,687.0,ADJACENT,GUA_SHA,0,0,NONE,,154,10,1.18,0.0,69.0,,292.0,,,,,,,,,,,,,209.0
gua sha serum,687.0,ADJACENT,GUA_SHA,0,0,NONE,265.0,145,10,1.3,2.0,,169.0,221.0,,,193.0,,57.0,201.0,,,,,,,
facial cleaning brush,687.0,ADJACENT,OTHER,0,0,NONE,,140,10,1.24,0.0,90.0,202.0,228.0,210.0,,225.0,170.0,224.0,,183.0,,,,,,
gua sha roller,685.0,ADJACENT,GUA_SHA,0,1,NONE,,142,10,1.11,0.0,40.0,,,,,,,115.0,,,,,,,,
contour blending brush,685.0,EXACT,CONTOUR_CORE,0,1,NONE,,124,10,0.96,0.0,,,,42.0,51.0,,,,,,,,,,286.0,
lymphatic massage machine,682.0,ADJACENT,LYMPHATIC_CORE,0,0,NONE,,181,10,1.58,,,,,,,,,,,146.0,,,,,,
lymphatic drainage massager stomach,679.0,ADJACENT,LYMPHATIC_CORE,0,0,NONE,,140,10,1.28,0.0,175.0,,,,,151.0,,,,,244.0,,,,,
face brush exfoliator,679.0,ADJACENT,OTHER,0,1,NONE,,160,10,1.11,0.0,50.0,174.0,255.0,259.0,188.0,179.0,163.0,78.0,,106.0,251.0,,,,139.0,
harry face brush,679.0,ADJACENT,OTHER,0,2,NONE,,60,10,1.18,0.0,40.0,,,72.0,,,43.0,,,,,,,,,
harry's facial cleansing brush,679.0,ADJACENT,OTHER,0,1,NONE,,83,10,1.08,0.0,,,,,,,22.0,,,65.0,,,,,,
facial fan brushes,679.0,ADJACENT,OTHER,0,0,NONE,,169,10,0.83,4.0,77.0,,,57.0,,,,,,64.0,,,,,,
gua sha comb,679.0,ADJACENT,GUA_SHA,0,0,NONE,,140,10,0.97,17.0,,,,154.0,,,,147.0,,,,,,,,
microneedle roller for face,677.0,ADJACENT,OTHER,0,0,NONE,,139,10,1.28,,,,,,,,,,,63.0,,,,,,
neck massage tool,677.0,ADJACENT,OTHER,0,0,NONE,,122,10,1.15,0.0,,287.0,289.0,224.0,,301.0,,292.0,,,,,,,,
lymphatic drainage pills for women,677.0,ADJACENT,LYMPHATIC_CORE,0,0,NONE,,145,10,2.76,0.0,,,,,,,,,,,,,,,,
massage face,677.0,ADJACENT,OTHER,2,2,SHARED,,160,10,1.37,1.0,54.0,120.0,257.0,113.0,17.0,122.0,18.0,92.0,,72.0,166.0,,91.0,,,208.0
face sculpt,677.0,ADJACENT,CONTOUR_CORE,4,7,CONSOLIDATED,,149,10,1.5,3.0,5.0,26.0,254.0,86.0,2.0,60.0,37.0,16.0,136.0,93.0,18.0,151.0,,22.0,,67.0
face cleaner brush,674.0,ADJACENT,OTHER,0,0,NONE,300.0,178,10,1.24,1.0,61.0,,188.0,172.0,168.0,,94.0,,,148.0,175.0,,,,,
coslus facial cleansing brush,674.0,ADJACENT,OTHER,0,0,NONE,,90,10,1.24,0.0,,,,,,,79.0,,,,,,,,,
real techniques face brushes,674.0,ADJACENT,OTHER,0,0,NONE,,24,10,1.81,0.0,58.0,,,184.0,88.0,,70.0,,,91.0,125.0,,,,,185.0
gua sha body tool,674.0,ADJACENT,GUA_SHA,0,0,NONE,,135,10,1.1,1.0,,217.0,,104.0,,,,224.0,,,,,,,,218.0
lymphatic drainage face,674.0,ADJACENT,LYMPHATIC_CORE,5,11,CONSOLIDATED,214.0,310,10,1.39,1.0,16.0,7.0,47.0,59.0,5.0,26.0,42.0,15.0,132.0,28.0,56.0,122.0,9.0,29.0,57.0,38.0
facial cleansing brush for women,674.0,ADJACENT,OTHER,0,0,NONE,,127,10,1.19,0.0,102.0,122.0,262.0,123.0,165.0,52.0,130.0,195.0,,63.0,260.0,,,,,
pore brush for face,672.0,ADJACENT,OTHER,0,2,NONE,,188,10,0.82,1.0,44.0,130.0,259.0,50.0,176.0,212.0,120.0,,,104.0,199.0,,,,264.0,
brush for face,672.0,ADJACENT,OTHER,2,6,SHARED,165.0,196,10,1.17,2.0,74.0,22.0,120.0,58.0,8.0,56.0,37.0,86.0,,6.0,72.0,212.0,30.0,53.0,46.0,116.0
kojeva lymphatic face brush original,669.0,EXACT,COMPETITOR_BRAND,10,14,CONSOLIDATED,112.0,106,10,1.13,0.0,11.0,18.0,7.0,22.0,20.0,10.0,12.0,14.0,50.0,16.0,15.0,23.0,19.0,92.0,24.0,75.0
lymphatic face tool,669.0,ADJACENT,LYMPHATIC_CORE,1,6,SINGLE,179.0,200,10,1.46,0.0,37.0,30.0,105.0,125.0,10.0,111.0,56.0,109.0,161.0,25.0,46.0,265.0,28.0,84.0,62.0,74.0
black lymphatic contour face brush,669.0,EXACT,LYMPHATIC_CORE,6,10,CONSOLIDATED,153.0,42,10,1.28,0.0,5.0,18.0,30.0,31.0,7.0,19.0,12.0,52.0,53.0,11.0,102.0,45.0,54.0,77.0,23.0,115.0
contour makeup brush,667.0,EXACT,CONTOUR_CORE,0,0,NONE,,138,10,1.03,1.0,106.0,,,185.0,66.0,114.0,161.0,232.0,,184.0,,,,,,
electric guasha tool for face,667.0,ADJACENT,GUA_SHA,0,0,NONE,,159,10,2.0,2.0,,,,,,,,,,141.0,,,,,,
manual facial cleansing brushes,667.0,ADJACENT,OTHER,0,0,NONE,,136,10,0.99,0.0,53.0,,306.0,258.0,,,139.0,,,71.0,,269.0,,,290.0,
gua sha tools for face,667.0,ADJACENT,GUA_SHA,0,2,NONE,242.0,153,10,1.23,0.0,154.0,44.0,175.0,76.0,149.0,181.0,,58.0,,133.0,200.0,,,,,49.0
metal guasha tool for face,664.0,ADJACENT,GUA_SHA,0,0,NONE,,163,10,1.21,1.0,,,143.0,,159.0,,,,,,,,,,,58.0
face roller freezer,664.0,ADJACENT,OTHER,0,0,NONE,,149,10,1.27,0.0,63.0,,,,,,,,,84.0,159.0,,,,,
soft face brush,664.0,ADJACENT,OTHER,3,8,SHARED,,179,10,0.94,1.0,8.0,78.0,59.0,93.0,41.0,33.0,11.0,67.0,,26.0,34.0,,55.0,19.0,37.0,
fluffy facial brushes,661.0,ADJACENT,OTHER,0,0,NONE,,179,10,0.72,5.0,,,,95.0,117.0,84.0,278.0,,,131.0,61.0,,,,,
nuvetra lymphatic face brush,661.0,EXACT,COMPETITOR_BRAND,7,12,CONSOLIDATED,75.0,211,10,1.3,0.0,7.0,17.0,11.0,48.0,8.0,6.0,19.0,26.0,96.0,9.0,49.0,55.0,28.0,78.0,38.0,67.0
jade gua sha tool for face,661.0,ADJACENT,GUA_SHA,0,1,NONE,,159,10,1.28,0.0,,,,,,,,32.0,,65.0,,,,,,118.0
sonic face cleansing brush,661.0,ADJACENT,OTHER,0,0,NONE,,99,10,1.33,0.0,69.0,,,,,,,,,,,,,,,
facial brushes for cleansing,661.0,ADJACENT,OTHER,0,0,NONE,,165,10,1.32,0.0,86.0,212.0,,120.0,273.0,284.0,165.0,185.0,,99.0,282.0,,,,,
gua sha metal,659.0,ADJACENT,GUA_SHA,0,0,NONE,,243,10,1.03,0.0,,,284.0,,218.0,,,,,,,,,,,124.0
lymphatic gloves,659.0,ADJACENT,LYMPHATIC_CORE,0,0,NONE,,82,10,0.96,1.0,,,,75.0,,,,,,,,,,,,
lymphatic dry brush for face,659.0,EXACT,LYMPHATIC_CORE,7,13,CONSOLIDATED,279.0,125,10,1.6,0.0,29.0,7.0,12.0,79.0,6.0,13.0,15.0,49.0,44.0,10.0,42.0,119.0,2.0,33.0,34.0,122.0
ice facial roller,659.0,ADJACENT,OTHER,0,0,NONE,,120,10,1.14,,,,,,,,,,,131.0,,,,,,
guasha stone,656.0,ADJACENT,GUA_SHA,0,0,NONE,,115,10,1.24,6.0,,,,83.0,,,,70.0,,85.0,,,,,,189.0
bevellea lymphatic face brush,656.0,EXACT,LYMPHATIC_CORE,9,12,CONSOLIDATED,136.0,153,10,1.22,0.0,3.0,14.0,10.0,27.0,5.0,4.0,16.0,9.0,58.0,13.0,46.0,21.0,59.0,68.0,17.0,70.0
skin roller for face,656.0,ADJACENT,OTHER,0,0,NONE,,132,10,1.16,,,,,,,,,,,95.0,,,,,,
gua sha for body,656.0,ADJACENT,GUA_SHA,0,0,NONE,,131,10,1.11,1.0,,204.0,,,,,,226.0,,129.0,,,,,,221.0
facial massage brush,656.0,ADJACENT,OTHER,8,13,CONSOLIDATED,128.0,176,10,1.22,0.0,20.0,5.0,44.0,25.0,3.0,11.0,23.0,27.0,276.0,6.0,9.0,111.0,4.0,10.0,26.0,68.0
silicone facial brush,656.0,ADJACENT,OTHER,0,0,NONE,,152,10,1.06,0.0,72.0,,,,,,178.0,,,,212.0,,,,,
guasha oil,654.0,ADJACENT,GUA_SHA,0,0,NONE,,180,10,1.49,0.0,,,,,,,,154.0,,,,,,,,
rokaty lymphatic contour face brush,654.0,EXACT,LYMPHATIC_CORE,8,12,CONSOLIDATED,135.0,164,10,1.17,0.0,10.0,8.0,17.0,30.0,2.0,20.0,13.0,18.0,53.0,5.0,95.0,41.0,27.0,56.0,24.0,93.0
brush for face mask,654.0,ADJACENT,OTHER,0,0,NONE,,155,10,0.95,1.0,104.0,300.0,,65.0,195.0,214.0,148.0,80.0,,183.0,96.0,,,,,
manual neck massager,654.0,ADJACENT,OTHER,0,0,NONE,,200,10,1.27,,,,,,,,,,,186.0,,,,,,
ive roller for face,654.0,ADJACENT,OTHER,0,1,NONE,,148,10,1.25,0.0,44.0,,,,,,,,,,,,,,,
makeup face brushes,654.0,ADJACENT,OTHER,0,0,NONE,,151,10,1.1,0.0,95.0,,,,117.0,266.0,156.0,222.0,248.0,,,,,,,
face drainage tool,651.0,ADJACENT,LYMPHATIC_CORE,6,9,CONSOLIDATED,191.0,143,10,1.31,0.0,21.0,10.0,53.0,60.0,11.0,17.0,,121.0,272.0,7.0,40.0,161.0,6.0,20.0,84.0,45.0
lymphatic drainage eye bags,651.0,ADJACENT,LYMPHATIC_CORE,1,1,SINGLE,,134,10,1.65,0.0,68.0,60.0,,105.0,17.0,55.0,,70.0,,67.0,136.0,,59.0,56.0,138.0,102.0
gua sha kit,651.0,ADJACENT,GUA_SHA,0,0,NONE,,121,10,1.2,3.0,,,,,144.0,,,71.0,,,,,,,,
jawline sculpting tool,651.0,ADJACENT,DOUBLE_CHIN,2,2,SHARED,,139,10,1.56,0.0,18.0,99.0,182.0,,15.0,123.0,,117.0,,128.0,68.0,183.0,152.0,,169.0,174.0
gua sha facial tool,649.0,ADJACENT,GUA_SHA,1,4,SINGLE,,156,10,1.38,9.0,33.0,100.0,235.0,154.0,43.0,209.0,,48.0,,,172.0,,,,,20.0
face brush for cleansing,649.0,ADJACENT,OTHER,0,0,NONE,,130,10,1.25,1.0,97.0,174.0,,120.0,135.0,270.0,165.0,155.0,,136.0,236.0,,304.0,,268.0,
mykitsch face brush,649.0,ADJACENT,COMPETITOR_BRAND,7,7,CONSOLIDATED,,33,10,,0.0,6.0,,,18.0,,7.0,2.0,8.0,,5.0,,,,,17.0,
gua sha and roller,646.0,ADJACENT,GUA_SHA,0,0,NONE,,153,10,1.16,0.0,,,,51.0,,,,,,,,,,,,
kit sch face brush,646.0,ADJACENT,COMPETITOR_BRAND,6,6,CONSOLIDATED,,21,10,1.69,0.0,6.0,,,18.0,,7.0,2.0,8.0,,5.0,,,,,,
jaw roller,646.0,ADJACENT,OTHER,0,1,NONE,,163,10,1.02,0.0,23.0,,,,,,,,,,,,,,,
lymphatic tools,646.0,ADJACENT,LYMPHATIC_CORE,0,3,NONE,263.0,166,10,1.1,0.0,91.0,37.0,88.0,184.0,21.0,103.0,,36.0,241.0,62.0,128.0,210.0,,88.0,,96.0
clarisonic face brush,646.0,ADJACENT,OTHER,0,2,NONE,200.0,107,10,1.15,0.0,46.0,87.0,110.0,145.0,131.0,139.0,62.0,,,47.0,162.0,,141.0,202.0,304.0,
facial brush for mask,646.0,ADJACENT,OTHER,0,0,NONE,227.0,193,10,0.81,0.0,163.0,,,52.0,182.0,268.0,158.0,216.0,,72.0,253.0,,,,,292.0
contour tool,643.0,ADJACENT,CONTOUR_CORE,0,0,NONE,213.0,118,10,1.18,0.0,77.0,84.0,174.0,115.0,87.0,126.0,,96.0,206.0,118.0,282.0,258.0,146.0,126.0,120.0,170.0
face contour stick,643.0,ADJACENT,CONTOUR_CORE,0,0,NONE,,132,10,1.26,0.0,,,,,,,,255.0,,,,,,,,
face ice rollers for women,643.0,ADJACENT,OTHER,0,0,NONE,,139,10,1.21,0.0,75.0,,,,,,,,,60.0,188.0,,,,,
mens face scrub brush,641.0,ADJACENT,OTHER,0,0,NONE,,86,10,,0.0,,,304.0,89.0,,,,,,,,,,,,
lymphatic face brush kitsch,641.0,EXACT,COMPETITOR_BRAND,5,12,CONSOLIDATED,87.0,28,10,1.12,0.0,6.0,27.0,19.0,38.0,20.0,17.0,1.0,26.0,,23.0,45.0,73.0,43.0,60.0,29.0,53.0
lymphatic dry brush,638.0,EXACT,LYMPHATIC_CORE,3,8,SHARED,298.0,140,10,1.32,1.0,121.0,26.0,48.0,130.0,37.0,42.0,128.0,94.0,278.0,18.0,17.0,304.0,8.0,23.0,98.0,176.0
lymphatic drainage drop,638.0,ADJACENT,LYMPHATIC_CORE,0,0,NONE,,114,10,2.62,0.0,,,,,,,,248.0,,,,,,,,
face massage roller,638.0,ADJACENT,OTHER,0,0,NONE,,178,10,1.15,1.0,77.0,,,,,,,,,,,,,,,
mens face brush,636.0,ADJACENT,OTHER,0,1,NONE,,129,10,,0.0,31.0,,154.0,55.0,,,,89.0,,,,,,,,
lymphatic drainage brush for body,636.0,EXACT,LYMPHATIC_CORE,1,4,SINGLE,,146,10,1.38,0.0,18.0,91.0,44.0,49.0,154.0,85.0,148.0,68.0,,23.0,156.0,166.0,139.0,305.0,298.0,203.0
dry skin brush,634.0,ADJACENT,OTHER,0,0,NONE,,189,10,1.28,2.0,61.0,141.0,193.0,163.0,176.0,184.0,200.0,117.0,269.0,86.0,85.0,,272.0,,,
gua sha stones,631.0,ADJACENT,GUA_SHA,0,0,NONE,,168,10,1.16,0.0,83.0,,,,,,,92.0,,,,,,,,80.0
ailcbi facial cleansing brush,631.0,ADJACENT,OTHER,0,0,NONE,,91,10,1.07,,,,,,,,,,,51.0,,,,,,
facial brush electric,631.0,ADJACENT,OTHER,0,0,NONE,,155,10,1.58,,,,,,,,,,,56.0,,,,,,
lymphatic draining brush,631.0,EXACT,LYMPHATIC_CORE,7,12,CONSOLIDATED,270.0,170,10,1.35,0.0,1.0,8.0,28.0,31.0,5.0,7.0,182.0,14.0,85.0,4.0,22.0,133.0,2.0,48.0,120.0,37.0
contour set,628.0,ADJACENT,CONTOUR_CORE,0,0,NONE,,158,10,0.94,1.0,,,134.0,279.0,84.0,265.0,,83.0,,,,,,,,
lymphatic drainage massage tool,628.0,ADJACENT,LYMPHATIC_CORE,0,1,NONE,,224,10,1.18,0.0,182.0,136.0,228.0,295.0,180.0,178.0,,224.0,250.0,39.0,117.0,,145.0,183.0,,222.0
stainless steel guasha tool for face,628.0,ADJACENT,GUA_SHA,0,0,NONE,,162,10,1.36,6.0,,,170.0,,,,,,,,,,,,,196.0
harrys facial brush,628.0,ADJACENT,OTHER,0,2,NONE,,98,10,,0.0,41.0,87.0,93.0,81.0,95.0,75.0,40.0,,,52.0,119.0,,,,,
face massager roller,628.0,ADJACENT,OTHER,0,0,NONE,,110,10,1.18,,,,,,,,,,,84.0,,,,,,
wheel face brush,625.0,ADJACENT,OTHER,0,0,NONE,,122,10,0.83,7.0,,,,,,,,,,,,,,,,
neck roller for tightening,625.0,ADJACENT,OTHER,1,1,SINGLE,,123,10,1.55,0.0,18.0,,,,,,,,,74.0,,,,,,
neck massager tool,625.0,ADJACENT,OTHER,0,0,NONE,,172,10,,1.0,214.0,230.0,,292.0,,,,203.0,,,,,,,,
face lymphatic drainage massager,625.0,ADJACENT,LYMPHATIC_CORE,2,6,SHARED,232.0,164,10,1.47,1.0,37.0,25.0,134.0,190.0,12.0,90.0,100.0,117.0,265.0,18.0,69.0,185.0,28.0,42.0,221.0,90.0
face exfoliating brush,623.0,ADJACENT,OTHER,0,1,NONE,302.0,159,10,1.19,0.0,45.0,165.0,197.0,83.0,191.0,186.0,101.0,121.0,,168.0,208.0,,,,,
lymphatic oil massage,623.0,ADJACENT,LYMPHATIC_CORE,0,0,NONE,,182,10,1.58,0.0,,,,,,,,198.0,,120.0,,,,,,
lymphatic drainage face massager,620.0,ADJACENT,LYMPHATIC_CORE,1,6,SINGLE,262.0,207,10,1.6,0.0,26.0,23.0,128.0,209.0,11.0,80.0,116.0,109.0,183.0,37.0,69.0,176.0,42.0,41.0,232.0,95.0
lymphatic massager for stomach,620.0,ADJACENT,LYMPHATIC_CORE,0,0,NONE,,168,10,1.24,,,,,,,,,,,157.0,,,,,,
contour brushes,618.0,EXACT,CONTOUR_CORE,1,6,SINGLE,214.0,171,10,0.9,1.0,5.0,64.0,39.0,131.0,26.0,101.0,102.0,23.0,147.0,49.0,108.0,162.0,54.0,86.0,43.0,157.0
gua sha tools for lymphatic drainage,618.0,ADJACENT,GUA_SHA,0,2,NONE,229.0,109,10,,0.0,47.0,53.0,,105.0,134.0,162.0,,87.0,199.0,80.0,134.0,,,148.0,278.0,21.0
gua sha tool jade,618.0,ADJACENT,GUA_SHA,0,1,NONE,,68,10,1.28,0.0,,,,,,,,33.0,,,,,,,,
face roller massager,618.0,ADJACENT,OTHER,0,0,NONE,,168,10,1.13,0.0,62.0,,,,,,,,,,,,,,,
roller face,613.0,ADJACENT,OTHER,0,0,NONE,,175,10,1.15,,,,,,,,,,,128.0,,,,,,
facial contour brush lymphatic,610.0,EXACT,LYMPHATIC_CORE,12,13,CONSOLIDATED,81.0,159,10,1.21,0.0,3.0,8.0,12.0,16.0,2.0,7.0,5.0,17.0,68.0,60.0,20.0,86.0,4.0,14.0,19.0,34.0
cleansing face brush,610.0,ADJACENT,OTHER,0,1,NONE,,128,10,1.28,1.0,49.0,174.0,,300.0,256.0,291.0,139.0,135.0,,120.0,251.0,,167.0,,,
neck brush,607.0,ADJACENT,OTHER,0,0,NONE,,142,10,0.83,3.0,122.0,148.0,141.0,54.0,,157.0,272.0,185.0,,140.0,,,,154.0,,
facial cleansing brush rechargeable,607.0,ADJACENT,OTHER,0,0,NONE,,108,10,1.16,1.0,,,,,,,,,,152.0,,,,,,
ice face roller for women,607.0,ADJACENT,OTHER,0,0,NONE,,155,10,1.17,,,,,,,,,,,60.0,,,,,,
cold face depuffer,607.0,ADJACENT,OTHER,1,1,SINGLE,,152,10,,0.0,18.0,,,,,,,,,,,,,,,
lymph face brush,607.0,EXACT,LYMPHATIC_CORE,10,14,CONSOLIDATED,114.0,146,10,1.26,0.0,12.0,4.0,23.0,21.0,8.0,11.0,10.0,14.0,56.0,7.0,20.0,35.0,5.0,26.0,15.0,59.0
facial massage oil,605.0,ADJACENT,OTHER,0,0,NONE,,187,10,1.56,2.0,,,,,,,,222.0,,,,,,,,
gua sha massage tool,605.0,ADJACENT,GUA_SHA,0,0,NONE,,119,10,1.37,7.0,173.0,211.0,301.0,214.0,230.0,244.0,,193.0,,,225.0,,,245.0,,232.0
conair face brush,602.0,ADJACENT,OTHER,1,1,SINGLE,,67,10,1.32,0.0,,,90.0,115.0,,90.0,13.0,,,,111.0,,,,,
lymphatic drainage cream,602.0,ADJACENT,LYMPHATIC_CORE,0,2,NONE,,104,10,1.43,2.0,29.0,,,,92.0,,,99.0,,38.0,,,,70.0,,
lymphatic cream,602.0,ADJACENT,LYMPHATIC_CORE,0,2,NONE,,157,10,1.65,2.0,23.0,,,,,,,90.0,,,41.0,,,,,
skin scraper for face,600.0,ADJACENT,OTHER,0,1,NONE,,243,10,1.24,,,,,,,,,,,44.0,,,,,,
face fit roller,600.0,ADJACENT,OTHER,1,1,SINGLE,,164,10,1.22,0.0,6.0,,,,,,,,,,,,,,,
lymphatic drainage system,597.0,ADJACENT,LYMPHATIC_CORE,0,0,NONE,,135,9,1.95,0.0,,,,,160.0,,,161.0,,,,,,,,
chin massager,597.0,ADJACENT,OTHER,0,1,NONE,229.0,154,9,1.52,1.0,29.0,142.0,,234.0,,,,,,63.0,64.0,283.0,,230.0,,
facial lymphatic brush,597.0,EXACT,LYMPHATIC_CORE,7,13,CONSOLIDATED,103.0,218,9,1.09,0.0,16.0,7.0,29.0,87.0,8.0,11.0,9.0,62.0,92.0,10.0,48.0,43.0,12.0,31.0,34.0,38.0
tmj face massager,592.0,ADJACENT,OTHER,0,1,NONE,,127,9,1.3,0.0,28.0,,,,,,,,,99.0,,,,,,
face massage cream,592.0,ADJACENT,OTHER,0,0,NONE,,167,9,1.61,3.0,,,,,165.0,,,,,147.0,,,,,,
face massage oil,592.0,ADJACENT,OTHER,0,0,NONE,,185,9,1.47,2.0,,,,,237.0,,,136.0,,273.0,,,,,,
face stone gua sha,592.0,ADJACENT,GUA_SHA,0,2,NONE,,176,9,1.42,2.0,40.0,,,109.0,,49.0,,80.0,,,,,,,,73.0
face scrubbing brush,587.0,ADJACENT,OTHER,0,1,NONE,,144,9,,0.0,46.0,260.0,290.0,156.0,161.0,181.0,101.0,,,63.0,174.0,,212.0,,,
lymphatic roller for body,587.0,ADJACENT,LYMPHATIC_CORE,0,0,NONE,,140,9,1.08,,,,,,,,,,,,100.0,,,,,
harrys brush face,582.0,ADJACENT,OTHER,0,2,NONE,,98,9,,0.0,,,,,,,29.0,33.0,,,,,,,,
facial fan brush,582.0,ADJACENT,OTHER,0,0,NONE,,140,9,0.66,,,,,,,,,,,80.0,,,,,,
facial massage tools,582.0,ADJACENT,OTHER,1,3,SINGLE,,134,9,1.33,1.0,30.0,144.0,192.0,107.0,9.0,132.0,,98.0,,42.0,275.0,,250.0,,,216.0
contouring,582.0,ADJACENT,CONTOUR_CORE,0,1,NONE,,197,9,0.85,6.0,53.0,159.0,147.0,171.0,32.0,141.0,84.0,117.0,174.0,119.0,130.0,136.0,108.0,203.0,103.0,
neck lymphatic drainage massage,579.0,ADJACENT,LYMPHATIC_CORE,0,1,NONE,,165,9,1.46,0.0,31.0,103.0,201.0,79.0,115.0,134.0,284.0,225.0,,136.0,171.0,270.0,185.0,162.0,,
medicube face brush,579.0,ADJACENT,OTHER,1,3,SINGLE,209.0,108,9,1.17,0.0,29.0,75.0,93.0,90.0,92.0,73.0,11.0,,147.0,37.0,125.0,144.0,91.0,199.0,85.0,
lymphatic drainage device,579.0,ADJACENT,LYMPHATIC_CORE,0,0,NONE,,195,9,1.46,0.0,97.0,,,,107.0,91.0,,82.0,,62.0,297.0,,,285.0,,192.0
lymphatic drainage support,579.0,ADJACENT,LYMPHATIC_CORE,0,0,NONE,,93,9,2.63,4.0,96.0,133.0,204.0,,,278.0,188.0,277.0,,,,,,,,
lymphatic drainage tool face,579.0,ADJACENT,LYMPHATIC_CORE,4,10,CONSOLIDATED,179.0,202,9,1.35,0.0,1.0,16.0,41.0,51.0,6.0,27.0,63.0,33.0,216.0,24.0,53.0,156.0,9.0,34.0,50.0,62.0
lymphatic drainage dry brush,579.0,EXACT,LYMPHATIC_CORE,4,8,CONSOLIDATED,,168,9,1.17,0.0,2.0,18.0,84.0,28.0,7.0,29.0,51.0,35.0,102.0,5.0,76.0,163.0,32.0,55.0,250.0,266.0
lymphatic contour face,579.0,ADJACENT,LYMPHATIC_CORE,6,13,CONSOLIDATED,148.0,189,9,1.43,28.0,24.0,14.0,63.0,48.0,5.0,39.0,33.0,15.0,79.0,28.0,16.0,109.0,3.0,38.0,11.0,45.0
lymphatic brush for face and neck,579.0,EXACT,LYMPHATIC_CORE,8,13,CONSOLIDATED,187.0,122,9,1.31,0.0,12.0,8.0,11.0,31.0,10.0,7.0,26.0,22.0,85.0,9.0,15.0,126.0,14.0,23.0,89.0,47.0
bells palsy face massager,577.0,ADJACENT,OTHER,0,0,NONE,,119,9,,0.0,,,,,,,,,,,,,,,,
contouring brush,577.0,EXACT,CONTOUR_CORE,3,7,SHARED,164.0,216,9,1.19,1.0,5.0,78.0,98.0,108.0,11.0,63.0,44.0,48.0,183.0,31.0,88.0,142.0,14.0,122.0,32.0,301.0
wooden face massager tool,577.0,ADJACENT,OTHER,1,1,SINGLE,,0,9,,0.0,54.0,117.0,224.0,11.0,,,,,,107.0,,,,,,
elf face brush,574.0,ADJACENT,OTHER,0,0,NONE,,62,9,1.34,0.0,,,,,,,,,,,,,,,,
lymphatic drainage kit,574.0,ADJACENT,LYMPHATIC_CORE,1,1,SINGLE,,147,9,1.23,0.0,5.0,,220.0,225.0,95.0,,,79.0,,,,,,,259.0,
face brushes for lymphatic drainage,574.0,EXACT,LYMPHATIC_CORE,9,14,CONSOLIDATED,68.0,151,9,1.36,0.0,1.0,4.0,13.0,34.0,15.0,11.0,18.0,19.0,45.0,9.0,44.0,53.0,6.0,26.0,107.0,29.0
face brush for men,574.0,ADJACENT,OTHER,0,1,NONE,,151,9,1.33,1.0,34.0,,157.0,,,,,,,,,,,,,
lymphatic drain brush for face,574.0,EXACT,LYMPHATIC_CORE,8,12,CONSOLIDATED,88.0,159,9,1.2,0.0,14.0,5.0,20.0,24.0,6.0,19.0,21.0,10.0,56.0,7.0,46.0,52.0,11.0,30.0,83.0,73.0
soft bristle face brush,571.0,ADJACENT,OTHER,0,8,NONE,,156,9,1.09,0.0,21.0,76.0,41.0,84.0,22.0,25.0,29.0,44.0,,23.0,70.0,277.0,,85.0,47.0,
lymphatic drainage wood tools,571.0,ADJACENT,LYMPHATIC_CORE,0,0,NONE,,72,9,,0.0,67.0,86.0,168.0,90.0,,141.0,,61.0,153.0,,127.0,,,,,
massage cream for face,566.0,ADJACENT,OTHER,0,0,NONE,,207,9,1.19,2.0,,,,,236.0,,,,,,,,,,,
lymphatic drainage neck massager,566.0,ADJACENT,LYMPHATIC_CORE,0,0,NONE,,211,9,1.76,0.0,85.0,154.0,,,,192.0,,214.0,,,272.0,,,,,
lymphatic drainage sculplique,566.0,ADJACENT,LYMPHATIC_CORE,0,1,NONE,,77,9,,0.0,59.0,,,89.0,84.0,125.0,,,,,145.0,,42.0,136.0,,
rena chris gua sha facial tool,564.0,ADJACENT,GUA_SHA,0,2,NONE,,127,9,1.29,0.0,,,,66.0,,,,50.0,,34.0,,,,,,88.0
face spin brush,561.0,ADJACENT,OTHER,0,0,NONE,,182,9,1.21,0.0,55.0,,,,,,,106.0,,,,,,,,
gua sha men,561.0,ADJACENT,GUA_SHA,0,0,NONE,,170,9,1.3,0.0,,,138.0,,,,,52.0,,,,,,,,
face tools for lymphatic drainage,561.0,ADJACENT,LYMPHATIC_CORE,3,8,SHARED,183.0,213,9,1.51,0.0,31.0,5.0,56.0,67.0,7.0,50.0,25.0,91.0,122.0,22.0,54.0,260.0,8.0,65.0,47.0,79.0
facial scraper,561.0,ADJACENT,OTHER,0,0,NONE,,175,9,1.15,,,,,,,,,,,75.0,,,,,,
lymphatic drainage facial brush,561.0,EXACT,LYMPHATIC_CORE,10,15,CONSOLIDATED,85.0,164,9,1.37,0.0,11.0,9.0,18.0,24.0,6.0,10.0,13.0,22.0,92.0,5.0,20.0,42.0,8.0,19.0,32.0,39.0
face sculpting mask,561.0,ADJACENT,CONTOUR_CORE,0,0,NONE,,150,9,1.24,,,,,,,,,,,,91.0,,,,,
manual face cleansing brush,561.0,ADJACENT,OTHER,0,1,NONE,,130,9,1.11,1.0,151.0,181.0,299.0,47.0,,167.0,142.0,,,152.0,136.0,,,,209.0,
lymphatic drain brush,561.0,EXACT,LYMPHATIC_CORE,7,14,CONSOLIDATED,124.0,160,9,1.48,0.0,2.0,17.0,22.0,27.0,9.0,6.0,25.0,18.0,84.0,3.0,50.0,31.0,7.0,32.0,116.0,48.0
face scrubber exfoliator brush,561.0,ADJACENT,OTHER,0,0,NONE,,115,9,1.37,0.0,177.0,287.0,280.0,281.0,,212.0,149.0,,,,,,,,,
gua sha bulk,561.0,ADJACENT,GUA_SHA,0,0,NONE,,122,9,1.15,0.0,257.0,119.0,176.0,301.0,,,,106.0,,,,,,,,87.0
face contouring device,561.0,ADJACENT,CONTOUR_CORE,0,0,NONE,,192,9,1.51,0.0,62.0,,,,,,,82.0,,55.0,,,185.0,202.0,,
lymphatic drainage massager for face,553.0,ADJACENT,LYMPHATIC_CORE,1,6,SINGLE,233.0,151,9,1.51,2.0,35.0,22.0,132.0,192.0,13.0,89.0,63.0,46.0,172.0,55.0,74.0,281.0,28.0,41.0,220.0,82.0
face contour tool,553.0,ADJACENT,CONTOUR_CORE,2,5,SHARED,164.0,197,9,1.3,0.0,69.0,27.0,74.0,82.0,4.0,64.0,,30.0,168.0,56.0,36.0,143.0,14.0,80.0,57.0,51.0
face cleaning brush for women,553.0,ADJACENT,OTHER,0,0,NONE,,128,9,1.15,0.0,56.0,,134.0,146.0,,,77.0,,,127.0,191.0,,,,232.0,174.0
gua sha red light,553.0,ADJACENT,GUA_SHA,0,1,NONE,,136,9,1.84,0.0,,,,,,175.0,,45.0,,,,,,,,
fluffy facial brushes esthetician,553.0,ADJACENT,OTHER,0,0,NONE,,153,9,0.84,,,,,,,,,,,,,,,,,
kojeva face brush,553.0,ADJACENT,COMPETITOR_BRAND,7,12,CONSOLIDATED,72.0,79,9,1.19,0.0,4.0,8.0,13.0,24.0,2.0,9.0,12.0,21.0,,10.0,42.0,33.0,41.0,55.0,70.0,
lymphatic drainage best seller,551.0,ADJACENT,LYMPHATIC_CORE,0,1,NONE,,85,9,2.61,0.0,24.0,,,,,,,283.0,,,233.0,,,,,
rotating face cleansing brush,551.0,ADJACENT,OTHER,0,1,NONE,,122,9,,0.0,40.0,,,,,,,,,,,,,,,
vanity planet face brush,548.0,ADJACENT,OTHER,1,2,SINGLE,,38,9,1.3,0.0,,,,,,,14.0,47.0,,,,,,,,
gua sha rose quartz,546.0,ADJACENT,GUA_SHA,0,0,NONE,,71,9,1.22,0.0,,,,,,,,106.0,,,,,,,,
contour stick set,546.0,ADJACENT,CONTOUR_CORE,0,0,NONE,,181,9,0.84,6.0,,,,,,,,189.0,,,,,,,,
face dry brush for lymphatic drainage,546.0,EXACT,LYMPHATIC_CORE,10,13,CONSOLIDATED,109.0,159,9,1.38,0.0,20.0,4.0,16.0,17.0,6.0,11.0,5.0,21.0,39.0,9.0,13.0,91.0,3.0,35.0,63.0,83.0
lymphatic detox,543.0,ADJACENT,LYMPHATIC_CORE,1,1,SINGLE,,145,9,2.19,0.0,105.0,,,286.0,75.0,136.0,,109.0,,,15.0,,106.0,89.0,,217.0
lymphatic support drainage & detox,543.0,ADJACENT,LYMPHATIC_CORE,0,0,NONE,,12,9,,0.0,107.0,,,,,,,,,,228.0,,,,,
lymph brush for face and neck,543.0,EXACT,LYMPHATIC_CORE,9,12,CONSOLIDATED,79.0,171,9,1.27,0.0,9.0,6.0,21.0,52.0,10.0,8.0,16.0,15.0,61.0,12.0,39.0,101.0,13.0,18.0,91.0,42.0
skin care brush for face,543.0,ADJACENT,OTHER,1,4,SINGLE,185.0,186,9,1.12,0.0,10.0,46.0,136.0,114.0,42.0,126.0,40.0,104.0,226.0,74.0,82.0,,62.0,,291.0,75.0
facial wash brush,538.0,ADJACENT,OTHER,0,0,NONE,288.0,155,9,,0.0,94.0,139.0,176.0,170.0,166.0,195.0,118.0,168.0,,60.0,192.0,,,,,212.0
contour stick with brush,538.0,EXACT,CONTOUR_CORE,0,0,NONE,,165,9,,0.0,,,,,,,,224.0,,,,,,,,
guasha face oil,538.0,ADJACENT,GUA_SHA,0,2,NONE,221.0,89,9,1.64,0.0,48.0,111.0,206.0,,129.0,186.0,,46.0,167.0,,,,189.0,141.0,180.0,
contour brushes for face sculpting,538.0,EXACT,CONTOUR_CORE,8,12,CONSOLIDATED,116.0,151,9,1.0,0.0,23.0,18.0,40.0,33.0,4.0,11.0,14.0,28.0,277.0,8.0,19.0,73.0,10.0,52.0,20.0,51.0
face drainage brush,538.0,EXACT,LYMPHATIC_CORE,8,13,CONSOLIDATED,62.0,182,9,1.23,0.0,13.0,8.0,34.0,26.0,4.0,17.0,12.0,24.0,79.0,10.0,49.0,67.0,6.0,11.0,87.0,37.0
face drainage,538.0,ADJACENT,LYMPHATIC_CORE,4,10,CONSOLIDATED,132.0,180,9,,0.0,20.0,23.0,46.0,71.0,16.0,49.0,34.0,33.0,136.0,10.0,36.0,121.0,11.0,82.0,190.0,62.0
kitch terracotta lymphatic contour face brush,535.0,EXACT,COMPETITOR_BRAND,6,13,CONSOLIDATED,92.0,51,9,,0.0,19.0,18.0,22.0,26.0,9.0,21.0,1.0,44.0,42.0,10.0,77.0,41.0,51.0,14.0,24.0,75.0
face massage brush,535.0,ADJACENT,OTHER,8,12,CONSOLIDATED,108.0,185,9,1.21,2.0,17.0,9.0,24.0,23.0,6.0,7.0,8.0,25.0,115.0,4.0,15.0,111.0,3.0,29.0,176.0,62.0
lymphatic drainage mary ruth,535.0,ADJACENT,LYMPHATIC_CORE,0,0,NONE,,131,9,2.03,0.0,,,,,,,,124.0,,84.0,,,,,,
lymphatic tool,535.0,ADJACENT,LYMPHATIC_CORE,0,2,NONE,,218,9,,0.0,121.0,90.0,69.0,180.0,23.0,85.0,,49.0,204.0,73.0,108.0,195.0,137.0,88.0,106.0,86.0
lymphatic wooden massage tools,535.0,ADJACENT,LYMPHATIC_CORE,0,1,NONE,,150,9,0.8,0.0,40.0,126.0,65.0,67.0,,,,,204.0,148.0,216.0,,,,,
kitsch black lymphatic contour face brush,535.0,EXACT,COMPETITOR_BRAND,2,12,SHARED,78.0,15,9,,0.0,3.0,21.0,29.0,32.0,30.0,22.0,2.0,24.0,,27.0,28.0,45.0,59.0,60.0,23.0,85.0
lymphatic pills,535.0,ADJACENT,LYMPHATIC_CORE,0,0,NONE,,108,9,,0.0,83.0,,,,,,,,,,,,,,,
neck line massager,535.0,ADJACENT,OTHER,0,0,NONE,,182,9,1.49,0.0,,,,,,190.0,,270.0,,,,,,168.0,,
lymphatic drainage tool body,535.0,ADJACENT,LYMPHATIC_CORE,0,0,NONE,,203,9,,0.0,52.0,159.0,207.0,280.0,210.0,95.0,,131.0,,186.0,277.0,,,,,160.0
lymphatic drainage massager neck,535.0,ADJACENT,LYMPHATIC_CORE,0,0,NONE,,53,9,1.54,0.0,81.0,100.0,,227.0,152.0,153.0,,156.0,,146.0,113.0,,,145.0,226.0,
manual neck massager tool,528.0,ADJACENT,OTHER,0,0,NONE,,22,9,0.88,1.0,164.0,,,,,,,,,,,,,,,
lymphatica,528.0,ADJACENT,LYMPHATIC_CORE,0,1,NONE,,12,9,,0.0,106.0,63.0,173.0,258.0,26.0,179.0,62.0,74.0,,,,,,,,
lymphatic cleanse,525.0,ADJACENT,LYMPHATIC_CORE,0,0,NONE,,130,9,2.39,6.0,,141.0,190.0,,,,,158.0,,,118.0,,,,,
lymphatic gloves with rollers,525.0,ADJACENT,LYMPHATIC_CORE,0,1,NONE,,51,9,0.88,1.0,,,,,,,,,,26.0,,,,,,
lymphatic drainage gloves,525.0,ADJACENT,LYMPHATIC_CORE,0,1,NONE,,84,9,1.16,0.0,22.0,,,,,,,,,,,,,,,
neck roller cream,525.0,ADJACENT,OTHER,0,0,NONE,,141,9,1.84,0.0,86.0,,,,,,,,,,,,,,,
soft bristle face cleansing brush,525.0,ADJACENT,OTHER,0,0,NONE,,134,9,,3.0,268.0,255.0,96.0,96.0,,,94.0,89.0,,72.0,,,,,252.0,
lymphatic contour face tool,525.0,ADJACENT,LYMPHATIC_CORE,2,7,SHARED,178.0,159,9,1.58,0.0,42.0,23.0,65.0,81.0,4.0,75.0,59.0,18.0,133.0,26.0,145.0,162.0,80.0,64.0,29.0,22.0
facial gua sha,520.0,ADJACENT,GUA_SHA,0,3,NONE,242.0,131,9,1.27,0.0,42.0,67.0,283.0,182.0,181.0,216.0,178.0,37.0,,71.0,259.0,,,,,43.0
face lymphatic brush,520.0,EXACT,LYMPHATIC_CORE,10,13,CONSOLIDATED,107.0,190,9,1.35,0.0,13.0,9.0,20.0,27.0,7.0,19.0,3.0,18.0,71.0,8.0,21.0,72.0,6.0,36.0,17.0,57.0
dry brush for lymphatic drainage face,520.0,EXACT,LYMPHATIC_CORE,10,13,CONSOLIDATED,108.0,198,9,,0.0,22.0,5.0,16.0,18.0,4.0,13.0,9.0,12.0,47.0,14.0,8.0,96.0,3.0,38.0,68.0,55.0
double chin massager,520.0,ADJACENT,DOUBLE_CHIN,0,1,NONE,,150,9,1.63,0.0,24.0,,,103.0,,,,,,,55.0,,,,,
facial depuffer,520.0,ADJACENT,OTHER,2,4,SHARED,,174,9,,0.0,15.0,39.0,,91.0,2.0,92.0,,69.0,,23.0,94.0,,72.0,52.0,87.0,
facial sculpting brush,520.0,EXACT,CONTOUR_CORE,11,13,CONSOLIDATED,86.0,140,9,1.22,0.0,10.0,4.0,22.0,17.0,2.0,8.0,14.0,18.0,73.0,6.0,12.0,63.0,13.0,53.0,15.0,26.0
lymphatic brushes,517.0,EXACT,LYMPHATIC_CORE,5,13,CONSOLIDATED,124.0,177,9,1.39,0.0,23.0,9.0,42.0,30.0,12.0,10.0,17.0,31.0,136.0,29.0,34.0,88.0,43.0,19.0,28.0,85.0
icon lymphatic contour face brush,517.0,EXACT,LYMPHATIC_CORE,2,12,SHARED,123.0,98,9,1.07,2.0,25.0,23.0,35.0,48.0,28.0,3.0,31.0,29.0,81.0,18.0,58.0,21.0,44.0,65.0,24.0,52.0
lymphatic drainage body tool,517.0,ADJACENT,LYMPHATIC_CORE,0,1,NONE,,187,9,1.37,0.0,45.0,169.0,202.0,260.0,178.0,102.0,,145.0,,164.0,,,,,,292.0
mens facial cleansing brush,517.0,ADJACENT,OTHER,0,0,NONE,,125,9,,0.0,104.0,,,116.0,,,,,,,,,,,,
gua sha tools for body,517.0,ADJACENT,GUA_SHA,0,0,NONE,,164,9,1.02,0.0,,181.0,,,,,,,,,,,,275.0,,205.0
face tanning brush,517.0,ADJACENT,OTHER,0,0,NONE,273.0,124,9,1.2,3.0,,,,129.0,140.0,,101.0,,,225.0,156.0,,,,,
face gua sha tool,510.0,ADJACENT,GUA_SHA,0,2,NONE,230.0,36,9,,0.0,,40.0,,241.0,,193.0,,61.0,,,,,,,,42.0
gua sha neck,510.0,ADJACENT,GUA_SHA,0,0,NONE,,149,9,1.58,3.0,173.0,109.0,147.0,176.0,182.0,180.0,229.0,97.0,,,58.0,,,218.0,,
manual face brush,507.0,ADJACENT,OTHER,0,0,NONE,241.0,140,9,,4.0,138.0,152.0,223.0,132.0,133.0,158.0,93.0,,,97.0,171.0,,178.0,,76.0,
kit sch lymphatic face brush,507.0,EXACT,COMPETITOR_BRAND,4,9,CONSOLIDATED,88.0,12,9,,0.0,20.0,8.0,23.0,43.0,28.0,26.0,1.0,70.0,75.0,6.0,85.0,65.0,47.0,77.0,69.0,72.0
lymphatic drainage traditional lymphatic support,507.0,ADJACENT,LYMPHATIC_CORE,0,0,NONE,,24,9,,0.0,,,,,,,,,,,,,,,,
mens facial brush,507.0,ADJACENT,OTHER,0,2,NONE,,24,9,,0.0,,,72.0,35.0,,,,,,49.0,,,,,,
stainless steel gua sha facial tool,505.0,ADJACENT,GUA_SHA,0,0,NONE,,113,9,1.23,2.0,,,216.0,,,,,,,,,,,,,187.0
facial cleansing brushes,499.0,ADJACENT,OTHER,0,0,NONE,,89,9,1.27,0.0,236.0,228.0,,,,,,,,165.0,276.0,,,,,
face sculptor,499.0,ADJACENT,CONTOUR_CORE,1,3,SINGLE,,149,9,1.62,0.0,9.0,,,,30.0,41.0,,77.0,,,80.0,228.0,155.0,,,
facial lymphatic drainage,499.0,ADJACENT,LYMPHATIC_CORE,3,8,SHARED,208.0,152,9,1.41,0.0,33.0,26.0,46.0,74.0,9.0,78.0,55.0,45.0,249.0,14.0,101.0,160.0,15.0,42.0,179.0,63.0
lymphatic roller for face,497.0,ADJACENT,LYMPHATIC_CORE,0,2,NONE,271.0,195,9,,0.0,25.0,117.0,288.0,164.0,28.0,53.0,115.0,71.0,,65.0,160.0,161.0,172.0,282.0,159.0,175.0
ice rollers for face,497.0,ADJACENT,OTHER,0,0,NONE,,142,9,1.14,0.0,121.0,,,,,,,,,86.0,,,,,,
lymphatic body massager,497.0,ADJACENT,LYMPHATIC_CORE,0,0,NONE,,189,9,1.16,0.0,100.0,213.0,,,,,,226.0,,,,,,201.0,,261.0
gua sha holder,497.0,ADJACENT,GUA_SHA,0,1,NONE,,14,9,,,,,,,,,,,,,,,,40.0,,
lymphatic drainage oil for face,497.0,ADJACENT,LYMPHATIC_CORE,0,2,NONE,171.0,132,9,1.57,0.0,39.0,72.0,,,,145.0,,33.0,,92.0,,,122.0,137.0,213.0,
lymphatic drainage patches,497.0,ADJACENT,LYMPHATIC_CORE,0,0,NONE,,123,9,1.43,4.0,,,,,,66.0,,,,,,,,,,
silicone face brush for cleansing,494.0,ADJACENT,OTHER,0,0,NONE,,112,9,,0.0,,,,,,,166.0,,,,,,,,,
yeamon gua sha facial tools and face roller set,492.0,ADJACENT,GUA_SHA,0,0,NONE,,105,9,1.22,4.0,,,,,,,,,,70.0,,,,,,
contour scraper,489.0,ADJACENT,CONTOUR_CORE,0,0,NONE,,76,9,1.2,4.0,,,,,,,,,,,,,,,,
guasha serum,487.0,ADJACENT,GUA_SHA,0,1,NONE,194.0,148,9,,0.0,,,221.0,,,153.0,,35.0,,,,,,,179.0,
lymphatic drainage massager tool,487.0,ADJACENT,LYMPHATIC_CORE,0,0,NONE,,178,9,,2.0,70.0,126.0,,61.0,167.0,90.0,,124.0,,55.0,209.0,248.0,,61.0,,168.0
gua sha with cream,487.0,ADJACENT,GUA_SHA,0,0,NONE,223.0,181,9,,0.0,78.0,,,,128.0,,,,140.0,,,,,144.0,,
koheva lymphatic face brush,487.0,EXACT,LYMPHATIC_CORE,11,16,CONSOLIDATED,109.0,136,9,1.3,0.0,11.0,13.0,10.0,29.0,5.0,9.0,12.0,15.0,47.0,7.0,18.0,23.0,19.0,30.0,16.0,40.0
face brush lymphatic drainage,487.0,EXACT,LYMPHATIC_CORE,9,15,CONSOLIDATED,101.0,117,9,1.38,3.0,21.0,9.0,27.0,17.0,5.0,23.0,10.0,16.0,11.0,12.0,13.0,39.0,3.0,26.0,29.0,57.0
face scrub brush for women,487.0,ADJACENT,OTHER,0,1,NONE,,150,9,1.35,0.0,25.0,154.0,139.0,134.0,,164.0,90.0,,,54.0,169.0,,,,,
rose quartz gua sha facial tool,484.0,ADJACENT,GUA_SHA,0,1,NONE,,136,9,1.33,1.0,72.0,,,44.0,,,,119.0,,,,,,,,
lymphatic board,484.0,ADJACENT,LYMPHATIC_CORE,0,0,NONE,,180,9,,,,,,,,,,,,80.0,,,,,,
lymphatic massage tools,484.0,ADJACENT,LYMPHATIC_CORE,0,0,NONE,,189,9,,0.0,166.0,157.0,247.0,92.0,90.0,222.0,,111.0,250.0,88.0,149.0,,172.0,,,295.0
skin care brush,481.0,ADJACENT,OTHER,1,2,SINGLE,,183,9,1.16,0.0,16.0,135.0,163.0,152.0,67.0,90.0,108.0,124.0,,43.0,116.0,,,,243.0,145.0
cheek brush,479.0,ADJACENT,OTHER,0,1,NONE,,168,8,,2.0,46.0,297.0,,,160.0,122.0,127.0,251.0,,166.0,286.0,,,189.0,,
face massage oil for facial,476.0,ADJACENT,OTHER,0,0,NONE,,162,8,1.63,0.0,,170.0,,,148.0,199.0,,138.0,,166.0,,,,,,
gua sha face,476.0,ADJACENT,GUA_SHA,2,3,SHARED,224.0,149,8,1.2,1.0,19.0,75.0,302.0,101.0,139.0,185.0,70.0,11.0,,83.0,54.0,,,151.0,,39.0
facial mask brush applicator,476.0,ADJACENT,OTHER,0,1,NONE,,141,8,,0.0,,,,77.0,142.0,140.0,,,,37.0,271.0,,,,,
facial drainage brush,476.0,EXACT,LYMPHATIC_CORE,8,12,CONSOLIDATED,89.0,136,8,1.47,0.0,13.0,12.0,32.0,20.0,2.0,10.0,18.0,83.0,90.0,3.0,25.0,41.0,15.0,23.0,99.0,53.0
gua sha for face,476.0,ADJACENT,GUA_SHA,1,3,SINGLE,163.0,133,8,1.35,0.0,21.0,87.0,156.0,191.0,114.0,141.0,83.0,20.0,,61.0,51.0,,,248.0,,40.0
lymphatic drainage body massager,474.0,ADJACENT,LYMPHATIC_CORE,0,0,NONE,,187,8,,0.0,51.0,264.0,,,,,,247.0,,,,,,,,215.0
lymphatic facial brush for face,474.0,EXACT,LYMPHATIC_CORE,8,13,CONSOLIDATED,123.0,183,8,,0.0,15.0,5.0,17.0,65.0,10.0,6.0,16.0,72.0,68.0,12.0,40.0,22.0,19.0,25.0,24.0,49.0
lymphatic drainage massage tools,474.0,ADJACENT,LYMPHATIC_CORE,0,1,NONE,,169,8,1.05,0.0,151.0,107.0,220.0,149.0,102.0,166.0,,197.0,247.0,39.0,153.0,,73.0,266.0,,
micro roller for face,474.0,ADJACENT,OTHER,0,0,NONE,,137,8,1.28,,,,,,,,,,,105.0,,,,,,
gua sha wood,474.0,ADJACENT,GUA_SHA,0,1,NONE,,114,8,1.1,1.0,,165.0,207.0,30.0,,,,,213.0,,,,154.0,,,
medicube face massager,471.0,ADJACENT,OTHER,0,1,NONE,,64,8,1.38,0.0,28.0,,,,,,,,,,,,,,,
skin dry brush,469.0,ADJACENT,OTHER,0,0,NONE,,119,8,1.28,0.0,81.0,149.0,212.0,135.0,152.0,168.0,,96.0,224.0,72.0,71.0,,154.0,283.0,,
tmj jaw massager,469.0,ADJACENT,OTHER,0,1,NONE,,150,8,1.22,2.0,42.0,,,,,,,,,,,,,,,
scrub brush for face,469.0,ADJACENT,OTHER,0,1,NONE,,115,8,,0.0,49.0,269.0,115.0,282.0,176.0,187.0,133.0,,,81.0,197.0,,273.0,,,
bronzing brush for face,466.0,ADJACENT,OTHER,0,1,NONE,235.0,155,8,,0.0,,,,91.0,101.0,,50.0,,,,220.0,,,,74.0,
face pack brush,463.0,ADJACENT,OTHER,0,0,NONE,244.0,149,8,1.29,0.0,103.0,87.0,176.0,86.0,98.0,90.0,66.0,139.0,249.0,81.0,102.0,165.0,55.0,146.0,61.0,276.0
chin roller,463.0,ADJACENT,OTHER,0,1,NONE,,116,8,1.38,0.0,24.0,,,,,,,,,84.0,,,,,,
face makeup brush,463.0,ADJACENT,OTHER,0,0,NONE,,158,8,1.02,3.0,147.0,,,231.0,97.0,284.0,128.0,233.0,,204.0,,,,,,
facial scrub brush for women,463.0,ADJACENT,OTHER,0,1,NONE,295.0,162,8,,0.0,49.0,147.0,143.0,135.0,167.0,164.0,136.0,,,85.0,201.0,,,279.0,,
contour nose brush,463.0,EXACT,CONTOUR_CORE,0,0,NONE,141.0,117,8,0.81,3.0,,,,,,,,,,,,,,,,
face brush for mask,463.0,ADJACENT,OTHER,0,0,NONE,,156,8,0.82,0.0,67.0,175.0,271.0,278.0,215.0,226.0,137.0,76.0,,210.0,117.0,,280.0,,262.0,
massage oil for face,461.0,ADJACENT,OTHER,0,0,NONE,,167,8,1.73,2.0,,,,,,,,186.0,,210.0,,,,,,
glidelift facial massager,461.0,ADJACENT,OTHER,1,1,SINGLE,,109,8,,0.0,11.0,,,,,,,,,,,,,,,
lymphatic drainage tool massager,461.0,ADJACENT,LYMPHATIC_CORE,0,0,NONE,,108,8,,0.0,110.0,133.0,,280.0,122.0,192.0,,53.0,,72.0,163.0,,,141.0,,95.0
gua sha face brush,461.0,EXACT,GUA_SHA,6,11,CONSOLIDATED,66.0,137,8,1.17,0.0,21.0,3.0,35.0,78.0,6.0,26.0,14.0,31.0,65.0,5.0,10.0,255.0,54.0,24.0,135.0,13.0
medicube brush for face,461.0,ADJACENT,OTHER,0,4,NONE,166.0,90,8,,0.0,25.0,57.0,74.0,85.0,70.0,58.0,39.0,52.0,,36.0,86.0,128.0,79.0,122.0,48.0,
lymphatic contour brush for face,461.0,EXACT,LYMPHATIC_CORE,9,15,CONSOLIDATED,100.0,149,8,1.46,2.0,1.0,10.0,24.0,26.0,2.0,14.0,13.0,21.0,52.0,15.0,32.0,41.0,11.0,19.0,7.0,43.0
lymphatic drainage for men,461.0,ADJACENT,LYMPHATIC_CORE,0,0,NONE,,167,8,,0.0,,,,,,,,,,,,,,,,
lymphatic drainage brush kitsch,461.0,EXACT,COMPETITOR_BRAND,3,11,SHARED,90.0,30,8,,0.0,5.0,20.0,25.0,56.0,21.0,24.0,1.0,29.0,,22.0,45.0,81.0,40.0,48.0,83.0,55.0
skin brush for face,456.0,ADJACENT,OTHER,2,5,SHARED,42.0,171,8,1.39,0.0,4.0,46.0,115.0,51.0,26.0,56.0,65.0,66.0,,25.0,52.0,138.0,18.0,,53.0,268.0
waterproof face cleansing brush,456.0,ADJACENT,OTHER,0,0,NONE,,12,8,1.26,0.0,,,148.0,,,,94.0,,,,,,,,152.0,
waterproof facial cleansing brush,453.0,ADJACENT,OTHER,0,0,NONE,,153,8,,0.0,,100.0,136.0,138.0,,,103.0,,,164.0,114.0,,,,140.0,
best face oil for gua sha massage,451.0,ADJACENT,GUA_SHA,0,0,NONE,,105,8,,0.0,,88.0,285.0,,,105.0,,122.0,,,,,,,,
puur house lymphatic contour face brush,451.0,EXACT,LYMPHATIC_CORE,10,14,CONSOLIDATED,116.0,133,8,,0.0,6.0,21.0,24.0,13.0,19.0,7.0,14.0,18.0,42.0,4.0,2.0,52.0,17.0,34.0,20.0,96.0
neck cream gua sha,449.0,ADJACENT,GUA_SHA,0,0,NONE,177.0,152,8,,0.0,68.0,,,,121.0,,,,,,,,,135.0,,
face sculpting wand,449.0,ADJACENT,CONTOUR_CORE,0,1,NONE,,112,8,1.65,0.0,,,,,49.0,,,,,,,,,,,
guasha stone for face,448.0,ADJACENT,GUA_SHA,0,1,NONE,,114,8,1.22,0.0,85.0,,,45.0,,,,71.0,,123.0,,,,,,169.0
face contour device,447.0,ADJACENT,CONTOUR_CORE,1,2,SINGLE,,128,8,,0.0,3.0,,,,,,,39.0,,,,,139.0,164.0,,
contourglow brush,446.0,EXACT,COMPETITOR_BRAND,7,14,CONSOLIDATED,47.0,162,8,1.36,0.0,5.0,,20.0,24.0,3.0,10.0,9.0,11.0,,7.0,31.0,26.0,37.0,45.0,33.0,36.0
dry skin brush lymphatic massage,446.0,EXACT,LYMPHATIC_CORE,0,2,NONE,262.0,108,8,1.2,0.0,124.0,53.0,70.0,194.0,27.0,84.0,127.0,122.0,168.0,46.0,87.0,155.0,97.0,276.0,121.0,183.0
awki lymphatic face brush,446.0,EXACT,LYMPHATIC_CORE,7,15,CONSOLIDATED,109.0,141,8,1.16,0.0,6.0,10.0,25.0,28.0,3.0,14.0,22.0,18.0,46.0,17.0,36.0,4.0,33.0,40.0,21.0,68.0
self tanner brush for face,444.0,ADJACENT,OTHER,0,0,NONE,,170,8,1.11,2.0,,,,,,,,,,,,,,,,
lymphatic contour face brush￼,443.0,EXACT,LYMPHATIC_CORE,8,13,CONSOLIDATED,130.0,169,8,1.37,0.0,15.0,8.0,23.0,60.0,9.0,22.0,7.0,69.0,11.0,13.0,28.0,79.0,19.0,25.0,6.0,45.0
lymphatic face brish,442.0,ADJACENT,LYMPHATIC_CORE,11,16,CONSOLIDATED,128.0,167,8,,0.0,15.0,7.0,16.0,28.0,17.0,20.0,9.0,18.0,3.0,11.0,12.0,48.0,5.0,27.0,24.0,41.0
lymphatic face,441.0,ADJACENT,LYMPHATIC_CORE,5,11,CONSOLIDATED,197.0,156,8,1.32,2.0,23.0,14.0,47.0,66.0,1.0,41.0,19.0,22.0,182.0,15.0,70.0,127.0,26.0,54.0,29.0,5.0
k glow face sculpting brush,439.0,EXACT,COMPETITOR_BRAND,6,10,CONSOLIDATED,33.0,126,8,1.39,0.0,19.0,9.0,,37.0,5.0,6.0,40.0,28.0,,8.0,21.0,54.0,59.0,125.0,12.0,53.0
exfoliating face brush for women,438.0,ADJACENT,OTHER,0,2,NONE,,116,8,,0.0,31.0,121.0,142.0,37.0,154.0,149.0,87.0,,,111.0,160.0,,,,,
ionic face massager,437.0,ADJACENT,OTHER,0,0,NONE,,84,8,,0.0,,,,,,,,,,,,,,,,
brush guasha for face,437.0,EXACT,GUA_SHA,6,12,CONSOLIDATED,70.0,113,8,,0.0,9.0,5.0,39.0,69.0,3.0,27.0,49.0,41.0,93.0,11.0,61.0,268.0,22.0,8.0,46.0,15.0
gua sha facial tools stainless steel,433.0,ADJACENT,GUA_SHA,0,0,NONE,,130,8,1.07,0.0,,,214.0,,,,,,,,,,,,,178.0
lymphatic brushes for face,433.0,EXACT,LYMPHATIC_CORE,8,12,CONSOLIDATED,120.0,163,8,1.24,0.0,16.0,6.0,21.0,109.0,13.0,7.0,11.0,61.0,46.0,18.0,34.0,78.0,8.0,41.0,19.0,76.0
lumi face cleansing brush,430.0,ADJACENT,OTHER,0,1,NONE,,97,8,1.15,0.0,24.0,,,,,,64.0,108.0,,,,,,,,
lymphatic drainage suction,430.0,ADJACENT,LYMPHATIC_CORE,0,0,NONE,,129,8,1.21,0.0,,,,,,,,,,,,,,,,
guasha comb,430.0,ADJACENT,GUA_SHA,0,1,NONE,,113,8,,0.0,,,,36.0,,,,103.0,,,,,,,,
teriyaki face brush,429.0,ADJACENT,OTHER,7,10,CONSOLIDATED,58.0,88,8,1.29,0.0,1.0,12.0,,25.0,,8.0,4.0,,,7.0,19.0,27.0,,28.0,11.0,
vanity planet facial cleansing brush,426.0,ADJACENT,OTHER,0,0,NONE,,83,8,1.65,0.0,,,,,,,82.0,,,,,,,,,
wireless face massager tool,425.0,ADJACENT,OTHER,1,2,SINGLE,,79,8,1.81,1.0,18.0,,,,,,,,,27.0,,,,,,
depuffing face roller,425.0,ADJACENT,OTHER,1,1,SINGLE,,29,8,1.18,,,,,,,,,,,20.0,,,,,,
vibrating facial massage tool,425.0,ADJACENT,OTHER,0,1,NONE,,172,8,1.5,0.0,34.0,,,,116.0,,,,,,,,,,,
brush for face drainage,425.0,EXACT,LYMPHATIC_CORE,7,12,CONSOLIDATED,56.0,167,8,1.36,0.0,18.0,6.0,31.0,22.0,4.0,9.0,13.0,79.0,60.0,3.0,40.0,73.0,17.0,26.0,128.0,39.0
chin sculpting,425.0,ADJACENT,CONTOUR_CORE,1,2,SINGLE,,153,8,1.6,1.0,2.0,62.0,,85.0,53.0,,,,,,21.0,173.0,,135.0,,
face depuffer korean,423.0,ADJACENT,OTHER,2,3,SHARED,,88,8,,0.0,17.0,,,,6.0,81.0,,56.0,,78.0,72.0,,,60.0,42.0,90.0
gua sha facial oil,422.0,ADJACENT,GUA_SHA,0,0,NONE,,139,8,1.7,0.0,,117.0,,,,,,90.0,,,,,,,,
kitch lymphatic face brush,421.0,EXACT,COMPETITOR_BRAND,7,10,CONSOLIDATED,65.0,22,8,,0.0,14.0,7.0,13.0,44.0,19.0,12.0,1.0,58.0,79.0,11.0,74.0,60.0,40.0,87.0,36.0,55.0
self tan face brush,421.0,ADJACENT,OTHER,0,0,NONE,301.0,165,8,1.11,0.0,,,,155.0,,,101.0,,,,,,,,,
lymphatic contour face brush soft,421.0,EXACT,LYMPHATIC_CORE,5,11,CONSOLIDATED,85.0,146,8,1.24,1.0,34.0,5.0,25.0,46.0,2.0,28.0,13.0,51.0,261.0,21.0,14.0,143.0,4.0,30.0,64.0,98.0
facial massager lymphatic drainage,420.0,ADJACENT,LYMPHATIC_CORE,0,2,NONE,229.0,168,8,2.03,0.0,45.0,54.0,285.0,198.0,63.0,68.0,94.0,70.0,,33.0,56.0,207.0,83.0,88.0,227.0,101.0
face sculpting tool red light,420.0,ADJACENT,CONTOUR_CORE,0,0,NONE,,102,8,1.72,0.0,,,,,,79.0,,,,,,,,,,
kojiva lymphatic face brush,419.0,EXACT,LYMPHATIC_CORE,7,14,CONSOLIDATED,95.0,151,8,1.21,0.0,9.0,18.0,13.0,83.0,2.0,7.0,21.0,10.0,66.0,3.0,26.0,48.0,27.0,35.0,29.0,46.0
getaeki facial brush,418.0,ADJACENT,COMPETITOR_BRAND,7,13,CONSOLIDATED,61.0,119,8,,0.0,7.0,10.0,24.0,29.0,22.0,8.0,14.0,19.0,,4.0,49.0,17.0,46.0,75.0,32.0,
green neck massager with hands,418.0,ADJACENT,OTHER,0,0,NONE,,130,8,1.39,0.0,,,,,,,,245.0,,,,,,,,
led lymphatic drainage massager face,418.0,ADJACENT,LYMPHATIC_CORE,0,0,NONE,189.0,128,8,,0.0,60.0,77.0,180.0,224.0,163.0,146.0,,94.0,,183.0,229.0,243.0,115.0,139.0,281.0,200.0
kitsch lifting facial roller,417.0,ADJACENT,COMPETITOR_BRAND,1,1,SINGLE,,59,8,,0.0,,,,,,,16.0,,,,,,,,,
face beauty workshop lymphatic brush,417.0,EXACT,LYMPHATIC_CORE,11,14,CONSOLIDATED,69.0,165,8,,0.0,1.0,18.0,23.0,15.0,2.0,19.0,10.0,13.0,57.0,3.0,7.0,53.0,11.0,20.0,36.0,39.0
gua sha scraping tool,417.0,ADJACENT,GUA_SHA,0,0,NONE,,111,8,1.36,,,,,,,,,,,,,,,,,150.0
piedra gua sha facial,417.0,ADJACENT,GUA_SHA,0,0,NONE,,128,8,1.22,0.0,,,,,,,,,,,,,,,,51.0
soft lymphatic face brush,416.0,EXACT,LYMPHATIC_CORE,11,13,CONSOLIDATED,258.0,100,8,1.25,0.0,2.0,5.0,7.0,26.0,3.0,10.0,8.0,11.0,278.0,12.0,18.0,152.0,4.0,41.0,9.0,62.0
lymphatic brush aeki,416.0,EXACT,COMPETITOR_BRAND,8,14,CONSOLIDATED,103.0,145,8,,0.0,5.0,20.0,25.0,27.0,9.0,8.0,13.0,18.0,60.0,21.0,24.0,4.0,17.0,43.0,33.0,90.0
olay face brush,415.0,ADJACENT,OTHER,0,1,NONE,,55,8,1.67,0.0,,,,72.0,,,35.0,,,,,,,,,
metal face sculpting tool,414.0,ADJACENT,CONTOUR_CORE,0,2,NONE,,121,8,1.24,1.0,37.0,,173.0,,150.0,,,33.0,,,,,,,,103.0
qivange face brushes,414.0,ADJACENT,OTHER,0,0,NONE,,31,8,,0.0,,,,,,,,,,,,,,,,
lymphatic drainage patch,412.0,ADJACENT,LYMPHATIC_CORE,0,0,NONE,,154,8,1.17,3.0,,,,,,104.0,,,,,,,,,,
korean facial cleansing brush,412.0,ADJACENT,OTHER,0,0,NONE,,84,8,,0.0,,,178.0,108.0,,,96.0,,,,179.0,,,,,
kojevs lymphatic face brush,412.0,EXACT,LYMPHATIC_CORE,10,14,CONSOLIDATED,117.0,142,8,,0.0,6.0,13.0,8.0,34.0,4.0,18.0,15.0,14.0,55.0,7.0,25.0,11.0,21.0,36.0,19.0,66.0
face silicone brush,412.0,ADJACENT,OTHER,0,0,NONE,,73,8,,0.0,,,,,,,,,,,,,,,,
neck relieve massager,412.0,ADJACENT,OTHER,0,0,NONE,,77,8,,0.0,114.0,,,,,,,,,,,,,,,
rose quartz guasha tool for face,411.0,ADJACENT,GUA_SHA,0,0,NONE,,129,8,1.36,3.0,,,,,,,,,,,,,,,,
face tanner brush,411.0,ADJACENT,OTHER,0,0,NONE,286.0,170,8,1.18,1.0,,,,196.0,,,87.0,,,,,,,,,
nuventra facial brush,410.0,ADJACENT,OTHER,7,8,CONSOLIDATED,55.0,152,8,,0.0,1.0,,28.0,9.0,3.0,10.0,,7.0,,4.0,8.0,,,,,
makeup face brush set,408.0,ADJACENT,OTHER,0,0,NONE,,207,8,0.84,0.0,,,,,230.0,,,239.0,,,,,,,,
clinique facial scrub brush,408.0,ADJACENT,OTHER,0,1,NONE,,86,8,,0.0,,,,,,,31.0,,,,,,,,,
￼lymphatic face brush,408.0,EXACT,LYMPHATIC_CORE,10,15,CONSOLIDATED,100.0,161,8,1.28,0.0,13.0,9.0,15.0,35.0,8.0,22.0,12.0,20.0,42.0,5.0,10.0,71.0,7.0,37.0,11.0,49.0
gua sha tool face,407.0,ADJACENT,GUA_SHA,0,2,NONE,300.0,130,8,,0.0,57.0,51.0,176.0,102.0,179.0,205.0,,44.0,,,195.0,,,121.0,,40.0
cecily braden lymphatic face brush,407.0,EXACT,LYMPHATIC_CORE,8,13,CONSOLIDATED,91.0,145,8,1.31,0.0,6.0,5.0,11.0,56.0,1.0,8.0,7.0,18.0,35.0,22.0,63.0,17.0,21.0,78.0,27.0,36.0
gua sha massage tools for lymphatic drainage,406.0,ADJACENT,GUA_SHA,0,1,NONE,211.0,212,8,1.05,0.0,64.0,114.0,,111.0,148.0,138.0,,35.0,270.0,145.0,198.0,,,,,51.0
skincare brushes for face,406.0,ADJACENT,OTHER,1,5,SINGLE,223.0,138,8,0.7,0.0,12.0,261.0,165.0,110.0,43.0,116.0,37.0,133.0,201.0,34.0,147.0,214.0,,,42.0,118.0
gua sha with case,406.0,ADJACENT,GUA_SHA,0,1,NONE,,137,8,,0.0,100.0,,,144.0,162.0,132.0,,33.0,,,133.0,,194.0,182.0,,
contour glow brush,406.0,EXACT,COMPETITOR_BRAND,9,13,CONSOLIDATED,33.0,256,8,1.14,1.0,15.0,17.0,40.0,44.0,4.0,6.0,11.0,18.0,49.0,10.0,59.0,57.0,13.0,,12.0,41.0
lymphatic drainage tool for face,404.0,ADJACENT,LYMPHATIC_CORE,4,8,CONSOLIDATED,159.0,156,8,1.45,0.0,34.0,6.0,50.0,64.0,7.0,71.0,25.0,73.0,103.0,10.0,57.0,128.0,20.0,53.0,41.0,81.0
manual silicone facial cleansing brush,404.0,ADJACENT,OTHER,0,0,NONE,,94,8,,,,,,,,,,,,99.0,,,,,,
lumi face brush,403.0,ADJACENT,OTHER,1,4,SINGLE,126.0,12,8,1.19,0.0,,,,65.0,32.0,39.0,15.0,27.0,,118.0,73.0,,,161.0,,
lymphatic system,403.0,ADJACENT,LYMPHATIC_CORE,0,0,NONE,,124,8,,11.0,,,,,56.0,,,211.0,,,,,,,,
tryaeki lymphatic contour face brush,403.0,EXACT,COMPETITOR_BRAND,7,15,CONSOLIDATED,121.0,149,8,1.23,0.0,10.0,8.0,25.0,27.0,7.0,12.0,34.0,18.0,29.0,5.0,21.0,6.0,26.0,48.0,42.0,117.0
facial contour brush,403.0,EXACT,CONTOUR_CORE,11,14,CONSOLIDATED,102.0,113,8,1.29,0.0,13.0,18.0,19.0,21.0,2.0,15.0,8.0,11.0,76.0,9.0,7.0,61.0,10.0,17.0,24.0,39.0
lymphatic drainage board,403.0,ADJACENT,LYMPHATIC_CORE,0,0,NONE,,185,8,1.94,0.0,,,,,,107.0,,,,,,,,,,
dry brush for skin,403.0,ADJACENT,OTHER,0,1,NONE,,108,8,1.25,0.0,45.0,149.0,198.0,146.0,147.0,66.0,173.0,95.0,235.0,70.0,72.0,258.0,279.0,163.0,,
lymphatic drainage totaria,403.0,ADJACENT,LYMPHATIC_CORE,0,0,NONE,,137,8,,,,,,,,,,,,,136.0,,,,,
sculpting face cream,402.0,ADJACENT,CONTOUR_CORE,0,1,NONE,,85,8,,1.0,42.0,,,,111.0,,,,,,,182.0,,147.0,,
"ceramic guasha tool for face & body - lymphatic drainage massager, face sculpting tool, jawline shap",402.0,ADJACENT,DOUBLE_CHIN,0,1,NONE,,165,8,1.53,0.0,63.0,39.0,,155.0,,,,96.0,,,,,,,,57.0
gran naturals facial brush,401.0,ADJACENT,OTHER,1,3,SINGLE,,124,8,,0.0,,,25.0,48.0,,,8.0,,,,,,,,,
contour glow brush for face,400.0,EXACT,COMPETITOR_BRAND,8,11,CONSOLIDATED,31.0,185,8,1.41,0.0,2.0,9.0,21.0,29.0,4.0,8.0,15.0,20.0,54.0,6.0,95.0,40.0,259.0,,17.0,51.0
lymphatic contour face brush 2 pk,400.0,EXACT,LYMPHATIC_CORE,3,7,SHARED,152.0,119,8,1.28,0.0,33.0,68.0,87.0,4.0,13.0,14.0,123.0,51.0,122.0,27.0,22.0,141.0,45.0,71.0,70.0,155.0
sinus massager face,398.0,ADJACENT,OTHER,0,1,NONE,,118,8,,0.0,47.0,,,,136.0,,,,,55.0,166.0,,163.0,113.0,,
face scrub brush proactive,398.0,ADJACENT,OTHER,0,1,NONE,,37,8,,0.0,,,,,,,27.0,,,,,,,,,
skin sculpting device,398.0,ADJACENT,CONTOUR_CORE,0,0,NONE,,153,8,2.14,0.0,,,,,,,,258.0,,95.0,288.0,,,,,
lymphatic contour,398.0,ADJACENT,LYMPHATIC_CORE,6,11,CONSOLIDATED,141.0,163,8,1.45,37.0,15.0,14.0,58.0,89.0,1.0,20.0,25.0,21.0,92.0,23.0,12.0,122.0,18.0,39.0,109.0,26.0
gua sha steel,398.0,ADJACENT,GUA_SHA,0,0,NONE,,139,8,1.04,0.0,,,252.0,,,,,,,,,,,,,177.0
gua sha stainless steel face,398.0,ADJACENT,GUA_SHA,0,0,NONE,,122,8,,0.0,,,133.0,,,,,,,,,,,,,121.0
kogeva lymphatic face brush,398.0,EXACT,LYMPHATIC_CORE,7,13,CONSOLIDATED,90.0,170,8,1.23,0.0,7.0,10.0,26.0,35.0,23.0,12.0,18.0,14.0,55.0,3.0,17.0,40.0,38.0,78.0,25.0,68.0
steel face roller,397.0,ADJACENT,OTHER,0,1,NONE,,168,8,,,,,,,,,,,,37.0,,,,,,
facial exfoliating brush,397.0,ADJACENT,OTHER,0,1,NONE,,133,8,1.17,0.0,50.0,180.0,179.0,161.0,174.0,183.0,131.0,185.0,,76.0,243.0,,,,,
gua sha pink,397.0,ADJACENT,GUA_SHA,0,0,NONE,59.0,154,8,1.27,0.0,,,,,,,,,,,,,,,,
facial brushes for lymphatic drainage,394.0,EXACT,LYMPHATIC_CORE,10,13,CONSOLIDATED,88.0,136,8,,0.0,10.0,11.0,20.0,18.0,8.0,9.0,6.0,15.0,116.0,16.0,22.0,55.0,7.0,24.0,108.0,41.0
gua sha tools for legs,394.0,ADJACENT,GUA_SHA,0,0,NONE,,146,8,,0.0,,187.0,221.0,,,,,,,,,,,,,
heart style-stainless steel gua sha facial tools,394.0,ADJACENT,GUA_SHA,0,0,NONE,,43,8,,0.0,,,,,,,,,,,,,,,,
lymphatic dry face brush,394.0,EXACT,LYMPHATIC_CORE,7,10,CONSOLIDATED,257.0,123,8,1.18,0.0,37.0,7.0,11.0,62.0,2.0,14.0,32.0,16.0,75.0,18.0,85.0,94.0,5.0,47.0,80.0,170.0
contour glow face brush,394.0,EXACT,COMPETITOR_BRAND,9,14,CONSOLIDATED,41.0,236,8,1.16,0.0,13.0,11.0,23.0,32.0,4.0,8.0,16.0,24.0,40.0,9.0,15.0,36.0,20.0,57.0,17.0,54.0
face massager hammer,393.0,ADJACENT,OTHER,1,1,SINGLE,,59,8,1.27,,,,,,,,,,,7.0,,,,,,
nuevetra face brush,392.0,ADJACENT,OTHER,6,10,CONSOLIDATED,88.0,93,8,1.35,0.0,4.0,8.0,30.0,26.0,2.0,10.0,,23.0,,5.0,18.0,,,45.0,,
guasha anua,391.0,ADJACENT,GUA_SHA,0,0,NONE,,78,8,1.25,0.0,,,,,,,,,,,,,,,,
manual facial cleansing brush,391.0,ADJACENT,OTHER,0,0,NONE,,146,8,,4.0,181.0,145.0,210.0,91.0,,194.0,151.0,,,247.0,165.0,,,,283.0,
exfoliating facial brush,389.0,ADJACENT,OTHER,0,0,NONE,,91,8,,1.0,61.0,150.0,270.0,136.0,194.0,170.0,154.0,176.0,,78.0,,,,,,
yerba prima dry skin brush,389.0,ADJACENT,OTHER,0,2,NONE,,17,8,,0.0,,,55.0,37.0,,,43.0,,,,,,,,,
face lifting brush for women,389.0,ADJACENT,OTHER,7,14,CONSOLIDATED,118.0,134,8,0.96,0.0,12.0,9.0,49.0,44.0,2.0,29.0,15.0,25.0,,8.0,14.0,107.0,7.0,36.0,30.0,32.0
firming neck cream with roller,387.0,ADJACENT,OTHER,0,0,NONE,,146,8,1.4,4.0,99.0,,,,,,,,,,,,,,,
kojiva brand lymphatic face brush,386.0,EXACT,LYMPHATIC_CORE,6,13,CONSOLIDATED,13.0,159,8,,0.0,10.0,8.0,26.0,49.0,18.0,24.0,17.0,16.0,70.0,7.0,45.0,40.0,25.0,65.0,33.0,56.0
lymphatic facial drainage brush,385.0,EXACT,LYMPHATIC_CORE,10,14,CONSOLIDATED,74.0,155,8,1.5,0.0,10.0,9.0,20.0,22.0,7.0,19.0,12.0,14.0,100.0,6.0,36.0,47.0,17.0,11.0,144.0,42.0
dry brush for face lymphatic drainage,385.0,EXACT,LYMPHATIC_CORE,10,13,CONSOLIDATED,257.0,158,8,1.42,0.0,31.0,6.0,4.0,14.0,2.0,10.0,8.0,13.0,32.0,20.0,12.0,126.0,5.0,24.0,151.0,51.0
gentle facial brush,384.0,ADJACENT,OTHER,0,3,NONE,283.0,151,8,,0.0,27.0,62.0,98.0,68.0,70.0,86.0,43.0,75.0,300.0,23.0,81.0,261.0,53.0,101.0,,119.0
lymphatic contour face brushes,384.0,EXACT,LYMPHATIC_CORE,7,13,CONSOLIDATED,159.0,122,8,,0.0,12.0,7.0,23.0,45.0,11.0,20.0,10.0,73.0,53.0,26.0,31.0,56.0,9.0,30.0,17.0,38.0
guasha kit,383.0,ADJACENT,GUA_SHA,0,0,NONE,,163,8,1.24,0.0,,,,180.0,,,,,,,,,,,,143.0
lymphatic drainage massage machine,382.0,ADJACENT,LYMPHATIC_CORE,0,1,NONE,,170,8,1.64,0.0,27.0,,,,,,,,,,,,,,,
contour wand,381.0,ADJACENT,CONTOUR_CORE,0,1,NONE,,158,8,0.99,17.0,42.0,,,,,,,,,,,,,,,
face brushes for cleansing manual,381.0,ADJACENT,OTHER,0,1,NONE,,126,8,,0.0,138.0,152.0,248.0,50.0,,172.0,112.0,,,290.0,152.0,,,,302.0,
contour brush nose,381.0,EXACT,CONTOUR_CORE,0,0,NONE,,110,8,,0.0,,,,,,,,,,,,,,,,
brush face,380.0,ADJACENT,OTHER,5,6,CONSOLIDATED,122.0,178,8,1.2,6.0,1.0,21.0,109.0,58.0,6.0,10.0,4.0,93.0,111.0,2.0,82.0,,55.0,56.0,53.0,192.0
soothe silk contour face brush,380.0,EXACT,COMPETITOR_BRAND,8,10,CONSOLIDATED,37.0,74,8,,0.0,,7.0,,13.0,1.0,15.0,6.0,,,23.0,14.0,,19.0,42.0,11.0,
metal ice roller for face,380.0,ADJACENT,OTHER,0,0,NONE,,145,8,1.29,,,,,,,,,,,131.0,,,,,,
facial sculptor,380.0,ADJACENT,CONTOUR_CORE,1,2,SINGLE,,132,8,1.53,1.0,5.0,22.0,,,134.0,189.0,,,,,125.0,184.0,110.0,,,182.0
facial massager for lymphatic drainage,380.0,ADJACENT,LYMPHATIC_CORE,0,4,NONE,235.0,177,8,1.45,0.0,63.0,50.0,251.0,70.0,74.0,42.0,129.0,144.0,,26.0,65.0,203.0,46.0,82.0,234.0,105.0
morphe portrait mode 5-piece face brush set,380.0,ADJACENT,OTHER,0,0,NONE,,46,8,0.89,0.0,,,,,,,,,,,,,,,,
massager for face,380.0,ADJACENT,OTHER,0,0,NONE,,168,8,1.63,1.0,58.0,190.0,,272.0,187.0,293.0,,114.0,,110.0,176.0,,198.0,170.0,,204.0
i e roller for face,380.0,ADJACENT,OTHER,0,1,NONE,,120,8,1.2,,,,,,,,,,,49.0,,,,,,
gua shau,379.0,ADJACENT,GUA_SHA,0,1,NONE,,138,8,,0.0,83.0,69.0,301.0,167.0,115.0,,224.0,109.0,,246.0,,,,,,21.0
medicube face mask brush,378.0,ADJACENT,OTHER,1,2,SINGLE,162.0,55,8,,0.0,30.0,,119.0,15.0,112.0,94.0,55.0,,,171.0,125.0,160.0,,155.0,,
brush for applying face mask,378.0,ADJACENT,OTHER,0,1,NONE,,187,8,,0.0,,,,297.0,144.0,129.0,,26.0,,,149.0,,,,,
lymphira jaw massager,377.0,ADJACENT,LYMPHATIC_CORE,1,1,SINGLE,,95,8,,0.0,9.0,,,,,,,,,,,,,,,
dry face brush for lymphatic drainage,377.0,EXACT,LYMPHATIC_CORE,8,14,CONSOLIDATED,122.0,127,8,,1.0,35.0,4.0,20.0,22.0,3.0,9.0,33.0,16.0,34.0,7.0,18.0,157.0,5.0,26.0,32.0,70.0
gua sha stick,377.0,ADJACENT,GUA_SHA,0,0,NONE,,189,8,1.08,2.0,,,,,,,,198.0,,153.0,,,,,,
gua sha anua,376.0,ADJACENT,GUA_SHA,0,1,NONE,,73,8,1.04,0.0,,,,45.0,,,,,,,,,,,,
gua sha stones for face,376.0,ADJACENT,GUA_SHA,0,0,NONE,,121,8,1.11,0.0,53.0,,,,,,,88.0,,,,,,,,78.0
flex face brush for men,375.0,ADJACENT,OTHER,0,2,NONE,,60,8,1.39,0.0,,42.0,,68.0,,48.0,,,,,,,,76.0,,
face lifting brush,375.0,ADJACENT,OTHER,8,11,CONSOLIDATED,108.0,163,8,1.25,0.0,11.0,17.0,35.0,76.0,5.0,7.0,37.0,16.0,75.0,6.0,52.0,119.0,3.0,18.0,80.0,36.0
contourglow brush nuvetra,374.0,EXACT,COMPETITOR_BRAND,6,12,CONSOLIDATED,76.0,92,8,1.11,0.0,6.0,23.0,30.0,10.0,4.0,9.0,,20.0,,7.0,42.0,40.0,27.0,,,50.0
lymphatic drainage massager wood,374.0,ADJACENT,LYMPHATIC_CORE,0,0,NONE,,154,8,0.98,2.0,,128.0,130.0,106.0,,,,,,52.0,215.0,,,,,
contour glow brush nuvetra,374.0,EXACT,COMPETITOR_BRAND,8,10,CONSOLIDATED,22.0,145,8,1.22,0.0,5.0,17.0,20.0,11.0,3.0,4.0,,12.0,,8.0,21.0,24.0,72.0,,,61.0
real techniques instapop face brush 202,373.0,ADJACENT,OTHER,0,0,NONE,,57,8,,0.0,,,,,,,,,,,,,,,,
face stone massager,373.0,ADJACENT,OTHER,0,0,NONE,,191,8,,1.0,143.0,,,295.0,,,,141.0,,94.0,221.0,,,197.0,,154.0
recuvia lymphatic contour face brush eliminate puffiness in minutes,373.0,EXACT,LYMPHATIC_CORE,7,11,CONSOLIDATED,96.0,155,8,0.99,0.0,26.0,9.0,48.0,60.0,7.0,6.0,5.0,18.0,72.0,47.0,19.0,55.0,30.0,66.0,11.0,59.0
lymphatic drainage roller for face,373.0,ADJACENT,LYMPHATIC_CORE,0,1,NONE,266.0,151,8,1.3,0.0,63.0,70.0,184.0,107.0,150.0,109.0,131.0,96.0,,23.0,126.0,181.0,159.0,167.0,231.0,127.0
arki lymphatic face brush,373.0,EXACT,LYMPHATIC_CORE,8,14,CONSOLIDATED,114.0,103,8,1.12,0.0,3.0,22.0,29.0,24.0,6.0,17.0,23.0,14.0,70.0,7.0,39.0,4.0,18.0,36.0,19.0,69.0
contour cube ice facial,372.0,ADJACENT,CONTOUR_CORE,0,0,NONE,,68,8,0.91,,,,,,,,,,,,,,,,,77.0
vddo contour face brush,371.0,EXACT,COMPETITOR_BRAND,5,6,CONSOLIDATED,37.0,115,8,1.19,0.0,,,,,3.0,7.0,4.0,,,1.0,,,,34.0,7.0,
neck sculpting tool,371.0,ADJACENT,CONTOUR_CORE,0,1,NONE,,143,8,1.47,0.0,45.0,62.0,207.0,84.0,58.0,166.0,,161.0,,198.0,196.0,302.0,270.0,286.0,219.0,
facial spin brush,371.0,ADJACENT,OTHER,0,0,NONE,,162,8,1.35,,,,,,,,,,,,,,,,,131.0
facial cleaner brush,371.0,ADJACENT,OTHER,0,0,NONE,,130,8,1.25,0.0,56.0,143.0,164.0,165.0,159.0,,98.0,,,89.0,171.0,,,,,
lymphatic contour face brush lymphatic drainage massager double chin reducer lymphatic drainage brus,371.0,EXACT,DOUBLE_CHIN,4,7,CONSOLIDATED,102.0,171,8,1.15,0.0,1.0,15.0,151.0,54.0,34.0,59.0,73.0,60.0,147.0,17.0,11.0,84.0,38.0,44.0,70.0,100.0
lifting and firming facial massage device,371.0,ADJACENT,OTHER,0,0,NONE,,112,8,1.41,1.0,128.0,,,,51.0,,,,,,,,,,,
lollipop brush for face,371.0,ADJACENT,OTHER,1,2,SINGLE,54.0,61,8,0.85,0.0,6.0,,,,,30.0,,84.0,,,,,,,,
face brush electric,371.0,ADJACENT,OTHER,0,0,NONE,,120,8,1.33,0.0,,,,,,,,,,,,,,,,
facial cleansing brush skin massager,369.0,ADJACENT,OTHER,0,1,NONE,261.0,138,8,,0.0,68.0,85.0,131.0,127.0,97.0,128.0,106.0,98.0,,39.0,87.0,206.0,142.0,175.0,270.0,179.0
lollipop facial brush,369.0,ADJACENT,OTHER,2,6,SHARED,152.0,154,8,1.18,0.0,36.0,25.0,59.0,68.0,47.0,55.0,9.0,60.0,,17.0,90.0,,66.0,105.0,25.0,53.0
lymphatic drainage self massager,367.0,ADJACENT,LYMPHATIC_CORE,0,1,NONE,,171,8,,0.0,88.0,138.0,,226.0,116.0,204.0,,152.0,,41.0,230.0,,301.0,122.0,,178.0
kitch dry brush face,367.0,ADJACENT,COMPETITOR_BRAND,8,8,CONSOLIDATED,,24,8,,0.0,3.0,,8.0,6.0,20.0,18.0,1.0,,,19.0,9.0,,,,,
korean face lifting brush,367.0,ADJACENT,OTHER,6,12,CONSOLIDATED,94.0,143,8,,0.0,7.0,22.0,42.0,46.0,3.0,8.0,27.0,14.0,,6.0,61.0,90.0,21.0,17.0,24.0,56.0
facial sculpting brushes for lymphatic drainage,367.0,EXACT,LYMPHATIC_CORE,8,15,CONSOLIDATED,84.0,138,8,,0.0,7.0,8.0,21.0,15.0,6.0,11.0,16.0,9.0,66.0,10.0,42.0,38.0,23.0,46.0,50.0,39.0
soft brush for face,366.0,ADJACENT,OTHER,5,9,CONSOLIDATED,,145,8,,0.0,6.0,61.0,68.0,78.0,5.0,7.0,23.0,36.0,,8.0,20.0,,42.0,44.0,269.0,
lymphatic drainage brush body,366.0,EXACT,LYMPHATIC_CORE,0,2,NONE,,178,8,,0.0,26.0,121.0,49.0,70.0,155.0,88.0,114.0,82.0,177.0,52.0,172.0,301.0,256.0,298.0,289.0,263.0
best lymphatic face brush,365.0,EXACT,LYMPHATIC_CORE,11,14,CONSOLIDATED,282.0,111,8,1.31,0.0,1.0,5.0,8.0,19.0,2.0,7.0,10.0,13.0,44.0,9.0,20.0,51.0,6.0,57.0,23.0,37.0
lymphatic drainage for face,365.0,ADJACENT,LYMPHATIC_CORE,5,12,CONSOLIDATED,,188,8,1.43,0.0,7.0,8.0,55.0,70.0,1.0,21.0,24.0,19.0,292.0,29.0,35.0,152.0,18.0,33.0,43.0,27.0
lymphatic contour face brush korean,365.0,EXACT,LYMPHATIC_CORE,9,13,CONSOLIDATED,67.0,139,8,,0.0,12.0,14.0,32.0,20.0,1.0,21.0,16.0,7.0,59.0,9.0,54.0,38.0,18.0,33.0,11.0,69.0
bk beauty face brushes,362.0,ADJACENT,OTHER,0,2,NONE,,102,8,1.34,0.0,24.0,,,,,,46.0,,,,,,,,,
lymphatic face brush natural bristles,362.0,EXACT,LYMPHATIC_CORE,4,9,CONSOLIDATED,157.0,74,8,,0.0,40.0,5.0,3.0,21.0,9.0,25.0,27.0,74.0,53.0,20.0,77.0,151.0,65.0,64.0,23.0,163.0
freezer face roller,361.0,ADJACENT,OTHER,0,1,NONE,,166,8,1.36,,,,,,,,,,,46.0,,,,,,
lymphatic contour face brush soft bristles,361.0,EXACT,LYMPHATIC_CORE,9,12,CONSOLIDATED,57.0,152,8,1.37,0.0,21.0,12.0,14.0,16.0,4.0,11.0,20.0,10.0,7.0,6.0,25.0,66.0,36.0,51.0,83.0,100.0
flex face brush for men douxds,361.0,ADJACENT,OTHER,0,2,NONE,,27,8,1.52,0.0,,45.0,,,,37.0,,,,,,,,64.0,,
kojeca lymphatic face brush,360.0,EXACT,LYMPHATIC_CORE,8,14,CONSOLIDATED,87.0,140,8,,0.0,7.0,17.0,24.0,20.0,3.0,12.0,21.0,11.0,49.0,5.0,15.0,41.0,23.0,29.0,61.0,75.0
lymphatic drainage brush face,360.0,EXACT,LYMPHATIC_CORE,10,15,CONSOLIDATED,72.0,146,8,1.38,0.0,13.0,11.0,16.0,24.0,7.0,14.0,8.0,19.0,53.0,9.0,15.0,36.0,5.0,27.0,23.0,47.0
chin sculpting device,360.0,ADJACENT,CONTOUR_CORE,0,0,NONE,,117,8,,0.0,71.0,,,,158.0,,,,,,,,,212.0,,
guasha body,360.0,ADJACENT,GUA_SHA,0,0,NONE,,158,8,,1.0,,159.0,174.0,286.0,,,,,,,,,,259.0,,295.0
gua sha oil for face lymphatic,359.0,ADJACENT,GUA_SHA,1,1,SINGLE,108.0,149,8,,0.0,,,,,,,,19.0,148.0,,,,,,,
lymphatic oil for face,359.0,ADJACENT,LYMPHATIC_CORE,0,1,NONE,,175,8,,0.0,,,,,,,,40.0,,,,,99.0,,,
korean brush for face,359.0,ADJACENT,OTHER,5,11,CONSOLIDATED,107.0,199,8,1.16,0.0,1.0,26.0,40.0,12.0,2.0,35.0,29.0,32.0,,5.0,18.0,58.0,64.0,70.0,21.0,80.0
gua sha',359.0,ADJACENT,GUA_SHA,0,1,NONE,,98,8,1.29,0.0,,64.0,300.0,191.0,,,,168.0,,,,,,,,22.0
lymphatic fave brush,358.0,EXACT,LYMPHATIC_CORE,8,12,CONSOLIDATED,75.0,131,8,,0.0,5.0,13.0,21.0,23.0,2.0,10.0,12.0,14.0,60.0,3.0,22.0,63.0,11.0,39.0,90.0,58.0
lymphatic drainage tool for legs,358.0,ADJACENT,LYMPHATIC_CORE,0,0,NONE,,134,8,1.15,0.0,173.0,167.0,227.0,,,187.0,,,,,,,,,,289.0
lymphatic drainage sculptique,358.0,ADJACENT,LYMPHATIC_CORE,0,1,NONE,,153,8,,0.0,24.0,,,80.0,,82.0,,,,,93.0,,,,,63.0
kojiva face brush,358.0,ADJACENT,OTHER,10,12,CONSOLIDATED,75.0,100,8,1.43,0.0,4.0,,32.0,13.0,10.0,7.0,14.0,8.0,,3.0,19.0,17.0,,49.0,11.0,
doge and voller face massager,358.0,ADJACENT,OTHER,1,1,SINGLE,,51,8,1.56,0.0,9.0,,,,,,,,,,,,,,,
dry guasha brush for face,358.0,EXACT,GUA_SHA,8,10,CONSOLIDATED,147.0,161,8,1.47,0.0,15.0,5.0,23.0,20.0,2.0,12.0,54.0,57.0,40.0,3.0,78.0,134.0,17.0,11.0,61.0,67.0
lymphatic leg drainage massager,358.0,ADJACENT,LYMPHATIC_CORE,0,0,NONE,,203,8,,,,,,,,,,,,,,,,138.0,,
dry facial brush,357.0,ADJACENT,OTHER,4,8,CONSOLIDATED,,135,8,1.15,1.0,74.0,15.0,24.0,113.0,3.0,22.0,67.0,84.0,91.0,5.0,48.0,165.0,28.0,16.0,85.0,295.0
lancya face massager,357.0,ADJACENT,OTHER,1,1,SINGLE,,51,8,,0.0,17.0,,,,,,,,,,,,,,,
massage face tool,356.0,ADJACENT,OTHER,1,2,SINGLE,,166,8,1.35,0.0,35.0,127.0,184.0,122.0,12.0,209.0,,132.0,,83.0,200.0,,,275.0,,
facial lymphatic drainage tools,355.0,ADJACENT,LYMPHATIC_CORE,5,7,CONSOLIDATED,176.0,183,8,1.29,0.0,82.0,19.0,104.0,130.0,5.0,99.0,64.0,20.0,202.0,4.0,40.0,213.0,17.0,62.0,143.0,43.0
gua sha horn,354.0,ADJACENT,GUA_SHA,0,0,NONE,,133,8,0.97,0.0,,,,,,,,74.0,,,,,,,,
omulikj face brush,353.0,ADJACENT,OTHER,5,6,CONSOLIDATED,31.0,91,8,,0.0,1.0,,,21.0,5.0,,2.0,,,3.0,8.0,,,,,
i dew care face brush,353.0,ADJACENT,OTHER,1,3,SINGLE,,25,8,,0.0,,,,49.0,,37.0,11.0,,,,,,,,,
"neck face massager, face sculpting tool",352.0,ADJACENT,CONTOUR_CORE,0,1,NONE,,120,8,2.1,1.0,97.0,78.0,,184.0,47.0,149.0,,127.0,,207.0,138.0,245.0,286.0,216.0,210.0,134.0
contour angled brush,351.0,EXACT,CONTOUR_CORE,0,0,NONE,,139,8,,0.0,,,,,,,,,,,,,,,,
gua sha skincare,350.0,ADJACENT,GUA_SHA,0,0,NONE,,157,8,,0.0,70.0,102.0,171.0,141.0,116.0,111.0,140.0,61.0,151.0,,142.0,,,,,103.0
sculpting face brush,349.0,EXACT,CONTOUR_CORE,8,11,CONSOLIDATED,96.0,190,8,,0.0,9.0,7.0,15.0,75.0,3.0,11.0,5.0,35.0,73.0,12.0,66.0,74.0,17.0,31.0,104.0,30.0
lymphatic brush body,349.0,EXACT,LYMPHATIC_CORE,1,3,SINGLE,,178,8,,0.0,19.0,104.0,69.0,215.0,22.0,161.0,129.0,72.0,,26.0,294.0,267.0,,79.0,,192.0
best lymphatic drainage tools face,349.0,ADJACENT,LYMPHATIC_CORE,7,12,CONSOLIDATED,,162,8,1.53,0.0,2.0,6.0,36.0,76.0,12.0,17.0,21.0,11.0,254.0,20.0,28.0,175.0,5.0,45.0,141.0,46.0
face gua sha brush,349.0,EXACT,GUA_SHA,10,13,CONSOLIDATED,74.0,149,8,1.16,0.0,16.0,8.0,31.0,13.0,4.0,30.0,5.0,7.0,100.0,3.0,12.0,110.0,39.0,11.0,128.0,14.0
de-bloat face sculpting brush,348.0,EXACT,CONTOUR_CORE,9,13,CONSOLIDATED,62.0,128,8,1.29,0.0,16.0,10.0,29.0,14.0,2.0,5.0,7.0,12.0,,9.0,11.0,72.0,21.0,41.0,59.0,31.0
facial dry brush for face,347.0,ADJACENT,OTHER,8,12,CONSOLIDATED,,135,8,1.04,1.0,1.0,17.0,23.0,18.0,2.0,11.0,29.0,21.0,76.0,15.0,7.0,109.0,10.0,43.0,69.0,262.0
lymphatic drainage brush soft,347.0,EXACT,LYMPHATIC_CORE,8,12,CONSOLIDATED,58.0,157,8,,0.0,3.0,7.0,22.0,20.0,5.0,30.0,8.0,19.0,260.0,18.0,16.0,92.0,43.0,25.0,110.0,147.0
lymphatic drainage￼,347.0,ADJACENT,LYMPHATIC_CORE,1,2,SINGLE,,158,8,2.12,0.0,12.0,137.0,,215.0,49.0,186.0,,163.0,,152.0,218.0,,,214.0,,
facial contour dry brush,346.0,EXACT,CONTOUR_CORE,6,13,CONSOLIDATED,150.0,124,8,,0.0,23.0,10.0,22.0,41.0,4.0,14.0,27.0,33.0,78.0,7.0,60.0,36.0,11.0,20.0,21.0,92.0
face wand massager,346.0,ADJACENT,OTHER,0,1,NONE,,126,8,1.93,0.0,24.0,,,,,,,,,,,,,,,
viral lymphatic face brush,346.0,EXACT,LYMPHATIC_CORE,11,15,CONSOLIDATED,,136,8,1.32,0.0,2.0,8.0,22.0,21.0,1.0,19.0,6.0,11.0,269.0,4.0,10.0,50.0,7.0,13.0,12.0,31.0
vough lymphatic contour face brush,345.0,EXACT,LYMPHATIC_CORE,5,12,CONSOLIDATED,96.0,105,8,,0.0,7.0,19.0,39.0,69.0,5.0,21.0,24.0,20.0,56.0,1.0,43.0,66.0,23.0,64.0,21.0,49.0
facial oils for gua sha massage,345.0,ADJACENT,GUA_SHA,0,0,NONE,,118,8,,0.0,,123.0,,,,,,145.0,,,,,,,,
face brush makeup,345.0,ADJACENT,OTHER,0,0,NONE,,176,8,1.24,0.0,134.0,,,,65.0,251.0,120.0,194.0,241.0,207.0,,,,,,
lymphatic beauty brush,344.0,EXACT,LYMPHATIC_CORE,7,11,CONSOLIDATED,81.0,84,8,,0.0,3.0,12.0,10.0,24.0,1.0,44.0,26.0,20.0,123.0,4.0,89.0,78.0,28.0,18.0,56.0,93.0
stone face roller,344.0,ADJACENT,OTHER,0,0,NONE,,142,8,1.02,2.0,66.0,,,,,,,,,,,,,,,
face firming depuffer,344.0,ADJACENT,OTHER,0,3,NONE,,53,8,,0.0,26.0,,,158.0,54.0,117.0,,,,,91.0,,36.0,,37.0,60.0
koje a lymphatic face brush,344.0,EXACT,LYMPHATIC_CORE,11,15,CONSOLIDATED,108.0,141,8,1.68,0.0,7.0,11.0,10.0,23.0,2.0,26.0,15.0,14.0,45.0,6.0,18.0,19.0,34.0,20.0,17.0,77.0
soft face brush for lymphatic drainage,343.0,EXACT,LYMPHATIC_CORE,11,13,CONSOLIDATED,271.0,157,8,,0.0,2.0,5.0,8.0,14.0,1.0,10.0,7.0,13.0,282.0,12.0,18.0,132.0,22.0,9.0,29.0,77.0
gua sha facial,341.0,ADJACENT,GUA_SHA,0,4,NONE,290.0,196,8,,32.0,35.0,45.0,251.0,194.0,211.0,218.0,201.0,36.0,,,127.0,,,,,37.0
touch beauty essentials facial brush,341.0,ADJACENT,OTHER,2,3,SHARED,145.0,34,8,,0.0,6.0,,,,22.0,,14.0,155.0,,120.0,,,,,,
lume facial sculptor,340.0,ADJACENT,CONTOUR_CORE,1,1,SINGLE,,19,8,1.55,0.0,1.0,,,,,,,,,,,,,,,
jaw massage,340.0,ADJACENT,OTHER,0,0,NONE,,169,8,1.55,1.0,,,,,139.0,,,270.0,,238.0,,,,228.0,,
electric face brushes for cleansing,340.0,ADJACENT,OTHER,0,0,NONE,,130,8,,,,,,,,,,,,136.0,,,,,,
gua sha face tool,340.0,ADJACENT,GUA_SHA,0,3,NONE,285.0,130,8,,0.0,59.0,41.0,180.0,105.0,157.0,189.0,,43.0,,,221.0,,,246.0,,50.0
gua sha for legs,339.0,ADJACENT,GUA_SHA,0,0,NONE,,152,8,0.94,0.0,,187.0,227.0,,,,,150.0,,,,,,,,
facial scraper tool,339.0,ADJACENT,OTHER,0,1,NONE,,183,8,1.1,,,,,,,,,,,47.0,,,,,,
face oil for lymphatic drainage,339.0,ADJACENT,LYMPHATIC_CORE,0,1,NONE,147.0,148,8,,0.0,56.0,57.0,,,,102.0,,33.0,,61.0,,,89.0,124.0,193.0,
skin massage,339.0,ADJACENT,OTHER,0,0,NONE,,80,8,,1.0,,,,,265.0,,,,,63.0,,,,,,
best face oil for gua sha,339.0,ADJACENT,GUA_SHA,0,0,NONE,254.0,151,8,1.67,0.0,,81.0,,,,278.0,,281.0,,,,,,,,
guasha for face,339.0,ADJACENT,GUA_SHA,2,4,SHARED,220.0,151,8,1.2,1.0,10.0,47.0,253.0,69.0,18.0,178.0,,49.0,143.0,64.0,114.0,,66.0,85.0,,160.0
gua sha jade stone tools guasha tool for face skincare facial body relieve muscle tensions reduce puffiness festive gifts,339.0,ADJACENT,GUA_SHA,0,0,NONE,,160,8,,0.0,,,,,,,,,,,,,,,,
sefvako lymphatic contour face brush,339.0,EXACT,COMPETITOR_BRAND,6,12,CONSOLIDATED,95.0,102,8,,1.0,20.0,5.0,26.0,47.0,8.0,30.0,13.0,2.0,44.0,6.0,107.0,58.0,31.0,68.0,131.0,29.0
lymphatic drainage suction cup,338.0,ADJACENT,LYMPHATIC_CORE,0,0,NONE,,141,8,1.43,0.0,,,,,,,,,,,,,,,,
face lymphatic contour brush,337.0,EXACT,LYMPHATIC_CORE,8,13,CONSOLIDATED,107.0,125,8,1.33,0.0,20.0,11.0,26.0,84.0,4.0,13.0,10.0,74.0,54.0,14.0,44.0,43.0,12.0,33.0,7.0,42.0
korean face massage tool,337.0,ADJACENT,OTHER,0,2,NONE,,125,8,,0.0,26.0,80.0,,164.0,63.0,,,,,23.0,186.0,,,,,189.0
guasha massage tool,337.0,ADJACENT,GUA_SHA,0,0,NONE,,150,8,1.17,3.0,78.0,180.0,82.0,181.0,179.0,300.0,,224.0,,,,,,,,220.0
lymphatic drainage wooden tool set,337.0,ADJACENT,LYMPHATIC_CORE,0,0,NONE,,127,8,,0.0,,,80.0,156.0,,,,60.0,,75.0,213.0,,,,,
kojeva lymphatic brush face,337.0,EXACT,COMPETITOR_BRAND,10,11,CONSOLIDATED,46.0,123,8,1.3,0.0,9.0,11.0,10.0,95.0,5.0,6.0,15.0,13.0,67.0,12.0,65.0,25.0,20.0,51.0,18.0,69.0
contourglow™ brush,336.0,EXACT,COMPETITOR_BRAND,7,13,CONSOLIDATED,45.0,197,8,1.16,0.0,6.0,,20.0,21.0,2.0,10.0,12.0,11.0,62.0,5.0,38.0,27.0,44.0,59.0,31.0,36.0
best face sculpting tool,336.0,ADJACENT,CONTOUR_CORE,2,7,SHARED,,133,8,1.39,0.0,11.0,24.0,66.0,115.0,6.0,40.0,,258.0,250.0,47.0,39.0,157.0,34.0,108.0,168.0,53.0
face tan brush,335.0,ADJACENT,OTHER,0,0,NONE,303.0,137,8,,1.0,,,252.0,156.0,162.0,155.0,100.0,,,189.0,180.0,,,,,
lymphatic drainage massager & anti cellulite massage tool,335.0,ADJACENT,LYMPHATIC_CORE,0,0,NONE,,135,8,1.55,0.0,80.0,284.0,,277.0,114.0,279.0,,287.0,,153.0,271.0,,,,,259.0
soft facial brush,335.0,ADJACENT,OTHER,3,6,SHARED,,183,8,1.04,0.0,8.0,77.0,66.0,70.0,18.0,64.0,49.0,30.0,,10.0,39.0,,94.0,74.0,265.0,
gua sha spoon,335.0,ADJACENT,GUA_SHA,0,0,NONE,,138,8,0.81,,,,,,,,,,,,,,287.0,,,
gua sha case,335.0,ADJACENT,GUA_SHA,0,0,NONE,,45,8,,0.0,,,,84.0,,74.0,,,,,158.0,,,101.0,,
kitsch face dry brush,335.0,ADJACENT,COMPETITOR_BRAND,6,6,CONSOLIDATED,,0,8,,0.0,3.0,,4.0,18.0,,,1.0,,,7.0,,,9.0,,,
lymphatic contour face brush puur house,335.0,EXACT,LYMPHATIC_CORE,10,14,CONSOLIDATED,106.0,120,8,1.13,0.0,3.0,19.0,30.0,22.0,18.0,8.0,12.0,20.0,60.0,9.0,2.0,50.0,5.0,28.0,17.0,54.0
gua sha facial tools jade,334.0,ADJACENT,GUA_SHA,0,1,NONE,,101,8,1.27,0.0,,,,,,,,34.0,,,,,,,,
2-in-1 double-sided silicone face brush,334.0,ADJACENT,OTHER,0,0,NONE,,90,8,,0.0,,,,,,,,,,,,,,,,
guasha tool for face fimate,334.0,ADJACENT,GUA_SHA,0,1,NONE,,120,8,,,,,,,,,,,,,,,,,,36.0
lymphatic face oil,330.0,ADJACENT,LYMPHATIC_CORE,0,2,NONE,,172,8,,1.0,38.0,80.0,,,,202.0,,34.0,,55.0,,,121.0,,,
skinn double-ended face massage brush,330.0,ADJACENT,OTHER,4,9,CONSOLIDATED,49.0,87,8,,0.0,17.0,20.0,39.0,41.0,9.0,62.0,35.0,28.0,115.0,10.0,83.0,110.0,26.0,87.0,85.0,104.0
￼lymphatic drainage face brush,330.0,EXACT,LYMPHATIC_CORE,8,14,CONSOLIDATED,96.0,156,8,,0.0,19.0,7.0,25.0,21.0,8.0,22.0,9.0,15.0,51.0,11.0,37.0,39.0,4.0,28.0,20.0,57.0
gua sha for men,330.0,ADJACENT,GUA_SHA,0,1,NONE,,189,8,,0.0,,,116.0,,,,,45.0,,,,,,,,
kitsch face roller,330.0,ADJACENT,COMPETITOR_BRAND,1,1,SINGLE,,85,8,1.28,0.0,,,57.0,,,,20.0,80.0,,,,,,,,
lymphatic drainage massager for stomach,330.0,ADJACENT,LYMPHATIC_CORE,0,0,NONE,,169,8,,0.0,131.0,,,,,301.0,,,,,246.0,,,270.0,,
lymphatic drainage brish,329.0,ADJACENT,LYMPHATIC_CORE,7,11,CONSOLIDATED,159.0,117,8,,0.0,1.0,11.0,48.0,64.0,19.0,14.0,10.0,20.0,68.0,6.0,44.0,59.0,21.0,25.0,71.0,91.0
best face depuffer,329.0,ADJACENT,OTHER,1,6,SINGLE,,136,8,,0.0,21.0,37.0,,69.0,5.0,55.0,,43.0,,121.0,151.0,,39.0,,37.0,61.0
lymphatic drainage heated brush,329.0,EXACT,LYMPHATIC_CORE,0,3,NONE,152.0,176,8,1.65,0.0,48.0,56.0,89.0,98.0,60.0,71.0,,51.0,151.0,47.0,84.0,,43.0,148.0,123.0,125.0
contour glow face brush nuvetra,329.0,EXACT,COMPETITOR_BRAND,8,13,CONSOLIDATED,35.0,143,8,1.32,0.0,6.0,8.0,30.0,24.0,1.0,7.0,10.0,11.0,31.0,18.0,32.0,21.0,53.0,69.0,12.0,
facial bowl and brush set,329.0,ADJACENT,OTHER,0,0,NONE,,122,8,,5.0,,,,,,,,,,104.0,,,,,,
guasha face brush,329.0,EXACT,GUA_SHA,9,15,CONSOLIDATED,67.0,179,8,1.38,0.0,12.0,4.0,22.0,8.0,3.0,25.0,5.0,32.0,47.0,7.0,21.0,65.0,18.0,19.0,39.0,14.0
neck stretcher massager,328.0,ADJACENT,OTHER,0,0,NONE,,104,8,1.3,0.0,,225.0,,,,,,,,,,,,,,
lymphatic drainage body,327.0,ADJACENT,LYMPHATIC_CORE,0,0,NONE,,189,8,1.4,0.0,60.0,175.0,90.0,,,,,224.0,,,,,,,,
neck sculpting wrap,327.0,ADJACENT,CONTOUR_CORE,0,0,NONE,,48,8,,0.0,,,286.0,,,,,,,,,,,,,
foreo facial cleaning brush,327.0,ADJACENT,OTHER,0,0,NONE,,41,8,,0.0,112.0,,,169.0,,135.0,86.0,,,170.0,235.0,,,,,
sculpted face,327.0,ADJACENT,CONTOUR_CORE,4,8,CONSOLIDATED,,113,8,,7.0,4.0,25.0,,75.0,3.0,46.0,,27.0,,26.0,6.0,,,,17.0,
fascia roller face,327.0,ADJACENT,OTHER,0,1,NONE,,108,8,1.26,0.0,25.0,,,,,,,,,,,,,,,
lymphatic drainage electric massager,327.0,ADJACENT,LYMPHATIC_CORE,0,0,NONE,,150,8,,0.0,,,,,,,,,,,,,,124.0,,
duo face brush,326.0,ADJACENT,OTHER,0,1,NONE,,113,8,,2.0,,,,,71.0,,33.0,,,,117.0,,,,,
lymphatic drainage for body,326.0,ADJACENT,LYMPHATIC_CORE,0,0,NONE,,176,8,,0.0,52.0,,117.0,,,,,,,,,,,,,
guasha face,326.0,ADJACENT,GUA_SHA,2,3,SHARED,229.0,139,8,1.38,2.0,13.0,33.0,281.0,72.0,9.0,153.0,,68.0,152.0,71.0,120.0,,279.0,83.0,,168.0
soft face wheel brush,326.0,ADJACENT,OTHER,0,0,NONE,,101,8,,0.0,,,,,,,,,,,,,,,,
try aeki face brush,326.0,ADJACENT,COMPETITOR_BRAND,6,7,CONSOLIDATED,37.0,60,8,,0.0,5.0,,,18.0,21.0,9.0,11.0,,,7.0,,3.0,,,,
face sculpter,326.0,ADJACENT,CONTOUR_CORE,1,3,SINGLE,,118,8,1.34,0.0,16.0,,,,38.0,29.0,,79.0,,,101.0,,,,,
trykojeva lymphatic face brush,326.0,EXACT,COMPETITOR_BRAND,11,13,CONSOLIDATED,95.0,132,8,1.6,0.0,7.0,8.0,5.0,17.0,6.0,14.0,10.0,12.0,52.0,9.0,40.0,38.0,15.0,60.0,18.0,69.0
eteros face brush,325.0,ADJACENT,OTHER,2,2,SHARED,,64,8,,0.0,1.0,,,,,,,,,4.0,,,,,,
gua sha facial brush,324.0,EXACT,GUA_SHA,9,13,CONSOLIDATED,73.0,155,8,1.28,0.0,2.0,4.0,37.0,11.0,5.0,15.0,10.0,34.0,68.0,8.0,17.0,71.0,32.0,28.0,122.0,13.0
best gua sha tool for face,324.0,ADJACENT,GUA_SHA,0,4,NONE,,163,8,,0.0,30.0,47.0,267.0,116.0,71.0,104.0,,25.0,,99.0,190.0,,,121.0,,42.0
medicube roller for face,324.0,ADJACENT,OTHER,0,0,NONE,,105,8,,,,,,,,,,,,58.0,,,,,,
tao clean face brush,324.0,ADJACENT,OTHER,0,1,NONE,,65,8,1.49,0.0,,,,76.0,55.0,,25.0,,,,85.0,,,,,
black obsidian gua sha facial tool,323.0,ADJACENT,GUA_SHA,0,1,NONE,,152,8,1.18,0.0,41.0,,,,,,,88.0,,,,,,,,
facial stones for face massage,323.0,ADJACENT,OTHER,0,1,NONE,,93,8,1.16,0.0,40.0,,,,,,,169.0,,110.0,218.0,,,,,190.0
skin brush vegan,322.0,ADJACENT,OTHER,1,1,SINGLE,,134,8,,0.0,,,,304.0,,,11.0,,,,,,,,,
face blending brush,322.0,ADJACENT,OTHER,0,0,NONE,,52,8,,1.0,,,,,,,58.0,,,118.0,,,,,,
contour massage brush,322.0,EXACT,CONTOUR_CORE,8,14,CONSOLIDATED,114.0,169,8,,0.0,22.0,17.0,24.0,13.0,1.0,11.0,12.0,29.0,63.0,5.0,9.0,35.0,4.0,49.0,37.0,101.0
best lymphatic drainage face brush,322.0,EXACT,LYMPHATIC_CORE,12,15,CONSOLIDATED,260.0,136,8,,0.0,6.0,5.0,8.0,22.0,3.0,17.0,2.0,11.0,42.0,14.0,12.0,61.0,20.0,48.0,16.0,18.0
contour lymphatic face brush,322.0,EXACT,LYMPHATIC_CORE,8,12,CONSOLIDATED,103.0,187,8,1.32,0.0,18.0,10.0,22.0,85.0,5.0,12.0,14.0,67.0,55.0,7.0,35.0,52.0,11.0,25.0,17.0,40.0
kitsch lymphatic contour face brush - terracotta,321.0,EXACT,COMPETITOR_BRAND,6,10,CONSOLIDATED,113.0,32,8,1.32,0.0,19.0,17.0,8.0,50.0,21.0,20.0,1.0,55.0,,9.0,27.0,62.0,65.0,78.0,26.0,76.0
face exfoliant brush,321.0,ADJACENT,OTHER,1,2,SINGLE,299.0,140,8,,0.0,20.0,81.0,131.0,109.0,129.0,121.0,49.0,136.0,171.0,76.0,85.0,,106.0,94.0,237.0,
lymphatic drainage gua sha tools,320.0,ADJACENT,GUA_SHA,1,1,SINGLE,221.0,132,8,1.21,0.0,141.0,59.0,,102.0,148.0,158.0,,93.0,270.0,86.0,107.0,,,166.0,,10.0
lymphatic drainage under eye,320.0,ADJACENT,LYMPHATIC_CORE,1,6,SINGLE,,213,8,2.01,0.0,71.0,,136.0,67.0,19.0,48.0,,39.0,,35.0,151.0,,41.0,46.0,151.0,83.0
nayori globrush - goodbye puffy face,319.0,ADJACENT,OTHER,2,2,SHARED,7.0,9,8,,0.0,1.0,,,,,,2.0,,,,,,,,,
face lift brush lymphatic,319.0,EXACT,LYMPHATIC_CORE,6,11,CONSOLIDATED,113.0,84,8,,0.0,16.0,10.0,49.0,57.0,4.0,15.0,25.0,21.0,73.0,6.0,59.0,90.0,7.0,36.0,56.0,43.0
mario badescu triple light thermal face & neck massager,317.0,ADJACENT,OTHER,0,1,NONE,,53,8,2.0,0.0,27.0,,,,,,,,,,,,,,,
soft face brush lymphatic,315.0,EXACT,LYMPHATIC_CORE,13,13,CONSOLIDATED,86.0,137,8,,0.0,4.0,7.0,11.0,15.0,1.0,8.0,5.0,14.0,70.0,6.0,10.0,134.0,3.0,16.0,12.0,68.0
neck lymphatic drainage massager,315.0,ADJACENT,LYMPHATIC_CORE,0,0,NONE,,107,8,1.71,0.0,114.0,126.0,,240.0,161.0,164.0,,194.0,,227.0,91.0,257.0,264.0,195.0,226.0,
elf total face brush,314.0,ADJACENT,OTHER,0,0,NONE,,63,8,,0.0,,,,,,,,,,,,,,,,
facial tool for lymphatic drainage,314.0,ADJACENT,LYMPHATIC_CORE,3,8,SHARED,165.0,117,8,1.44,0.0,37.0,8.0,63.0,64.0,4.0,58.0,99.0,77.0,159.0,15.0,30.0,258.0,38.0,47.0,186.0,25.0
lymphatic drainage poster,314.0,ADJACENT,LYMPHATIC_CORE,0,0,NONE,,199,8,,1.0,,,,,,,,,,,,,,,,
facial cups for lymphatic drainage,313.0,ADJACENT,LYMPHATIC_CORE,0,1,NONE,,103,8,,0.0,77.0,,,129.0,91.0,97.0,,70.0,,37.0,117.0,,,132.0,,152.0
face scrub brush electric,312.0,ADJACENT,OTHER,0,0,NONE,,141,8,,0.0,,,,,,,,,,,,,,,,
lymphatic contour face brush kojeva,312.0,EXACT,COMPETITOR_BRAND,8,14,CONSOLIDATED,118.0,135,8,,0.0,21.0,8.0,34.0,70.0,6.0,11.0,10.0,7.0,50.0,12.0,20.0,17.0,22.0,30.0,23.0,105.0
contour brush set,312.0,EXACT,CONTOUR_CORE,0,0,NONE,,174,8,1.15,4.0,53.0,,127.0,,104.0,171.0,,115.0,,,,,,,,
exfoliating brush face,312.0,ADJACENT,OTHER,0,1,NONE,,125,8,1.26,1.0,37.0,165.0,185.0,85.0,179.0,177.0,92.0,138.0,,159.0,181.0,,,,,
2pcs lymphatic contour face brush for jawline & chin sculpting dry brushing massager for lymphatic d,312.0,EXACT,DOUBLE_CHIN,0,8,NONE,297.0,145,8,,0.0,25.0,40.0,99.0,75.0,42.0,35.0,270.0,49.0,,41.0,36.0,83.0,37.0,77.0,55.0,98.0
gua sha set jade,312.0,ADJACENT,GUA_SHA,0,1,NONE,,60,8,,0.0,,,,,,,,24.0,,,,,,,,
gua sha moisturizer,311.0,ADJACENT,GUA_SHA,0,0,NONE,,158,8,1.48,1.0,,,,,,199.0,,,,,,,,,,
gua sha tools stainless steel,309.0,ADJACENT,GUA_SHA,0,0,NONE,,106,8,,0.0,,,289.0,,,,,,,,,,,,,201.0
gua sha massage,309.0,ADJACENT,GUA_SHA,0,0,NONE,,136,8,,8.0,107.0,216.0,232.0,236.0,145.0,185.0,,84.0,,,,,,,,226.0
skin brushes for body lymphatic,309.0,EXACT,LYMPHATIC_CORE,1,3,SINGLE,,148,8,1.31,0.0,19.0,90.0,112.0,113.0,34.0,100.0,89.0,108.0,,46.0,77.0,277.0,132.0,133.0,257.0,124.0
brush face cleaner,309.0,ADJACENT,OTHER,0,0,NONE,,153,8,1.1,0.0,,,,,,,,,,,,,,,,
facial dry brushing,309.0,ADJACENT,OTHER,7,11,CONSOLIDATED,242.0,84,8,,0.0,6.0,29.0,19.0,4.0,1.0,18.0,35.0,62.0,96.0,32.0,5.0,279.0,27.0,3.0,,
lymphatic drainage set,306.0,ADJACENT,LYMPHATIC_CORE,2,3,SHARED,,130,8,,1.0,18.0,,75.0,208.0,78.0,175.0,,29.0,,52.0,,,,13.0,,
face brush gua sha,306.0,EXACT,GUA_SHA,10,13,CONSOLIDATED,65.0,142,8,,1.0,2.0,6.0,30.0,13.0,3.0,21.0,18.0,28.0,96.0,4.0,17.0,298.0,15.0,14.0,116.0,11.0
jaw sculpting tool,306.0,ADJACENT,CONTOUR_CORE,0,0,NONE,,144,8,1.41,0.0,,,,,53.0,,,139.0,,89.0,178.0,,,98.0,,
lymphatic contour face brush 2 pack,306.0,EXACT,LYMPHATIC_CORE,5,11,CONSOLIDATED,168.0,107,8,,1.0,13.0,42.0,53.0,3.0,29.0,11.0,48.0,32.0,7.0,34.0,8.0,132.0,75.0,82.0,24.0,152.0
liftlab face sculpting tool,303.0,ADJACENT,CONTOUR_CORE,0,1,NONE,243.0,80,8,1.93,0.0,58.0,,,126.0,21.0,118.0,,,,,116.0,137.0,,,,95.0
facial massager vibrating tool,303.0,ADJACENT,OTHER,0,0,NONE,,85,8,,,,,,,,,,,,58.0,,,,,,
lymphatic drainage lifepro,303.0,ADJACENT,LYMPHATIC_CORE,0,0,NONE,,146,8,,0.0,,,,,,,,,,,,,,,,
best face cleansing brush,302.0,ADJACENT,OTHER,0,0,NONE,,124,8,,0.0,160.0,66.0,126.0,169.0,109.0,142.0,51.0,158.0,,205.0,164.0,,,,196.0,
loryn face brush,302.0,ADJACENT,OTHER,5,5,CONSOLIDATED,,28,8,1.23,0.0,1.0,,,9.0,,,6.0,,,2.0,,,7.0,,,
face oil for gua sha massage,302.0,ADJACENT,GUA_SHA,0,0,NONE,,144,8,1.85,0.0,,122.0,,,,131.0,,58.0,,,,,,,,
light facial massager,302.0,ADJACENT,OTHER,0,0,NONE,,148,8,,0.0,184.0,155.0,,,,,,219.0,,200.0,177.0,,,,,
contour brush lymphatic drainage,302.0,EXACT,LYMPHATIC_CORE,10,15,CONSOLIDATED,80.0,204,8,1.29,0.0,19.0,10.0,32.0,27.0,1.0,6.0,8.0,12.0,46.0,50.0,18.0,89.0,4.0,16.0,13.0,24.0
face massage hammer,302.0,ADJACENT,OTHER,0,0,NONE,,105,8,1.33,2.0,,,,,,,,,,,,,,,,
contour glow,302.0,ADJACENT,COMPETITOR_BRAND,3,3,SHARED,74.0,149,8,,2.0,,,289.0,112.0,2.0,86.0,,281.0,88.0,,18.0,,,,17.0,59.0
lymphatic patches,301.0,ADJACENT,LYMPHATIC_CORE,0,0,NONE,,157,8,1.15,2.0,,,,,,69.0,,,,,,,,,,
sculpt brush for face,300.0,EXACT,CONTOUR_CORE,9,14,CONSOLIDATED,90.0,138,8,,0.0,5.0,8.0,24.0,38.0,2.0,9.0,22.0,14.0,80.0,16.0,10.0,115.0,6.0,33.0,15.0,49.0
lymphatic brush by cecily braden,300.0,EXACT,LYMPHATIC_CORE,8,12,CONSOLIDATED,116.0,98,8,1.19,0.0,18.0,6.0,8.0,77.0,7.0,10.0,1.0,33.0,61.0,20.0,34.0,19.0,21.0,48.0,124.0,87.0
face lift brush,300.0,ADJACENT,OTHER,7,13,CONSOLIDATED,119.0,133,8,1.18,0.0,16.0,20.0,40.0,70.0,1.0,11.0,29.0,25.0,83.0,7.0,35.0,95.0,8.0,14.0,21.0,37.0
depuff brush for face,300.0,EXACT,OTHER,10,12,CONSOLIDATED,108.0,186,8,1.07,0.0,6.0,9.0,35.0,14.0,1.0,2.0,7.0,16.0,70.0,74.0,13.0,100.0,4.0,39.0,10.0,61.0
eco tools face scrub brush,300.0,ADJACENT,OTHER,0,0,NONE,,70,8,0.91,0.0,,,130.0,137.0,,103.0,89.0,,,201.0,144.0,,,,,
nuvetra face sculpting brush,300.0,EXACT,COMPETITOR_BRAND,5,13,CONSOLIDATED,86.0,96,8,,0.0,4.0,12.0,37.0,51.0,2.0,6.0,44.0,36.0,,7.0,49.0,35.0,39.0,85.0,21.0,46.0
facial brushes for cleaning and exfoliating,299.0,ADJACENT,OTHER,0,1,NONE,,107,8,1.0,1.0,42.0,302.0,305.0,268.0,,186.0,131.0,,,79.0,145.0,,,284.0,,
skin dry brush body,299.0,ADJACENT,OTHER,0,0,NONE,,136,8,,0.0,,,188.0,,,,,193.0,,,,,,,,
akei lymphatic facial brush,297.0,EXACT,LYMPHATIC_CORE,8,12,CONSOLIDATED,100.0,162,8,1.41,0.0,3.0,21.0,27.0,32.0,11.0,5.0,14.0,18.0,80.0,6.0,57.0,4.0,19.0,42.0,94.0,74.0
lymph drainage face tool,297.0,ADJACENT,LYMPHATIC_CORE,4,7,CONSOLIDATED,187.0,125,8,,0.0,35.0,17.0,55.0,183.0,5.0,71.0,49.0,23.0,129.0,16.0,78.0,175.0,18.0,97.0,168.0,85.0
brush cleansing facial,297.0,ADJACENT,OTHER,0,0,NONE,,101,8,,0.0,76.0,276.0,,,,,,296.0,,111.0,302.0,,,,,
face massage cream for facial,297.0,ADJACENT,OTHER,0,0,NONE,,67,8,,0.0,65.0,,,,177.0,,,,,,,,,,,
face and neck massager tool,296.0,ADJACENT,OTHER,0,0,NONE,,168,8,,2.0,156.0,127.0,,235.0,120.0,201.0,,208.0,,205.0,197.0,,,305.0,,
heinkel design facial brush,296.0,ADJACENT,OTHER,2,4,SHARED,,46,8,,0.0,,,26.0,36.0,6.0,,2.0,,,,,,,,,
real techniques cheek hugging contour brush,296.0,EXACT,CONTOUR_CORE,0,0,NONE,,56,8,,0.0,,,,,,,,,,,,,,,,
face cold roller,296.0,ADJACENT,OTHER,0,0,NONE,,141,8,1.63,0.0,60.0,,,,,,,,,,,,,,,
lymphatic facial contour brush,295.0,EXACT,LYMPHATIC_CORE,8,13,CONSOLIDATED,95.0,69,8,1.5,0.0,13.0,11.0,32.0,78.0,3.0,28.0,19.0,14.0,7.0,9.0,36.0,58.0,5.0,27.0,22.0,55.0
contour facial brush,295.0,EXACT,CONTOUR_CORE,12,15,CONSOLIDATED,77.0,169,8,,0.0,15.0,20.0,5.0,25.0,3.0,16.0,14.0,13.0,87.0,10.0,6.0,44.0,8.0,18.0,17.0,45.0
gua sha tool kit,294.0,ADJACENT,GUA_SHA,0,0,NONE,,48,8,1.29,0.0,,,,,208.0,,,,,,,,,,,
lymphatic drainage massager kit,293.0,ADJACENT,LYMPHATIC_CORE,0,1,NONE,,152,8,,,,,,,,,,,,23.0,,,,,195.0,
koneva lymphatic face brush,292.0,EXACT,LYMPHATIC_CORE,9,12,CONSOLIDATED,81.0,104,8,1.5,0.0,5.0,12.0,22.0,21.0,4.0,7.0,20.0,9.0,63.0,3.0,60.0,18.0,19.0,69.0,66.0,45.0
washa brush face,292.0,ADJACENT,OTHER,7,14,CONSOLIDATED,101.0,162,8,,0.0,24.0,5.0,32.0,10.0,3.0,31.0,22.0,18.0,,6.0,13.0,41.0,17.0,21.0,23.0,61.0
depuff face brush,291.0,EXACT,OTHER,10,12,CONSOLIDATED,113.0,98,8,,0.0,5.0,4.0,29.0,20.0,1.0,8.0,3.0,13.0,,58.0,12.0,90.0,9.0,33.0,6.0,56.0
oil for gua sha massage for face,291.0,ADJACENT,GUA_SHA,0,1,NONE,,163,8,1.61,0.0,,112.0,,,,,,30.0,,,,,,,,
complexion brush for washing face,290.0,ADJACENT,OTHER,0,2,NONE,214.0,132,8,,0.0,42.0,80.0,87.0,99.0,89.0,133.0,50.0,,,90.0,110.0,,135.0,184.0,84.0,
gua sha holic,290.0,ADJACENT,GUA_SHA,1,1,SINGLE,,50,8,,0.0,,,,,,,,4.0,,,,,,,,
contouring brushes for face,289.0,EXACT,CONTOUR_CORE,4,6,CONSOLIDATED,161.0,150,8,0.85,0.0,55.0,44.0,71.0,116.0,10.0,19.0,52.0,111.0,148.0,9.0,28.0,132.0,5.0,95.0,155.0,127.0
pharmacy skin brush,289.0,ADJACENT,OTHER,1,4,SINGLE,155.0,110,8,,0.0,,32.0,54.0,59.0,,37.0,9.0,,114.0,40.0,53.0,,,106.0,,
cleaning face brush,289.0,ADJACENT,OTHER,0,0,NONE,,138,8,,0.0,80.0,262.0,,,200.0,180.0,131.0,285.0,,102.0,209.0,218.0,,,241.0,
kojovia face brush for lymphatic drainage,289.0,EXACT,LYMPHATIC_CORE,7,15,CONSOLIDATED,110.0,161,8,,0.0,11.0,8.0,29.0,24.0,1.0,17.0,13.0,14.0,40.0,4.0,46.0,36.0,22.0,26.0,79.0,47.0
lymphatic massager for legs,289.0,ADJACENT,LYMPHATIC_CORE,0,0,NONE,,144,8,,0.0,,269.0,,,,,,,,,,,,,,
pore scraper for face,288.0,ADJACENT,OTHER,0,0,NONE,,185,8,1.33,,,,,,,,,,,,,,,,,
too face contour,288.0,ADJACENT,CONTOUR_CORE,0,0,NONE,,43,8,,0.0,,,,144.0,,132.0,,,,73.0,160.0,,,266.0,,
lymphatic detox and drainage,288.0,ADJACENT,LYMPHATIC_CORE,0,0,NONE,,149,8,2.44,0.0,289.0,,,256.0,124.0,,,,,,264.0,,,,,182.0
face lift roller massage tool,287.0,ADJACENT,OTHER,0,0,NONE,,125,8,,0.0,170.0,,,173.0,51.0,,,,,51.0,,,,,,227.0
contour for dark skin,287.0,ADJACENT,CONTOUR_CORE,0,0,NONE,,151,8,0.79,0.0,276.0,,,,286.0,,,,,,,,,,,
lymphatic drainage massage guns,286.0,ADJACENT,LYMPHATIC_CORE,0,0,NONE,,154,8,1.49,,,,,,,,,,,108.0,,,,,,
medicube massager face,286.0,ADJACENT,OTHER,0,0,NONE,,106,8,,0.0,,,,,,,,,,,,,,,,
lymphatic drainage massager brush,286.0,EXACT,LYMPHATIC_CORE,7,11,CONSOLIDATED,211.0,141,8,1.16,0.0,7.0,22.0,90.0,34.0,2.0,26.0,18.0,17.0,,9.0,20.0,141.0,5.0,21.0,88.0,51.0
contouring stick for face,285.0,ADJACENT,CONTOUR_CORE,0,0,NONE,,109,8,0.89,3.0,,,,,,,,156.0,,,,,,,,
gua sha facial tool set,284.0,ADJACENT,GUA_SHA,0,0,NONE,,108,8,1.3,6.0,,,151.0,269.0,210.0,198.0,,74.0,,,,,,267.0,,
facial lymphatic drainage massager,284.0,ADJACENT,LYMPHATIC_CORE,2,5,SHARED,218.0,83,8,1.23,0.0,47.0,60.0,158.0,61.0,14.0,40.0,78.0,75.0,,19.0,64.0,209.0,44.0,88.0,197.0,91.0
lymphatic drainage fsa,283.0,ADJACENT,LYMPHATIC_CORE,0,0,NONE,,153,8,,0.0,71.0,,,,,,,,,,,,,,,
contour kit for mature skin,282.0,ADJACENT,CONTOUR_CORE,0,0,NONE,,143,8,1.32,0.0,,,,,,,,,,,,,,,,
guasha oil for face lymphatic,282.0,ADJACENT,GUA_SHA,0,2,NONE,113.0,195,8,,0.0,29.0,,144.0,,85.0,91.0,,49.0,111.0,,,,145.0,77.0,207.0,
slim define face massager,282.0,ADJACENT,OTHER,0,1,NONE,,98,8,1.43,0.0,37.0,,,,84.0,,,,,,172.0,,,,,
lymphatic drainage suction cups for face,281.0,ADJACENT,LYMPHATIC_CORE,0,0,NONE,,73,8,1.19,0.0,,,,,,,,,,,,,,,,
neck gua sha cream,280.0,ADJACENT,GUA_SHA,0,0,NONE,289.0,154,8,,0.0,,,,,,,,,,,,,,125.0,,
face rollers for lymphatic drainage,280.0,ADJACENT,LYMPHATIC_CORE,1,1,SINGLE,274.0,111,8,,0.0,20.0,99.0,218.0,111.0,140.0,133.0,105.0,90.0,,60.0,145.0,239.0,269.0,170.0,232.0,134.0
lymphatic drainage mary,280.0,ADJACENT,LYMPHATIC_CORE,0,0,NONE,,124,8,,0.0,,,,,,,,,,,,,,,,
gua sha kit with oil,278.0,ADJACENT,GUA_SHA,0,0,NONE,,95,8,,0.0,,,,,174.0,,,,,,,,,,184.0,
guasha serum for face,278.0,ADJACENT,GUA_SHA,0,0,NONE,257.0,141,8,,0.0,,,175.0,68.0,83.0,143.0,,,144.0,,,,,112.0,299.0,
lymphatic wellness,278.0,ADJACENT,LYMPHATIC_CORE,0,0,NONE,,136,8,2.53,3.0,241.0,96.0,184.0,294.0,95.0,183.0,99.0,125.0,276.0,182.0,120.0,,,82.0,,
dry lymphatic massage brush for face,277.0,EXACT,LYMPHATIC_CORE,9,14,CONSOLIDATED,96.0,115,8,1.15,0.0,17.0,7.0,12.0,13.0,2.0,23.0,33.0,20.0,60.0,8.0,5.0,40.0,3.0,30.0,42.0,164.0
genuine jade roller for face,277.0,ADJACENT,OTHER,0,1,NONE,,141,8,,,,,,,,,,,,35.0,,,,,,
nova face brush,277.0,ADJACENT,OTHER,0,2,NONE,90.0,52,8,0.93,0.0,,,,50.0,,,30.0,,,108.0,,,,,,
jade gua sha tools for face,276.0,ADJACENT,GUA_SHA,0,0,NONE,,82,8,1.24,0.0,,,,51.0,,,,55.0,,,,,,,,137.0
lymphatic system drainage,276.0,ADJACENT,LYMPHATIC_CORE,0,0,NONE,,176,8,2.28,0.0,,,,,112.0,,,124.0,,,,,,116.0,,
gua sha tool jade stone,276.0,ADJACENT,GUA_SHA,0,0,NONE,,127,8,,0.0,,,,,,,,53.0,,,,,,,,
skin tightening massager,276.0,ADJACENT,OTHER,0,0,NONE,,112,8,1.57,0.0,106.0,,,,97.0,,,,,206.0,,,,,,
floriem lymphatic face brush,275.0,EXACT,LYMPHATIC_CORE,8,13,CONSOLIDATED,86.0,102,8,,0.0,17.0,19.0,24.0,77.0,2.0,22.0,14.0,21.0,74.0,6.0,15.0,31.0,13.0,26.0,20.0,56.0
gua sha dry brush,274.0,EXACT,GUA_SHA,8,13,CONSOLIDATED,62.0,98,8,1.38,0.0,21.0,9.0,47.0,45.0,2.0,13.0,16.0,24.0,,4.0,5.0,99.0,23.0,18.0,66.0,8.0
face it 2.0 brush cleaner,274.0,ADJACENT,OTHER,0,0,NONE,,125,8,1.21,0.0,,,,,,,,,,,,,,,,
lymphatic drainage tool for stomach,274.0,ADJACENT,LYMPHATIC_CORE,0,0,NONE,274.0,185,8,,0.0,174.0,143.0,,221.0,177.0,188.0,,127.0,265.0,138.0,213.0,,99.0,215.0,,225.0
guasha ring,274.0,ADJACENT,GUA_SHA,0,0,NONE,,105,8,1.15,2.0,,,,,,,,,,,,,,,,
firming face massager,273.0,ADJACENT,OTHER,1,1,SINGLE,,142,8,,1.0,88.0,93.0,,,81.0,,,,,13.0,141.0,,,,138.0,161.0
skin sculpt,273.0,ADJACENT,CONTOUR_CORE,1,2,SINGLE,,128,8,,0.0,,75.0,,,2.0,122.0,56.0,46.0,148.0,,265.0,,,,,
contour sets makeup,273.0,ADJACENT,CONTOUR_CORE,0,0,NONE,,181,8,,0.0,,,,,150.0,,,271.0,,,,,,,,
silicone pore brush for face,273.0,ADJACENT,OTHER,0,1,NONE,,117,8,1.21,0.0,,,,,,,,,,43.0,,,,,,
lymphatic and cellulite massager,273.0,ADJACENT,LYMPHATIC_CORE,0,0,NONE,,187,8,1.37,0.0,68.0,,,,,,,,,,,,,,,
facial lymph drainage brush,273.0,EXACT,LYMPHATIC_CORE,8,11,CONSOLIDATED,94.0,185,8,,0.0,19.0,5.0,32.0,18.0,15.0,9.0,23.0,8.0,66.0,7.0,52.0,76.0,11.0,21.0,89.0,61.0
face brushes set,272.0,ADJACENT,OTHER,0,0,NONE,,174,8,1.12,0.0,,,158.0,,142.0,182.0,,143.0,,,,,,,,
face lymph brush,271.0,EXACT,LYMPHATIC_CORE,9,14,CONSOLIDATED,141.0,97,8,,0.0,11.0,5.0,22.0,24.0,7.0,21.0,9.0,16.0,66.0,12.0,14.0,38.0,6.0,31.0,8.0,64.0
eteross lymphatic face brush,271.0,EXACT,LYMPHATIC_CORE,7,12,CONSOLIDATED,121.0,166,8,1.35,0.0,13.0,14.0,18.0,74.0,4.0,28.0,16.0,57.0,61.0,8.0,36.0,32.0,11.0,24.0,25.0,78.0
kohiva facial brush,271.0,ADJACENT,OTHER,5,5,CONSOLIDATED,,58,8,,0.0,,,6.0,19.0,,,1.0,3.0,,,8.0,,,,,
viddo face brush,271.0,ADJACENT,OTHER,4,4,CONSOLIDATED,,60,8,,0.0,2.0,,,,1.0,,,,,4.0,7.0,,,,,
lymphatic drainage wooden tool,271.0,ADJACENT,LYMPHATIC_CORE,0,1,NONE,,122,8,0.95,0.0,38.0,120.0,64.0,187.0,,83.0,,51.0,175.0,,164.0,,,,,
olay neck roller,271.0,ADJACENT,OTHER,0,1,NONE,,40,8,1.99,0.0,35.0,,,,,,,,,,,,,,,
kojeva face sculpting brush,270.0,EXACT,COMPETITOR_BRAND,9,13,CONSOLIDATED,84.0,96,8,,0.0,4.0,13.0,19.0,16.0,3.0,8.0,30.0,7.0,,5.0,15.0,34.0,61.0,96.0,38.0,35.0
self tanning face brush,270.0,ADJACENT,OTHER,0,0,NONE,,149,8,1.26,0.0,,,,184.0,126.0,,109.0,,,251.0,188.0,,,,,
facial mask application brush,270.0,ADJACENT,OTHER,0,0,NONE,,118,8,,1.0,,,,205.0,180.0,170.0,,,,,236.0,,,,,
"morphe ready, set, pro 16-piece face & eye brush set",269.0,ADJACENT,OTHER,0,0,NONE,,50,8,,0.0,,,,,,,,,,,,,,,,
beauty massager for face,269.0,ADJACENT,OTHER,0,0,NONE,,132,8,,1.0,83.0,220.0,,,148.0,301.0,,201.0,,235.0,234.0,305.0,304.0,221.0,,244.0
face brush plastic,269.0,ADJACENT,OTHER,0,2,NONE,212.0,132,8,,0.0,39.0,124.0,,93.0,,,29.0,,,115.0,128.0,,,,61.0,174.0
natural bristle skin brush,269.0,ADJACENT,OTHER,0,0,NONE,222.0,111,8,,0.0,75.0,154.0,101.0,153.0,,110.0,128.0,259.0,216.0,,177.0,,,,,
korean lymphatic face brush,267.0,EXACT,LYMPHATIC_CORE,10,14,CONSOLIDATED,110.0,116,8,1.36,0.0,10.0,7.0,18.0,17.0,16.0,11.0,13.0,15.0,48.0,8.0,49.0,46.0,21.0,58.0,20.0,56.0
collagen face sculpt wrap,267.0,ADJACENT,CONTOUR_CORE,0,1,NONE,,145,8,1.54,17.0,28.0,,,,,,,,,,,,,,,
lymphatic contour face brush k glow,266.0,EXACT,COMPETITOR_BRAND,8,12,CONSOLIDATED,34.0,140,8,,0.0,14.0,11.0,48.0,35.0,4.0,7.0,20.0,13.0,58.0,5.0,66.0,25.0,42.0,78.0,17.0,91.0
sandalwood face massager,266.0,ADJACENT,OTHER,0,0,NONE,,32,8,,0.0,,,,94.0,,,,,,,196.0,,,,,
flahold lymphatic contour face brush,266.0,EXACT,LYMPHATIC_CORE,4,10,CONSOLIDATED,114.0,111,8,1.12,0.0,2.0,26.0,51.0,91.0,25.0,31.0,9.0,20.0,86.0,6.0,62.0,50.0,28.0,65.0,23.0,102.0
contour makeup kit,266.0,ADJACENT,CONTOUR_CORE,0,0,NONE,,141,8,0.89,0.0,,,,,181.0,,,,,,,,,,,
auvorra lymphatic contour face brush,265.0,EXACT,LYMPHATIC_CORE,8,13,CONSOLIDATED,86.0,163,8,1.06,0.0,15.0,14.0,3.0,25.0,13.0,11.0,16.0,8.0,27.0,34.0,52.0,17.0,26.0,85.0,22.0,60.0
soft guasha facial brush,265.0,EXACT,GUA_SHA,7,14,CONSOLIDATED,52.0,190,8,1.31,0.0,23.0,17.0,28.0,11.0,1.0,19.0,27.0,2.0,280.0,7.0,24.0,140.0,43.0,10.0,30.0,32.0
aeli lymphatic face brush,264.0,EXACT,LYMPHATIC_CORE,5,11,CONSOLIDATED,105.0,176,8,1.26,0.0,12.0,21.0,32.0,29.0,20.0,22.0,30.0,59.0,67.0,4.0,65.0,2.0,27.0,76.0,9.0,90.0
vellorra lymphatic contour face brush,264.0,EXACT,LYMPHATIC_CORE,6,10,CONSOLIDATED,128.0,149,8,,0.0,32.0,14.0,81.0,40.0,4.0,35.0,16.0,48.0,67.0,7.0,123.0,127.0,2.0,59.0,8.0,83.0
kojivashop face brush,264.0,ADJACENT,OTHER,6,7,CONSOLIDATED,30.0,95,8,,0.0,,,,10.0,5.0,2.0,4.0,,,17.0,9.0,,,,21.0,
baimei cryotherapy ice roller and gua sha facial tools,264.0,ADJACENT,GUA_SHA,0,0,NONE,,46,8,0.94,0.0,,,,,,,,,,,,,,,,
lymphatic drainage underwear,262.0,ADJACENT,LYMPHATIC_CORE,0,0,NONE,,29,8,,0.0,,,,,,,,,,,,,,,,
lymphatic contour face massager,262.0,ADJACENT,LYMPHATIC_CORE,1,7,SINGLE,211.0,167,8,,0.0,29.0,24.0,96.0,97.0,19.0,101.0,35.0,43.0,156.0,63.0,56.0,179.0,44.0,37.0,142.0,51.0
cosmetic brushes for cleaning face,261.0,ADJACENT,OTHER,0,1,NONE,,120,8,,0.0,44.0,,,,,,,,,156.0,,,,,,
lymphatic contour face brush for jawline & chin sculpting,261.0,EXACT,DOUBLE_CHIN,8,13,CONSOLIDATED,133.0,123,8,,0.0,6.0,18.0,45.0,9.0,2.0,5.0,12.0,10.0,100.0,4.0,31.0,38.0,30.0,28.0,75.0,88.0
depuffing brush for face,261.0,EXACT,OTHER,11,14,CONSOLIDATED,55.0,154,8,1.34,0.0,5.0,10.0,28.0,20.0,1.0,15.0,6.0,11.0,,17.0,9.0,91.0,7.0,37.0,3.0,46.0
lumispa nuskin facial brush,261.0,ADJACENT,OTHER,0,1,NONE,120.0,54,8,,0.0,68.0,59.0,109.0,100.0,62.0,80.0,25.0,72.0,,71.0,110.0,160.0,114.0,167.0,84.0,101.0
face sculpting tool guasha scrapers,261.0,ADJACENT,GUA_SHA,1,3,SINGLE,,146,8,,0.0,8.0,28.0,,81.0,167.0,79.0,,32.0,,,,,,,,68.0
soniclear facial cleansing brush,260.0,ADJACENT,OTHER,0,0,NONE,,64,8,1.34,,,,,,,,,,,98.0,,,,,,
lymphatic tools for body,260.0,ADJACENT,LYMPHATIC_CORE,0,1,NONE,,140,8,,0.0,41.0,143.0,172.0,,142.0,,,209.0,,273.0,,,,,,
lymphatic drainage tools for body,260.0,ADJACENT,LYMPHATIC_CORE,0,0,NONE,,186,8,,0.0,53.0,152.0,219.0,276.0,205.0,90.0,,130.0,,303.0,,,,,,123.0
face massager tool electric,259.0,ADJACENT,OTHER,0,1,NONE,,142,8,,0.0,25.0,,,,,,,,,,,,,,,
gua sha with serum,259.0,ADJACENT,GUA_SHA,0,0,NONE,178.0,137,8,,0.0,,115.0,148.0,,,161.0,,,202.0,,,,,,,
"lymphatic contour face brush-facial dry brush-lymphatic drainage massager,soft dry brushing beauty t",259.0,EXACT,LYMPHATIC_CORE,6,12,CONSOLIDATED,153.0,23,8,1.3,0.0,6.0,15.0,40.0,21.0,5.0,23.0,68.0,17.0,107.0,9.0,47.0,105.0,14.0,38.0,37.0,130.0
facial cleaning brush system,258.0,ADJACENT,OTHER,0,0,NONE,,81,8,,0.0,,,,,,,,164.0,,,,,,,,
"4 in 1 facial massager for face and neck, cream",258.0,ADJACENT,OTHER,0,0,NONE,,82,8,,0.0,,,,,,,,,,,,,,,,
face toothbrush,258.0,ADJACENT,OTHER,1,1,SINGLE,,147,8,,,,,,,,,,,,,,,,,17.0,
facial brush exfoliator,258.0,ADJACENT,OTHER,0,1,NONE,,143,8,,0.0,23.0,152.0,139.0,302.0,56.0,167.0,109.0,162.0,,90.0,279.0,,226.0,215.0,,
dry skin brush for body,258.0,ADJACENT,OTHER,0,0,NONE,,129,8,1.42,0.0,,197.0,171.0,,,,,,,,,,,,,
firming and smoothing guasha neck,257.0,ADJACENT,GUA_SHA,0,0,NONE,,63,8,,0.0,,,,90.0,103.0,,,,,,97.0,,,,90.0,94.0
eteross face brush,257.0,ADJACENT,OTHER,5,8,CONSOLIDATED,,41,8,1.27,0.0,2.0,21.0,,30.0,,20.0,,,,7.0,18.0,,10.0,27.0,,
aeki face brush,257.0,ADJACENT,COMPETITOR_BRAND,8,11,CONSOLIDATED,89.0,92,8,1.24,0.0,5.0,,17.0,37.0,6.0,9.0,10.0,20.0,,8.0,26.0,3.0,25.0,56.0,,
guasha wood stick massage tool,256.0,ADJACENT,GUA_SHA,0,0,NONE,,177,8,1.06,1.0,,,,218.0,,,,,,,,,,,,
lymphatic draining brush for face,256.0,EXACT,LYMPHATIC_CORE,9,11,CONSOLIDATED,88.0,135,8,,0.0,6.0,9.0,16.0,19.0,2.0,10.0,23.0,14.0,70.0,5.0,57.0,51.0,3.0,47.0,91.0,71.0
lymphatic face roller,255.0,ADJACENT,LYMPHATIC_CORE,1,4,SINGLE,,167,8,,0.0,25.0,112.0,154.0,192.0,13.0,49.0,118.0,37.0,217.0,90.0,175.0,291.0,151.0,163.0,145.0,199.0
led facial massager,254.0,ADJACENT,OTHER,0,0,NONE,,162,8,1.97,3.0,61.0,,,,,,,,,,,,,,,
lymphatic drain face brush,254.0,EXACT,LYMPHATIC_CORE,8,12,CONSOLIDATED,85.0,119,8,,0.0,10.0,5.0,12.0,23.0,7.0,19.0,25.0,13.0,66.0,4.0,44.0,63.0,8.0,22.0,52.0,68.0
brush to apply face mask,253.0,ADJACENT,OTHER,0,0,NONE,268.0,154,8,,0.0,,,,251.0,120.0,119.0,,,,,179.0,,,,,
gua sha dry brush for face,253.0,EXACT,GUA_SHA,7,13,CONSOLIDATED,82.0,140,8,1.07,0.0,33.0,6.0,54.0,31.0,2.0,20.0,32.0,18.0,46.0,14.0,15.0,115.0,28.0,47.0,71.0,12.0
soothesilk facial contour brush,253.0,EXACT,CONTOUR_CORE,7,12,CONSOLIDATED,91.0,102,8,1.2,0.0,12.0,16.0,21.0,46.0,2.0,23.0,11.0,92.0,,6.0,76.0,36.0,20.0,30.0,19.0,61.0
real touch massage neck,252.0,ADJACENT,OTHER,0,0,NONE,,143,8,1.83,0.0,224.0,,,,,268.0,,220.0,,226.0,223.0,,,,,
vddo lymphatic contour face brush,252.0,EXACT,COMPETITOR_BRAND,10,14,CONSOLIDATED,121.0,178,8,1.28,0.0,7.0,17.0,25.0,24.0,5.0,6.0,14.0,12.0,62.0,1.0,20.0,34.0,13.0,47.0,18.0,75.0
guasa face sculpting,252.0,ADJACENT,CONTOUR_CORE,0,1,NONE,,118,8,,0.0,,,,86.0,,44.0,,,,81.0,,,,,,
lymphatic drainage stomach,251.0,ADJACENT,LYMPHATIC_CORE,0,0,NONE,,162,8,,0.0,,,,,,,,,,,,,,,,
miniso facial brush,251.0,ADJACENT,OTHER,1,1,SINGLE,,36,8,,0.0,,,,,,,3.0,,,,,,,,,
jade face massager,251.0,ADJACENT,OTHER,0,1,NONE,,110,8,,0.0,,,,,,,,47.0,,74.0,,,,,,
gua shaw,250.0,ADJACENT,GUA_SHA,0,1,NONE,,99,8,1.53,0.0,,,,47.0,,,,60.0,,,,,,,,
lymphatic brush for legs,250.0,EXACT,LYMPHATIC_CORE,1,2,SINGLE,223.0,142,8,,0.0,18.0,97.0,92.0,174.0,32.0,141.0,,104.0,,109.0,163.0,178.0,134.0,203.0,285.0,176.0
vapoura face brush,249.0,ADJACENT,OTHER,9,12,CONSOLIDATED,101.0,155,8,,0.0,11.0,8.0,29.0,12.0,9.0,21.0,5.0,13.0,65.0,10.0,6.0,,18.0,34.0,,
face cleansing brushes,249.0,ADJACENT,OTHER,0,0,NONE,,120,8,,0.0,111.0,189.0,,,,,131.0,146.0,,145.0,198.0,,,,,
real techniques face brush,249.0,ADJACENT,OTHER,0,1,NONE,,82,8,,0.0,48.0,,122.0,214.0,97.0,,67.0,,,101.0,137.0,,,,,225.0
gua sha lumidew,248.0,ADJACENT,GUA_SHA,0,2,NONE,,50,8,1.22,0.0,,,,,,,,38.0,,,,,,,,50.0
revo genie face & neck beauty massager,248.0,ADJACENT,OTHER,0,0,NONE,,135,8,1.73,0.0,,,,,,,,,,,,,,,,
charcoal face cleaning brush,247.0,ADJACENT,OTHER,0,0,NONE,,67,8,,0.0,,,,,,,81.0,,,,,,,,,
kojova lymphatic face brush,247.0,EXACT,LYMPHATIC_CORE,8,13,CONSOLIDATED,107.0,129,8,1.23,0.0,15.0,12.0,40.0,13.0,1.0,25.0,16.0,14.0,50.0,6.0,56.0,42.0,74.0,18.0,24.0,57.0
linfatico contour face brush,246.0,EXACT,CONTOUR_CORE,9,13,CONSOLIDATED,93.0,89,8,1.28,0.0,24.0,9.0,59.0,51.0,5.0,20.0,23.0,14.0,46.0,6.0,4.0,57.0,12.0,41.0,8.0,18.0
skin massager for face,246.0,ADJACENT,OTHER,1,1,SINGLE,,150,8,,0.0,19.0,191.0,,,163.0,245.0,,239.0,,112.0,233.0,,,,279.0,211.0
lymphatic red light massager,246.0,ADJACENT,LYMPHATIC_CORE,0,0,NONE,,179,8,,,,,,,,,,,,297.0,,,,,,
guasha tools,245.0,ADJACENT,GUA_SHA,0,0,NONE,,170,8,1.28,0.0,54.0,129.0,226.0,109.0,200.0,,,113.0,235.0,97.0,,,,,,207.0
face lifter massager,245.0,ADJACENT,OTHER,0,1,NONE,,169,8,,0.0,55.0,59.0,,197.0,71.0,156.0,,,,44.0,99.0,,,66.0,,107.0
aeki contour face brush,245.0,EXACT,COMPETITOR_BRAND,5,11,CONSOLIDATED,69.0,136,8,1.17,0.0,4.0,,,34.0,8.0,9.0,24.0,23.0,,21.0,20.0,5.0,22.0,68.0,26.0,
geske sonic thermo facial brush,243.0,ADJACENT,OTHER,0,0,NONE,,55,8,,0.0,,,,,,,,,,,,,,,,
ona diamond facial brush,243.0,ADJACENT,OTHER,0,0,NONE,,17,8,,0.0,,,,,,,,,,,,,,,,
lymphatic drainage brush for legs,241.0,EXACT,LYMPHATIC_CORE,0,2,NONE,239.0,197,8,,0.0,24.0,112.0,87.0,54.0,115.0,163.0,84.0,108.0,171.0,179.0,211.0,193.0,33.0,284.0,221.0,189.0
riki sculptress face massage tool,241.0,ADJACENT,CONTOUR_CORE,0,1,NONE,,94,8,,0.0,,,,,41.0,,58.0,,,,,256.0,,,,194.0
nadi™ lymphatic face brush,240.0,EXACT,LYMPHATIC_CORE,10,14,CONSOLIDATED,89.0,103,8,,0.0,1.0,8.0,13.0,23.0,6.0,11.0,3.0,12.0,32.0,7.0,45.0,36.0,15.0,60.0,14.0,53.0
face brush cleaner,240.0,ADJACENT,OTHER,0,1,NONE,,92,8,,0.0,38.0,,,,,,,,,,,,,,,
vido face brush,240.0,ADJACENT,OTHER,6,7,CONSOLIDATED,,66,8,,0.0,1.0,,,20.0,3.0,7.0,6.0,,,5.0,23.0,,,,,
gua sha korean,239.0,ADJACENT,GUA_SHA,0,0,NONE,,142,8,,0.0,,,,,,,,61.0,,,,,,,,
double chin reducing massager,238.0,ADJACENT,DOUBLE_CHIN,0,1,NONE,,141,8,1.59,0.0,22.0,,,,115.0,,,,,,151.0,,,,,
guasha for body,238.0,ADJACENT,GUA_SHA,0,0,NONE,,146,8,,0.0,,144.0,157.0,235.0,,,,,,,,,,,,292.0
gua sha lymphatic drainage tool,237.0,ADJACENT,GUA_SHA,2,4,SHARED,233.0,123,8,1.49,0.0,18.0,47.0,,121.0,146.0,64.0,,35.0,214.0,56.0,278.0,,,296.0,257.0,11.0
jawline sculpting device,237.0,ADJACENT,DOUBLE_CHIN,0,0,NONE,,149,8,,0.0,,,,,,,,200.0,,,,,259.0,,,
gua sha stone for face,236.0,ADJACENT,GUA_SHA,0,1,NONE,,126,8,,0.0,45.0,,,,,,,85.0,,,,,,,,71.0
facial scrubber brush,235.0,ADJACENT,OTHER,0,1,NONE,,64,8,,0.0,43.0,173.0,267.0,164.0,,177.0,158.0,187.0,,116.0,164.0,,216.0,,,213.0
lymphatic gua sha contour face brush,235.0,EXACT,GUA_SHA,8,12,CONSOLIDATED,52.0,146,8,,0.0,1.0,6.0,71.0,12.0,4.0,16.0,7.0,18.0,64.0,42.0,33.0,86.0,35.0,31.0,108.0,2.0
a gentle ritual face brush,235.0,ADJACENT,OTHER,6,8,CONSOLIDATED,39.0,87,8,,0.0,,20.0,3.0,1.0,17.0,27.0,22.0,2.0,,18.0,,,,67.0,80.0,
face brushes for cleansing and exfoliating,234.0,ADJACENT,OTHER,0,0,NONE,,164,8,1.12,0.0,125.0,142.0,,,252.0,141.0,128.0,100.0,,153.0,,,,,,
massage facial tools,234.0,ADJACENT,OTHER,1,3,SINGLE,,12,8,,0.0,24.0,135.0,205.0,64.0,5.0,200.0,,111.0,,33.0,,,,,,
lymphatic brush cecily braden,233.0,EXACT,LYMPHATIC_CORE,8,11,CONSOLIDATED,91.0,89,8,,0.0,11.0,5.0,4.0,21.0,7.0,9.0,,8.0,61.0,17.0,28.0,10.0,22.0,53.0,,
flat face brush,233.0,ADJACENT,OTHER,0,0,NONE,,35,8,,0.0,,124.0,,129.0,,87.0,53.0,,,,150.0,,173.0,,,
face brush clinique,233.0,ADJACENT,OTHER,0,0,NONE,,102,8,,0.0,,,,,,,,,,,,,,,,
gua sha for your face,233.0,ADJACENT,GUA_SHA,0,1,NONE,,95,8,,0.0,,79.0,,127.0,,113.0,123.0,46.0,,,,,,,,67.0
dry brushing face brush,233.0,ADJACENT,OTHER,7,12,CONSOLIDATED,285.0,107,8,1.32,4.0,1.0,31.0,18.0,22.0,2.0,11.0,44.0,34.0,76.0,13.0,6.0,278.0,5.0,27.0,67.0,85.0
japanese face massager,232.0,ADJACENT,OTHER,0,0,NONE,,149,8,,0.0,,,,,,,,,,,,,,,,
silicone ice face roller,232.0,ADJACENT,OTHER,0,1,NONE,,130,8,,2.0,34.0,,,,,,,,,,,,,,,
glass skin brush,232.0,ADJACENT,OTHER,1,3,SINGLE,,114,8,,0.0,21.0,86.0,105.0,107.0,8.0,63.0,,96.0,,118.0,62.0,178.0,,97.0,27.0,
lymphatic drainage detox,232.0,ADJACENT,LYMPHATIC_CORE,0,0,NONE,,137,8,,0.0,53.0,,,,83.0,,,,265.0,,180.0,,,,,274.0
auslina face brush,231.0,ADJACENT,COMPETITOR_BRAND,8,8,CONSOLIDATED,36.0,65,8,1.13,0.0,1.0,,,20.0,8.0,,3.0,,,6.0,9.0,,4.0,19.0,,
facial scrub brush for face,231.0,ADJACENT,OTHER,0,2,NONE,299.0,133,8,1.2,0.0,30.0,148.0,194.0,157.0,163.0,188.0,105.0,184.0,,47.0,85.0,,253.0,,201.0,
electric face brush sonic,230.0,ADJACENT,OTHER,0,0,NONE,,99,8,,0.0,,,,,,,,,,,,,,,,
gua sha with oil,230.0,ADJACENT,GUA_SHA,0,2,NONE,204.0,116,8,,0.0,137.0,31.0,184.0,,192.0,186.0,,37.0,183.0,,,,,288.0,,
face lifting brush aeki,229.0,ADJACENT,COMPETITOR_BRAND,6,10,CONSOLIDATED,74.0,81,8,1.32,0.0,3.0,17.0,,27.0,5.0,13.0,14.0,,,27.0,34.0,4.0,,61.0,25.0,
guasha tool for face brush,229.0,EXACT,GUA_SHA,8,13,CONSOLIDATED,86.0,123,8,,0.0,8.0,2.0,49.0,18.0,7.0,25.0,35.0,28.0,76.0,9.0,10.0,111.0,5.0,31.0,125.0,20.0
jawline sculptor,228.0,ADJACENT,DOUBLE_CHIN,0,0,NONE,,157,8,1.35,6.0,,,,,,147.0,,,,,,160.0,,,,
electric gua sha facial tools,228.0,ADJACENT,GUA_SHA,0,0,NONE,,120,8,1.77,0.0,,,,,,,,,,,,,,,,
lymphatic gua sha brush,227.0,EXACT,GUA_SHA,7,9,CONSOLIDATED,63.0,58,8,1.21,0.0,1.0,10.0,72.0,9.0,5.0,42.0,29.0,17.0,59.0,13.0,54.0,103.0,64.0,62.0,143.0,3.0
doge&vollar face massager tool,227.0,ADJACENT,OTHER,0,1,NONE,,79,8,1.79,0.0,,,,31.0,,,,,,,,,,,,
massage device for face,227.0,ADJACENT,OTHER,0,0,NONE,,137,8,,1.0,,,,,,,,198.0,,,,,261.0,297.0,,
lymphatic drainage cupping tool face,226.0,ADJACENT,LYMPHATIC_CORE,0,0,NONE,218.0,46,8,,0.0,77.0,59.0,148.0,149.0,69.0,145.0,,68.0,,75.0,66.0,231.0,129.0,64.0,151.0,139.0
conair facial brush,226.0,ADJACENT,OTHER,0,1,NONE,,77,8,,2.0,37.0,,146.0,101.0,93.0,128.0,55.0,,,150.0,123.0,,,,123.0,
face guasha brush,226.0,EXACT,GUA_SHA,10,14,CONSOLIDATED,69.0,141,8,1.47,0.0,10.0,2.0,32.0,8.0,3.0,24.0,6.0,43.0,64.0,4.0,20.0,49.0,13.0,19.0,52.0,15.0
gua sha face stone,225.0,ADJACENT,GUA_SHA,0,1,NONE,,12,8,1.36,0.0,29.0,,,,,,,90.0,,,,,,,,73.0
best face sculpting device,225.0,ADJACENT,CONTOUR_CORE,0,0,NONE,,90,8,,0.0,,,,,,,,68.0,,,,,87.0,99.0,,
gua sha massage therapy stick,225.0,ADJACENT,GUA_SHA,0,0,NONE,,60,8,1.16,0.0,,,,,,,,,,,,,,,,
contourglow brush lymphatic,224.0,EXACT,COMPETITOR_BRAND,9,14,CONSOLIDATED,90.0,92,8,,0.0,31.0,7.0,40.0,16.0,2.0,17.0,23.0,25.0,57.0,15.0,13.0,65.0,1.0,11.0,4.0,35.0
lymphatic massage brush,224.0,EXACT,LYMPHATIC_CORE,6,12,CONSOLIDATED,199.0,138,8,1.26,1.0,29.0,15.0,36.0,27.0,4.0,17.0,40.0,47.0,146.0,9.0,18.0,60.0,10.0,24.0,91.0,70.0
dry skin facial brush,223.0,ADJACENT,OTHER,3,7,SHARED,,122,8,,0.0,4.0,45.0,54.0,68.0,14.0,47.0,89.0,40.0,160.0,31.0,3.0,181.0,117.0,58.0,272.0,171.0
ailcbi facial cleansing brush with red light,223.0,ADJACENT,OTHER,0,1,NONE,,87,8,1.41,,,,,,,,,,,30.0,,,,,,
salty face brush,223.0,ADJACENT,OTHER,2,3,SHARED,,111,8,,0.0,20.0,,,,,,11.0,35.0,,,,,,,,
lymphatic cellulite massager,223.0,ADJACENT,LYMPHATIC_CORE,0,0,NONE,,100,8,,0.0,274.0,,,,,,,,,,,,,,,
lymphatic contour face brush dry face brush for lymphatic drainage massager anti puffiness lift chin,222.0,EXACT,LYMPHATIC_CORE,6,13,CONSOLIDATED,137.0,176,8,,0.0,21.0,12.0,118.0,34.0,3.0,4.0,37.0,16.0,32.0,27.0,1.0,39.0,23.0,13.0,71.0,74.0
lymphatic face drainage,220.0,ADJACENT,LYMPHATIC_CORE,4,11,CONSOLIDATED,150.0,170,8,,0.0,16.0,12.0,51.0,42.0,1.0,44.0,41.0,46.0,140.0,30.0,108.0,110.0,9.0,37.0,113.0,27.0
tanning brush for face,219.0,ADJACENT,OTHER,0,0,NONE,271.0,207,8,1.19,7.0,,,201.0,133.0,155.0,161.0,102.0,,,203.0,178.0,,,,,
harry facial cleansing brush,219.0,ADJACENT,OTHER,0,1,NONE,,73,8,,0.0,,,,65.0,,,77.0,,,24.0,,,,,,
wavy chic facial sculpting tool,218.0,ADJACENT,CONTOUR_CORE,2,3,SHARED,,32,8,1.56,0.0,10.0,,,,19.0,46.0,,,,,69.0,201.0,,92.0,62.0,71.0
lymphatic drainage jewelry,218.0,ADJACENT,LYMPHATIC_CORE,0,0,NONE,,172,8,0.7,0.0,,,,,,,,,,,,,,,,
e.l.f. flawless face brush,218.0,ADJACENT,OTHER,0,0,NONE,,53,8,,0.0,,,,,,,,,,,,,,,,
red light facial massager,218.0,ADJACENT,OTHER,0,0,NONE,,118,8,1.77,0.0,107.0,,,,,,,,,,,,,,,
lymphatic lymphatic drainage,217.0,ADJACENT,LYMPHATIC_CORE,0,2,NONE,,90,8,,0.0,218.0,67.0,233.0,221.0,207.0,129.0,45.0,94.0,190.0,48.0,255.0,216.0,,,,
skin sculpting device with suction,217.0,ADJACENT,CONTOUR_CORE,0,1,NONE,,158,8,2.1,0.0,49.0,,,,,,,,,,,,,,,
lymphatic drainage contour face brush,217.0,EXACT,LYMPHATIC_CORE,9,15,CONSOLIDATED,77.0,128,8,1.39,1.0,14.0,11.0,25.0,23.0,3.0,10.0,16.0,12.0,46.0,7.0,13.0,37.0,5.0,36.0,21.0,60.0
gua sha sculpt,216.0,ADJACENT,GUA_SHA,0,1,NONE,,59,8,,1.0,,41.0,135.0,,107.0,171.0,,117.0,221.0,,172.0,,,,,72.0
gua sha lymphatic drainage,216.0,ADJACENT,GUA_SHA,1,3,SINGLE,104.0,88,8,,0.0,33.0,61.0,,147.0,55.0,157.0,86.0,66.0,,56.0,119.0,,302.0,49.0,,8.0
tanning face brush,216.0,ADJACENT,OTHER,0,0,NONE,291.0,103,8,1.33,0.0,,,,224.0,158.0,147.0,106.0,,234.0,218.0,186.0,,,289.0,241.0,
facial brush rubber,215.0,ADJACENT,OTHER,0,1,NONE,,184,8,,0.0,,161.0,,155.0,,98.0,44.0,,,,165.0,,,,,
kojva lymphatic face brush,215.0,EXACT,LYMPHATIC_CORE,4,12,CONSOLIDATED,107.0,134,8,1.36,0.0,19.0,17.0,22.0,56.0,21.0,27.0,25.0,30.0,51.0,8.0,46.0,36.0,73.0,20.0,34.0,63.0
bell palsy face massager,215.0,ADJACENT,OTHER,0,1,NONE,,58,8,,,,,,,,,,,,33.0,,,,,,
face mask brushes,214.0,ADJACENT,OTHER,0,0,NONE,,171,8,0.75,3.0,,,,,,,,,,,,,,,,
face sculpting device,214.0,ADJACENT,CONTOUR_CORE,0,0,NONE,,133,8,1.5,0.0,,,,,94.0,,,169.0,,154.0,,,250.0,189.0,,213.0
dry brushing face brush for lymphatic drainage,214.0,EXACT,LYMPHATIC_CORE,6,13,CONSOLIDATED,183.0,156,8,,0.0,22.0,9.0,34.0,11.0,3.0,8.0,4.0,30.0,37.0,27.0,47.0,111.0,5.0,29.0,74.0,125.0
lymphatic drainage stone,213.0,ADJACENT,LYMPHATIC_CORE,0,3,NONE,,60,8,,0.0,26.0,,,,,,,24.0,,44.0,100.0,,,,,92.0
silicone cleansing brush for face,213.0,ADJACENT,OTHER,0,0,NONE,,160,8,,0.0,,,,,,,,,,,,,,,,
lymphatic drainage neck brush,213.0,EXACT,LYMPHATIC_CORE,9,12,CONSOLIDATED,107.0,110,8,,0.0,11.0,7.0,28.0,21.0,6.0,12.0,5.0,19.0,,10.0,14.0,86.0,17.0,32.0,88.0,83.0
neck face massager,213.0,ADJACENT,OTHER,0,1,NONE,,133,8,1.79,4.0,42.0,165.0,,268.0,174.0,167.0,,234.0,,235.0,181.0,,184.0,155.0,,
bristle face brush,212.0,ADJACENT,OTHER,2,5,SHARED,,78,8,1.14,0.0,4.0,56.0,58.0,89.0,7.0,64.0,55.0,26.0,204.0,25.0,66.0,260.0,49.0,116.0,116.0,
contour￼,212.0,ADJACENT,CONTOUR_CORE,0,0,NONE,,165,8,,0.0,118.0,207.0,221.0,175.0,85.0,169.0,94.0,111.0,,160.0,140.0,215.0,,,158.0,
kojiva lymphatic face brush original,212.0,EXACT,LYMPHATIC_CORE,9,14,CONSOLIDATED,77.0,100,8,,0.0,7.0,8.0,20.0,21.0,6.0,4.0,11.0,15.0,,10.0,26.0,28.0,45.0,36.0,19.0,51.0
lymphatic drainage massager fsa eligible,212.0,ADJACENT,LYMPHATIC_CORE,0,1,NONE,,103,8,,,,,,,,,,,,42.0,,,,,,
lymphatic drainage fda approved,212.0,ADJACENT,LYMPHATIC_CORE,0,1,NONE,,101,8,2.05,0.0,31.0,,,,,,,,,,,,,,,
vodo face brush,211.0,ADJACENT,OTHER,8,10,CONSOLIDATED,,74,8,1.14,0.0,5.0,17.0,,11.0,4.0,,6.0,19.0,,3.0,30.0,,,38.0,9.0,
dry brush face lymphatic drainage,211.0,EXACT,LYMPHATIC_CORE,11,14,CONSOLIDATED,99.0,132,8,1.18,0.0,1.0,4.0,16.0,13.0,5.0,12.0,2.0,18.0,50.0,10.0,11.0,75.0,7.0,32.0,47.0,110.0
"1/2 pcs lymphatic contour face brush for sculpting – anti-puffiness, detox & lift, improves skin glo",211.0,EXACT,LYMPHATIC_CORE,2,8,SHARED,,134,8,1.18,0.0,49.0,44.0,113.0,78.0,1.0,29.0,33.0,63.0,54.0,80.0,18.0,293.0,35.0,85.0,31.0,94.0
cleansing brush for face,211.0,ADJACENT,OTHER,0,0,NONE,,115,8,,0.0,96.0,171.0,,256.0,265.0,288.0,130.0,162.0,,140.0,177.0,,157.0,,,
chin roller korean,210.0,ADJACENT,OTHER,0,0,NONE,,34,8,,0.0,,,,,,,,,,,,,,,,
face eye massager,209.0,ADJACENT,OTHER,0,0,NONE,,0,8,,1.0,199.0,,,,228.0,,,301.0,,205.0,,,,,,
contour glow brush lymphatic,209.0,EXACT,COMPETITOR_BRAND,6,13,CONSOLIDATED,28.0,132,8,1.17,0.0,25.0,4.0,14.0,24.0,1.0,18.0,22.0,21.0,27.0,63.0,5.0,100.0,50.0,51.0,7.0,31.0
lymphatic drainage and detox,209.0,ADJACENT,LYMPHATIC_CORE,0,0,NONE,,140,8,,0.0,67.0,,,289.0,129.0,,,,,,202.0,,,,,265.0
gua sha glass,208.0,ADJACENT,GUA_SHA,0,0,NONE,,57,8,,0.0,,,,,,,,,,,,,,,,
clarisonic face massager,207.0,ADJACENT,OTHER,0,0,NONE,,84,8,,0.0,,,,,,,,,,,,,,,,
gua sha face massager,207.0,ADJACENT,GUA_SHA,1,3,SINGLE,285.0,96,8,1.31,0.0,26.0,49.0,,302.0,257.0,281.0,,53.0,,,230.0,,,128.0,,14.0
face brush black,207.0,ADJACENT,OTHER,1,1,SINGLE,,12,8,,0.0,,,,,,,12.0,,,,,,,,,
face sculpting brush for women,205.0,EXACT,CONTOUR_CORE,10,14,CONSOLIDATED,73.0,74,8,,0.0,1.0,9.0,19.0,14.0,4.0,7.0,8.0,15.0,,6.0,11.0,53.0,37.0,22.0,36.0,25.0
linfatico face brush,205.0,ADJACENT,OTHER,9,15,CONSOLIDATED,74.0,154,8,1.47,0.0,1.0,12.0,50.0,10.0,4.0,20.0,6.0,11.0,64.0,8.0,22.0,30.0,14.0,26.0,32.0,47.0
guasha tool set,205.0,ADJACENT,GUA_SHA,0,0,NONE,,130,8,1.23,0.0,,,210.0,228.0,230.0,,,150.0,,,,,,189.0,,
kojiba face brush,205.0,ADJACENT,COMPETITOR_BRAND,9,10,CONSOLIDATED,28.0,40,8,,0.0,,,19.0,13.0,11.0,4.0,8.0,9.0,,2.0,12.0,23.0,,11.0,,
facial exfoliating devices brushes,204.0,ADJACENT,OTHER,0,0,NONE,,31,8,,0.0,110.0,142.0,151.0,300.0,85.0,193.0,111.0,,,158.0,228.0,,,250.0,,
pore brush for face and nose,203.0,ADJACENT,OTHER,0,1,NONE,,173,8,0.81,0.0,26.0,,,,,,,,,,,,,,,
face contouring brush,203.0,EXACT,CONTOUR_CORE,8,13,CONSOLIDATED,139.0,104,8,,0.0,28.0,17.0,42.0,25.0,2.0,20.0,24.0,13.0,80.0,8.0,14.0,69.0,3.0,40.0,7.0,103.0
lymphatic drainage cup,202.0,ADJACENT,LYMPHATIC_CORE,0,0,NONE,,144,8,1.16,0.0,111.0,,,,,,,,,,,,,,,
cerave facial therapy massager,202.0,ADJACENT,OTHER,0,0,NONE,,74,8,,0.0,,,,,,,,,,,,,,,,
kohiva lymphatic face brush,201.0,EXACT,LYMPHATIC_CORE,9,14,CONSOLIDATED,96.0,175,8,1.26,0.0,2.0,11.0,7.0,22.0,12.0,9.0,17.0,15.0,46.0,6.0,35.0,30.0,53.0,58.0,21.0,19.0
kovija face brush,200.0,ADJACENT,OTHER,5,7,CONSOLIDATED,24.0,51,8,,0.0,1.0,,,6.0,,,2.0,4.0,,21.0,3.0,,,,23.0,
natural bristle brush for dry brushing skin,200.0,ADJACENT,OTHER,0,0,NONE,,119,8,1.42,0.0,136.0,191.0,167.0,183.0,,174.0,,178.0,214.0,,211.0,,,300.0,,
face neck massager,200.0,ADJACENT,OTHER,0,1,NONE,,132,8,1.36,1.0,26.0,188.0,,236.0,189.0,216.0,,246.0,,222.0,173.0,,,,,
kojiva lymphatic face brush curved,199.0,EXACT,LYMPHATIC_CORE,8,11,CONSOLIDATED,120.0,101,8,1.54,0.0,19.0,4.0,12.0,58.0,3.0,20.0,15.0,14.0,49.0,9.0,54.0,70.0,46.0,108.0,22.0,72.0
chin massager for double chin,199.0,ADJACENT,DOUBLE_CHIN,0,2,NONE,,71,8,1.69,0.0,21.0,,,187.0,,,,,,32.0,74.0,,,,,
lumera facial sculptor,199.0,ADJACENT,CONTOUR_CORE,4,4,CONSOLIDATED,,54,8,1.42,0.0,,,,,2.0,,,,,3.0,8.0,,,10.0,,
lymphatic drainage massager face electric,198.0,ADJACENT,LYMPHATIC_CORE,0,0,NONE,,31,8,,0.0,76.0,124.0,,217.0,101.0,132.0,,201.0,,102.0,169.0,,89.0,72.0,,133.0
guasha facial brush,197.0,EXACT,GUA_SHA,9,11,CONSOLIDATED,80.0,79,8,,0.0,1.0,4.0,70.0,8.0,2.0,14.0,16.0,7.0,52.0,9.0,104.0,113.0,40.0,42.0,67.0,19.0
pore cleaning brush for face,197.0,ADJACENT,OTHER,0,1,NONE,,44,8,1.09,0.0,,,,125.0,,,80.0,,,34.0,,,,,,
kijeva lymphatic face brush,197.0,EXACT,LYMPHATIC_CORE,10,15,CONSOLIDATED,110.0,160,8,1.48,0.0,2.0,11.0,23.0,15.0,5.0,20.0,16.0,10.0,42.0,7.0,14.0,35.0,54.0,36.0,18.0,29.0
real techniques face brush set,197.0,ADJACENT,OTHER,0,0,NONE,,75,8,1.19,0.0,,,,,,,,,,,,,,,,
vibrating face roller,196.0,ADJACENT,OTHER,0,1,NONE,,193,8,1.44,1.0,35.0,,,,,,,,,,,,,,,
silicone face scrubber brush,196.0,ADJACENT,OTHER,0,0,NONE,,156,8,1.23,0.0,,,,,,,115.0,,,,,,,,,
jade gua sha facial tool,196.0,ADJACENT,GUA_SHA,1,1,SINGLE,,95,8,1.24,6.0,67.0,,,,,,,15.0,,,,,,,,112.0
facial fan brushes esthetician,195.0,ADJACENT,OTHER,0,0,NONE,,78,8,0.66,,,,,,,,,,,58.0,,,,,,
lymphatic face drainage massager,194.0,ADJACENT,LYMPHATIC_CORE,2,6,SHARED,228.0,186,8,1.39,0.0,22.0,15.0,295.0,153.0,7.0,78.0,75.0,96.0,,31.0,64.0,180.0,29.0,36.0,200.0,55.0
brush for face massage,194.0,ADJACENT,OTHER,10,12,CONSOLIDATED,,60,8,,0.0,5.0,9.0,18.0,21.0,2.0,11.0,81.0,10.0,,3.0,14.0,93.0,17.0,13.0,174.0,50.0
kojiba facial brush,194.0,ADJACENT,COMPETITOR_BRAND,8,11,CONSOLIDATED,62.0,123,8,,0.0,6.0,9.0,20.0,23.0,10.0,17.0,5.0,11.0,,58.0,27.0,43.0,,72.0,79.0,6.0
best lymphatic contour face brush,193.0,EXACT,LYMPHATIC_CORE,10,15,CONSOLIDATED,74.0,53,8,1.44,0.0,4.0,5.0,11.0,13.0,1.0,9.0,8.0,10.0,36.0,15.0,59.0,27.0,7.0,26.0,25.0,43.0
face brush foreo,193.0,ADJACENT,OTHER,2,5,SHARED,177.0,50,8,,0.0,18.0,48.0,64.0,80.0,51.0,54.0,12.0,,,47.0,119.0,92.0,87.0,138.0,29.0,98.0
lymphatic face drainage brush,193.0,EXACT,LYMPHATIC_CORE,11,14,CONSOLIDATED,246.0,136,8,,0.0,1.0,8.0,21.0,13.0,3.0,20.0,5.0,10.0,158.0,4.0,22.0,65.0,7.0,16.0,6.0,39.0
melora lymphatic face brush,193.0,EXACT,LYMPHATIC_CORE,8,13,CONSOLIDATED,110.0,164,8,,0.0,4.0,20.0,22.0,23.0,15.0,8.0,14.0,11.0,88.0,5.0,40.0,27.0,44.0,55.0,17.0,53.0
mia face brush clarisonic,193.0,ADJACENT,OTHER,0,0,NONE,,63,8,1.38,0.0,,,,,,,74.0,,,,,,,,,
lymphatic drainage massager oil,192.0,ADJACENT,LYMPHATIC_CORE,0,0,NONE,,115,8,,0.0,,,,,,,,151.0,,120.0,,,,,,
lymphatic contour face brush for sculpting,192.0,EXACT,LYMPHATIC_CORE,3,9,SHARED,156.0,82,8,,5.0,25.0,14.0,69.0,39.0,3.0,22.0,32.0,71.0,108.0,11.0,54.0,55.0,27.0,26.0,65.0,90.0
neck massager for lymphatic drainage,191.0,ADJACENT,LYMPHATIC_CORE,0,0,NONE,,105,8,1.73,0.0,135.0,88.0,,127.0,77.0,,,123.0,,122.0,189.0,,130.0,69.0,,
gua sha neck tool,190.0,ADJACENT,GUA_SHA,0,0,NONE,,75,8,,0.0,,125.0,197.0,229.0,,217.0,,200.0,,,228.0,,,,,
lymphatic face brush 2 pack,190.0,EXACT,LYMPHATIC_CORE,3,6,SHARED,163.0,70,8,,0.0,8.0,46.0,85.0,83.0,52.0,5.0,14.0,55.0,76.0,24.0,21.0,133.0,64.0,77.0,113.0,141.0
gua sha lymphatic brush,190.0,EXACT,GUA_SHA,6,9,CONSOLIDATED,52.0,106,8,1.19,0.0,5.0,11.0,79.0,10.0,2.0,39.0,33.0,30.0,88.0,6.0,55.0,274.0,58.0,72.0,77.0,4.0
roller for face anti aging,190.0,ADJACENT,OTHER,0,0,NONE,,104,8,1.36,,,,,,,,,,,87.0,,,,,,
facial massage tool double chin,190.0,ADJACENT,DOUBLE_CHIN,1,1,SINGLE,,123,8,,0.0,4.0,,,218.0,77.0,,148.0,,,,136.0,,,,,170.0
lymphatic face contour brush,190.0,EXACT,LYMPHATIC_CORE,8,14,CONSOLIDATED,118.0,111,8,1.22,0.0,24.0,17.0,29.0,58.0,4.0,26.0,11.0,16.0,105.0,6.0,36.0,45.0,20.0,13.0,7.0,47.0
gua sha face lifting tool,190.0,ADJACENT,GUA_SHA,1,3,SINGLE,238.0,107,8,,0.0,12.0,41.0,,112.0,120.0,166.0,,64.0,295.0,,149.0,,,93.0,,24.0
raedia facial cleansing brush,189.0,ADJACENT,OTHER,0,0,NONE,,84,8,,4.0,,,125.0,,,,76.0,,,,,,,,,
face lift massager,187.0,ADJACENT,OTHER,1,2,SINGLE,,130,8,1.56,0.0,5.0,191.0,,172.0,88.0,,,225.0,,117.0,179.0,278.0,282.0,30.0,,237.0
contouring makeup,185.0,ADJACENT,CONTOUR_CORE,0,0,NONE,,220,8,1.06,1.0,157.0,,,,196.0,,194.0,238.0,,297.0,,,,,,
dry lymphatic face brush,184.0,EXACT,LYMPHATIC_CORE,7,13,CONSOLIDATED,292.0,118,8,1.15,0.0,28.0,9.0,10.0,45.0,3.0,23.0,37.0,21.0,115.0,6.0,8.0,107.0,2.0,38.0,16.0,67.0
nu skin brush,184.0,ADJACENT,OTHER,0,1,NONE,,75,8,,0.0,,,,54.0,,44.0,,,,81.0,72.0,,,,,
kojiva brush for face,183.0,ADJACENT,OTHER,6,6,CONSOLIDATED,30.0,30,8,,0.0,,,,6.0,,7.0,2.0,5.0,,1.0,8.0,,,,,
conair facial cleansing brush,183.0,ADJACENT,OTHER,0,1,NONE,,118,8,1.23,1.0,,,,,,,96.0,,,40.0,,,,,,
cleansing facial brush,183.0,ADJACENT,OTHER,0,0,NONE,,122,8,,1.0,77.0,,,,,,,212.0,,134.0,217.0,,,,,
vogue lymphatic face brush,183.0,EXACT,LYMPHATIC_CORE,7,12,CONSOLIDATED,85.0,97,8,,0.0,18.0,20.0,27.0,87.0,9.0,21.0,23.0,81.0,43.0,1.0,51.0,17.0,19.0,14.0,24.0,52.0
jawline massager,182.0,ADJACENT,DOUBLE_CHIN,0,0,NONE,,102,8,,1.0,72.0,134.0,,,132.0,,,150.0,,71.0,233.0,208.0,,,,185.0
alvora face brush,182.0,ADJACENT,OTHER,6,9,CONSOLIDATED,,59,8,,0.0,8.0,,,11.0,5.0,9.0,23.0,20.0,,2.0,31.0,22.0,,,,
facial dry brushes for lymphatic drainage,182.0,EXACT,LYMPHATIC_CORE,6,12,CONSOLIDATED,113.0,89,8,,0.0,29.0,6.0,35.0,45.0,3.0,26.0,38.0,18.0,278.0,9.0,37.0,107.0,14.0,17.0,51.0,88.0
gua sha facial tools set,181.0,ADJACENT,GUA_SHA,0,0,NONE,,110,8,1.0,2.0,,,173.0,269.0,,208.0,,73.0,,,,,,291.0,,
dry skin brushes,181.0,ADJACENT,OTHER,0,1,NONE,,113,8,,1.0,47.0,116.0,188.0,149.0,141.0,82.0,,94.0,184.0,,59.0,,,,,
lymphatic drainage tool cellulite,181.0,ADJACENT,LYMPHATIC_CORE,0,1,NONE,,151,8,,0.0,24.0,143.0,,270.0,85.0,187.0,,263.0,,68.0,,,,,,304.0
facial massage eye and neck care brush,180.0,ADJACENT,OTHER,7,12,CONSOLIDATED,,130,8,1.44,0.0,11.0,12.0,40.0,23.0,8.0,36.0,6.0,43.0,,10.0,18.0,152.0,5.0,32.0,134.0,66.0
face roller puffy eyes,180.0,ADJACENT,OTHER,0,0,NONE,,53,8,,,,,,,,,,,,,253.0,,,,,
lymphatic drainage massage cream,179.0,ADJACENT,LYMPHATIC_CORE,0,1,NONE,,107,8,,1.0,32.0,,,,,,,,,,,192.0,,201.0,,
kojiba lymphatic face brush,179.0,EXACT,COMPETITOR_BRAND,9,13,CONSOLIDATED,,70,8,1.39,0.0,6.0,18.0,27.0,20.0,3.0,15.0,17.0,10.0,,5.0,41.0,36.0,66.0,21.0,119.0,16.0
gua sha 2 pack,179.0,ADJACENT,GUA_SHA,0,0,NONE,,93,8,1.17,0.0,,,,198.0,156.0,,,,209.0,,,,,,,
neck facial massager,178.0,ADJACENT,OTHER,0,0,NONE,,122,8,,1.0,124.0,207.0,,225.0,196.0,,,239.0,,183.0,264.0,,,257.0,,
heated facial cleansing brush,178.0,ADJACENT,OTHER,0,1,NONE,,105,8,,,,,,,,,,,,39.0,,,,,,
rose quartz gua sha facial massage,178.0,ADJACENT,GUA_SHA,0,0,NONE,,163,8,,1.0,,,,97.0,,,,,,,,,,,,
kglow face brush,177.0,ADJACENT,OTHER,9,11,CONSOLIDATED,54.0,81,8,1.22,0.0,4.0,18.0,,28.0,3.0,9.0,6.0,8.0,,5.0,13.0,,29.0,56.0,20.0,
facial massage brush for face,177.0,ADJACENT,OTHER,9,14,CONSOLIDATED,132.0,135,8,1.42,0.0,1.0,15.0,38.0,13.0,2.0,16.0,14.0,20.0,304.0,4.0,21.0,41.0,12.0,31.0,32.0,82.0
elemis skin brush,177.0,ADJACENT,OTHER,0,3,NONE,108.0,76,8,,0.0,,,,36.0,,26.0,43.0,,,,,,,,,
lymphatic face brush organic,177.0,EXACT,LYMPHATIC_CORE,9,12,CONSOLIDATED,174.0,136,8,1.35,0.0,25.0,14.0,17.0,52.0,2.0,5.0,16.0,53.0,127.0,18.0,73.0,31.0,15.0,7.0,20.0,48.0
face oil massage,177.0,ADJACENT,OTHER,0,0,NONE,,141,8,,0.0,,,,,217.0,,,163.0,,254.0,,,,,,
face sculpture,176.0,ADJACENT,CONTOUR_CORE,0,0,NONE,,53,8,0.77,7.0,61.0,,,,94.0,114.0,,,,,112.0,,,,,68.0
gua sha large,176.0,ADJACENT,GUA_SHA,0,0,NONE,,107,8,,0.0,,168.0,270.0,196.0,,161.0,,102.0,,,,,,,,51.0
mens face brushes for cleansing,175.0,ADJACENT,OTHER,0,0,NONE,,129,8,,0.0,,,,,,,,122.0,,,,,,,,
jade gua sha brush for face,175.0,EXACT,GUA_SHA,5,9,CONSOLIDATED,78.0,12,8,,0.0,51.0,18.0,,28.0,3.0,4.0,42.0,7.0,,21.0,35.0,,258.0,,129.0,19.0
natural bristle face brush,174.0,ADJACENT,OTHER,2,5,SHARED,154.0,110,8,,1.0,77.0,42.0,7.0,54.0,,44.0,56.0,15.0,52.0,146.0,79.0,,,46.0,,
tapered face brush,174.0,ADJACENT,OTHER,0,1,NONE,160.0,66,8,,1.0,,,,134.0,36.0,127.0,90.0,,,149.0,76.0,159.0,93.0,,,
facial roller for women face,174.0,ADJACENT,OTHER,0,0,NONE,,131,8,1.57,,,,,,,,,,,71.0,,,,120.0,,
contour duplication gauge,174.0,ADJACENT,CONTOUR_CORE,0,0,NONE,,65,8,,,,,,,,,,,,,,,,,,
face brushes real techniques,173.0,ADJACENT,OTHER,0,1,NONE,,45,8,,0.0,37.0,,143.0,171.0,98.0,,56.0,,,83.0,136.0,,,,,161.0
french facial brush,173.0,ADJACENT,OTHER,3,3,SHARED,,11,8,,0.0,,,,16.0,,,1.0,,,,2.0,,,,,
facial gua sha brush,172.0,EXACT,GUA_SHA,8,13,CONSOLIDATED,87.0,160,8,,0.0,3.0,4.0,27.0,9.0,2.0,28.0,26.0,32.0,,8.0,12.0,291.0,31.0,13.0,110.0,15.0
real techniques instapop face brush,172.0,ADJACENT,OTHER,0,1,NONE,,0,8,0.8,0.0,,,,,,,26.0,,,,,,,,,
gua sha serum for face,172.0,ADJACENT,GUA_SHA,0,0,NONE,198.0,103,8,,0.0,,108.0,226.0,,,162.0,,,197.0,,,,,150.0,,
lymphatic drainage lotion,171.0,ADJACENT,LYMPHATIC_CORE,0,1,NONE,,96,8,,0.0,,,,,,,,27.0,,62.0,,,,,,
k glow face brush,171.0,ADJACENT,COMPETITOR_BRAND,7,13,CONSOLIDATED,64.0,114,8,1.67,0.0,22.0,23.0,20.0,21.0,3.0,9.0,27.0,19.0,,5.0,15.0,37.0,,,18.0,35.0
skinn face scrub exfoliator with brush,170.0,ADJACENT,OTHER,0,1,NONE,,105,8,1.17,0.0,44.0,,,,,,,,,,,,,,,
contour dry brush for face,169.0,EXACT,CONTOUR_CORE,11,15,CONSOLIDATED,263.0,59,8,,0.0,4.0,8.0,14.0,17.0,1.0,12.0,16.0,26.0,39.0,19.0,6.0,43.0,9.0,11.0,24.0,97.0
nuvetra face brush,169.0,ADJACENT,COMPETITOR_BRAND,7,12,CONSOLIDATED,84.0,54,8,1.28,0.0,6.0,19.0,44.0,25.0,2.0,15.0,,14.0,,4.0,16.0,,42.0,37.0,50.0,
lymphatic contour face brush vough,168.0,EXACT,LYMPHATIC_CORE,5,12,CONSOLIDATED,133.0,100,8,,0.0,7.0,19.0,42.0,59.0,5.0,22.0,26.0,74.0,73.0,1.0,29.0,44.0,35.0,48.0,6.0,58.0
contour and highlight,168.0,ADJACENT,CONTOUR_CORE,0,0,NONE,,119,8,,,,,,,,,,,,,,,,,262.0,
gua sha wood therapy massage tool,167.0,ADJACENT,GUA_SHA,0,0,NONE,,163,8,,1.0,,,,224.0,,,,,,,,,,,,
boar bristle dry skin brush,167.0,ADJACENT,OTHER,0,0,NONE,,12,8,,0.0,,,,284.0,,174.0,,,,,216.0,,,,,
lymphatic drainage massager face tool,167.0,ADJACENT,LYMPHATIC_CORE,1,5,SINGLE,227.0,92,8,,0.0,14.0,23.0,187.0,91.0,25.0,126.0,74.0,28.0,,33.0,100.0,165.0,78.0,141.0,109.0,75.0
gua sha jade stone,166.0,ADJACENT,GUA_SHA,0,0,NONE,,98,8,1.24,2.0,,,,,,,,82.0,,,,,,,,
the flex face brush,166.0,ADJACENT,OTHER,1,2,SINGLE,205.0,85,8,1.64,0.0,71.0,45.0,80.0,77.0,72.0,110.0,15.0,62.0,,74.0,119.0,,125.0,88.0,60.0,
solena face brush,166.0,ADJACENT,OTHER,5,5,CONSOLIDATED,,88,8,,0.0,3.0,,,11.0,1.0,8.0,,,,4.0,,,,,,
contour pencil for face,166.0,ADJACENT,CONTOUR_CORE,0,0,NONE,,43,8,1.09,,,,,,,,,,,,,,,,,
face sculpt brush,166.0,EXACT,CONTOUR_CORE,8,14,CONSOLIDATED,115.0,97,8,1.31,0.0,1.0,17.0,35.0,26.0,2.0,9.0,10.0,18.0,73.0,6.0,30.0,70.0,47.0,37.0,20.0,48.0
face roller for lymphatic drainage,166.0,ADJACENT,LYMPHATIC_CORE,0,3,NONE,228.0,121,8,,1.0,21.0,57.0,149.0,92.0,90.0,45.0,103.0,78.0,,39.0,204.0,198.0,111.0,107.0,93.0,100.0
applicator brush face,166.0,ADJACENT,OTHER,0,0,NONE,,65,8,,0.0,,,,,84.0,98.0,,,,,293.0,,,,,
dry glide brush for face,166.0,ADJACENT,OTHER,8,11,CONSOLIDATED,,134,8,,0.0,22.0,11.0,14.0,10.0,13.0,9.0,6.0,35.0,64.0,8.0,73.0,38.0,,18.0,,
lymph drainage brush for face,166.0,EXACT,LYMPHATIC_CORE,9,13,CONSOLIDATED,122.0,102,8,1.23,0.0,12.0,11.0,28.0,18.0,20.0,6.0,14.0,19.0,57.0,7.0,48.0,46.0,5.0,35.0,98.0,64.0
lollipop face brush,166.0,ADJACENT,OTHER,2,3,SHARED,75.0,62,8,1.22,0.0,,,,,8.0,,,19.0,,,,,,,,37.0
lymphatic face brush small,165.0,EXACT,LYMPHATIC_CORE,7,12,CONSOLIDATED,137.0,115,8,,0.0,16.0,15.0,29.0,30.0,6.0,11.0,5.0,24.0,151.0,7.0,53.0,65.0,34.0,26.0,2.0,61.0
liberex facial cleansing brush,165.0,ADJACENT,OTHER,0,0,NONE,,25,8,1.34,0.0,,,136.0,,,,70.0,,,,,,,,,
water proof face brush,165.0,ADJACENT,OTHER,0,1,NONE,,101,8,,0.0,,,,,,90.0,,,270.0,,90.0,111.0,,75.0,29.0,
aeki brand lymphatic face brush,164.0,EXACT,COMPETITOR_BRAND,2,12,SHARED,167.0,132,8,,0.0,24.0,21.0,33.0,58.0,7.0,31.0,28.0,29.0,77.0,25.0,42.0,3.0,55.0,43.0,23.0,84.0
summervibes face lymphatic contour brush,164.0,EXACT,LYMPHATIC_CORE,7,13,CONSOLIDATED,92.0,151,8,,0.0,7.0,17.0,43.0,61.0,3.0,29.0,16.0,10.0,105.0,4.0,97.0,40.0,26.0,24.0,11.0,31.0
lymph brushes for face,163.0,EXACT,LYMPHATIC_CORE,10,15,CONSOLIDATED,94.0,101,8,,0.0,6.0,7.0,25.0,19.0,5.0,14.0,8.0,16.0,49.0,12.0,23.0,38.0,11.0,37.0,9.0,68.0
"new lymphatic contour face brush, lymphatic drainage massager for face,ergonomically designed to fit",163.0,EXACT,LYMPHATIC_CORE,3,7,SHARED,179.0,121,8,1.38,4.0,7.0,43.0,139.0,97.0,50.0,37.0,126.0,55.0,,4.0,65.0,124.0,17.0,40.0,176.0,94.0
gua sha stone face,162.0,ADJACENT,GUA_SHA,0,0,NONE,,70,8,1.39,0.0,,,,,,,,76.0,,,,,,,,78.0
kojeba lymphatic face brush,162.0,EXACT,LYMPHATIC_CORE,7,12,CONSOLIDATED,94.0,98,8,,0.0,5.0,12.0,10.0,47.0,3.0,33.0,7.0,56.0,,13.0,118.0,42.0,28.0,23.0,17.0,68.0
guasha wood stick,162.0,ADJACENT,GUA_SHA,0,0,NONE,,98,8,0.96,3.0,,,,123.0,,,,,,,,,,,,
lymphatic vacuum,162.0,ADJACENT,LYMPHATIC_CORE,1,1,SINGLE,,108,8,,0.0,17.0,,,,,,,,,,,,,,,
eteross lymphatic contour face brush,162.0,EXACT,LYMPHATIC_CORE,6,12,CONSOLIDATED,102.0,129,8,1.45,0.0,17.0,19.0,48.0,69.0,6.0,30.0,32.0,28.0,62.0,9.0,7.0,49.0,18.0,53.0,26.0,73.0
dry brushing face,161.0,ADJACENT,OTHER,6,10,CONSOLIDATED,,90,8,,7.0,3.0,10.0,14.0,74.0,2.0,24.0,57.0,32.0,87.0,11.0,4.0,107.0,22.0,46.0,,
aurora 7-in-1 led facial sculptor,161.0,ADJACENT,CONTOUR_CORE,0,1,NONE,,0,8,2.19,,,,,,,,,,,37.0,,,,,,
face buffer brush,161.0,ADJACENT,OTHER,4,8,CONSOLIDATED,79.0,157,8,,0.0,2.0,38.0,52.0,61.0,3.0,46.0,9.0,15.0,132.0,23.0,57.0,,252.0,275.0,25.0,
self tanning brush for face,161.0,ADJACENT,OTHER,0,0,NONE,,115,8,1.41,5.0,,,,260.0,,,,,,,183.0,,,,,
face brush washer,160.0,ADJACENT,OTHER,0,0,NONE,,98,8,,0.0,,,,,,,,,,,,,,,,264.0
gua sha for neck,160.0,ADJACENT,GUA_SHA,0,0,NONE,,91,8,,0.0,,105.0,133.0,186.0,,,,121.0,,,62.0,,,,,
cold face massager,160.0,ADJACENT,OTHER,0,1,NONE,,117,8,,1.0,41.0,,,,,,,,,,,,,,,
soft face cleaning brush,160.0,ADJACENT,OTHER,0,0,NONE,,24,8,,0.0,111.0,74.0,,,,,293.0,81.0,,70.0,103.0,,,,,
debloat face sculpting brush,160.0,EXACT,CONTOUR_CORE,6,12,CONSOLIDATED,182.0,0,8,1.35,0.0,9.0,20.0,39.0,48.0,2.0,8.0,29.0,54.0,,3.0,24.0,58.0,67.0,35.0,12.0,50.0
eye face massager,158.0,ADJACENT,OTHER,0,0,NONE,,67,8,,0.0,187.0,,,,,,,155.0,,189.0,,,,206.0,,
guasha wood massage tool,158.0,ADJACENT,GUA_SHA,0,0,NONE,,56,8,,0.0,,225.0,,94.0,,,,,,,,,,,,
lymphatic drainage cellulite,158.0,ADJACENT,LYMPHATIC_CORE,0,0,NONE,,106,8,1.47,0.0,61.0,,,,,,,,,,,,,,,
face sculptor device,158.0,ADJACENT,CONTOUR_CORE,1,1,SINGLE,,133,8,,0.0,5.0,,,,,,,,,,,,,,,
recuvia face brush for lymphatic drainage,157.0,EXACT,LYMPHATIC_CORE,9,12,CONSOLIDATED,102.0,135,8,1.59,0.0,9.0,6.0,18.0,20.0,11.0,8.0,15.0,14.0,34.0,5.0,66.0,23.0,38.0,68.0,78.0,63.0
de bloat face brush,157.0,ADJACENT,OTHER,7,13,CONSOLIDATED,97.0,66,8,,0.0,25.0,9.0,30.0,47.0,1.0,34.0,4.0,12.0,,3.0,60.0,54.0,27.0,15.0,6.0,46.0
neck and face massager,157.0,ADJACENT,OTHER,0,1,NONE,,126,8,1.63,1.0,44.0,164.0,,209.0,206.0,,,239.0,,,136.0,293.0,,,,
contourglow face brush,157.0,EXACT,COMPETITOR_BRAND,10,13,CONSOLIDATED,88.0,121,8,1.31,0.0,7.0,20.0,28.0,12.0,2.0,8.0,15.0,11.0,,6.0,59.0,26.0,13.0,19.0,45.0,54.0
"lymphatic contour face brush, lymphatic drainage massager for face, ergonomically designed to fit th",156.0,EXACT,LYMPHATIC_CORE,2,9,SHARED,184.0,90,8,1.21,0.0,21.0,12.0,189.0,78.0,38.0,37.0,45.0,53.0,,2.0,63.0,96.0,39.0,40.0,29.0,84.0
gua sha ',155.0,ADJACENT,GUA_SHA,0,1,NONE,,191,8,1.32,0.0,,77.0,,168.0,,,,123.0,,,,,,,,22.0
depuff brush,154.0,EXACT,OTHER,10,15,CONSOLIDATED,97.0,52,8,,0.0,5.0,10.0,34.0,9.0,1.0,4.0,6.0,11.0,,26.0,8.0,47.0,13.0,41.0,12.0,49.0
soothe silk lymphatic contour face brush,154.0,EXACT,COMPETITOR_BRAND,8,15,CONSOLIDATED,94.0,94,8,1.36,0.0,21.0,17.0,39.0,8.0,3.0,29.0,16.0,44.0,45.0,9.0,10.0,40.0,19.0,50.0,15.0,87.0
kovija lymphatic face brush,154.0,EXACT,LYMPHATIC_CORE,7,11,CONSOLIDATED,191.0,83,8,,0.0,10.0,9.0,35.0,87.0,7.0,21.0,13.0,83.0,147.0,3.0,44.0,24.0,12.0,52.0,17.0,88.0
lymphatic+massager,154.0,ADJACENT,LYMPHATIC_CORE,0,0,NONE,,117,8,0.91,0.0,66.0,142.0,,211.0,141.0,,,166.0,,57.0,101.0,,195.0,87.0,,116.0
lymphatic drainage ￼,154.0,ADJACENT,LYMPHATIC_CORE,0,1,NONE,,99,8,,0.0,90.0,,,211.0,22.0,166.0,,270.0,,135.0,179.0,,168.0,164.0,,253.0
lymphatic contour face brush sansheng,153.0,EXACT,LYMPHATIC_CORE,5,12,CONSOLIDATED,118.0,48,8,,0.0,27.0,14.0,39.0,34.0,12.0,23.0,11.0,75.0,121.0,1.0,55.0,37.0,25.0,66.0,8.0,21.0
massage tool facial neck,153.0,ADJACENT,OTHER,0,0,NONE,,93,8,1.65,0.0,114.0,170.0,194.0,141.0,,190.0,,158.0,,135.0,231.0,,,202.0,,
kokeva lymphatic face brush,152.0,EXACT,LYMPHATIC_CORE,8,13,CONSOLIDATED,98.0,88,8,1.73,0.0,6.0,9.0,11.0,19.0,7.0,24.0,13.0,25.0,68.0,5.0,21.0,56.0,36.0,23.0,12.0,71.0
vogue lymphatic contour face brush,152.0,EXACT,LYMPHATIC_CORE,3,9,SHARED,142.0,115,8,,0.0,6.0,24.0,45.0,73.0,5.0,37.0,29.0,68.0,84.0,1.0,85.0,67.0,48.0,58.0,21.0,62.0
soothesilk™ facial contour brush,152.0,EXACT,CONTOUR_CORE,5,10,CONSOLIDATED,162.0,77,8,,0.0,12.0,18.0,28.0,70.0,2.0,27.0,45.0,64.0,,4.0,65.0,55.0,7.0,32.0,78.0,31.0
lymph lift face brush,152.0,EXACT,LYMPHATIC_CORE,6,14,CONSOLIDATED,96.0,92,8,1.35,0.0,1.0,9.0,25.0,22.0,3.0,13.0,42.0,10.0,,6.0,27.0,47.0,21.0,30.0,106.0,31.0
lollipop face brushes,151.0,ADJACENT,OTHER,1,1,SINGLE,,77,8,,0.0,,,,,,,,,,18.0,,,,,,
womens facial brush,151.0,ADJACENT,OTHER,3,6,SHARED,,64,8,,0.0,13.0,,145.0,110.0,10.0,43.0,46.0,100.0,,36.0,259.0,,,18.0,,162.0
morphe face brushes,150.0,ADJACENT,OTHER,0,1,NONE,,45,8,,0.0,,,67.0,136.0,,,26.0,,,,,,,,265.0,
real jade gua sha facial tools,150.0,ADJACENT,GUA_SHA,1,1,SINGLE,,137,8,,0.0,,,,,,,,7.0,,,,,,,,
de puffing brush for face,150.0,ADJACENT,OTHER,10,12,CONSOLIDATED,85.0,149,8,,0.0,2.0,9.0,25.0,7.0,5.0,12.0,17.0,8.0,,3.0,10.0,,54.0,45.0,4.0,
oil for face massage,150.0,ADJACENT,OTHER,0,0,NONE,,105,8,,0.0,,,,,,,,161.0,,,,,,,,
lymphatic face brush kojeva,150.0,EXACT,COMPETITOR_BRAND,6,12,CONSOLIDATED,,82,8,1.47,0.0,18.0,9.0,11.0,73.0,2.0,20.0,57.0,26.0,,14.0,40.0,28.0,34.0,24.0,134.0,35.0
lymph brush for face,150.0,EXACT,LYMPHATIC_CORE,6,10,CONSOLIDATED,121.0,101,8,,0.0,18.0,9.0,27.0,81.0,3.0,15.0,68.0,64.0,,6.0,42.0,26.0,8.0,30.0,112.0,55.0
gua sha body tools lymphatic drainage,150.0,ADJACENT,GUA_SHA,0,0,NONE,,152,8,,0.0,165.0,108.0,230.0,206.0,210.0,198.0,,79.0,,289.0,228.0,,,166.0,,122.0
lift and glow lymphatic face brush,150.0,EXACT,LYMPHATIC_CORE,7,10,CONSOLIDATED,66.0,143,8,1.19,0.0,2.0,18.0,28.0,15.0,4.0,9.0,126.0,27.0,,8.0,16.0,92.0,83.0,85.0,91.0,24.0
lymphatic drainage suit,149.0,ADJACENT,LYMPHATIC_CORE,0,1,NONE,,8,8,,0.0,33.0,,,,,,,,,,,,,,,
neck massager lymphatic drainage,149.0,ADJACENT,LYMPHATIC_CORE,0,1,NONE,,162,8,1.9,0.0,35.0,103.0,,165.0,129.0,,,212.0,,152.0,74.0,211.0,193.0,282.0,,
lymphatic contour facial brush,148.0,EXACT,LYMPHATIC_CORE,6,11,CONSOLIDATED,88.0,108,8,,0.0,20.0,5.0,28.0,65.0,3.0,29.0,27.0,14.0,,4.0,53.0,52.0,18.0,23.0,22.0,62.0
countour face brush,148.0,ADJACENT,OTHER,7,13,CONSOLIDATED,113.0,44,8,,0.0,30.0,18.0,34.0,46.0,3.0,9.0,2.0,24.0,164.0,5.0,27.0,82.0,21.0,20.0,11.0,78.0
2 piece lymphatic contour face brush,148.0,EXACT,LYMPHATIC_CORE,4,10,CONSOLIDATED,175.0,105,8,,0.0,16.0,45.0,107.0,19.0,37.0,10.0,35.0,41.0,142.0,9.0,24.0,94.0,101.0,108.0,40.0,87.0
dry brush face natural,147.0,ADJACENT,OTHER,2,3,SHARED,,100,8,,0.0,85.0,15.0,3.0,50.0,,177.0,95.0,89.0,,,74.0,143.0,,106.0,,
face massager tool gua sha,147.0,ADJACENT,GUA_SHA,0,1,NONE,240.0,115,8,,0.0,79.0,52.0,,231.0,135.0,,,84.0,,,232.0,,,143.0,,36.0
face draining brush,146.0,ADJACENT,OTHER,9,14,CONSOLIDATED,82.0,108,8,,0.0,1.0,18.0,39.0,20.0,3.0,12.0,16.0,32.0,,4.0,6.0,,11.0,30.0,47.0,49.0
sharper neck massager,146.0,ADJACENT,OTHER,0,0,NONE,,132,8,,0.0,,,,208.0,,,,,,,,,,,,
yqzjjjust lymphatic contour face brush,145.0,EXACT,LYMPHATIC_CORE,6,11,CONSOLIDATED,124.0,51,8,,0.0,10.0,23.0,45.0,57.0,8.0,18.0,33.0,12.0,67.0,17.0,70.0,66.0,25.0,16.0,21.0,93.0
lymphatic dry brushing kit,145.0,EXACT,LYMPHATIC_CORE,1,2,SINGLE,254.0,110,8,,0.0,30.0,102.0,108.0,80.0,,109.0,,114.0,,,15.0,,148.0,116.0,,
kojima lymphatic face brush,145.0,EXACT,LYMPHATIC_CORE,7,13,CONSOLIDATED,,12,8,1.27,0.0,1.0,17.0,25.0,14.0,4.0,6.0,56.0,12.0,,5.0,39.0,41.0,28.0,23.0,97.0,35.0
microroller for face,144.0,ADJACENT,OTHER,0,1,NONE,,83,8,1.22,0.0,35.0,,,,,,,,,,,,,,,
vough face brush,144.0,ADJACENT,OTHER,6,9,CONSOLIDATED,,36,8,1.22,0.0,5.0,21.0,,9.0,4.0,6.0,,,,1.0,32.0,1.0,,48.0,,
face brush for foundation,144.0,ADJACENT,OTHER,0,0,NONE,,93,8,1.18,1.0,,,,,114.0,129.0,73.0,,,,,,,,,
face oil for women gua sha,143.0,ADJACENT,GUA_SHA,0,0,NONE,,12,8,,0.0,,,,,,,,65.0,,,,,,,,
lymphatic red light heated brush,143.0,EXACT,LYMPHATIC_CORE,3,4,SHARED,,33,8,,0.0,,50.0,,,,14.0,,,,10.0,,,,16.0,120.0,
eteross facial brush,143.0,ADJACENT,OTHER,2,2,SHARED,,24,8,,0.0,,,,4.0,,,5.0,,,,,,,,,
gua sha tool face and body,143.0,ADJACENT,GUA_SHA,0,0,NONE,,96,8,,0.0,,176.0,,,,,,158.0,,,,,,237.0,,108.0
best ice roller for face,143.0,ADJACENT,OTHER,0,0,NONE,,45,8,0.96,0.0,,,,146.0,,,,,,,,,,,,
lymphatic drainage brush￼,143.0,EXACT,LYMPHATIC_CORE,6,13,CONSOLIDATED,96.0,128,8,1.33,0.0,23.0,8.0,39.0,21.0,5.0,22.0,6.0,17.0,74.0,12.0,33.0,56.0,18.0,25.0,41.0,70.0
face massager gua sha,143.0,ADJACENT,GUA_SHA,0,1,NONE,303.0,141,8,1.29,0.0,179.0,107.0,,245.0,192.0,,,60.0,,,197.0,,,226.0,,24.0
face light massager,143.0,ADJACENT,OTHER,0,0,NONE,,158,8,1.59,0.0,,,,,,,,236.0,,194.0,264.0,,,,,
humorousk contour face brush,143.0,EXACT,CONTOUR_CORE,6,8,CONSOLIDATED,,72,8,,0.0,,,,20.0,7.0,8.0,1.0,,,22.0,,,9.0,42.0,5.0,
face roller for wrinkles and lifting,142.0,ADJACENT,OTHER,0,0,NONE,,169,8,1.16,0.0,52.0,,,,,,,,,,,,,,,
loryn contour face brush,142.0,EXACT,CONTOUR_CORE,9,12,CONSOLIDATED,71.0,62,8,,0.0,1.0,20.0,19.0,36.0,5.0,10.0,8.0,,44.0,6.0,59.0,27.0,9.0,61.0,11.0,
"lymphatic contour face brush for facial massage, rejuvenating & depuffing - manual gua sha alternati",142.0,EXACT,GUA_SHA,4,10,CONSOLIDATED,83.0,95,8,1.29,0.0,18.0,9.0,107.0,22.0,11.0,43.0,50.0,73.0,,23.0,36.0,150.0,106.0,12.0,75.0,25.0
face depuffer brush,142.0,EXACT,OTHER,10,12,CONSOLIDATED,103.0,102,8,1.46,0.0,3.0,10.0,27.0,9.0,2.0,12.0,5.0,4.0,54.0,60.0,79.0,97.0,7.0,15.0,8.0,21.0
lymphatic drainage massager & anti-cellulite massage tool,142.0,ADJACENT,LYMPHATIC_CORE,0,0,NONE,,12,8,2.13,0.0,128.0,,,218.0,,199.0,,,,,,,181.0,168.0,,255.0
ovq lymphatic face brush,142.0,EXACT,LYMPHATIC_CORE,4,11,CONSOLIDATED,138.0,95,8,,0.0,19.0,23.0,40.0,64.0,21.0,30.0,25.0,70.0,169.0,7.0,52.0,65.0,48.0,13.0,18.0,49.0
lymphatic drainage contour brush,142.0,EXACT,LYMPHATIC_CORE,8,13,CONSOLIDATED,110.0,140,8,1.38,0.0,11.0,14.0,37.0,30.0,3.0,13.0,8.0,17.0,57.0,7.0,36.0,55.0,6.0,29.0,70.0,39.0
facial brushing,141.0,ADJACENT,OTHER,5,12,CONSOLIDATED,,114,8,,0.0,16.0,27.0,33.0,71.0,4.0,26.0,36.0,37.0,292.0,7.0,8.0,131.0,15.0,34.0,36.0,93.0
dry brushing facial brush for lymphatic drainage,140.0,EXACT,LYMPHATIC_CORE,6,10,CONSOLIDATED,255.0,79,8,,1.0,26.0,9.0,16.0,50.0,2.0,12.0,60.0,25.0,73.0,19.0,48.0,87.0,17.0,83.0,101.0,153.0
mini facial massager,140.0,ADJACENT,OTHER,0,0,NONE,,47,8,,0.0,,184.0,,264.0,,,,,,,,,,,,
guasha with serum,139.0,ADJACENT,GUA_SHA,0,0,NONE,247.0,78,8,,0.0,,,156.0,,,254.0,,,,,,,,,,
glokore led skin sculptor,138.0,ADJACENT,CONTOUR_CORE,0,0,NONE,,9,8,,0.0,,,,,,,,,,,,,,,,
self neck massage tool,138.0,ADJACENT,OTHER,0,0,NONE,,100,8,,0.0,200.0,232.0,244.0,,,268.0,,221.0,,199.0,,,,,,
traeki facial brush,138.0,ADJACENT,COMPETITOR_BRAND,9,11,CONSOLIDATED,60.0,20,8,,0.0,2.0,,22.0,31.0,12.0,11.0,19.0,18.0,,4.0,8.0,17.0,,14.0,,
kojiva lymphatic contour face brush,138.0,EXACT,LYMPHATIC_CORE,6,14,CONSOLIDATED,64.0,97,8,1.34,0.0,4.0,18.0,33.0,34.0,1.0,14.0,31.0,21.0,,2.0,26.0,42.0,25.0,28.0,102.0,8.0
morning face depuffer,138.0,ADJACENT,OTHER,1,1,SINGLE,,30,8,,0.0,2.0,,,,,,,,,,,,,,,
morning glow massage ritual neck massager,137.0,ADJACENT,OTHER,0,0,NONE,195.0,44,8,,0.0,,,,,139.0,,,,,,282.0,,,,,
large fluffy facial brushes,136.0,ADJACENT,OTHER,0,0,NONE,,105,8,,,,,,,,,,,,,,,,,,257.0
koniva lymphatic face brush,136.0,EXACT,LYMPHATIC_CORE,8,12,CONSOLIDATED,61.0,75,8,1.35,0.0,2.0,11.0,15.0,29.0,4.0,10.0,70.0,14.0,,3.0,34.0,71.0,9.0,32.0,123.0,35.0
top rated lymphatic face brush,136.0,EXACT,LYMPHATIC_CORE,12,15,CONSOLIDATED,108.0,120,8,,0.0,3.0,4.0,7.0,12.0,2.0,11.0,5.0,10.0,57.0,13.0,19.0,21.0,27.0,47.0,18.0,17.0
face roller stainless steel,136.0,ADJACENT,OTHER,0,0,NONE,,81,8,,,,,,,,,,,,154.0,,,,,,
sunscreen face brush,135.0,ADJACENT,OTHER,0,0,NONE,,137,8,,0.0,,,,,,,,,,,,,,,,
lymphatic drain earrings,135.0,ADJACENT,LYMPHATIC_CORE,0,1,NONE,,43,8,,,,,,,,,,,,,,,22.0,,,
double sided face brush,135.0,ADJACENT,OTHER,0,0,NONE,,82,8,0.98,0.0,,,,,,89.0,,,,85.0,126.0,,,,,
lymphatic drainage gua sha tool,135.0,ADJACENT,GUA_SHA,1,2,SINGLE,232.0,65,8,,0.0,85.0,47.0,,155.0,,112.0,,97.0,,253.0,94.0,,,106.0,,10.0
jaw sculpting,134.0,ADJACENT,CONTOUR_CORE,0,0,NONE,,57,8,,0.0,,,,,88.0,,,104.0,,59.0,89.0,,,,,
gua sha amazon,134.0,ADJACENT,GUA_SHA,0,0,NONE,,62,8,,,,,,,,,,,,,,,,171.0,,
skin sculptor,134.0,ADJACENT,CONTOUR_CORE,0,0,NONE,,125,8,,1.0,,,,,,131.0,,,,,,139.0,,,,
face lymphatic,134.0,ADJACENT,LYMPHATIC_CORE,4,9,CONSOLIDATED,215.0,94,8,,1.0,29.0,16.0,27.0,64.0,1.0,60.0,102.0,34.0,,11.0,72.0,74.0,28.0,30.0,234.0,6.0
wooden neck roller,132.0,ADJACENT,OTHER,0,0,NONE,,63,8,,,,,,,,,,,,,162.0,,,,,
kejova lymphatic face brush,132.0,EXACT,LYMPHATIC_CORE,5,9,CONSOLIDATED,111.0,80,8,,0.0,5.0,16.0,21.0,68.0,3.0,9.0,70.0,54.0,,8.0,95.0,28.0,58.0,32.0,133.0,40.0
face beauty workshop face lymphatic contour brush,132.0,EXACT,LYMPHATIC_CORE,7,13,CONSOLIDATED,67.0,36,8,,0.0,3.0,8.0,28.0,35.0,1.0,9.0,43.0,14.0,,6.0,27.0,64.0,17.0,25.0,63.0,38.0
gua sha massage tools,132.0,ADJACENT,GUA_SHA,0,0,NONE,,140,8,1.34,2.0,160.0,208.0,297.0,190.0,225.0,231.0,,193.0,,,,,,,,201.0
kojava lymphatic face brush,132.0,EXACT,LYMPHATIC_CORE,10,13,CONSOLIDATED,90.0,80,8,1.19,0.0,11.0,14.0,16.0,20.0,5.0,10.0,19.0,13.0,49.0,4.0,59.0,21.0,26.0,63.0,12.0,70.0
therabody face depuffer,132.0,ADJACENT,OTHER,1,1,SINGLE,,19,8,,0.0,17.0,,,,,,,,,,,,,,,
geske facial brush,131.0,ADJACENT,OTHER,0,3,NONE,,59,8,,0.0,,39.0,,38.0,,,93.0,21.0,,,100.0,,,,,
gua sha body tool face,131.0,ADJACENT,GUA_SHA,0,2,NONE,,120,8,1.3,0.0,,44.0,148.0,147.0,,,,73.0,,,,,,197.0,,38.0
dry brush lymphatic drainage face,130.0,EXACT,LYMPHATIC_CORE,9,12,CONSOLIDATED,98.0,77,8,,0.0,1.0,2.0,19.0,12.0,4.0,17.0,54.0,10.0,3.0,24.0,30.0,115.0,6.0,34.0,79.0,92.0
acne brush for face,130.0,ADJACENT,OTHER,0,1,NONE,,63,8,1.57,0.0,23.0,88.0,114.0,124.0,,89.0,157.0,79.0,,202.0,111.0,,73.0,287.0,,
lymphatic drainage massage face,129.0,ADJACENT,LYMPHATIC_CORE,3,7,SHARED,182.0,158,8,1.51,0.0,35.0,15.0,113.0,47.0,1.0,64.0,43.0,121.0,233.0,10.0,55.0,181.0,31.0,68.0,298.0,146.0
jade gua sha facial tools,129.0,ADJACENT,GUA_SHA,0,0,NONE,,101,8,1.05,3.0,,,,,,,,64.0,,,,,,,,121.0
jaw tension relief massager,129.0,ADJACENT,OTHER,0,1,NONE,,44,8,,,,,,,,,,,,,,,,40.0,,
gua sha board for face,128.0,ADJACENT,GUA_SHA,0,0,NONE,,134,8,,,,,,,,,,,,59.0,,,,,,
exfoliating face scrub brush,128.0,ADJACENT,OTHER,0,0,NONE,,96,8,1.02,0.0,,,,305.0,,,138.0,,,,,,,,,
contour face,127.0,ADJACENT,CONTOUR_CORE,5,9,CONSOLIDATED,197.0,84,8,,17.0,2.0,40.0,74.0,44.0,5.0,60.0,34.0,19.0,149.0,11.0,17.0,68.0,64.0,135.0,26.0,95.0
gua sha lymphatic face brush,127.0,EXACT,GUA_SHA,7,9,CONSOLIDATED,57.0,143,8,,0.0,1.0,4.0,58.0,46.0,2.0,24.0,20.0,15.0,108.0,8.0,142.0,101.0,64.0,63.0,80.0,6.0
gua sha facial tool amethyst,127.0,ADJACENT,GUA_SHA,0,0,NONE,,35,8,,0.0,,,,,,,,70.0,,,,,,,,
ntiera lymphatic contour face brush,126.0,EXACT,LYMPHATIC_CORE,9,13,CONSOLIDATED,108.0,155,8,,0.0,2.0,13.0,20.0,10.0,3.0,5.0,43.0,18.0,,4.0,31.0,17.0,44.0,75.0,69.0,30.0
gua sha brushes,126.0,EXACT,GUA_SHA,7,12,CONSOLIDATED,80.0,41,8,,0.0,12.0,8.0,31.0,14.0,5.0,22.0,11.0,29.0,122.0,21.0,34.0,,,10.0,105.0,16.0
aeiki lymphatic contour face brush,125.0,EXACT,LYMPHATIC_CORE,7,12,CONSOLIDATED,127.0,133,8,,0.0,3.0,12.0,19.0,55.0,18.0,17.0,78.0,33.0,,7.0,24.0,2.0,36.0,30.0,92.0,47.0
facial brush cleansing,125.0,ADJACENT,OTHER,0,0,NONE,,80,8,1.05,0.0,103.0,,,,,,277.0,229.0,,66.0,295.0,,,,,
korean face brush lifter,124.0,ADJACENT,OTHER,9,9,CONSOLIDATED,,56,8,,0.0,2.0,19.0,,14.0,10.0,9.0,,11.0,,4.0,13.0,,,,18.0,
contiur face brush,124.0,ADJACENT,OTHER,8,14,CONSOLIDATED,118.0,103,8,,0.0,30.0,19.0,28.0,37.0,4.0,14.0,15.0,24.0,3.0,11.0,47.0,63.0,13.0,25.0,12.0,82.0
lumilift facial glow brush,124.0,ADJACENT,OTHER,5,8,CONSOLIDATED,74.0,58,8,,0.0,33.0,20.0,37.0,51.0,2.0,9.0,105.0,67.0,,12.0,24.0,69.0,57.0,58.0,63.0,11.0
top rated face cleansing brush,124.0,ADJACENT,OTHER,0,1,NONE,,94,8,,0.0,,,,123.0,,,41.0,,,,,,,,,
facial dry brushes soft bristles,124.0,ADJACENT,OTHER,6,10,CONSOLIDATED,,93,8,,0.0,91.0,38.0,27.0,11.0,5.0,13.0,50.0,18.0,260.0,15.0,9.0,289.0,,46.0,,
nuvtra face brushes,123.0,ADJACENT,OTHER,5,6,CONSOLIDATED,,63,8,,0.0,3.0,,,,1.0,6.0,,9.0,,5.0,,,,,28.0,
kojivs lymphatic face brush,123.0,EXACT,LYMPHATIC_CORE,8,14,CONSOLIDATED,100.0,41,8,1.31,0.0,2.0,17.0,20.0,14.0,3.0,9.0,47.0,10.0,,4.0,37.0,22.0,50.0,27.0,124.0,28.0
nuverta face sculptor,122.0,ADJACENT,CONTOUR_CORE,4,5,CONSOLIDATED,,40,8,1.32,0.0,2.0,,,,3.0,17.0,,,,9.0,22.0,,,,,
gua sha shape up,122.0,ADJACENT,GUA_SHA,0,0,NONE,,96,8,,0.0,,135.0,,,,,,,,,,,,,268.0,
lymphatic contour brush for face and neck,122.0,EXACT,LYMPHATIC_CORE,7,12,CONSOLIDATED,137.0,97,8,,0.0,17.0,10.0,24.0,50.0,5.0,12.0,28.0,9.0,68.0,16.0,66.0,81.0,18.0,39.0,27.0,90.0
nuvestra facial brush,122.0,ADJACENT,OTHER,7,8,CONSOLIDATED,,83,8,,0.0,4.0,,28.0,10.0,7.0,9.0,,8.0,,2.0,15.0,,,,,
aeku lymphatic face brush,121.0,EXACT,LYMPHATIC_CORE,5,10,CONSOLIDATED,124.0,157,8,,0.0,21.0,26.0,12.0,51.0,17.0,10.0,30.0,70.0,72.0,6.0,60.0,4.0,22.0,41.0,85.0,58.0
new lymphatic contour face brush,121.0,EXACT,LYMPHATIC_CORE,4,9,CONSOLIDATED,152.0,108,8,1.19,11.0,14.0,13.0,63.0,84.0,4.0,32.0,37.0,88.0,68.0,9.0,97.0,112.0,23.0,46.0,28.0,98.0
wireless face massager,121.0,ADJACENT,OTHER,1,1,SINGLE,,103,8,2.04,,,,,,,,,,,17.0,,,,,,
vddo face brush,121.0,ADJACENT,COMPETITOR_BRAND,6,8,CONSOLIDATED,,72,8,1.14,0.0,3.0,8.0,,12.0,1.0,7.0,,,,4.0,22.0,,,21.0,,
lymphatic drainage scultique,121.0,ADJACENT,LYMPHATIC_CORE,0,0,NONE,,159,8,2.17,0.0,67.0,,,,,81.0,,,,61.0,219.0,,,,,
double facial cleansing brush,121.0,ADJACENT,OTHER,0,0,NONE,,37,8,,0.0,92.0,,,,,,,152.0,,,68.0,,,,,
lymphatic contour face brush prime,120.0,EXACT,LYMPHATIC_CORE,6,12,CONSOLIDATED,87.0,116,8,,0.0,10.0,12.0,22.0,65.0,14.0,21.0,4.0,32.0,62.0,1.0,74.0,40.0,25.0,60.0,6.0,50.0
lymphatic drainage wood,120.0,ADJACENT,LYMPHATIC_CORE,0,1,NONE,,160,8,,0.0,38.0,107.0,97.0,73.0,,105.0,,,110.0,52.0,218.0,,,,,
nayori face brush,120.0,ADJACENT,OTHER,6,8,CONSOLIDATED,45.0,84,8,,0.0,,,18.0,11.0,9.0,,8.0,,,22.0,1.0,17.0,,27.0,,
facial contouring device,119.0,ADJACENT,CONTOUR_CORE,1,1,SINGLE,,78,8,1.64,0.0,2.0,,,,78.0,,,108.0,,,,,,57.0,,
soft lymphatic drainage face brush,119.0,EXACT,LYMPHATIC_CORE,10,14,CONSOLIDATED,270.0,110,8,,1.0,1.0,3.0,17.0,22.0,2.0,12.0,7.0,19.0,,9.0,21.0,118.0,6.0,15.0,24.0,47.0
portrait mode 5-piece face brush set,118.0,ADJACENT,OTHER,0,0,NONE,,63,8,0.98,0.0,,,,,,,,,,,,,,,,
gua sha pack,118.0,ADJACENT,GUA_SHA,0,0,NONE,,93,8,,0.0,,268.0,,252.0,,276.0,,104.0,,,267.0,,,,,107.0
lymph brush face,118.0,EXACT,LYMPHATIC_CORE,9,14,CONSOLIDATED,142.0,131,8,,0.0,13.0,8.0,26.0,19.0,5.0,16.0,23.0,12.0,61.0,9.0,48.0,38.0,6.0,34.0,18.0,60.0
lymphatic drainage ring,118.0,ADJACENT,LYMPHATIC_CORE,0,0,NONE,,148,8,0.97,0.0,,,,,,,,99.0,,,,,,,,
neck contour,118.0,ADJACENT,CONTOUR_CORE,1,1,SINGLE,,91,8,1.21,3.0,,,85.0,62.0,18.0,,,75.0,,,266.0,,,,,
lymphatic drainage dry face brush,118.0,EXACT,LYMPHATIC_CORE,9,12,CONSOLIDATED,,55,8,,0.0,25.0,7.0,10.0,21.0,3.0,9.0,110.0,8.0,,4.0,17.0,47.0,6.0,19.0,,78.0
lymphatic brush combo face body,118.0,EXACT,LYMPHATIC_CORE,7,10,CONSOLIDATED,131.0,44,8,,0.0,3.0,12.0,10.0,24.0,11.0,18.0,101.0,22.0,,2.0,60.0,53.0,64.0,19.0,169.0,28.0
guasha metal,117.0,ADJACENT,GUA_SHA,0,0,NONE,,69,8,,0.0,,,192.0,,,,,,,,,,,,,142.0
lymphatic neck massager,117.0,ADJACENT,LYMPHATIC_CORE,0,1,NONE,,183,8,1.82,0.0,24.0,117.0,,197.0,,,,214.0,,204.0,147.0,,,185.0,,
civilized contour face brush,117.0,EXACT,CONTOUR_CORE,8,11,CONSOLIDATED,66.0,102,8,1.07,0.0,,,18.0,27.0,4.0,12.0,3.0,,30.0,28.0,10.0,11.0,11.0,61.0,5.0,
best lymphatic drainage tool face,117.0,ADJACENT,LYMPHATIC_CORE,5,13,CONSOLIDATED,,58,8,,0.0,1.0,6.0,31.0,58.0,8.0,22.0,36.0,13.0,271.0,21.0,33.0,143.0,10.0,39.0,49.0,43.0
organic lymphatic face brush,116.0,EXACT,LYMPHATIC_CORE,7,12,CONSOLIDATED,142.0,141,8,,0.0,22.0,11.0,6.0,54.0,2.0,14.0,13.0,9.0,47.0,16.0,85.0,37.0,23.0,34.0,55.0,51.0
face brush lymphatic,116.0,EXACT,LYMPHATIC_CORE,8,13,CONSOLIDATED,151.0,96,8,1.21,3.0,18.0,7.0,23.0,89.0,5.0,27.0,9.0,15.0,134.0,8.0,38.0,80.0,13.0,37.0,14.0,48.0
ovq lymphatic contour face brush,116.0,EXACT,LYMPHATIC_CORE,5,12,CONSOLIDATED,132.0,72,8,1.23,0.0,20.0,22.0,57.0,27.0,11.0,26.0,35.0,83.0,71.0,7.0,41.0,70.0,12.0,28.0,19.0,36.0
dry brush guasha for face,115.0,EXACT,GUA_SHA,8,13,CONSOLIDATED,129.0,160,8,1.42,0.0,1.0,5.0,41.0,34.0,2.0,8.0,15.0,48.0,70.0,4.0,18.0,85.0,24.0,13.0,33.0,54.0
face sculpt wrap,115.0,ADJACENT,CONTOUR_CORE,0,1,NONE,,53,8,1.16,15.0,44.0,,,,,,,,,,,,,,,
stone for face massage,114.0,ADJACENT,OTHER,0,1,NONE,,143,8,,0.0,37.0,,,,,,,120.0,,97.0,,,255.0,,,303.0
lymphatic face brushes,114.0,EXACT,LYMPHATIC_CORE,10,14,CONSOLIDATED,117.0,109,8,1.27,0.0,1.0,9.0,22.0,24.0,10.0,17.0,7.0,14.0,99.0,16.0,20.0,84.0,15.0,37.0,11.0,44.0
metal gua sha facial tools,114.0,ADJACENT,GUA_SHA,0,0,NONE,,108,8,,1.0,,,173.0,144.0,211.0,,,,,,,,,,,80.0
lymphatic neck drainage massager,113.0,ADJACENT,LYMPHATIC_CORE,1,1,SINGLE,,107,8,1.68,0.0,8.0,75.0,,176.0,,,,187.0,,81.0,52.0,,157.0,103.0,,
lymphatic contour face brush aeki,113.0,EXACT,COMPETITOR_BRAND,5,15,CONSOLIDATED,140.0,63,8,,0.0,22.0,18.0,24.0,38.0,6.0,19.0,27.0,34.0,43.0,25.0,14.0,3.0,41.0,42.0,30.0,128.0
lymphatic drainage face dry brush,113.0,EXACT,LYMPHATIC_CORE,5,12,CONSOLIDATED,121.0,116,8,,0.0,32.0,4.0,22.0,98.0,5.0,19.0,38.0,39.0,46.0,15.0,42.0,110.0,2.0,37.0,78.0,109.0
"new lymphatic contour face brush, dry brushing face brush, lymphatic drainage massager for face, chi",113.0,EXACT,LYMPHATIC_CORE,2,6,SHARED,272.0,94,8,,0.0,26.0,32.0,69.0,48.0,54.0,58.0,194.0,111.0,,11.0,61.0,70.0,17.0,42.0,185.0,78.0
the contour glow face brush,113.0,EXACT,COMPETITOR_BRAND,6,12,CONSOLIDATED,35.0,71,8,,0.0,12.0,20.0,28.0,30.0,3.0,6.0,31.0,22.0,74.0,5.0,10.0,47.0,51.0,,42.0,66.0
lymphatic drainage massage brush,112.0,EXACT,LYMPHATIC_CORE,3,9,SHARED,,128,8,1.25,0.0,25.0,21.0,52.0,31.0,2.0,33.0,54.0,94.0,159.0,5.0,25.0,132.0,17.0,31.0,226.0,144.0
lymphatic brush￼,112.0,EXACT,LYMPHATIC_CORE,6,13,CONSOLIDATED,114.0,167,8,1.26,0.0,24.0,10.0,38.0,34.0,4.0,35.0,19.0,23.0,146.0,7.0,29.0,61.0,30.0,18.0,14.0,73.0
facial brush tool,112.0,ADJACENT,OTHER,0,0,NONE,,0,8,,0.0,,,,,,,,,,,,,,,,
gua sha scraping massage tool,112.0,ADJACENT,GUA_SHA,0,0,NONE,,150,8,1.62,,,,,,,,,,,,,,,,,270.0
skin brushes for body,111.0,ADJACENT,OTHER,0,0,NONE,,134,8,,0.0,,,214.0,107.0,,,,,,,,,,,,
nagracoola clie facial cleansing brush,111.0,ADJACENT,OTHER,0,0,NONE,,47,8,1.08,4.0,,,,,,,183.0,,,,,,,,,
guasha dry brush for face,111.0,EXACT,GUA_SHA,9,13,CONSOLIDATED,149.0,126,8,,0.0,13.0,3.0,29.0,23.0,2.0,6.0,33.0,8.0,32.0,9.0,11.0,130.0,17.0,12.0,119.0,51.0
glow brush for face,111.0,ADJACENT,OTHER,7,11,CONSOLIDATED,20.0,157,8,1.23,0.0,4.0,,44.0,23.0,2.0,10.0,12.0,27.0,,11.0,7.0,,39.0,,17.0,60.0
recuvia face brush,111.0,ADJACENT,OTHER,6,9,CONSOLIDATED,36.0,25,8,,0.0,,,23.0,15.0,1.0,12.0,4.0,,,17.0,28.0,32.0,,5.0,,
gua sha bian stone,110.0,ADJACENT,GUA_SHA,0,0,NONE,,57,8,,0.0,,,,,,,,,,,,,,,,
lymphatic drainage massagers,110.0,ADJACENT,LYMPHATIC_CORE,0,1,NONE,,124,8,,0.0,55.0,138.0,,271.0,,,,,,161.0,,262.0,158.0,50.0,,173.0
neck hand massage tool,110.0,ADJACENT,OTHER,0,0,NONE,,113,8,,0.0,,,222.0,,,,,,,,,,,,,
guasha brush tool for face,109.0,EXACT,GUA_SHA,6,11,CONSOLIDATED,83.0,133,8,1.24,0.0,25.0,4.0,68.0,29.0,6.0,60.0,40.0,22.0,58.0,14.0,17.0,153.0,8.0,34.0,106.0,11.0
kocheva lymphatic face brush,109.0,EXACT,LYMPHATIC_CORE,5,12,CONSOLIDATED,109.0,17,8,,0.0,25.0,7.0,32.0,50.0,1.0,14.0,18.0,48.0,93.0,3.0,56.0,42.0,73.0,34.0,22.0,
contour dark skin,109.0,ADJACENT,CONTOUR_CORE,0,0,NONE,209.0,67,8,,0.0,53.0,228.0,304.0,183.0,112.0,201.0,139.0,224.0,290.0,182.0,192.0,273.0,,,237.0,236.0
face tool for lymphatic drainage,108.0,ADJACENT,LYMPHATIC_CORE,3,9,SHARED,190.0,48,8,1.49,0.0,35.0,9.0,57.0,49.0,28.0,65.0,93.0,18.0,232.0,8.0,43.0,151.0,50.0,51.0,48.0,60.0
lymphatic contour face brush natural bristle,108.0,EXACT,LYMPHATIC_CORE,8,14,CONSOLIDATED,130.0,77,8,,0.0,5.0,1.0,4.0,24.0,2.0,21.0,16.0,15.0,41.0,13.0,29.0,97.0,28.0,35.0,19.0,75.0
face serum for gua sha massage,108.0,ADJACENT,GUA_SHA,0,0,NONE,257.0,53,8,1.71,0.0,,64.0,279.0,,,71.0,,,,,,,,135.0,,
lymphatic drainage technique,108.0,ADJACENT,LYMPHATIC_CORE,2,2,SHARED,,31,8,1.0,0.0,18.0,,82.0,,,,51.0,,,15.0,72.0,,,,,60.0
lymphatic drainage made in usa,108.0,ADJACENT,LYMPHATIC_CORE,0,0,NONE,,54,8,,0.0,,,,55.0,,,,,,,,,,,,
lymphatic drainage ball,108.0,ADJACENT,LYMPHATIC_CORE,0,0,NONE,,144,8,,0.0,,,,,,,,72.0,,,,,,,,
contour face brush lymphatic,107.0,EXACT,LYMPHATIC_CORE,10,13,CONSOLIDATED,97.0,136,8,1.28,1.0,1.0,8.0,21.0,24.0,4.0,10.0,5.0,11.0,50.0,56.0,9.0,66.0,2.0,16.0,6.0,57.0
smoothsilk face brush,107.0,ADJACENT,OTHER,5,6,CONSOLIDATED,,60,8,,0.0,2.0,20.0,,,1.0,4.0,28.0,,,,,,,7.0,,
gua sha amethyst,107.0,ADJACENT,GUA_SHA,0,0,NONE,,116,8,,,,,,,,,,,,53.0,,,,,,
aeki lymphatic contour face brush 2 pk,107.0,EXACT,COMPETITOR_BRAND,4,11,CONSOLIDATED,119.0,89,8,1.22,0.0,23.0,18.0,58.0,53.0,19.0,7.0,31.0,43.0,81.0,49.0,38.0,3.0,39.0,60.0,28.0,134.0
dry rub brush for skin,107.0,ADJACENT,OTHER,1,2,SINGLE,,86,8,,0.0,,,107.0,91.0,,28.0,,,,17.0,,,,,,
roller face massager tool,106.0,ADJACENT,OTHER,0,0,NONE,,81,8,,0.0,113.0,,,,,,,,,,,,,,,208.0
lymphatic drainage fsa eligible,106.0,ADJACENT,LYMPHATIC_CORE,0,1,NONE,,128,8,,0.0,62.0,,,,,,,,,,,,,27.0,,
neck cream with gua sha,106.0,ADJACENT,GUA_SHA,0,0,NONE,197.0,78,8,,1.0,,,,,,,,,,,,,,,,
contour massage face brush,106.0,EXACT,CONTOUR_CORE,9,15,CONSOLIDATED,100.0,96,8,1.29,0.0,1.0,10.0,21.0,17.0,5.0,13.0,7.0,27.0,50.0,11.0,12.0,37.0,2.0,33.0,24.0,99.0
contoured face brush for lymphatic drainage,106.0,EXACT,LYMPHATIC_CORE,10,13,CONSOLIDATED,251.0,106,8,,0.0,1.0,9.0,34.0,16.0,10.0,18.0,22.0,20.0,90.0,30.0,8.0,81.0,6.0,14.0,3.0,57.0
tao face cleansing brush,105.0,ADJACENT,OTHER,0,0,NONE,,35,8,0.85,0.0,56.0,,135.0,127.0,,,149.0,,,113.0,168.0,,,,,
dry brushes for face,105.0,ADJACENT,OTHER,7,11,CONSOLIDATED,,0,8,,0.0,74.0,8.0,13.0,113.0,11.0,29.0,35.0,16.0,167.0,12.0,7.0,104.0,20.0,23.0,25.0,
facial massage oil for face,105.0,ADJACENT,OTHER,0,0,NONE,,46,8,1.47,1.0,,,,,,,,124.0,,136.0,,,196.0,,,
vibrating facial cleansing brush,104.0,ADJACENT,OTHER,0,0,NONE,,61,8,,,,,,,,,,,,86.0,,,,,,
guasha jade,103.0,ADJACENT,GUA_SHA,0,1,NONE,,81,8,1.07,0.0,53.0,,,,,,,38.0,,,,,,,,
counter glow face brush,103.0,ADJACENT,OTHER,7,8,CONSOLIDATED,37.0,109,8,1.32,0.0,10.0,,,12.0,3.0,8.0,9.0,6.0,,7.0,21.0,,,,,
face rollers for women lymphatic,103.0,ADJACENT,LYMPHATIC_CORE,2,3,SHARED,248.0,31,8,,0.0,3.0,72.0,117.0,124.0,17.0,,46.0,93.0,,82.0,92.0,126.0,97.0,,70.0,143.0
brush to wash face,103.0,ADJACENT,OTHER,0,0,NONE,,0,8,,,,,,,,,,,,,,,,,,
lymphatic contour face brush + free ebook,102.0,EXACT,LYMPHATIC_CORE,10,16,CONSOLIDATED,126.0,85,8,,0.0,1.0,9.0,33.0,14.0,2.0,8.0,5.0,11.0,47.0,15.0,10.0,34.0,22.0,39.0,4.0,48.0
lymphatic contour face brush organic,102.0,EXACT,LYMPHATIC_CORE,11,16,CONSOLIDATED,106.0,142,8,,0.0,15.0,8.0,14.0,12.0,5.0,6.0,10.0,9.0,38.0,13.0,25.0,45.0,11.0,40.0,19.0,29.0
contour kits for women,102.0,ADJACENT,CONTOUR_CORE,0,0,NONE,,48,8,0.78,0.0,,,157.0,229.0,,,,,,,,,,,119.0,
lymphatic massager face,102.0,ADJACENT,LYMPHATIC_CORE,3,6,SHARED,228.0,141,8,1.44,0.0,17.0,51.0,102.0,188.0,49.0,140.0,26.0,126.0,,15.0,14.0,198.0,29.0,65.0,232.0,88.0
facial dry brushes,102.0,ADJACENT,OTHER,5,9,CONSOLIDATED,,113,8,0.96,0.0,70.0,15.0,31.0,88.0,4.0,28.0,45.0,114.0,139.0,7.0,12.0,142.0,18.0,21.0,,
facial cleansing brush with light therapy,102.0,ADJACENT,OTHER,0,0,NONE,,33,8,,0.0,141.0,,,201.0,,,193.0,,,226.0,209.0,,,,,
make up brushes face,102.0,ADJACENT,OTHER,0,0,NONE,,62,8,1.09,0.0,162.0,,,261.0,100.0,283.0,131.0,236.0,,,,,,,,
cojiva lymphatic face brush,102.0,EXACT,LYMPHATIC_CORE,9,13,CONSOLIDATED,134.0,44,8,,0.0,13.0,10.0,25.0,11.0,4.0,7.0,17.0,12.0,,2.0,52.0,31.0,38.0,61.0,8.0,47.0
korean face massager,101.0,ADJACENT,OTHER,1,1,SINGLE,,61,8,1.59,0.0,52.0,,,,,,,,,13.0,100.0,,,95.0,,87.0
debloat face brush,101.0,ADJACENT,OTHER,9,13,CONSOLIDATED,86.0,108,8,,0.0,17.0,15.0,26.0,11.0,1.0,24.0,16.0,14.0,,7.0,12.0,,13.0,62.0,21.0,46.0
pore cleansing brush for face,101.0,ADJACENT,OTHER,0,0,NONE,,91,8,1.15,0.0,,,,,,,79.0,,,107.0,,,,,,
facial brush cleaner,101.0,ADJACENT,OTHER,0,0,NONE,,110,8,0.91,,,,,,,,,,,54.0,,,,,,
"2 pcs lymphatic contour face brush, dry lymphatic brush, lymphatic drainage massager for face, ergon",101.0,EXACT,LYMPHATIC_CORE,1,4,SINGLE,,56,8,,0.0,29.0,79.0,154.0,150.0,45.0,94.0,14.0,102.0,,148.0,89.0,116.0,48.0,69.0,196.0,121.0
facial massager face and neck,101.0,ADJACENT,OTHER,0,0,NONE,,64,8,,2.0,134.0,147.0,,235.0,153.0,156.0,,180.0,,169.0,199.0,,185.0,,,
lymphatic drainage paddle,101.0,ADJACENT,LYMPHATIC_CORE,0,1,NONE,,123,8,1.12,2.0,,,,101.0,,87.0,,,,43.0,,,,,,
facial oil gua sha,101.0,ADJACENT,GUA_SHA,0,0,NONE,,36,8,,0.0,,141.0,209.0,,,,,88.0,,,,,,,,
facial guasha brush,100.0,EXACT,GUA_SHA,9,11,CONSOLIDATED,106.0,157,8,,0.0,1.0,4.0,80.0,13.0,2.0,22.0,19.0,7.0,70.0,8.0,11.0,270.0,23.0,52.0,92.0,15.0
dry lymphatic facial brush,100.0,EXACT,LYMPHATIC_CORE,7,12,CONSOLIDATED,,66,8,1.28,0.0,29.0,4.0,12.0,46.0,9.0,20.0,33.0,80.0,116.0,6.0,7.0,89.0,2.0,34.0,41.0,121.0
gua sha facial massager,99.0,ADJACENT,GUA_SHA,0,0,NONE,,95,8,,5.0,,72.0,,222.0,,,,160.0,,,,,,,,57.0
facial dry brush soft bristles,99.0,ADJACENT,OTHER,3,12,SHARED,,126,8,,0.0,34.0,29.0,22.0,35.0,2.0,12.0,42.0,23.0,150.0,21.0,15.0,46.0,,24.0,,
exfoliate brush for face,99.0,ADJACENT,OTHER,0,1,NONE,,31,8,,0.0,29.0,252.0,157.0,147.0,110.0,131.0,,122.0,,169.0,296.0,,,,,
facial contouring kit,98.0,ADJACENT,CONTOUR_CORE,1,2,SINGLE,,129,8,,0.0,,,45.0,77.0,16.0,,,,,,,,,,64.0,
neck soft massager,98.0,ADJACENT,OTHER,0,1,NONE,,95,8,,,,,,,,,,,,,128.0,,,46.0,,
lymphatic drainage massager lymphatic contour face brush double chin reducer lymphatic drainage brus,98.0,EXACT,DOUBLE_CHIN,3,7,SHARED,122.0,91,8,1.37,0.0,2.0,38.0,93.0,88.0,39.0,64.0,42.0,110.0,183.0,15.0,10.0,78.0,92.0,34.0,55.0,116.0
lifting brush for face,97.0,ADJACENT,OTHER,10,14,CONSOLIDATED,116.0,64,8,,0.0,18.0,12.0,35.0,14.0,3.0,13.0,7.0,20.0,46.0,6.0,8.0,66.0,11.0,24.0,70.0,30.0
face massage brush lymphatic,97.0,EXACT,LYMPHATIC_CORE,10,13,CONSOLIDATED,119.0,102,8,,0.0,2.0,6.0,21.0,13.0,3.0,20.0,19.0,12.0,252.0,4.0,16.0,70.0,10.0,26.0,29.0,61.0
kokeva face brush,97.0,ADJACENT,OTHER,4,6,CONSOLIDATED,,24,8,1.36,0.0,5.0,,,25.0,,7.0,27.0,,,3.0,13.0,,,,,
facial brush lymphatic drainage,97.0,EXACT,LYMPHATIC_CORE,7,13,CONSOLIDATED,108.0,114,8,1.23,0.0,11.0,7.0,27.0,17.0,5.0,26.0,15.0,61.0,112.0,8.0,42.0,49.0,19.0,24.0,146.0,47.0
dry lymphatic facial massage brush,97.0,EXACT,LYMPHATIC_CORE,6,10,CONSOLIDATED,185.0,53,8,,0.0,26.0,9.0,18.0,52.0,5.0,32.0,53.0,15.0,152.0,11.0,81.0,46.0,2.0,42.0,59.0,138.0
contour make up,96.0,ADJACENT,CONTOUR_CORE,0,0,NONE,,109,8,0.89,0.0,142.0,,,,80.0,,132.0,237.0,,254.0,,,,,,
face massagers,96.0,ADJACENT,OTHER,0,0,NONE,,104,8,1.62,0.0,67.0,190.0,,252.0,195.0,297.0,,126.0,,102.0,174.0,,270.0,195.0,,200.0
brush face guasha,96.0,EXACT,GUA_SHA,8,13,CONSOLIDATED,67.0,45,8,,0.0,17.0,6.0,25.0,10.0,2.0,26.0,136.0,35.0,,5.0,11.0,40.0,33.0,8.0,166.0,12.0
cherishty face brush,96.0,ADJACENT,OTHER,5,5,CONSOLIDATED,,12,8,,0.0,1.0,,,7.0,,4.0,2.0,,,,6.0,,,,,
gua sha stones for facial massage,96.0,ADJACENT,GUA_SHA,0,0,NONE,,92,8,,0.0,,,,,,,,86.0,,,,,,,,187.0
gua sha for men face,96.0,ADJACENT,GUA_SHA,0,0,NONE,,85,8,,0.0,,,57.0,,,,,,,,,,,,,
facial brush and bowl set,95.0,ADJACENT,OTHER,0,0,NONE,,132,8,,,,,,,,,,,,,,,,,,
lymph face brush curved,95.0,EXACT,LYMPHATIC_CORE,5,9,CONSOLIDATED,79.0,86,8,,0.0,7.0,18.0,32.0,81.0,4.0,34.0,29.0,74.0,107.0,9.0,56.0,65.0,20.0,41.0,83.0,84.0
lymphatic healing,95.0,ADJACENT,LYMPHATIC_CORE,0,0,NONE,,78,8,,,,,,,,,,,,,,,,,,82.0
merak facial brushes,95.0,ADJACENT,OTHER,2,4,SHARED,,12,8,,0.0,16.0,,,60.0,44.0,,,33.0,,19.0,101.0,,,,,
face make up brushes,95.0,ADJACENT,OTHER,0,0,NONE,,126,8,,0.0,144.0,,,,82.0,181.0,143.0,262.0,,196.0,,,,,,
massage for face,94.0,ADJACENT,OTHER,2,4,SHARED,,106,8,,0.0,8.0,,149.0,,18.0,,40.0,111.0,,35.0,,,55.0,,,
conair true glow facial brush,94.0,ADJACENT,OTHER,1,1,SINGLE,74.0,32,8,,0.0,,,,,,,15.0,,,,,,,,,
lymphatic body tool,94.0,ADJACENT,LYMPHATIC_CORE,0,1,NONE,,131,8,,0.0,42.0,268.0,289.0,,,,,,,,,,,,,288.0
guasha stick,94.0,ADJACENT,GUA_SHA,0,0,NONE,,45,8,1.05,0.0,,,,,,,,179.0,,,,,,,,
bufse lymphatic contour face brush,93.0,EXACT,LYMPHATIC_CORE,8,12,CONSOLIDATED,117.0,24,8,,0.0,1.0,19.0,32.0,29.0,3.0,12.0,21.0,16.0,92.0,5.0,66.0,37.0,10.0,13.0,63.0,74.0
hizoo neck massager lymphatic drainage,93.0,ADJACENT,LYMPHATIC_CORE,1,1,SINGLE,,112,8,,0.0,18.0,,,,,,,,,,,,,,,
gua sha face sculpting tool,93.0,ADJACENT,GUA_SHA,0,2,NONE,243.0,81,8,,0.0,58.0,31.0,204.0,99.0,137.0,133.0,,105.0,216.0,,221.0,,,,,21.0
jaw massage tool,92.0,ADJACENT,OTHER,0,0,NONE,,106,8,,0.0,,,,,153.0,,,256.0,,205.0,283.0,,,,,
face oil for massage,92.0,ADJACENT,OTHER,0,0,NONE,,110,8,,0.0,,,,,,,,145.0,,176.0,,,,,,
facial massage brushes puffiness,92.0,ADJACENT,OTHER,6,12,CONSOLIDATED,113.0,98,8,,0.0,22.0,26.0,46.0,32.0,4.0,6.0,16.0,15.0,127.0,5.0,11.0,37.0,57.0,29.0,61.0,96.0
spinning face cleansing brush,92.0,ADJACENT,OTHER,0,1,NONE,,20,8,1.5,0.0,43.0,,,,,,,,,,,,,,,
facial exfoliating brushes,91.0,ADJACENT,OTHER,0,1,NONE,,74,8,1.22,0.0,49.0,175.0,171.0,,,166.0,258.0,,,59.0,252.0,,273.0,,,
green hand massager for neck,91.0,ADJACENT,OTHER,0,0,NONE,,44,8,,0.0,,,,,,,,222.0,,,,,,,,
koniva face brush,91.0,ADJACENT,OTHER,8,11,CONSOLIDATED,69.0,78,8,,0.0,5.0,7.0,29.0,9.0,20.0,6.0,11.0,13.0,,12.0,26.0,,,36.0,,
electric facial cleansing brushes rotating,91.0,ADJACENT,OTHER,0,0,NONE,,52,8,,,,,,,,,,,,60.0,,,,,,
koveja lymphatic face brush,91.0,EXACT,LYMPHATIC_CORE,4,10,CONSOLIDATED,142.0,143,8,1.15,0.0,15.0,12.0,37.0,55.0,1.0,28.0,25.0,54.0,61.0,6.0,64.0,40.0,35.0,79.0,24.0,56.0
2pcs new lymphatic contour face brush,90.0,EXACT,LYMPHATIC_CORE,2,5,SHARED,196.0,52,8,,6.0,20.0,56.0,123.0,100.0,55.0,42.0,92.0,52.0,256.0,38.0,14.0,128.0,51.0,111.0,50.0,77.0
lymphatic massager machine,90.0,ADJACENT,LYMPHATIC_CORE,0,0,NONE,,46,8,1.77,,,,,,,,,,,58.0,,,,,,
soothesilk facial brush,90.0,ADJACENT,OTHER,6,7,CONSOLIDATED,,74,8,,0.0,1.0,,9.0,8.0,5.0,,4.0,,,32.0,2.0,,,,,
silicon face brush,90.0,ADJACENT,OTHER,0,0,NONE,,63,8,,0.0,117.0,,,,,,,,,,,,,,,
"new lymphatic contour face brush - contour face brush for lymphatic drainage, enhancing elasticity, ",89.0,EXACT,LYMPHATIC_CORE,4,10,CONSOLIDATED,,57,8,,0.0,2.0,35.0,76.0,46.0,33.0,11.0,120.0,40.0,,13.0,69.0,74.0,6.0,23.0,95.0,49.0
loryn lymphatic face brush,89.0,EXACT,LYMPHATIC_CORE,7,11,CONSOLIDATED,168.0,32,8,,0.0,6.0,18.0,20.0,77.0,7.0,12.0,59.0,51.0,,3.0,41.0,39.0,19.0,21.0,108.0,28.0
drainage face brush,88.0,EXACT,LYMPHATIC_CORE,6,13,CONSOLIDATED,69.0,86,8,,2.0,14.0,9.0,33.0,22.0,2.0,23.0,5.0,21.0,65.0,13.0,49.0,72.0,6.0,26.0,90.0,38.0
face depuffer men,88.0,ADJACENT,OTHER,1,5,SINGLE,,32,8,,0.0,20.0,,,92.0,26.0,58.0,,41.0,,,98.0,,45.0,77.0,43.0,84.0
facial contour dry brush for face lymphatic drainage,87.0,EXACT,LYMPHATIC_CORE,8,13,CONSOLIDATED,132.0,87,8,,0.0,19.0,8.0,24.0,36.0,2.0,13.0,26.0,11.0,41.0,14.0,53.0,46.0,7.0,18.0,52.0,104.0
aeki lymphatic contour face brush with instructions,87.0,EXACT,COMPETITOR_BRAND,7,14,CONSOLIDATED,102.0,31,8,,0.0,3.0,18.0,40.0,28.0,7.0,17.0,24.0,21.0,127.0,12.0,41.0,4.0,29.0,23.0,13.0,81.0
wooden handle face brush,87.0,ADJACENT,OTHER,7,10,CONSOLIDATED,,103,8,1.07,0.0,1.0,17.0,36.0,3.0,13.0,16.0,43.0,,,21.0,20.0,,,12.0,,
tryaeki face brush for lymphatic drainage,87.0,EXACT,COMPETITOR_BRAND,4,11,CONSOLIDATED,87.0,55,8,,0.0,21.0,20.0,29.0,52.0,11.0,22.0,8.0,49.0,,5.0,50.0,28.0,54.0,34.0,177.0,60.0
face wrinkle massager,86.0,ADJACENT,OTHER,1,1,SINGLE,,58,8,,0.0,12.0,,,,,,,158.0,,103.0,,,,,,
kojiva lymphatic facial brush,86.0,EXACT,LYMPHATIC_CORE,7,14,CONSOLIDATED,115.0,129,8,1.2,0.0,2.0,12.0,29.0,23.0,7.0,10.0,17.0,9.0,101.0,3.0,25.0,41.0,30.0,24.0,21.0,52.0
castor oil face roller,86.0,ADJACENT,OTHER,0,0,NONE,,128,8,1.38,0.0,,,,,,,,186.0,,,,,,,,
facial lymph brush,86.0,EXACT,LYMPHATIC_CORE,8,13,CONSOLIDATED,115.0,95,8,,0.0,11.0,20.0,30.0,15.0,2.0,23.0,22.0,17.0,,4.0,16.0,42.0,13.0,79.0,25.0,54.0
bamboo face brush,86.0,ADJACENT,OTHER,1,5,SINGLE,,85,8,,0.0,42.0,53.0,35.0,39.0,,67.0,120.0,31.0,,12.0,168.0,,,268.0,118.0,
amazon neck massager,86.0,ADJACENT,OTHER,0,0,NONE,,45,8,1.32,0.0,,,,,238.0,,,,,,,,,,,
kokiva lymphatic face brush,85.0,EXACT,LYMPHATIC_CORE,7,11,CONSOLIDATED,96.0,52,8,1.28,0.0,12.0,2.0,18.0,38.0,3.0,16.0,49.0,64.0,,11.0,50.0,87.0,,17.0,149.0,42.0
loryn facial contour brush,85.0,EXACT,CONTOUR_CORE,7,13,CONSOLIDATED,97.0,50,8,1.28,0.0,10.0,15.0,29.0,46.0,4.0,33.0,11.0,80.0,,5.0,20.0,47.0,22.0,23.0,19.0,53.0
gua sha black,84.0,ADJACENT,GUA_SHA,0,0,NONE,,94,8,,0.0,,,,,,,78.0,,,,,,,,,
de bloat face sculpting brush,84.0,EXACT,CONTOUR_CORE,9,12,CONSOLIDATED,128.0,82,8,1.37,0.0,2.0,14.0,53.0,7.0,1.0,9.0,23.0,17.0,,4.0,16.0,,54.0,50.0,20.0,46.0
facial drainage massage tools,83.0,ADJACENT,LYMPHATIC_CORE,3,5,SHARED,196.0,82,8,1.36,0.0,59.0,40.0,147.0,16.0,3.0,64.0,,34.0,,12.0,70.0,215.0,270.0,76.0,,66.0
recuvia gua sha brush for face,83.0,EXACT,GUA_SHA,6,11,CONSOLIDATED,83.0,96,8,1.17,0.0,8.0,13.0,69.0,50.0,1.0,19.0,11.0,59.0,,4.0,24.0,52.0,38.0,88.0,42.0,26.0
flex face brush,83.0,ADJACENT,OTHER,0,2,NONE,143.0,69,8,1.27,0.0,21.0,47.0,,70.0,,53.0,78.0,,,73.0,58.0,,,107.0,,
dry brush skin,82.0,ADJACENT,OTHER,0,0,NONE,,81,8,1.26,0.0,71.0,127.0,151.0,152.0,139.0,93.0,,112.0,,91.0,63.0,280.0,159.0,,,
alpha fit facial cleansing brush,82.0,ADJACENT,OTHER,0,0,NONE,,109,8,,0.0,91.0,,,200.0,,159.0,268.0,,,144.0,192.0,,,,,
self neck massager tool,82.0,ADJACENT,OTHER,0,0,NONE,,105,8,,0.0,209.0,206.0,,241.0,,,,,,214.0,,,,245.0,,
contour face brush￼,82.0,EXACT,CONTOUR_CORE,10,13,CONSOLIDATED,89.0,69,8,1.17,0.0,1.0,17.0,27.0,28.0,2.0,13.0,3.0,12.0,,10.0,20.0,78.0,6.0,25.0,9.0,76.0
face lifter brush,81.0,ADJACENT,OTHER,5,12,CONSOLIDATED,97.0,44,8,,0.0,19.0,17.0,33.0,18.0,1.0,26.0,53.0,62.0,,2.0,38.0,35.0,46.0,37.0,57.0,48.0
best lymphatic drainage face tool,81.0,ADJACENT,LYMPHATIC_CORE,6,11,CONSOLIDATED,,109,8,1.42,0.0,5.0,8.0,69.0,61.0,6.0,20.0,27.0,14.0,,19.0,30.0,193.0,22.0,51.0,31.0,47.0
soothesilk face brush,81.0,ADJACENT,OTHER,6,6,CONSOLIDATED,,39,8,1.47,0.0,1.0,,18.0,19.0,5.0,,6.0,,,4.0,,,,,,
sculpt lymphatic face brush,81.0,EXACT,LYMPHATIC_CORE,8,12,CONSOLIDATED,118.0,102,8,,0.0,19.0,12.0,26.0,13.0,2.0,15.0,9.0,5.0,76.0,8.0,65.0,44.0,39.0,103.0,122.0,48.0
guasha tool jade,81.0,ADJACENT,GUA_SHA,0,1,NONE,,84,8,,0.0,,,,,,,,35.0,,,,,,,,
dry facial brush for lymphatic drainage,81.0,EXACT,LYMPHATIC_CORE,11,12,CONSOLIDATED,102.0,110,8,,1.0,16.0,5.0,13.0,12.0,4.0,18.0,6.0,19.0,54.0,8.0,7.0,124.0,17.0,25.0,63.0,88.0
small face brush,80.0,ADJACENT,OTHER,0,4,NONE,229.0,67,8,,0.0,23.0,82.0,112.0,136.0,86.0,80.0,29.0,97.0,287.0,27.0,81.0,170.0,59.0,61.0,25.0,148.0
lymphatic face drainage tool,80.0,ADJACENT,LYMPHATIC_CORE,4,11,CONSOLIDATED,172.0,41,8,,0.0,38.0,9.0,60.0,105.0,11.0,14.0,49.0,34.0,200.0,8.0,39.0,153.0,25.0,35.0,43.0,75.0
gua sha facial tools rose quartz,80.0,ADJACENT,GUA_SHA,0,0,NONE,,98,8,1.43,2.0,,,,,,,,98.0,,,,,,,,
light face sculpting tool,80.0,ADJACENT,CONTOUR_CORE,0,0,NONE,,51,8,1.96,0.0,,87.0,,,77.0,114.0,,72.0,,82.0,115.0,,,,,130.0
kogeva facial brush,80.0,ADJACENT,OTHER,8,8,CONSOLIDATED,,102,8,,0.0,1.0,,8.0,4.0,13.0,7.0,,11.0,,2.0,9.0,,,,,
lymphatic drainage brushes for face,79.0,EXACT,LYMPHATIC_CORE,10,12,CONSOLIDATED,146.0,102,8,,0.0,15.0,12.0,35.0,20.0,10.0,13.0,4.0,17.0,163.0,9.0,34.0,75.0,8.0,14.0,122.0,51.0
dry brush for sensitive skin,79.0,ADJACENT,OTHER,0,0,NONE,,54,8,,1.0,56.0,,,,,75.0,,83.0,,51.0,,,,,,
facial rollers for aging skin,78.0,ADJACENT,OTHER,0,1,NONE,,69,8,1.36,0.0,36.0,,,,,,,,,,,,,,,
lymphatic facial brushes,78.0,EXACT,LYMPHATIC_CORE,9,13,CONSOLIDATED,98.0,74,8,,0.0,5.0,7.0,16.0,78.0,9.0,13.0,17.0,12.0,107.0,11.0,37.0,60.0,8.0,38.0,32.0,25.0
gosha brush for face,78.0,ADJACENT,OTHER,11,14,CONSOLIDATED,60.0,58,8,,0.0,1.0,14.0,28.0,6.0,9.0,15.0,11.0,5.0,69.0,4.0,18.0,,12.0,30.0,33.0,17.0
facial cleansing brush waterproof,78.0,ADJACENT,OTHER,0,0,NONE,,82,8,,0.0,,,130.0,148.0,,,249.0,,,,,,,,143.0,
glow touch face sculpting,78.0,ADJACENT,CONTOUR_CORE,0,3,NONE,,89,8,2.29,0.0,,39.0,112.0,62.0,27.0,,,41.0,,,60.0,,,,,
lymphatic contour face brush rose romee,77.0,EXACT,COMPETITOR_BRAND,8,13,CONSOLIDATED,21.0,75,8,1.25,0.0,19.0,9.0,36.0,24.0,15.0,14.0,8.0,16.0,,13.0,34.0,39.0,49.0,66.0,7.0,54.0
sculpting brush for face,77.0,EXACT,CONTOUR_CORE,6,12,CONSOLIDATED,129.0,125,8,,2.0,14.0,8.0,38.0,74.0,4.0,6.0,17.0,44.0,77.0,7.0,59.0,42.0,45.0,36.0,90.0,35.0
lymphatic massagers,77.0,ADJACENT,LYMPHATIC_CORE,0,2,NONE,,55,8,1.4,0.0,21.0,140.0,,248.0,184.0,,,209.0,,40.0,144.0,,,128.0,,123.0
face brush sets,76.0,ADJACENT,OTHER,0,0,NONE,,64,8,,0.0,,,166.0,,,,,146.0,,,,,,,,
real touch neck massager,75.0,ADJACENT,OTHER,0,0,NONE,,79,8,,0.0,243.0,,,,236.0,,,228.0,,241.0,,,,,,
face brushing,74.0,ADJACENT,OTHER,7,12,CONSOLIDATED,292.0,104,8,,0.0,15.0,17.0,25.0,70.0,2.0,13.0,11.0,31.0,95.0,16.0,5.0,162.0,21.0,43.0,32.0,
face lymphatic contour brush for jawline & chin sculpting dry brushing massager for lymphatic draina,72.0,EXACT,DOUBLE_CHIN,3,8,SHARED,278.0,58,8,,0.0,6.0,34.0,96.0,69.0,16.0,35.0,171.0,62.0,,38.0,10.0,52.0,31.0,30.0,192.0,122.0
contour brush for face,72.0,EXACT,CONTOUR_CORE,6,13,CONSOLIDATED,111.0,95,8,1.07,2.0,1.0,17.0,27.0,43.0,2.0,25.0,30.0,22.0,,10.0,24.0,99.0,9.0,35.0,7.0,106.0
face gym gua sha,71.0,ADJACENT,GUA_SHA,0,1,NONE,,51,8,,,,,,,,,,,,,,,,,,34.0
lymphatic face brush aeki,71.0,EXACT,COMPETITOR_BRAND,6,13,CONSOLIDATED,139.0,111,8,,0.0,18.0,17.0,30.0,26.0,7.0,20.0,28.0,23.0,51.0,14.0,37.0,3.0,36.0,79.0,34.0,119.0
face sculptor tool,70.0,ADJACENT,CONTOUR_CORE,0,0,NONE,,68,8,1.42,0.0,,,,,66.0,51.0,,,,,,204.0,68.0,,,121.0
rampula facial cleansing brush,70.0,ADJACENT,OTHER,0,0,NONE,,40,8,,2.0,,,,,,,130.0,,,155.0,111.0,,,,,
aeki face sculpting brush,70.0,EXACT,COMPETITOR_BRAND,3,12,SHARED,129.0,47,8,,0.0,34.0,23.0,34.0,54.0,5.0,33.0,40.0,37.0,,19.0,31.0,3.0,44.0,68.0,30.0,61.0
gua sha facial sets,69.0,ADJACENT,GUA_SHA,0,1,NONE,,46,8,1.32,0.0,,,106.0,,,,,24.0,,,,,,,,
gua sha soft brush,69.0,EXACT,GUA_SHA,6,12,CONSOLIDATED,63.0,64,8,,0.0,30.0,11.0,46.0,10.0,1.0,13.0,22.0,35.0,113.0,16.0,26.0,,,3.0,79.0,29.0
refy duo face brush,69.0,ADJACENT,OTHER,0,0,NONE,,20,8,1.07,0.0,,,,,,,,,,,,,,,,
puffy face brush,68.0,ADJACENT,OTHER,10,13,CONSOLIDATED,80.0,71,8,,0.0,6.0,15.0,34.0,27.0,2.0,14.0,16.0,7.0,65.0,8.0,17.0,,9.0,39.0,10.0,58.0
wooden face brush,67.0,ADJACENT,OTHER,4,9,CONSOLIDATED,285.0,54,8,,2.0,2.0,53.0,9.0,16.0,56.0,45.0,37.0,32.0,52.0,23.0,59.0,,,30.0,19.0,
contouring make up,67.0,ADJACENT,CONTOUR_CORE,0,0,NONE,,79,8,1.04,0.0,,,,,226.0,,,216.0,,,,,,,,
face sculpture tool,67.0,ADJACENT,CONTOUR_CORE,1,3,SINGLE,,31,8,,0.0,,,,,4.0,,,28.0,,29.0,,,,,,
lymphatic drainage stimulator,67.0,ADJACENT,LYMPHATIC_CORE,0,1,NONE,,32,8,1.61,0.0,43.0,85.0,,,,,,100.0,,,145.0,289.0,,,,
rosenice rose quartz gua sha facial tools,66.0,ADJACENT,GUA_SHA,0,0,NONE,,79,8,,0.0,,,,,,,,,,,,,,,,
lymphatic massage face brush,66.0,EXACT,LYMPHATIC_CORE,8,14,CONSOLIDATED,135.0,12,8,1.18,0.0,2.0,11.0,25.0,9.0,5.0,22.0,10.0,17.0,166.0,4.0,27.0,42.0,8.0,24.0,43.0,55.0
facial neck massager,66.0,ADJACENT,OTHER,0,0,NONE,,56,8,2.12,0.0,165.0,190.0,,,191.0,215.0,,206.0,,186.0,,,,,,
gua sha scraper,66.0,ADJACENT,GUA_SHA,0,0,NONE,,80,8,1.36,,,,,,,,,,,,,,,,,209.0
gua sha kitsch,65.0,ADJACENT,COMPETITOR_BRAND,1,1,SINGLE,,12,8,,0.0,,,,,,,5.0,,,,,,,,,
contour for fair skin,65.0,ADJACENT,CONTOUR_CORE,0,0,NONE,,47,8,,0.0,,,,290.0,,,,,,157.0,,,,,,
face lifting massager,65.0,ADJACENT,OTHER,1,1,SINGLE,,103,8,1.43,0.0,6.0,115.0,,243.0,76.0,166.0,,164.0,,112.0,61.0,,173.0,174.0,206.0,102.0
contouring face roller,65.0,ADJACENT,CONTOUR_CORE,1,1,SINGLE,,72,8,,0.0,10.0,,,,,,,,,,,,,,,
contouring kit,65.0,ADJACENT,CONTOUR_CORE,0,0,NONE,,69,8,,0.0,,,205.0,,131.0,,,,,,,,,,223.0,
contour facial brush for lymphatic drainage,64.0,EXACT,LYMPHATIC_CORE,7,14,CONSOLIDATED,151.0,82,8,,0.0,13.0,12.0,48.0,51.0,5.0,28.0,24.0,19.0,117.0,6.0,27.0,44.0,20.0,26.0,14.0,42.0
neck massager like real hands,64.0,ADJACENT,OTHER,0,0,NONE,,86,8,,0.0,,274.0,,,,,,,,,,,,,,
chin sculpting tool,63.0,ADJACENT,CONTOUR_CORE,0,1,NONE,,113,8,1.49,0.0,33.0,84.0,,101.0,81.0,110.0,,,,,108.0,171.0,,,,118.0
face massage stone,63.0,ADJACENT,OTHER,0,1,NONE,,88,8,,0.0,35.0,,,,,,,121.0,,,,,,,,168.0
pro face contour brush set,63.0,EXACT,CONTOUR_CORE,1,3,SINGLE,,110,8,,1.0,,,,,27.0,,18.0,,,,,,,,30.0,
washa face brush,63.0,ADJACENT,OTHER,10,14,CONSOLIDATED,,62,8,1.41,0.0,2.0,9.0,40.0,18.0,1.0,3.0,20.0,24.0,,4.0,25.0,39.0,17.0,8.0,19.0,71.0
massage facial brush,63.0,ADJACENT,OTHER,0,0,NONE,,0,8,,,,,,,,,,,,,,,,,,
flat top face brush,62.0,ADJACENT,OTHER,0,0,NONE,,76,8,,0.0,,,,,,,,,,,,,,,,
guasha brushes for face,62.0,EXACT,GUA_SHA,7,11,CONSOLIDATED,68.0,44,8,,0.0,16.0,4.0,91.0,53.0,2.0,19.0,67.0,29.0,45.0,11.0,24.0,64.0,30.0,18.0,65.0,13.0
"new lymphatic contour face brush, lymphatic drainage massager",61.0,EXACT,LYMPHATIC_CORE,9,11,CONSOLIDATED,90.0,85,8,,5.0,9.0,13.0,54.0,35.0,19.0,17.0,16.0,20.0,72.0,6.0,40.0,65.0,11.0,7.0,78.0,83.0
depuffing face brush,61.0,EXACT,OTHER,9,15,CONSOLIDATED,134.0,72,8,,0.0,14.0,19.0,26.0,15.0,1.0,10.0,22.0,16.0,,4.0,25.0,34.0,20.0,43.0,7.0,49.0
lymphatic drainage (debloat + facial puffines),61.0,ADJACENT,LYMPHATIC_CORE,5,9,CONSOLIDATED,,21,8,,0.0,4.0,11.0,,32.0,1.0,24.0,,9.0,,17.0,76.0,,64.0,36.0,141.0,27.0
vibrating face brush,61.0,ADJACENT,OTHER,0,1,NONE,,48,8,1.39,2.0,50.0,60.0,,,,84.0,57.0,,,129.0,106.0,,,141.0,,
kogiva lymphatic face brush,60.0,EXACT,LYMPHATIC_CORE,8,14,CONSOLIDATED,108.0,45,8,1.16,0.0,1.0,14.0,26.0,15.0,3.0,12.0,48.0,17.0,,5.0,31.0,24.0,47.0,41.0,135.0,19.0
facial and neck massager for face,60.0,ADJACENT,OTHER,0,0,NONE,,81,8,2.14,0.0,167.0,135.0,,187.0,128.0,,,174.0,,144.0,188.0,,204.0,159.0,,
guasha tool face,60.0,ADJACENT,GUA_SHA,2,3,SHARED,,64,8,,0.0,,17.0,191.0,84.0,19.0,,,43.0,,,126.0,,,156.0,,122.0
smooth silk face brush,60.0,ADJACENT,OTHER,4,5,CONSOLIDATED,,85,8,1.15,0.0,,3.0,,2.0,,4.0,5.0,,,,,,,25.0,,
real techniques brush set face,60.0,ADJACENT,OTHER,0,0,NONE,,21,8,,0.0,,,163.0,,,,,,,,,,,,,
lymphatic drainage gua sha,60.0,ADJACENT,GUA_SHA,1,5,SINGLE,151.0,121,8,1.32,1.0,31.0,26.0,,90.0,131.0,112.0,100.0,36.0,,67.0,105.0,,,45.0,220.0,10.0
recuvia lymphatic contour face brush eliminate,60.0,EXACT,LYMPHATIC_CORE,8,15,CONSOLIDATED,131.0,63,8,1.42,0.0,9.0,18.0,24.0,21.0,1.0,6.0,5.0,10.0,73.0,7.0,20.0,43.0,31.0,44.0,26.0,42.0
face sculpting and contouring tools,60.0,ADJACENT,CONTOUR_CORE,6,11,CONSOLIDATED,,62,8,,0.0,39.0,17.0,24.0,53.0,12.0,22.0,,15.0,274.0,10.0,6.0,,1.0,31.0,87.0,35.0
lymphatic drainer,59.0,ADJACENT,LYMPHATIC_CORE,1,1,SINGLE,,114,8,,1.0,,,,,,,,62.0,,18.0,,,,,,
dry lymphatic brush face,59.0,EXACT,LYMPHATIC_CORE,8,13,CONSOLIDATED,273.0,85,8,,0.0,25.0,8.0,11.0,38.0,3.0,17.0,21.0,46.0,107.0,6.0,14.0,69.0,2.0,31.0,18.0,74.0
brush for face cleaning,59.0,ADJACENT,OTHER,0,0,NONE,,109,8,,0.0,62.0,175.0,,165.0,167.0,186.0,105.0,188.0,,104.0,192.0,,,,236.0,
manual exfoliating face brush,58.0,ADJACENT,OTHER,0,0,NONE,,48,8,,0.0,93.0,161.0,186.0,163.0,160.0,168.0,91.0,,,147.0,188.0,,,,,
aeki face lifting brush,58.0,ADJACENT,COMPETITOR_BRAND,4,14,CONSOLIDATED,123.0,12,8,,0.0,10.0,23.0,53.0,30.0,4.0,22.0,21.0,39.0,,24.0,28.0,3.0,35.0,18.0,36.0,45.0
soothesilk™ lymphatic contour face brush,58.0,EXACT,LYMPHATIC_CORE,9,13,CONSOLIDATED,,47,8,1.21,0.0,1.0,12.0,14.0,34.0,3.0,22.0,60.0,7.0,,4.0,18.0,30.0,6.0,17.0,94.0,29.0
face lift roller,58.0,ADJACENT,OTHER,0,0,NONE,,154,8,1.39,1.0,,,,,,,,80.0,,,,,,,,
jaw line sculpter,58.0,ADJACENT,CONTOUR_CORE,0,1,NONE,,96,8,,0.0,33.0,,,,,,,,,,,,,,,
fan facial brush,58.0,ADJACENT,OTHER,0,1,NONE,,52,8,0.65,,,,,,,,,,,38.0,,,,,,
gua sha with handle,58.0,ADJACENT,GUA_SHA,0,0,NONE,,82,8,,0.0,,121.0,153.0,150.0,,,,94.0,235.0,,,,,136.0,,
lymphatic drainage brush set,58.0,EXACT,LYMPHATIC_CORE,5,7,CONSOLIDATED,205.0,71,8,,0.0,8.0,36.0,55.0,58.0,70.0,17.0,59.0,4.0,146.0,19.0,40.0,118.0,69.0,11.0,174.0,136.0
face brush for lymphaticdrainage,58.0,EXACT,LYMPHATIC_CORE,7,11,CONSOLIDATED,,77,8,,0.0,7.0,17.0,26.0,34.0,3.0,12.0,60.0,65.0,,18.0,16.0,83.0,32.0,8.0,131.0,38.0
jade guasha tool for face,57.0,ADJACENT,GUA_SHA,0,0,NONE,,60,8,1.39,2.0,,,,,,,,72.0,,,,,,,,149.0
kojeva lymphatic contour face brush,56.0,EXACT,COMPETITOR_BRAND,8,13,CONSOLIDATED,125.0,56,8,1.42,0.0,11.0,5.0,33.0,57.0,7.0,9.0,17.0,13.0,71.0,8.0,28.0,22.0,25.0,44.0,19.0,70.0
lymphatic drainage for cellulite,56.0,ADJACENT,LYMPHATIC_CORE,0,0,NONE,,123,8,,0.0,90.0,267.0,,209.0,127.0,156.0,,,,,214.0,,,,,
lymphatic drainage hsa,56.0,ADJACENT,LYMPHATIC_CORE,0,1,NONE,,51,8,,0.0,29.0,,,,,,,181.0,,,,,,,,
soothe silk face brush,56.0,ADJACENT,COMPETITOR_BRAND,9,10,CONSOLIDATED,,12,8,1.43,0.0,1.0,18.0,,17.0,3.0,9.0,12.0,,,11.0,8.0,,21.0,16.0,,
wooden neck massager,56.0,ADJACENT,OTHER,0,0,NONE,,92,8,,,,,,,,,,,,,265.0,,,,,
counterglow face brush,56.0,ADJACENT,OTHER,7,10,CONSOLIDATED,32.0,73,8,,0.0,6.0,,,35.0,1.0,9.0,8.0,,,5.0,34.0,7.0,21.0,66.0,11.0,
lymphatic brish,55.0,ADJACENT,LYMPHATIC_CORE,5,12,CONSOLIDATED,125.0,112,8,,0.0,32.0,11.0,48.0,34.0,12.0,23.0,6.0,24.0,74.0,14.0,30.0,84.0,,26.0,7.0,63.0
facial applicator brush,55.0,ADJACENT,OTHER,0,0,NONE,,99,8,,2.0,106.0,,,150.0,130.0,146.0,61.0,160.0,,166.0,162.0,,,302.0,,165.0
neck massager manual,55.0,ADJACENT,OTHER,0,0,NONE,,143,8,1.19,,,,,,,,,,,163.0,,,,,,
washable face brush,55.0,ADJACENT,OTHER,6,9,CONSOLIDATED,98.0,76,8,,0.0,1.0,17.0,30.0,20.0,,29.0,6.0,,,42.0,4.0,,7.0,59.0,,
gua sha body tools stainless steel,55.0,ADJACENT,GUA_SHA,0,0,NONE,,58,8,,0.0,,,173.0,,,,,,,,,,,,,217.0
face scraper for women,55.0,ADJACENT,OTHER,0,1,NONE,,130,8,1.15,0.0,,,,,,,,69.0,,27.0,,,,,,
face massager device,55.0,ADJACENT,OTHER,0,0,NONE,,117,8,1.77,0.0,,,,,,,,195.0,,,,,,253.0,,
kojeva organic lymphatic face brush,55.0,EXACT,COMPETITOR_BRAND,6,11,CONSOLIDATED,105.0,110,8,1.31,0.0,15.0,17.0,21.0,57.0,7.0,31.0,14.0,22.0,73.0,5.0,65.0,39.0,53.0,41.0,11.0,61.0
conture face brush lymphatic,55.0,EXACT,LYMPHATIC_CORE,8,15,CONSOLIDATED,132.0,89,8,1.29,0.0,21.0,9.0,26.0,18.0,2.0,4.0,17.0,22.0,79.0,13.0,39.0,45.0,3.0,30.0,20.0,50.0
face massager brush,55.0,ADJACENT,OTHER,7,12,CONSOLIDATED,50.0,111,8,,0.0,7.0,10.0,21.0,67.0,2.0,19.0,27.0,39.0,,12.0,15.0,137.0,3.0,42.0,106.0,26.0
lymphatic drainage face brush - jawline & chin sculpting dry brushing massager for facial fatigue re,55.0,EXACT,DOUBLE_CHIN,3,11,SHARED,233.0,92,8,,0.0,4.0,19.0,54.0,37.0,42.0,46.0,198.0,35.0,,24.0,12.0,31.0,36.0,32.0,222.0,81.0
double chin roller,55.0,ADJACENT,DOUBLE_CHIN,0,0,NONE,,94,8,1.04,,,,,,,,,,,,96.0,,,,,
facial cleansing brush manual,54.0,ADJACENT,OTHER,0,0,NONE,,79,8,,1.0,177.0,,,85.0,,,,,,90.0,,,,,,
facial massage roller tool,54.0,ADJACENT,OTHER,0,0,NONE,,146,8,,,,,,,,,,,,,,,,,,273.0
lymphatic drainage massager for face and neck,54.0,ADJACENT,LYMPHATIC_CORE,0,1,NONE,270.0,102,8,1.65,0.0,57.0,33.0,143.0,91.0,75.0,138.0,51.0,133.0,,63.0,78.0,210.0,82.0,55.0,,101.0
gua sha facial tools brush,53.0,EXACT,GUA_SHA,8,12,CONSOLIDATED,80.0,88,8,1.32,0.0,3.0,1.0,60.0,34.0,2.0,24.0,36.0,14.0,,7.0,15.0,,31.0,12.0,,6.0
lymphatic massage brush for face,53.0,EXACT,LYMPHATIC_CORE,9,10,CONSOLIDATED,142.0,60,8,,0.0,16.0,13.0,19.0,20.0,6.0,9.0,85.0,47.0,,4.0,83.0,92.0,8.0,18.0,158.0,62.0
lymphatic drainage face brushes,53.0,EXACT,LYMPHATIC_CORE,9,15,CONSOLIDATED,85.0,78,8,,0.0,14.0,8.0,23.0,21.0,7.0,19.0,17.0,18.0,57.0,13.0,16.0,41.0,5.0,31.0,27.0,48.0
double sided facial scrubber brush,53.0,ADJACENT,OTHER,0,0,NONE,,87,8,,0.0,,,,189.0,149.0,,,,,,174.0,,,,,
face contour brush lymphatic drainage,52.0,EXACT,LYMPHATIC_CORE,9,14,CONSOLIDATED,50.0,98,8,,0.0,20.0,14.0,30.0,23.0,1.0,10.0,6.0,13.0,99.0,7.0,18.0,35.0,5.0,39.0,22.0,63.0
contour face massage brush,52.0,EXACT,CONTOUR_CORE,10,14,CONSOLIDATED,112.0,109,8,,0.0,15.0,18.0,26.0,14.0,8.0,11.0,9.0,16.0,132.0,6.0,24.0,30.0,5.0,35.0,12.0,73.0
lymphatic drainage face oil,52.0,ADJACENT,LYMPHATIC_CORE,0,1,NONE,110.0,98,8,,0.0,,64.0,83.0,,,89.0,,25.0,,121.0,,,125.0,290.0,,
gua sha massage oil,51.0,ADJACENT,GUA_SHA,0,0,NONE,,105,8,,0.0,,104.0,,,,,,112.0,,,,,,,,
lymphatic contour face brush set of 2,51.0,EXACT,LYMPHATIC_CORE,5,9,CONSOLIDATED,183.0,62,8,,0.0,10.0,46.0,74.0,80.0,48.0,11.0,37.0,33.0,7.0,88.0,17.0,106.0,13.0,100.0,57.0,144.0
lymphatic brush face,51.0,EXACT,LYMPHATIC_CORE,7,11,CONSOLIDATED,122.0,139,8,1.17,0.0,21.0,11.0,31.0,89.0,6.0,20.0,9.0,67.0,53.0,13.0,36.0,93.0,12.0,35.0,15.0,70.0
lymphatic draining face brush,51.0,EXACT,LYMPHATIC_CORE,8,13,CONSOLIDATED,122.0,64,8,,0.0,1.0,12.0,14.0,22.0,2.0,8.0,74.0,15.0,,3.0,42.0,28.0,6.0,26.0,131.0,37.0
gua sha set with oil,51.0,ADJACENT,GUA_SHA,1,1,SINGLE,,73,8,,0.0,,,104.0,,,,,12.0,,,,,,,,
loryn facial brush,51.0,ADJACENT,OTHER,9,11,CONSOLIDATED,53.0,43,8,,0.0,1.0,11.0,26.0,29.0,2.0,12.0,17.0,,,3.0,8.0,,10.0,9.0,84.0,
litlift led sculpt facial tool,51.0,ADJACENT,CONTOUR_CORE,0,0,NONE,,48,8,,,,,,,,,,,,60.0,,,,,,
face oil for guasha,51.0,ADJACENT,GUA_SHA,0,0,NONE,274.0,86,8,,0.0,,72.0,,,,,,283.0,,,,,,,,
face massager for bells palsy,50.0,ADJACENT,OTHER,0,1,NONE,,69,8,,0.0,34.0,,,,,,,,,,,,,,,
lymphatic drain massager,50.0,ADJACENT,LYMPHATIC_CORE,1,1,SINGLE,272.0,23,8,1.39,0.0,6.0,,,,116.0,,,129.0,,,,,,103.0,293.0,
lymphatic contour brush for your face,50.0,EXACT,LYMPHATIC_CORE,10,13,CONSOLIDATED,87.0,61,8,,0.0,17.0,10.0,22.0,19.0,7.0,20.0,13.0,12.0,39.0,8.0,71.0,53.0,5.0,38.0,11.0,84.0
face neck massager tool,50.0,ADJACENT,OTHER,0,0,NONE,,62,8,,2.0,83.0,149.0,,259.0,,,,252.0,,143.0,188.0,,303.0,163.0,,
contouring makeup kit,49.0,ADJACENT,CONTOUR_CORE,0,0,NONE,,107,8,1.07,1.0,,,,,171.0,,,,,,,,,,,
soothe silk massager for face,49.0,ADJACENT,COMPETITOR_BRAND,2,2,SHARED,,24,8,,0.0,2.0,,,5.0,,,,,,,,,,,,
lymphatic drainage jiggler,49.0,ADJACENT,LYMPHATIC_CORE,0,0,NONE,,58,8,,0.0,,,,,,,,,,,,,,,,
conture face brush,48.0,ADJACENT,OTHER,7,11,CONSOLIDATED,71.0,125,8,1.37,0.0,5.0,,22.0,29.0,4.0,23.0,3.0,,67.0,6.0,62.0,19.0,2.0,38.0,11.0,
facial and neck massager,48.0,ADJACENT,OTHER,0,0,NONE,,86,8,1.6,0.0,218.0,232.0,,,237.0,221.0,,235.0,,269.0,233.0,,,,,
nadi lymphatic face brush,48.0,EXACT,LYMPHATIC_CORE,8,13,CONSOLIDATED,,75,8,,0.0,1.0,3.0,23.0,14.0,4.0,13.0,68.0,10.0,,9.0,42.0,47.0,18.0,22.0,88.0,31.0
facial silicone brush,48.0,ADJACENT,OTHER,0,0,NONE,,100,8,,0.0,,,,302.0,193.0,,,,,96.0,,,,,,
silkier skin sculpt,48.0,ADJACENT,CONTOUR_CORE,1,1,SINGLE,,12,8,,0.0,18.0,,,,,,,,,,,,,,,
face cleansing oil and brush,47.0,ADJACENT,OTHER,0,1,NONE,,40,8,,0.0,,,,,,,,161.0,,50.0,,,,,,
face brush guasha,47.0,EXACT,GUA_SHA,6,10,CONSOLIDATED,64.0,65,8,,0.0,14.0,2.0,95.0,52.0,3.0,22.0,49.0,43.0,71.0,11.0,125.0,69.0,13.0,26.0,56.0,19.0
lymphatic facial brush curved,47.0,EXACT,LYMPHATIC_CORE,10,12,CONSOLIDATED,149.0,70,8,,0.0,1.0,14.0,18.0,13.0,3.0,12.0,16.0,21.0,134.0,4.0,15.0,60.0,8.0,31.0,82.0,52.0
makeup brush face set,47.0,ADJACENT,OTHER,0,0,NONE,,83,8,,0.0,,,,,,,,230.0,,,,,,,,
aeki facial brush,47.0,ADJACENT,COMPETITOR_BRAND,6,14,CONSOLIDATED,70.0,32,8,1.22,0.0,4.0,21.0,27.0,40.0,5.0,22.0,23.0,11.0,,8.0,10.0,3.0,25.0,46.0,28.0,
contour face brush lymphatic drainage,47.0,EXACT,LYMPHATIC_CORE,9,13,CONSOLIDATED,82.0,98,8,1.3,3.0,15.0,17.0,30.0,23.0,12.0,10.0,8.0,18.0,83.0,13.0,44.0,63.0,3.0,16.0,25.0,73.0
gua sha facial lifting tool,47.0,ADJACENT,GUA_SHA,0,2,NONE,237.0,114,8,1.55,0.0,156.0,66.0,,157.0,78.0,165.0,,43.0,,,148.0,,,190.0,,33.0
"2 pack lymphatic contour face brushes for sculpting & drainage – reduces puffiness, double chin, and",47.0,EXACT,DOUBLE_CHIN,2,5,SHARED,151.0,58,8,,0.0,6.0,53.0,158.0,95.0,57.0,30.0,139.0,97.0,125.0,15.0,36.0,141.0,52.0,51.0,24.0,142.0
primally pure face brush,46.0,ADJACENT,OTHER,0,0,NONE,,0,8,,0.0,,,,,,,,,,,,,,,,
lymphatic brush for face curved,46.0,EXACT,LYMPHATIC_CORE,7,13,CONSOLIDATED,84.0,98,8,,0.0,14.0,5.0,8.0,29.0,11.0,23.0,9.0,15.0,100.0,22.0,27.0,59.0,33.0,56.0,12.0,25.0
counter face brush,45.0,ADJACENT,OTHER,5,5,CONSOLIDATED,,102,8,,0.0,1.0,,,,,,,8.0,,4.0,,,,17.0,7.0,
contouring brush set,45.0,EXACT,CONTOUR_CORE,0,0,NONE,,46,8,,0.0,,,173.0,214.0,95.0,175.0,,112.0,,,,,,,,
zenova lymphatic face brush,45.0,EXACT,LYMPHATIC_CORE,8,15,CONSOLIDATED,158.0,81,8,1.36,0.0,1.0,11.0,27.0,24.0,4.0,15.0,19.0,18.0,36.0,8.0,31.0,33.0,3.0,26.0,22.0,54.0
facial brushes lymphatic,45.0,EXACT,LYMPHATIC_CORE,10,14,CONSOLIDATED,,114,8,,0.0,2.0,7.0,13.0,19.0,3.0,15.0,6.0,12.0,82.0,11.0,40.0,73.0,4.0,22.0,25.0,23.0
cojeva face brush,45.0,ADJACENT,OTHER,6,6,CONSOLIDATED,,46,8,,0.0,1.0,,,11.0,,8.0,,5.0,,3.0,10.0,,,,,
lymphatic system cleanse,45.0,ADJACENT,LYMPHATIC_CORE,0,0,NONE,,73,8,1.97,0.0,,,,,,,,151.0,,,,,,,,
lymph facial brush,45.0,EXACT,LYMPHATIC_CORE,10,14,CONSOLIDATED,103.0,115,8,,0.0,14.0,8.0,17.0,11.0,3.0,21.0,9.0,16.0,57.0,6.0,15.0,43.0,18.0,25.0,105.0,46.0
ultra soft brush depuff,44.0,EXACT,OTHER,6,11,CONSOLIDATED,85.0,26,8,,0.0,6.0,25.0,,37.0,1.0,3.0,5.0,8.0,,46.0,66.0,89.0,43.0,18.0,28.0,69.0
￼lymphatic contour face brush,44.0,EXACT,LYMPHATIC_CORE,6,12,CONSOLIDATED,151.0,99,8,1.27,0.0,18.0,9.0,87.0,60.0,11.0,33.0,7.0,70.0,58.0,10.0,28.0,41.0,31.0,27.0,6.0,42.0
"facial & neck massager – skin firming, wrinkle reducer & sculpting tool | portable led light therapy",44.0,ADJACENT,CONTOUR_CORE,0,0,NONE,,83,8,,,,,,,,,,,,113.0,,,,,,
lymphatic drainage dry brush face,44.0,EXACT,LYMPHATIC_CORE,7,12,CONSOLIDATED,66.0,91,8,1.29,0.0,22.0,8.0,17.0,73.0,5.0,15.0,35.0,42.0,11.0,10.0,50.0,104.0,7.0,33.0,194.0,108.0
red light guasha tool for face,44.0,ADJACENT,GUA_SHA,0,0,NONE,,89,8,1.99,0.0,58.0,,,,,,,,,,,,,,,
lymphatic counter face brush,44.0,EXACT,LYMPHATIC_CORE,9,12,CONSOLIDATED,111.0,83,8,,0.0,1.0,6.0,21.0,25.0,8.0,9.0,12.0,14.0,63.0,7.0,42.0,68.0,10.0,62.0,17.0,58.0
cala face brush,43.0,ADJACENT,OTHER,0,1,NONE,,28,8,,0.0,,,,,,,74.0,,,,50.0,,,,,
gua sha gift set,43.0,ADJACENT,GUA_SHA,0,1,NONE,,106,8,,0.0,,,107.0,,,,,22.0,,,,,,,,
facial cleansing brush face scrubber,43.0,ADJACENT,OTHER,0,0,NONE,,72,8,1.34,8.0,53.0,185.0,,,,212.0,158.0,,,,,,,,,
eco tools facial brush,43.0,ADJACENT,OTHER,0,0,NONE,,0,8,,,,,,,,,,,,,,,,,,
gua sha fsa,43.0,ADJACENT,GUA_SHA,0,0,NONE,,87,8,,,,,,,,,,,,,,,,75.0,,
gua sha real jade,43.0,ADJACENT,GUA_SHA,0,1,NONE,,108,8,,0.0,,,,294.0,,,,36.0,,,,,,,,
lymphatic drainage suction cups,42.0,ADJACENT,LYMPHATIC_CORE,0,0,NONE,,94,8,1.36,0.0,,,,,,,,,,,,,,,,
guasha tool for feet,42.0,ADJACENT,GUA_SHA,0,0,NONE,,75,8,,,,,,,,,,,,156.0,,,,,,
face messager roller,42.0,ADJACENT,OTHER,0,0,NONE,,46,8,,0.0,,,,,,,,,,83.0,,,,,,
soothesilk lymphatic face brush,42.0,EXACT,LYMPHATIC_CORE,9,15,CONSOLIDATED,86.0,69,8,,0.0,2.0,17.0,21.0,26.0,1.0,22.0,18.0,16.0,48.0,12.0,19.0,31.0,10.0,59.0,20.0,46.0
contoured lymphatic face brush,42.0,EXACT,LYMPHATIC_CORE,11,14,CONSOLIDATED,78.0,94,8,1.4,0.0,1.0,6.0,19.0,18.0,4.0,13.0,11.0,12.0,38.0,15.0,40.0,65.0,9.0,46.0,10.0,64.0
face brush for lymph,42.0,EXACT,LYMPHATIC_CORE,8,12,CONSOLIDATED,138.0,98,8,,0.0,10.0,7.0,25.0,30.0,6.0,12.0,16.0,14.0,61.0,17.0,39.0,51.0,2.0,36.0,106.0,72.0
brushes for dry brushing skin,42.0,ADJACENT,OTHER,0,1,NONE,,86,8,,0.0,35.0,155.0,92.0,83.0,136.0,86.0,,130.0,,,110.0,212.0,,,,
face contour kit,42.0,ADJACENT,CONTOUR_CORE,0,0,NONE,,82,8,,2.0,,,131.0,,,,,,,,,,,,,
facial lymphatic brush for face,42.0,EXACT,LYMPHATIC_CORE,8,12,CONSOLIDATED,112.0,111,8,,0.0,10.0,7.0,14.0,61.0,5.0,18.0,17.0,8.0,290.0,11.0,51.0,40.0,23.0,27.0,79.0,48.0
angular face brush,42.0,ADJACENT,OTHER,1,7,SINGLE,141.0,56,8,1.16,0.0,5.0,50.0,69.0,99.0,25.0,71.0,,43.0,131.0,127.0,21.0,,31.0,117.0,39.0,
upgrade lymphatic contour face brush,41.0,EXACT,LYMPHATIC_CORE,2,12,SHARED,128.0,67,8,,4.0,22.0,5.0,51.0,37.0,28.0,32.0,36.0,24.0,26.0,23.0,125.0,85.0,18.0,38.0,21.0,99.0
7 color face and neck massager,41.0,ADJACENT,OTHER,0,1,NONE,,48,8,1.81,4.0,46.0,,,,,,,,,,,,,,,
lymphatic drainage effect,41.0,ADJACENT,LYMPHATIC_CORE,0,2,NONE,,24,8,,1.0,40.0,,,,119.0,90.0,,,,122.0,263.0,,33.0,97.0,,
neck sculpt,40.0,ADJACENT,CONTOUR_CORE,0,1,NONE,,78,8,,0.0,,,172.0,,28.0,126.0,,,,,95.0,249.0,,,,
facial lymphatic brush set,40.0,EXACT,LYMPHATIC_CORE,4,12,CONSOLIDATED,159.0,77,8,,0.0,3.0,26.0,22.0,31.0,16.0,11.0,39.0,18.0,280.0,24.0,44.0,124.0,21.0,90.0,48.0,52.0
korean face depuffer,40.0,ADJACENT,OTHER,1,5,SINGLE,,67,8,,0.0,25.0,62.0,,,2.0,71.0,,57.0,,21.0,68.0,,49.0,37.0,161.0,88.0
shiseido face brush,40.0,ADJACENT,OTHER,0,0,NONE,,0,8,,,,,,,,,,,,,,,,,,
kojeva lymphatic facial brush,39.0,EXACT,COMPETITOR_BRAND,6,10,CONSOLIDATED,171.0,79,8,,0.0,11.0,12.0,36.0,66.0,4.0,24.0,57.0,72.0,,3.0,34.0,14.0,103.0,19.0,150.0,29.0
contour brush lymphatic,39.0,EXACT,LYMPHATIC_CORE,10,15,CONSOLIDATED,88.0,115,8,,0.0,16.0,7.0,24.0,19.0,1.0,10.0,5.0,12.0,45.0,47.0,13.0,40.0,3.0,21.0,11.0,51.0
lymphatic drainage massager for body,39.0,ADJACENT,LYMPHATIC_CORE,0,0,NONE,,66,8,,2.0,53.0,231.0,,,,,,,,,,,,281.0,,276.0
natural jade guasha tool for face,39.0,ADJACENT,GUA_SHA,1,1,SINGLE,,36,8,,0.0,,,,,,,,11.0,,,,,,,,
quia korean face mask brush,38.0,ADJACENT,OTHER,1,2,SINGLE,,61,8,,0.0,85.0,64.0,78.0,,77.0,,15.0,46.0,,145.0,86.0,126.0,,160.0,,
gua sha tools for face sculpting,38.0,ADJACENT,GUA_SHA,0,2,NONE,233.0,67,8,,0.0,144.0,24.0,189.0,148.0,79.0,116.0,,114.0,266.0,,,,,,,29.0
lymphatic drainage brush for face and neck,38.0,EXACT,LYMPHATIC_CORE,9,13,CONSOLIDATED,149.0,91,8,1.19,0.0,2.0,3.0,16.0,13.0,5.0,19.0,26.0,10.0,48.0,17.0,9.0,60.0,23.0,33.0,67.0,66.0
gua sha vibrating facial tools,38.0,ADJACENT,GUA_SHA,0,1,NONE,,40,8,1.39,0.0,,,,,,,,36.0,,,,,,,,53.0
facial brushes and bowl,38.0,ADJACENT,OTHER,0,0,NONE,,97,8,,,,,,,,,,,,,,,,,,
face guasha tool,38.0,ADJACENT,GUA_SHA,1,4,SINGLE,,65,8,1.53,0.0,23.0,10.0,298.0,130.0,24.0,145.0,,26.0,216.0,,160.0,,,,,95.0
korean skin care brush,38.0,ADJACENT,OTHER,7,9,CONSOLIDATED,,80,8,,0.0,7.0,36.0,,20.0,13.0,16.0,35.0,18.0,,3.0,6.0,,261.0,,87.0,
chin roller for tightening,37.0,ADJACENT,OTHER,1,1,SINGLE,,103,8,,,,,,,,,,,,17.0,,,,122.0,,
lumera face brush,37.0,ADJACENT,OTHER,6,11,CONSOLIDATED,,64,8,,0.0,13.0,24.0,29.0,35.0,3.0,12.0,40.0,,,7.0,14.0,31.0,10.0,72.0,71.0,
natural exfoliating face brush,37.0,ADJACENT,OTHER,0,0,NONE,,77,8,,0.0,,55.0,53.0,126.0,,96.0,67.0,,123.0,,95.0,,,62.0,,
soothesilk lymphatic facial contour brush,37.0,EXACT,LYMPHATIC_CORE,9,14,CONSOLIDATED,156.0,51,8,1.21,0.0,1.0,14.0,48.0,23.0,2.0,15.0,17.0,11.0,,3.0,25.0,41.0,21.0,20.0,18.0,70.0
best face gua sha tool,37.0,ADJACENT,GUA_SHA,0,3,NONE,,56,8,,0.0,,40.0,,122.0,,106.0,,25.0,258.0,,,,,,,32.0
exfoliating and depuffing lymphatic contouring face brush,37.0,EXACT,LYMPHATIC_CORE,6,13,CONSOLIDATED,,56,8,,0.0,8.0,4.0,3.0,24.0,1.0,6.0,78.0,19.0,,29.0,138.0,45.0,27.0,23.0,31.0,33.0
lymphatic drainage massager set,36.0,ADJACENT,LYMPHATIC_CORE,1,1,SINGLE,,48,8,,,,,,,,,,,,,,,,8.0,,
non toxic lymphatic face brush,36.0,EXACT,LYMPHATIC_CORE,13,14,CONSOLIDATED,100.0,75,8,,0.0,2.0,6.0,8.0,11.0,3.0,9.0,1.0,10.0,52.0,18.0,19.0,53.0,12.0,13.0,30.0,20.0
facial suction cups for lymphatic drainage,36.0,ADJACENT,LYMPHATIC_CORE,2,2,SHARED,,24,8,,0.0,17.0,,65.0,,,,,,,7.0,,,,,,
zenova face brush,36.0,ADJACENT,OTHER,1,1,SINGLE,,44,8,,0.0,,3.0,,,,,,,,,,,,,,
dermalogica face brush,35.0,ADJACENT,OTHER,0,2,NONE,,37,8,,0.0,37.0,,67.0,108.0,,127.0,45.0,,,80.0,143.0,,,189.0,58.0,
massager face,35.0,ADJACENT,OTHER,0,0,NONE,,46,8,,1.0,77.0,184.0,,,,,,231.0,,158.0,132.0,,,99.0,,169.0
glidelif multi-sculpt wand for face,35.0,ADJACENT,CONTOUR_CORE,1,1,SINGLE,,63,8,1.55,0.0,7.0,,,,,,,,,,,,,,,
gua sha brush face,35.0,EXACT,GUA_SHA,9,13,CONSOLIDATED,74.0,103,8,1.13,0.0,13.0,5.0,35.0,17.0,3.0,20.0,12.0,31.0,112.0,10.0,19.0,300.0,36.0,25.0,139.0,18.0
facial massager for face and neck,34.0,ADJACENT,OTHER,0,0,NONE,,70,8,1.87,6.0,145.0,152.0,,280.0,178.0,189.0,,220.0,,208.0,229.0,,252.0,273.0,,
lymphatic massage the face,34.0,ADJACENT,LYMPHATIC_CORE,3,7,SHARED,190.0,90,8,,0.0,10.0,29.0,99.0,69.0,5.0,47.0,62.0,46.0,,16.0,57.0,147.0,58.0,41.0,224.0,161.0
contour scraper tool,33.0,ADJACENT,CONTOUR_CORE,0,0,NONE,,72,8,0.96,,,,,,,,,,,,,,,,,
pour brush face,33.0,ADJACENT,OTHER,0,0,NONE,,86,8,1.1,0.0,,,,,,,,,,,,,,,,
facial scraper tool massage belly,33.0,ADJACENT,OTHER,0,0,NONE,,12,8,,,,,,,,,,,,,,,,,,144.0
lymphatic drainage gua sha by ava,33.0,ADJACENT,GUA_SHA,1,4,SINGLE,,11,8,1.16,0.0,20.0,22.0,,54.0,115.0,50.0,,55.0,,,139.0,,,190.0,,23.0
face. brush,33.0,ADJACENT,OTHER,1,8,SINGLE,,84,8,,0.0,46.0,15.0,168.0,99.0,22.0,27.0,47.0,152.0,264.0,26.0,148.0,,43.0,76.0,33.0,
contouring face brush,33.0,EXACT,CONTOUR_CORE,7,9,CONSOLIDATED,90.0,97,8,,0.0,6.0,11.0,29.0,83.0,2.0,4.0,97.0,15.0,,9.0,99.0,101.0,3.0,42.0,155.0,81.0
nadivon face brush,33.0,ADJACENT,OTHER,2,2,SHARED,,63,8,,0.0,,,,8.0,,,,,,5.0,,,,,,
gua sha face roller,32.0,ADJACENT,GUA_SHA,0,0,NONE,,84,8,1.44,2.0,,,,,,,,175.0,,,,,,,,197.0
vapoura™ lymphatic contour face brush,32.0,EXACT,LYMPHATIC_CORE,10,14,CONSOLIDATED,95.0,82,8,,0.0,13.0,12.0,27.0,25.0,6.0,10.0,18.0,20.0,48.0,7.0,74.0,45.0,17.0,19.0,9.0,71.0
case neck brush,32.0,ADJACENT,OTHER,0,1,NONE,,35,8,,5.0,,,,27.0,,57.0,,,,68.0,87.0,,,,,
trykojeva facial brush,32.0,ADJACENT,COMPETITOR_BRAND,6,11,CONSOLIDATED,108.0,47,8,1.2,0.0,19.0,22.0,32.0,17.0,2.0,,53.0,9.0,,3.0,13.0,24.0,30.0,23.0,52.0,
lymphatic face brush￼,32.0,EXACT,LYMPHATIC_CORE,9,13,CONSOLIDATED,105.0,96,8,1.22,0.0,18.0,7.0,21.0,27.0,6.0,13.0,12.0,14.0,80.0,9.0,37.0,57.0,15.0,29.0,16.0,56.0
lymphatic swelling relief,32.0,ADJACENT,LYMPHATIC_CORE,0,0,NONE,,60,8,1.94,0.0,,,,,166.0,,,185.0,,,98.0,,,,,
foreo face cleansing brush,31.0,ADJACENT,OTHER,0,0,NONE,,51,8,1.28,0.0,,,,168.0,,,61.0,,,174.0,,,,,,
drainage facial brush,31.0,EXACT,LYMPHATIC_CORE,8,14,CONSOLIDATED,93.0,51,8,,0.0,10.0,14.0,48.0,24.0,3.0,12.0,23.0,20.0,117.0,5.0,31.0,62.0,7.0,9.0,34.0,45.0
brushes for face mask,31.0,ADJACENT,OTHER,0,0,NONE,,90,8,,,,,,,,,,,,,93.0,,,,,
taeki face brush,31.0,ADJACENT,COMPETITOR_BRAND,8,9,CONSOLIDATED,46.0,31,8,,0.0,2.0,,17.0,39.0,10.0,,18.0,9.0,,3.0,11.0,7.0,,,,
dry skin brushing,31.0,ADJACENT,OTHER,0,0,NONE,,95,8,,1.0,84.0,162.0,136.0,109.0,130.0,,,158.0,,55.0,144.0,,,,,
soft lymphatic brush face,31.0,EXACT,LYMPHATIC_CORE,11,13,CONSOLIDATED,77.0,89,8,1.44,0.0,1.0,6.0,8.0,23.0,2.0,9.0,18.0,13.0,266.0,11.0,19.0,120.0,3.0,24.0,10.0,96.0
dry skin brush set,30.0,ADJACENT,OTHER,0,0,NONE,,42,8,,0.0,,,117.0,174.0,,,,101.0,,,,,,148.0,,
soft bristle lymphatic face brush,30.0,EXACT,LYMPHATIC_CORE,8,12,CONSOLIDATED,108.0,63,8,,1.0,5.0,7.0,17.0,23.0,1.0,6.0,27.0,18.0,258.0,64.0,19.0,110.0,33.0,11.0,40.0,79.0
chin lipo massage tool,30.0,ADJACENT,OTHER,0,2,NONE,,92,8,,0.0,45.0,,,90.0,149.0,,,,,43.0,145.0,,,,,241.0
lymphatic face brush + free ebook,30.0,EXACT,LYMPHATIC_CORE,10,11,CONSOLIDATED,,118,8,,0.0,2.0,5.0,,18.0,1.0,9.0,,,,4.0,24.0,,6.0,13.0,10.0,17.0
under eye massager for puffiness,30.0,ADJACENT,OTHER,0,0,NONE,,127,8,,0.0,213.0,,,,222.0,,,208.0,,211.0,,,,,,
lymphatic wood tools,30.0,ADJACENT,LYMPHATIC_CORE,0,1,NONE,,68,8,1.15,0.0,,61.0,116.0,67.0,,,,,,35.0,216.0,,,,,
lymphatic drainage soap,29.0,ADJACENT,LYMPHATIC_CORE,0,0,NONE,,96,8,,0.0,,,,,,,,,,,,,,,,99.0
roller massager for face,29.0,ADJACENT,OTHER,0,0,NONE,,114,8,,1.0,,,,,,,,,,,,,,,,
skin brushes,29.0,ADJACENT,OTHER,1,3,SINGLE,,108,8,,0.0,49.0,68.0,162.0,57.0,63.0,127.0,86.0,72.0,,14.0,36.0,,,140.0,204.0,
facial mask brushes,29.0,ADJACENT,OTHER,0,0,NONE,,105,8,,1.0,132.0,152.0,,,166.0,165.0,135.0,,,61.0,191.0,,,,,
soothesilk anti cellulite massager face,29.0,ADJACENT,OTHER,2,4,SHARED,,12,8,,0.0,6.0,,,,18.0,,,,,,39.0,,31.0,,,
facial cleaning brush for face,29.0,ADJACENT,OTHER,0,1,NONE,,104,8,,0.0,37.0,208.0,163.0,,,161.0,120.0,186.0,,104.0,219.0,,,,,
face madk brush,29.0,ADJACENT,OTHER,0,1,NONE,,80,8,,0.0,,254.0,,154.0,,186.0,110.0,95.0,,,40.0,,,,,
gua sha brish,29.0,ADJACENT,GUA_SHA,7,11,CONSOLIDATED,113.0,65,8,,0.0,29.0,8.0,25.0,13.0,7.0,33.0,10.0,56.0,,11.0,23.0,,89.0,18.0,148.0,17.0
gua sha facial tools lymphatic drainage,28.0,ADJACENT,GUA_SHA,3,7,SHARED,96.0,108,8,,2.0,7.0,21.0,289.0,44.0,112.0,39.0,105.0,5.0,171.0,111.0,25.0,,,89.0,,13.0
stainless gua sha facial tools,28.0,ADJACENT,GUA_SHA,0,0,NONE,,83,8,1.21,0.0,,,143.0,,,,,,,,,,,,,168.0
fully face brush,28.0,ADJACENT,OTHER,2,4,SHARED,,51,8,,0.0,,,,59.0,6.0,26.0,3.0,93.0,,91.0,21.0,,,,,
aeki lymphatic brush for face,28.0,EXACT,COMPETITOR_BRAND,9,13,CONSOLIDATED,103.0,83,8,,0.0,4.0,7.0,17.0,23.0,9.0,11.0,10.0,14.0,55.0,25.0,19.0,3.0,21.0,80.0,36.0,90.0
cjb lymphatic face brush,28.0,EXACT,LYMPHATIC_CORE,9,14,CONSOLIDATED,,22,8,,0.0,2.0,18.0,21.0,7.0,3.0,17.0,49.0,8.0,,25.0,15.0,40.0,16.0,20.0,87.0,44.0
makeup brush face,28.0,ADJACENT,OTHER,0,0,NONE,,61,8,,0.0,,,,,106.0,263.0,139.0,218.0,,281.0,,,,,,
lymphasculpt™ gua sha facial contour brush,27.0,EXACT,GUA_SHA,7,11,CONSOLIDATED,,66,8,1.14,0.0,9.0,12.0,46.0,29.0,4.0,25.0,59.0,41.0,,2.0,18.0,77.0,55.0,7.0,166.0,8.0
face exfoliating scrub brush,27.0,ADJACENT,OTHER,0,0,NONE,,86,8,0.99,0.0,,,,,,,66.0,,,,,,,,,
contour cream kit,27.0,ADJACENT,CONTOUR_CORE,0,0,NONE,,95,8,,0.0,,,,,199.0,,,,,,,,,,,
soothesilk lymphatic contour face brush,27.0,EXACT,LYMPHATIC_CORE,8,13,CONSOLIDATED,113.0,27,8,1.29,0.0,1.0,12.0,28.0,36.0,2.0,18.0,6.0,26.0,166.0,8.0,59.0,46.0,15.0,29.0,14.0,82.0
facial glow brush,27.0,ADJACENT,OTHER,7,11,CONSOLIDATED,61.0,72,8,,0.0,3.0,24.0,51.0,28.0,1.0,34.0,7.0,31.0,90.0,6.0,9.0,,17.0,,5.0,60.0
globrush for face,27.0,ADJACENT,OTHER,5,8,CONSOLIDATED,45.0,39,8,1.1,0.0,6.0,,,36.0,2.0,22.0,4.0,,,5.0,64.0,,19.0,21.0,,
ecotools face brush,27.0,ADJACENT,OTHER,0,0,NONE,,0,8,1.22,,,,,,,,,,,,,,,,,
de-puffing face sculpting brush massage eye and neck care brush,26.0,EXACT,CONTOUR_CORE,8,11,CONSOLIDATED,154.0,63,8,,0.0,11.0,14.0,,16.0,3.0,12.0,41.0,26.0,106.0,7.0,15.0,70.0,21.0,72.0,18.0,58.0
facial bowls and brushes,26.0,ADJACENT,OTHER,0,0,NONE,,89,8,,,,,,,,,,,,61.0,,,,,,
face stones sculpting,26.0,ADJACENT,CONTOUR_CORE,0,2,NONE,,70,8,,0.0,22.0,,,,,,,46.0,,,,,58.0,,,54.0
facial sculpting,26.0,ADJACENT,CONTOUR_CORE,0,0,NONE,,0,8,,,,,,,,,,,,,,,,,,
"rose romee 2 pcs lymphatic contour face brush, dry lymphatic brush, lymphatic drainage massager for ",26.0,EXACT,COMPETITOR_BRAND,3,6,SHARED,,87,8,,0.0,15.0,37.0,136.0,96.0,48.0,59.0,178.0,47.0,,66.0,51.0,111.0,14.0,20.0,,89.0
gua sha wooden massage tool,26.0,ADJACENT,GUA_SHA,0,0,NONE,,55,8,0.97,1.0,,182.0,170.0,230.0,,,,,231.0,,,,,,,
soft facial brush for lymphatic drainage,25.0,EXACT,LYMPHATIC_CORE,11,12,CONSOLIDATED,,94,8,,0.0,4.0,9.0,6.0,28.0,2.0,18.0,8.0,14.0,,11.0,62.0,106.0,5.0,13.0,12.0,54.0
kojeva brush for face,25.0,ADJACENT,COMPETITOR_BRAND,8,8,CONSOLIDATED,39.0,12,8,,0.0,1.0,5.0,,11.0,3.0,10.0,4.0,9.0,,,20.0,,,,,
guasha tool for face and oil,24.0,ADJACENT,GUA_SHA,0,2,NONE,182.0,88,8,1.26,0.0,31.0,,158.0,,116.0,143.0,,27.0,189.0,,,,172.0,124.0,276.0,76.0
lymphatic contour face brush wooden handle,24.0,EXACT,LYMPHATIC_CORE,8,13,CONSOLIDATED,125.0,63,8,,0.0,9.0,13.0,4.0,1.0,25.0,32.0,39.0,10.0,7.0,19.0,8.0,59.0,77.0,49.0,28.0,104.0
lymphatic face brush soft,24.0,EXACT,LYMPHATIC_CORE,9,12,CONSOLIDATED,107.0,59,8,1.3,0.0,29.0,15.0,9.0,24.0,3.0,18.0,20.0,12.0,108.0,11.0,13.0,100.0,6.0,28.0,81.0,117.0
gua sha pen,24.0,ADJACENT,GUA_SHA,0,0,NONE,,0,8,,2.0,,,,,,,,,,,,,,,,
skin exfoliator brush,24.0,ADJACENT,OTHER,0,0,NONE,,67,8,,0.0,80.0,,93.0,113.0,107.0,298.0,74.0,,,119.0,,,,,,
dual sided facial cleansing brush,24.0,ADJACENT,OTHER,0,0,NONE,,82,8,,1.0,92.0,119.0,,,135.0,,,,,,201.0,,,,,
face lymphatic contour brush for jawline,24.0,EXACT,DOUBLE_CHIN,4,11,CONSOLIDATED,141.0,60,8,,0.0,2.0,32.0,42.0,37.0,3.0,13.0,31.0,22.0,118.0,1.0,35.0,53.0,74.0,99.0,26.0,73.0
lymphatic serum,24.0,ADJACENT,LYMPHATIC_CORE,0,1,NONE,,122,8,,0.0,,133.0,,,33.0,,,,,,,,,,,
lymphatic contour brush￼,23.0,EXACT,LYMPHATIC_CORE,10,15,CONSOLIDATED,96.0,63,8,,0.0,1.0,11.0,36.0,28.0,8.0,12.0,7.0,15.0,76.0,14.0,17.0,41.0,6.0,22.0,4.0,50.0
face brushes for mask,23.0,ADJACENT,OTHER,0,0,NONE,,69,8,,0.0,125.0,,260.0,119.0,174.0,182.0,111.0,,,,72.0,,,,,
ergonomic lymphatic contour face brush,23.0,EXACT,LYMPHATIC_CORE,8,10,CONSOLIDATED,134.0,105,8,1.17,0.0,1.0,19.0,70.0,63.0,2.0,40.0,17.0,18.0,69.0,5.0,7.0,161.0,9.0,27.0,62.0,79.0
yerba prima skin brush,23.0,ADJACENT,OTHER,1,1,SINGLE,,21,8,1.49,0.0,,52.0,54.0,65.0,,71.0,,,,20.0,82.0,,,111.0,,
lymphatic guasha face brush,22.0,EXACT,GUA_SHA,6,9,CONSOLIDATED,74.0,99,8,,0.0,12.0,4.0,52.0,54.0,6.0,51.0,33.0,36.0,45.0,13.0,85.0,76.0,3.0,99.0,58.0,14.0
gua sha stone set,22.0,ADJACENT,GUA_SHA,0,0,NONE,,52,8,,0.0,,,,,,,,106.0,,,,,,,,
best face sculptor,22.0,ADJACENT,CONTOUR_CORE,2,3,SHARED,,68,8,,0.0,20.0,,,85.0,18.0,45.0,,,,,75.0,97.0,,,141.0,99.0
natural bristle lymphatic contour face brush soft,21.0,EXACT,LYMPHATIC_CORE,5,9,CONSOLIDATED,,63,8,,0.0,21.0,18.0,52.0,47.0,11.0,16.0,63.0,6.0,,43.0,53.0,76.0,45.0,8.0,101.0,97.0
lymphatic drainage neck,21.0,ADJACENT,LYMPHATIC_CORE,0,3,NONE,,115,8,,0.0,87.0,38.0,104.0,88.0,25.0,63.0,85.0,61.0,,105.0,30.0,208.0,97.0,101.0,,122.0
face brush applicator,20.0,ADJACENT,OTHER,0,0,NONE,,101,8,,0.0,,,,,,,,,,,,,,,,
soothe silk facial contour brush,20.0,EXACT,COMPETITOR_BRAND,8,13,CONSOLIDATED,72.0,55,8,,0.0,8.0,6.0,21.0,23.0,15.0,24.0,5.0,10.0,,11.0,7.0,,41.0,36.0,17.0,58.0
lymphatic face brush drainage massager,20.0,EXACT,LYMPHATIC_CORE,8,14,CONSOLIDATED,142.0,124,8,1.28,0.0,7.0,6.0,36.0,33.0,5.0,19.0,28.0,15.0,,9.0,37.0,35.0,8.0,12.0,273.0,44.0
￼ face lymphatic contour brush for jawline & chin sculpting dry brushing massager for lymphatic drai,20.0,EXACT,DOUBLE_CHIN,4,10,CONSOLIDATED,158.0,72,8,,0.0,22.0,13.0,89.0,47.0,23.0,14.0,75.0,16.0,109.0,29.0,6.0,52.0,28.0,48.0,95.0,84.0
lymphatic contouring face brush,19.0,EXACT,LYMPHATIC_CORE,8,12,CONSOLIDATED,122.0,54,8,,0.0,17.0,16.0,48.0,50.0,12.0,33.0,20.0,18.0,131.0,1.0,152.0,68.0,8.0,24.0,7.0,62.0
jade facial massager,19.0,ADJACENT,OTHER,0,1,NONE,,99,8,,1.0,,,,,,,,25.0,,,,,,,,157.0
lymphatic brushing,18.0,EXACT,LYMPHATIC_CORE,3,8,SHARED,,58,8,1.11,0.0,1.0,32.0,34.0,62.0,10.0,73.0,35.0,22.0,129.0,94.0,13.0,155.0,30.0,126.0,188.0,291.0
facial and neck massage tool,18.0,ADJACENT,OTHER,0,0,NONE,,61,8,1.76,0.0,181.0,188.0,164.0,142.0,112.0,109.0,,199.0,,178.0,215.0,,231.0,277.0,,
gua sha cream for face,18.0,ADJACENT,GUA_SHA,0,0,NONE,170.0,80,8,,0.0,,,,,,,,,,,,,,86.0,,
douxds flex face brush,17.0,ADJACENT,OTHER,2,2,SHARED,,12,8,,0.0,,,,,,14.0,12.0,,,,,,,,,
gua sha facial tools stainless,17.0,ADJACENT,GUA_SHA,0,0,NONE,,30,8,1.05,0.0,,,117.0,,,,,,,,,,,,,139.0
lymphatic sculpt brush,17.0,EXACT,LYMPHATIC_CORE,8,14,CONSOLIDATED,260.0,104,8,,0.0,2.0,8.0,23.0,19.0,1.0,5.0,18.0,26.0,39.0,6.0,9.0,65.0,41.0,61.0,21.0,47.0
steel face sculpting tool,16.0,ADJACENT,CONTOUR_CORE,0,1,NONE,,29,8,,0.0,,,92.0,,,,,,,,43.0,,,,,113.0
contour brush for nose,16.0,EXACT,CONTOUR_CORE,0,0,NONE,270.0,79,8,0.5,0.0,,,,,88.0,,,,,,,,,,,
facial exfoliating scrub brush,16.0,ADJACENT,OTHER,0,0,NONE,,122,8,,0.0,,,,204.0,,,136.0,,,,,,,,,
facial drainage tool,16.0,ADJACENT,LYMPHATIC_CORE,3,7,SHARED,,60,8,,0.0,4.0,44.0,128.0,72.0,1.0,61.0,,55.0,,22.0,40.0,171.0,,16.0,,26.0
facial application brush,15.0,ADJACENT,OTHER,0,1,NONE,271.0,83,8,,0.0,73.0,170.0,274.0,78.0,114.0,165.0,86.0,51.0,,39.0,194.0,,117.0,285.0,282.0,135.0
rechargeable facial and neck massager,15.0,ADJACENT,OTHER,0,0,NONE,,32,8,1.96,,,,,,,,,,,173.0,,,,,,
lymphatic drainage tool face neck,15.0,ADJACENT,LYMPHATIC_CORE,3,7,SHARED,,35,8,1.35,0.0,51.0,16.0,144.0,40.0,5.0,124.0,76.0,41.0,,13.0,56.0,185.0,45.0,26.0,,106.0
gua sha and oil,15.0,ADJACENT,GUA_SHA,0,1,NONE,210.0,71,8,,0.0,,122.0,267.0,,,164.0,,45.0,212.0,,,,,281.0,,
gua sha tools set,14.0,ADJACENT,GUA_SHA,0,0,NONE,,63,8,,3.0,,,209.0,,,,,100.0,,,,,,,,
face brushes lymphatic drainage,14.0,EXACT,LYMPHATIC_CORE,11,13,CONSOLIDATED,260.0,93,8,,0.0,1.0,7.0,17.0,15.0,3.0,18.0,8.0,16.0,252.0,10.0,39.0,69.0,6.0,14.0,91.0,42.0
odalit lymphatic face brush,14.0,EXACT,LYMPHATIC_CORE,6,13,CONSOLIDATED,102.0,66,8,,0.0,17.0,15.0,19.0,33.0,10.0,16.0,22.0,43.0,,5.0,50.0,30.0,,24.0,133.0,27.0
lumera facial brush,13.0,ADJACENT,OTHER,7,11,CONSOLIDATED,,52,8,,0.0,1.0,29.0,33.0,20.0,3.0,10.0,298.0,7.0,,19.0,30.0,52.0,284.0,11.0,70.0,24.0
recuvia lymphatic contour face brush - deflate & define,13.0,EXACT,LYMPHATIC_CORE,9,12,CONSOLIDATED,108.0,42,8,,0.0,13.0,14.0,18.0,23.0,2.0,12.0,19.0,10.0,,6.0,52.0,25.0,40.0,69.0,,20.0
eleve face shaper for lymphatic drainage,13.0,ADJACENT,LYMPHATIC_CORE,1,5,SINGLE,,34,8,1.18,0.0,28.0,36.0,136.0,100.0,31.0,84.0,,59.0,,25.0,108.0,88.0,60.0,78.0,144.0,4.0
ice guasha tool for face,12.0,ADJACENT,GUA_SHA,0,1,NONE,,32,8,1.01,0.0,,,,,,,,45.0,,,,,,,,85.0
brush to clean face,11.0,ADJACENT,OTHER,0,0,NONE,,0,8,,,,,,,,,,,,,,,,,,
curved face brush lymphatic,0.0,EXACT,LYMPHATIC_CORE,0,0,NONE,,0,8,,,,,,,,,,,,,,,,,,
guasha tool face kitsch,0.0,ADJACENT,COMPETITOR_BRAND,0,0,NONE,,0,8,,0.0,,,,,,,,,,,,,,,,
neck guasha,0.0,ADJACENT,GUA_SHA,0,0,NONE,,0,8,,0.0,,,,,,,,,,,,,,,,
facial tension brush,0.0,ADJACENT,OTHER,0,0,NONE,,0,8,,0.0,,,,,,,,,,,,,,,,
curved face brush,0.0,ADJACENT,OTHER,0,0,NONE,,0,8,,0.0,,,,,,,,,,,,,,,,
guasha tool face brush,0.0,EXACT,GUA_SHA,0,0,NONE,,0,8,,0.0,,,,,,,,,,,,,,,,
crystal face roller,0.0,ADJACENT,OTHER,0,1,NONE,,129,8,1.05,,,,,,,,,,,33.0,,,,,,
guasha tool chin,0.0,ADJACENT,GUA_SHA,0,0,NONE,,0,8,,0.0,,,,,,,,,,,,,,,,
flawless application face brush,0.0,ADJACENT,OTHER,2,2,SHARED,,88,8,,0.0,7.0,,,,70.0,71.0,6.0,,,85.0,,,,,,
firming face roller,0.0,ADJACENT,OTHER,0,0,NONE,,114,8,,0.0,,,,,119.0,,,,,,,,,,,
curved facial brush,0.0,ADJACENT,OTHER,0,0,NONE,,0,8,,0.0,,,,,,,,,,,,,,,,
lymphatic massager face brush,0.0,EXACT,LYMPHATIC_CORE,0,0,NONE,,0,8,,,,,,,,,,,,,,,,,,
guasha set for face,0.0,ADJACENT,GUA_SHA,0,1,NONE,,47,8,1.17,1.0,,,126.0,151.0,188.0,,,38.0,,,,,,130.0,,
facial tool brush,0.0,ADJACENT,OTHER,0,0,NONE,,0,8,,,,,,,,,,,,,,,,,,
double chin lymphatic drainage,0.0,ADJACENT,DOUBLE_CHIN,0,0,NONE,,0,8,,0.0,,,,,,,,,,,,,,,,
guasha with brush,0.0,EXACT,GUA_SHA,0,0,NONE,,0,8,,0.0,,,,,,,,,,,,,,,,
guasha tool kit,0.0,ADJACENT,GUA_SHA,0,0,NONE,,48,8,1.18,0.0,,,,216.0,213.0,,,107.0,,,,,,,,
organic dry face brush,0.0,ADJACENT,OTHER,0,0,NONE,,0,8,,0.0,,,,,,,,,,,,,,,,
firm lymphatic contour face brush,0.0,EXACT,LYMPHATIC_CORE,0,0,NONE,,0,8,,0.0,,,,,,,,,,,,,,,,
guasha set with oil,0.0,ADJACENT,GUA_SHA,0,0,NONE,,0,8,,0.0,,,,,,,,,,,,,,,,
organic dry skin brush,0.0,ADJACENT,OTHER,0,0,NONE,,84,8,,0.0,,,106.0,61.0,,,,,,,,,,,,
fascia brush for face,0.0,ADJACENT,OTHER,0,0,NONE,,0,8,,0.0,,,,,,,,,,,,,,,,
curved lymphatic facial brush,0.0,EXACT,LYMPHATIC_CORE,0,0,NONE,,0,8,,,,,,,,,,,,,,,,,,
double chin lymphatic massager,0.0,ADJACENT,DOUBLE_CHIN,0,0,NONE,,0,8,,0.0,,,,,,,,,,,,,,,,
guasha rose quartz,0.0,ADJACENT,GUA_SHA,0,0,NONE,,0,8,,0.0,,,,,,,,,,,,,,,,
guasha oil face,0.0,ADJACENT,GUA_SHA,0,0,NONE,,0,8,,0.0,,,,,,,,,,,,,,,,
organic lymphatic contour face brush,0.0,EXACT,LYMPHATIC_CORE,0,0,NONE,,0,8,,0.0,,,,,,,,,,,,,,,,
organic pharmacy skin brush,0.0,ADJACENT,OTHER,2,3,SHARED,,39,8,,0.0,,,13.0,14.0,,28.0,,,,,,,,58.0,,
guasha scraping tool,0.0,ADJACENT,GUA_SHA,0,0,NONE,,79,8,1.78,,,,,,,,,,,,,,,,,300.0
gua sha container,0.0,ADJACENT,GUA_SHA,0,1,NONE,,0,8,,0.0,,,,29.0,,,,,,,,,,,,
nuverta face brush,0.0,ADJACENT,OTHER,0,0,NONE,,0,8,,0.0,,,,,,,,,,,,,,,,
organic skin brush,0.0,ADJACENT,OTHER,0,3,NONE,,129,8,,0.0,,56.0,41.0,65.0,,36.0,29.0,,,,86.0,,,,,
lymphatic neck brush,0.0,EXACT,LYMPHATIC_CORE,6,11,CONSOLIDATED,265.0,134,8,,0.0,10.0,8.0,28.0,66.0,6.0,14.0,43.0,35.0,,25.0,81.0,134.0,19.0,12.0,54.0,44.0
gua sha chin,0.0,ADJACENT,GUA_SHA,0,0,NONE,,0,8,,0.0,,,,,,,,,,,,,,,,
de puff face brush,0.0,ADJACENT,OTHER,4,9,CONSOLIDATED,,112,8,,0.0,1.0,26.0,,31.0,2.0,,29.0,25.0,,6.0,10.0,,,268.0,35.0,
nuvetra contour face brush,0.0,EXACT,COMPETITOR_BRAND,0,0,NONE,,0,8,,,,,,,,,,,,,,,,,,
de puff brush face,0.0,ADJACENT,OTHER,0,0,NONE,,0,8,,0.0,,,,,,,,,,,,,,,,
guasha tool for face and body,0.0,ADJACENT,GUA_SHA,0,0,NONE,,41,8,1.3,3.0,,156.0,,205.0,,,,186.0,,,,,,192.0,,196.0
olay facial brush,0.0,ADJACENT,OTHER,0,1,NONE,,56,8,,0.0,,,95.0,90.0,,94.0,37.0,,,124.0,134.0,,,,,
neck massager for work,0.0,ADJACENT,OTHER,0,0,NONE,,145,8,,0.0,224.0,,,,,,,,,,,,,,,
original lymphatic face brush,0.0,EXACT,LYMPHATIC_CORE,0,0,NONE,,0,8,,0.0,,,,,,,,,,,,,,,,
double chin lymphatic brush,0.0,EXACT,DOUBLE_CHIN,0,0,NONE,,0,8,,0.0,,,,,,,,,,,,,,,,
natural face mask brush,0.0,ADJACENT,OTHER,0,3,NONE,215.0,111,8,,0.0,,43.0,35.0,39.0,,,300.0,,,,75.0,,,89.0,,
natural face scrub brush,0.0,ADJACENT,OTHER,0,0,NONE,,0,8,,,,,,,,,,,,,,,,,,
plastic face roller,0.0,ADJACENT,OTHER,0,0,NONE,,64,8,,0.0,,,,,,,,,,,,,,,,
foreo face brush,0.0,ADJACENT,OTHER,0,2,NONE,171.0,32,8,,0.0,29.0,54.0,62.0,98.0,69.0,81.0,31.0,,,83.0,113.0,148.0,161.0,163.0,73.0,
oil for face gua sha,0.0,ADJACENT,GUA_SHA,0,1,NONE,184.0,109,8,,0.0,,105.0,,,,,,49.0,,,,,,,,
neck massage tools,0.0,ADJACENT,OTHER,0,0,NONE,,81,8,,0.0,178.0,221.0,248.0,290.0,,243.0,,224.0,,,,,,,,
flawless face brush,0.0,ADJACENT,OTHER,1,2,SINGLE,,127,8,,3.0,8.0,,,105.0,,69.0,24.0,,,109.0,130.0,,,,,
lymphatic suction cup for face,0.0,ADJACENT,LYMPHATIC_CORE,1,1,SINGLE,,74,8,1.09,0.0,20.0,,,,,,,,,,,,,,,
neck lymphatic drainage tool,0.0,ADJACENT,LYMPHATIC_CORE,0,0,NONE,,0,8,,,,,,,,,,,,,,,,,,
opiqcey face mask brush,0.0,ADJACENT,OTHER,0,0,NONE,,33,8,,0.0,,,,,,,,,,,,,,,,
flawless contour facial massager,0.0,ADJACENT,CONTOUR_CORE,2,2,SHARED,,63,8,,0.0,,,,,9.0,,,,,,,,,,,20.0
nuvetrashop face brush,0.0,ADJACENT,COMPETITOR_BRAND,0,0,NONE,,0,8,,0.0,,,,,,,,,,,,,,,,
gua sha and brush,0.0,EXACT,GUA_SHA,0,0,NONE,,0,8,,0.0,,,,,,,,,,,,,,,,
facial sculpting brush face,0.0,EXACT,CONTOUR_CORE,0,0,NONE,,0,8,,0.0,,,,,,,,,,,,,,,,
facial sculpting brush for face,0.0,EXACT,CONTOUR_CORE,0,0,NONE,,0,8,,,,,,,,,,,,,,,,,,
facial sculpting device,0.0,ADJACENT,CONTOUR_CORE,0,0,NONE,,68,8,2.34,1.0,,,,,107.0,,,135.0,,,,,,204.0,,193.0
facial sculpting tools,0.0,ADJACENT,CONTOUR_CORE,2,6,SHARED,237.0,73,8,,0.0,3.0,42.0,152.0,103.0,1.0,113.0,,40.0,256.0,35.0,29.0,208.0,175.0,95.0,287.0,52.0
facial silocone brush,0.0,ADJACENT,OTHER,0,0,NONE,,0,8,,,,,,,,,,,,,,,,,,
lymphatic vitamins,0.0,ADJACENT,LYMPHATIC_CORE,0,0,NONE,,65,8,,0.0,,,,,,,,218.0,,,,,,,,
lymphatic+drainage,0.0,ADJACENT,LYMPHATIC_CORE,0,0,NONE,,107,8,,0.0,101.0,140.0,243.0,304.0,52.0,208.0,295.0,201.0,,147.0,240.0,,,184.0,,203.0
lymphaticfacial brush,0.0,EXACT,LYMPHATIC_CORE,0,0,NONE,,0,8,,,,,,,,,,,,,,,,,,
lymphlift face brush,0.0,EXACT,LYMPHATIC_CORE,0,0,NONE,,0,8,,0.0,,,,,,,,,,,,,,,,
lymphnode face brush,0.0,EXACT,LYMPHATIC_CORE,0,0,NONE,,0,8,,,,,,,,,,,,,,,,,,
ice face massager,0.0,ADJACENT,OTHER,0,0,NONE,,42,8,1.0,0.0,,,,,,,,,,,,,,,,
detox skin brush,0.0,ADJACENT,OTHER,1,1,SINGLE,,103,8,,1.0,58.0,115.0,151.0,149.0,14.0,70.0,72.0,143.0,133.0,79.0,147.0,251.0,159.0,184.0,172.0,175.0
dry skin brush lymphatic,0.0,EXACT,LYMPHATIC_CORE,2,5,SHARED,,100,8,,0.0,17.0,42.0,87.0,95.0,20.0,26.0,282.0,91.0,274.0,53.0,34.0,278.0,129.0,74.0,263.0,194.0
dry skin brush natural bristle,0.0,ADJACENT,OTHER,0,0,NONE,,52,8,,0.0,194.0,232.0,226.0,217.0,,195.0,,214.0,249.0,,234.0,,,,,
dry brushes for skin,0.0,ADJACENT,OTHER,0,1,NONE,,83,8,,0.0,49.0,150.0,197.0,134.0,147.0,76.0,,87.0,232.0,,64.0,228.0,170.0,,,
dry brushing body and face brush,0.0,ADJACENT,OTHER,1,5,SINGLE,,113,8,,0.0,,40.0,27.0,116.0,,102.0,75.0,259.0,113.0,31.0,6.0,,21.0,89.0,,
mustio lymphatic contour face brush,0.0,EXACT,LYMPHATIC_CORE,0,0,NONE,,0,8,,0.0,,,,,,,,,,,,,,,,
my kitsch face brush,0.0,ADJACENT,COMPETITOR_BRAND,0,0,NONE,,0,8,,0.0,,,,,,,,,,,,,,,,
dry brush fir face,0.0,ADJACENT,OTHER,0,0,NONE,,0,8,,,,,,,,,,,,,,,,,,
manual facial brush exfoliating,0.0,ADJACENT,OTHER,0,0,NONE,,0,8,,,,,,,,,,,,,,,,,,
manual silicone face brush,0.0,ADJACENT,OTHER,0,0,NONE,,0,8,,,,,,,,,,,,,,,,,,
manual silicone facial brush,0.0,ADJACENT,OTHER,0,0,NONE,,0,8,,,,,,,,,,,,,,,,,,
mask brush face,0.0,ADJACENT,OTHER,0,0,NONE,,104,8,,0.0,126.0,,,,223.0,193.0,113.0,,,174.0,62.0,,,,,
mask face brush,0.0,ADJACENT,OTHER,0,0,NONE,,75,8,,0.0,138.0,,,276.0,,183.0,133.0,,,,55.0,,,,,
gouache face brush,0.0,ADJACENT,OTHER,0,0,NONE,,0,8,,0.0,,,,,,,,,,,,,,,,
dry skin face brush,0.0,ADJACENT,OTHER,3,6,SHARED,,94,8,,0.0,3.0,32.0,81.0,86.0,11.0,94.0,84.0,46.0,161.0,33.0,15.0,140.0,88.0,115.0,108.0,
drybrush face,0.0,ADJACENT,OTHER,0,0,NONE,,0,8,,0.0,,,,,,,,,,,,,,,,
drybrush for face,0.0,ADJACENT,OTHER,0,0,NONE,,0,8,,0.0,,,,,,,,,,,,,,,,
lymphatic oil drainage,0.0,ADJACENT,LYMPHATIC_CORE,0,0,NONE,,110,8,,0.0,125.0,,,,,,,53.0,,,,,,,,
lymphatic sculpting brush,0.0,EXACT,LYMPHATIC_CORE,0,0,NONE,,0,8,,0.0,,,,,,,,,,,,,,,,
eco tools face brush,0.0,ADJACENT,OTHER,0,0,NONE,,0,8,,,,,,,,,,,,,,,,,,
dry skin brushing brush,0.0,ADJACENT,OTHER,0,1,NONE,,86,8,,0.0,41.0,143.0,83.0,82.0,135.0,87.0,,120.0,,,101.0,,,,,
ecotools deep cleansing facial brush,0.0,ADJACENT,OTHER,0,0,NONE,,0,8,,,,,,,,,,,,,,,,,,
ecotools face cleansing brush,0.0,ADJACENT,OTHER,0,0,NONE,,0,8,,,,,,,,,,,,,,,,,,
lymphatic system brush,0.0,EXACT,LYMPHATIC_CORE,0,0,NONE,,0,8,,,,,,,,,,,,,,,,,,
dry skin brushes for body,0.0,ADJACENT,OTHER,0,0,NONE,,82,8,,0.0,,,273.0,,,,,,,,,,,,,
jaw brush,0.0,ADJACENT,OTHER,0,0,NONE,,0,8,,,,,,,,,,,,,,,,,,
jade stone facial massager,0.0,ADJACENT,OTHER,0,0,NONE,,96,8,,0.0,,,,,,,,62.0,,,,,,,,159.0
jaw lymphatic drainage massager,0.0,ADJACENT,LYMPHATIC_CORE,0,0,NONE,,0,8,,0.0,,,,,,,,,,,,,,,,
lymphoma brush face,0.0,EXACT,LYMPHATIC_CORE,0,0,NONE,,0,8,,0.0,,,,,,,,,,,,,,,,
lyohatic contour face brush,0.0,EXACT,CONTOUR_CORE,0,0,NONE,,0,8,,0.0,,,,,,,,,,,,,,,,
ecotools facial brush,0.0,ADJACENT,OTHER,0,0,NONE,,0,8,,,,,,,,,,,,,,,,,,
ecotools facial cleansing brush,0.0,ADJACENT,OTHER,0,0,NONE,,0,8,,,,,,,,,,,,,,,,,,
eki lymphatic contour face brush,0.0,EXACT,LYMPHATIC_CORE,0,0,NONE,,0,8,,,,,,,,,,,,,,,,,,
facial roller lymphatic drainage,0.0,ADJACENT,LYMPHATIC_CORE,0,0,NONE,,0,8,,0.0,,,,,,,,,,,,,,,,
facial scrub brush for women exfoliation,0.0,ADJACENT,OTHER,0,0,NONE,,115,8,,0.0,,,302.0,289.0,,,118.0,,,,274.0,,,,,
facial scrub brush men,0.0,ADJACENT,OTHER,0,0,NONE,,89,8,,0.0,,,136.0,,,,,,,,,,,,,
facial scrub exfoliator brush,0.0,ADJACENT,OTHER,0,0,NONE,,79,8,1.13,0.0,,186.0,,260.0,224.0,215.0,152.0,,,264.0,227.0,,,,,
facial scrubber exfoliator brush,0.0,ADJACENT,OTHER,0,0,NONE,,72,8,1.4,0.0,,258.0,,,,289.0,148.0,,,,,,,,,
facial scrubbing brush,0.0,ADJACENT,OTHER,0,0,NONE,,74,8,1.35,0.0,112.0,141.0,180.0,179.0,168.0,181.0,105.0,145.0,,55.0,188.0,,,,,205.0
jaw line lymphatic drainage massager,0.0,ADJACENT,LYMPHATIC_CORE,0,0,NONE,,0,8,,0.0,,,,,,,,,,,,,,,,
diy facial brush,0.0,ADJACENT,OTHER,0,0,NONE,,103,8,,0.0,,,,76.0,,,,,,,,,,,,
double chin brush,0.0,EXACT,DOUBLE_CHIN,0,0,NONE,,0,8,,0.0,,,,,,,,,,,,,,,,
de puffer face brush,0.0,ADJACENT,OTHER,0,0,NONE,,0,8,,0.0,,,,,,,,,,,,,,,,
dead skin brush,0.0,ADJACENT,OTHER,0,0,NONE,,87,8,,0.0,,,,199.0,143.0,169.0,77.0,77.0,,63.0,162.0,,,,,
dry brush face and body,0.0,ADJACENT,OTHER,0,2,NONE,,102,8,,0.0,,58.0,31.0,122.0,,78.0,95.0,127.0,,46.0,69.0,,,92.0,,
dry brush face contour,0.0,EXACT,CONTOUR_CORE,0,0,NONE,,0,8,,,,,,,,,,,,,,,,,,
morphe face brush set,0.0,ADJACENT,OTHER,0,0,NONE,,12,8,,0.0,,,,,,,53.0,,,,,,,,,
mount lai gua sha facial lifting tool,0.0,ADJACENT,GUA_SHA,0,2,NONE,,52,8,1.71,0.0,52.0,,,,,,,31.0,,,,,,,,23.0
double sided facial brush,0.0,ADJACENT,OTHER,0,0,NONE,,0,8,,,,,,,,,,,,,,,,,,
dry brushing brush face,0.0,ADJACENT,OTHER,0,0,NONE,,0,8,,0.0,,,,,,,,,,,,,,,,
depuffing brush face,0.0,EXACT,OTHER,0,0,NONE,,0,8,,0.0,,,,,,,,,,,,,,,,
dry brush for face and body,0.0,ADJACENT,OTHER,1,4,SINGLE,,64,8,,0.0,17.0,75.0,41.0,31.0,,82.0,71.0,140.0,,47.0,89.0,,86.0,87.0,,
dry lymphatic brush for face,0.0,EXACT,LYMPHATIC_CORE,0,0,NONE,,0,8,,,,,,,,,,,,,,,,,,
dry brush for skin health,0.0,ADJACENT,OTHER,0,0,NONE,,111,8,,0.0,64.0,,,150.0,114.0,87.0,,124.0,,,71.0,,188.0,184.0,,
dry brush guasha face,0.0,EXACT,GUA_SHA,0,0,NONE,,0,8,,0.0,,,,,,,,,,,,,,,,
drain brush for face,0.0,ADJACENT,OTHER,0,0,NONE,,0,8,,,,,,,,,,,,,,,,,,
drainage brush face,0.0,EXACT,LYMPHATIC_CORE,0,0,NONE,,0,8,,0.0,,,,,,,,,,,,,,,,
drenagem facial brush,0.0,ADJACENT,OTHER,0,0,NONE,,0,8,,0.0,,,,,,,,,,,,,,,,
hard face brush,0.0,ADJACENT,OTHER,0,0,NONE,,0,8,,,,,,,,,,,,,,,,,,
hongpingui lymphatic contour face brush,0.0,EXACT,LYMPHATIC_CORE,0,0,NONE,,0,8,,,,,,,,,,,,,,,,,,
neck contour cream,0.0,ADJACENT,CONTOUR_CORE,0,0,NONE,,107,8,2.62,2.0,58.0,,,,,,,,,,,,,,,
natural bristle facial brush,0.0,ADJACENT,OTHER,0,0,NONE,,0,8,,,,,,,,,,,,,,,,,,
natural bristle lymphatic face brush,0.0,EXACT,LYMPHATIC_CORE,0,0,NONE,,0,8,,,,,,,,,,,,,,,,,,
natural dry brush for face,0.0,ADJACENT,OTHER,2,7,SHARED,,93,8,,0.0,126.0,20.0,10.0,60.0,,46.0,79.0,35.0,41.0,,28.0,262.0,42.0,97.0,,
facial skin brush,0.0,ADJACENT,OTHER,0,0,NONE,,0,8,,0.0,,,,,,,,,,,,,,,,
dry brush for face and neck,0.0,ADJACENT,OTHER,5,7,CONSOLIDATED,282.0,68,8,1.34,0.0,55.0,20.0,41.0,66.0,1.0,32.0,136.0,79.0,,10.0,3.0,107.0,17.0,62.0,,
dry sculpting brush face,0.0,EXACT,CONTOUR_CORE,0,0,NONE,,0,8,,0.0,,,,,,,,,,,,,,,,
dry skin brush face,0.0,ADJACENT,OTHER,0,0,NONE,,0,8,,0.0,,,,,,,,,,,,,,,,
massage face brush,0.0,ADJACENT,OTHER,0,0,NONE,,0,8,,0.0,,,,,,,,,,,,,,,,
massage tool for neck,0.0,ADJACENT,OTHER,0,0,NONE,,123,8,,0.0,,227.0,247.0,306.0,,231.0,,,,,,,,,,
massage tools for neck,0.0,ADJACENT,OTHER,0,0,NONE,,43,8,,0.0,,266.0,213.0,,,,,286.0,,221.0,,,,,,
massaging face brush,0.0,ADJACENT,OTHER,0,0,NONE,,0,8,,0.0,,,,,,,,,,,,,,,,
dry brushing skin,0.0,ADJACENT,OTHER,0,0,NONE,,65,8,1.36,0.0,127.0,163.0,126.0,107.0,164.0,,,191.0,216.0,58.0,176.0,284.0,,,,
dry skin brush organic,0.0,ADJACENT,OTHER,0,0,NONE,,79,8,,0.0,,,120.0,76.0,,,,,,,,,,,,
manual face exfoliating brush,0.0,ADJACENT,OTHER,0,0,NONE,,0,8,,,,,,,,,,,,,,,,,,
electric facial lymphatic drainage tool,0.0,ADJACENT,LYMPHATIC_CORE,0,0,NONE,,0,8,,0.0,,,,,,,,,,,,,,,,
electric lymphatic contour face brush,0.0,EXACT,LYMPHATIC_CORE,0,0,NONE,,0,8,,,,,,,,,,,,,,,,,,
lymphatic system face brush,0.0,EXACT,LYMPHATIC_CORE,0,0,NONE,,0,8,,0.0,,,,,,,,,,,,,,,,
dey brush face,0.0,ADJACENT,OTHER,0,0,NONE,,0,8,,0.0,,,,,,,,,,,,,,,,
mini facial cleansing brush,0.0,ADJACENT,OTHER,0,0,NONE,,82,8,,0.0,,205.0,,,,,,215.0,,,,,,,,
moisturizer brush applicator face,0.0,ADJACENT,OTHER,0,0,NONE,,0,8,,0.0,,,,,,,,,,,,,,,,
massage brush for face,0.0,ADJACENT,OTHER,0,0,NONE,,0,8,,0.0,,,,,,,,,,,,,,,,
deep cleansing face brush,0.0,ADJACENT,OTHER,0,0,NONE,,80,8,,1.0,146.0,285.0,,226.0,,211.0,108.0,,,158.0,289.0,,,,,
deep cleansing facial brush,0.0,ADJACENT,OTHER,0,0,NONE,,0,8,,,,,,,,,,,,,,,,,,
depuff brush face,0.0,EXACT,OTHER,0,0,NONE,,0,8,,0.0,,,,,,,,,,,,,,,,
organic lymphatic facial brush,0.0,EXACT,LYMPHATIC_CORE,0,0,NONE,,0,8,,0.0,,,,,,,,,,,,,,,,
natural lymphatic contour face brush,0.0,EXACT,LYMPHATIC_CORE,0,0,NONE,,0,8,,,,,,,,,,,,,,,,,,
natural skin brush,0.0,ADJACENT,OTHER,0,1,NONE,299.0,75,8,,0.0,36.0,115.0,56.0,306.0,,174.0,,164.0,230.0,,234.0,,,,,
natural skin brush for dry brushing,0.0,ADJACENT,OTHER,0,0,NONE,,58,8,,0.0,70.0,170.0,88.0,105.0,,102.0,288.0,144.0,,,135.0,,,,,
neck and face sculpting tool,0.0,ADJACENT,CONTOUR_CORE,1,1,SINGLE,,96,8,2.08,0.0,97.0,56.0,168.0,154.0,13.0,79.0,,94.0,,120.0,98.0,,208.0,,176.0,119.0
detox brush for face,0.0,ADJACENT,OTHER,0,0,NONE,,0,8,,,,,,,,,,,,,,,,,,
mini face massager,0.0,ADJACENT,OTHER,0,0,NONE,,88,8,,1.0,,150.0,,244.0,,,,219.0,,,,,,223.0,,
cheek contour brush,0.0,EXACT,CONTOUR_CORE,0,0,NONE,,0,8,,0.0,,,,,,,,,,,,,,,,
chin brush,0.0,ADJACENT,OTHER,0,0,NONE,,0,8,,,,,,,,,,,,,,,,,,
chin lymphatic drainage tool,0.0,ADJACENT,LYMPHATIC_CORE,0,0,NONE,,0,8,,0.0,,,,,,,,,,,,,,,,
sinus brush face,0.0,ADJACENT,OTHER,0,0,NONE,,0,8,,0.0,,,,,,,,,,,,,,,,
skin brush dry,0.0,ADJACENT,OTHER,0,0,NONE,,128,8,,0.0,57.0,172.0,258.0,147.0,146.0,87.0,,95.0,203.0,,72.0,213.0,175.0,,,
short facial brush set,0.0,ADJACENT,OTHER,0,0,NONE,,0,8,,0.0,,,,,,,,,,,,,,,,
shower face brush,0.0,ADJACENT,OTHER,1,1,SINGLE,,105,8,,0.0,18.0,129.0,277.0,191.0,157.0,180.0,67.0,119.0,,161.0,214.0,,148.0,,,
silcone face brush,0.0,ADJACENT,OTHER,0,0,NONE,,0,8,,,,,,,,,,,,,,,,,,
silicon brush for face mask,0.0,ADJACENT,OTHER,0,0,NONE,,71,8,,0.0,,,,,,,,,,,,,,,,
civilized lymphatic contour face brush,0.0,EXACT,LYMPHATIC_CORE,6,13,CONSOLIDATED,87.0,114,8,,0.0,21.0,14.0,34.0,40.0,16.0,36.0,9.0,13.0,53.0,11.0,117.0,31.0,46.0,39.0,1.0,63.0
soft gua sha facial brush,0.0,EXACT,GUA_SHA,0,0,NONE,,0,8,,0.0,,,,,,,,,,,,,,,,
best facial brush,0.0,ADJACENT,OTHER,1,5,SINGLE,,90,8,,0.0,22.0,30.0,59.0,89.0,9.0,55.0,25.0,28.0,,153.0,155.0,189.0,81.0,83.0,69.0,114.0
quartz face roller massager,0.0,ADJACENT,OTHER,0,0,NONE,,111,8,,0.0,,,,,,,,,,,,,,,,
best facial oil for gua sha,0.0,ADJACENT,GUA_SHA,0,1,NONE,,76,8,,0.0,,75.0,,,,,,47.0,,,,,,,,
best guasha tool face,0.0,ADJACENT,GUA_SHA,0,0,NONE,,0,8,,0.0,,,,,,,,,,,,,,,,
best lymphatic drainage face,0.0,ADJACENT,LYMPHATIC_CORE,0,0,NONE,,0,8,,,,,,,,,,,,,,,,,,
brush applying face mask,0.0,ADJACENT,OTHER,0,0,NONE,,0,8,,0.0,,,,,,,,,,,,,,,,
brush cleaner face,0.0,ADJACENT,OTHER,0,0,NONE,,72,8,,0.0,,,,,,,,,,,,,,,,
soft bristle face brush lymphatic,0.0,EXACT,LYMPHATIC_CORE,0,0,NONE,,0,8,,,,,,,,,,,,,,,,,,
soft bristle face lymphatic brush,0.0,EXACT,LYMPHATIC_CORE,0,0,NONE,,0,8,,0.0,,,,,,,,,,,,,,,,
soft bristle facial lymphatic brush,0.0,EXACT,LYMPHATIC_CORE,0,0,NONE,,0,8,,0.0,,,,,,,,,,,,,,,,
soft depuff face brush,0.0,EXACT,OTHER,0,0,NONE,,0,8,,0.0,,,,,,,,,,,,,,,,
brush face massage,0.0,ADJACENT,OTHER,0,0,NONE,,0,8,,0.0,,,,,,,,,,,,,,,,
brush facial massage,0.0,ADJACENT,OTHER,0,0,NONE,,0,8,,,,,,,,,,,,,,,,,,
brush for dry skin,0.0,ADJACENT,OTHER,0,1,NONE,,59,8,,0.0,56.0,103.0,153.0,123.0,113.0,76.0,,88.0,257.0,,42.0,277.0,172.0,,,
soft lymphatic facial brush,0.0,EXACT,LYMPHATIC_CORE,12,13,CONSOLIDATED,295.0,84,8,1.14,0.0,2.0,9.0,7.0,24.0,1.0,17.0,10.0,6.0,,11.0,20.0,150.0,3.0,13.0,5.0,61.0
best facial cleansing brush,0.0,ADJACENT,OTHER,0,0,NONE,,94,8,,0.0,92.0,102.0,162.0,,139.0,,96.0,169.0,,161.0,193.0,,,,,
silicone face ice roller,0.0,ADJACENT,OTHER,0,1,NONE,,69,8,,0.0,32.0,,,,,,,,,,,,,,,
silicone face roller,0.0,ADJACENT,OTHER,0,0,NONE,,72,8,0.93,,,,,,,,,,,69.0,,,,,,
silicone face scrub brush,0.0,ADJACENT,OTHER,0,0,NONE,,81,8,,0.0,,,,,,,136.0,,,,,,,,,
silk brush for face,0.0,ADJACENT,OTHER,3,3,SHARED,,64,8,,0.0,,,,5.0,,,1.0,,,,6.0,,,,,
gua sha stainless steel tools,0.0,ADJACENT,GUA_SHA,0,0,NONE,,91,8,,0.0,,,162.0,,,,,,,,,,,,,197.0
gua sha prime,0.0,ADJACENT,GUA_SHA,0,1,NONE,,76,8,,0.0,93.0,101.0,,112.0,159.0,116.0,,80.0,,,130.0,,,169.0,,36.0
skin brush dry brushing,0.0,ADJACENT,OTHER,0,0,NONE,,0,8,,0.0,,,,,,,,,,,,,,,,
skin brush face,0.0,ADJACENT,OTHER,0,0,NONE,,0,8,,0.0,,,,,,,,,,,,,,,,
skin brush for cellulite,0.0,ADJACENT,OTHER,1,2,SINGLE,,93,8,,2.0,26.0,80.0,,116.0,121.0,94.0,72.0,273.0,,8.0,146.0,,,,,276.0
skin brush for dry brushing cellulite,0.0,ADJACENT,OTHER,0,1,NONE,,73,8,,0.0,30.0,127.0,277.0,89.0,128.0,85.0,149.0,118.0,,77.0,157.0,,305.0,288.0,299.0,
skin brushing,0.0,ADJACENT,OTHER,1,2,SINGLE,,101,8,,1.0,9.0,,136.0,221.0,150.0,171.0,291.0,164.0,,30.0,175.0,296.0,,,,
skin brushing brush,0.0,ADJACENT,OTHER,0,1,NONE,,114,8,,0.0,36.0,,100.0,233.0,103.0,168.0,75.0,161.0,,,154.0,219.0,,,,
charcoal face brush,0.0,ADJACENT,OTHER,0,0,NONE,,0,8,,0.0,,,,,,,,,,,,,,,,
skin mask brush,0.0,ADJACENT,OTHER,1,2,SINGLE,,122,8,,0.0,60.0,,,,,143.0,49.0,,,96.0,16.0,,,,,
skin massage brush,0.0,ADJACENT,OTHER,2,5,SHARED,192.0,69,8,,0.0,87.0,54.0,67.0,49.0,14.0,23.0,45.0,74.0,,15.0,84.0,209.0,,123.0,233.0,
skin scrub brush,0.0,ADJACENT,OTHER,0,0,NONE,,117,8,,0.0,83.0,,,,177.0,,112.0,,,148.0,59.0,,,,,
brush to put on face mask,0.0,ADJACENT,OTHER,0,0,NONE,,100,8,,,,,,,,,,,,70.0,276.0,,,114.0,,
brush for lymphatic drainage face,0.0,EXACT,LYMPHATIC_CORE,0,0,NONE,,0,8,,,,,,,,,,,,,,,,,,
brush for puffy face,0.0,ADJACENT,OTHER,0,0,NONE,,0,8,,,,,,,,,,,,,,,,,,
brush for skin brushing,0.0,ADJACENT,OTHER,0,1,NONE,,81,8,,0.0,45.0,,102.0,149.0,107.0,,,164.0,,272.0,154.0,292.0,,,,
buffer face brush,0.0,ADJACENT,OTHER,0,0,NONE,,0,8,,0.0,,,,,,,,,,,,,,,,
caelons lymphatic face brush,0.0,EXACT,LYMPHATIC_CORE,0,0,NONE,,0,8,,,,,,,,,,,,,,,,,,
cala facial cleansing brush,0.0,ADJACENT,OTHER,0,0,NONE,,0,8,,,,,,,,,,,,,,,,,,
skin face brush,0.0,ADJACENT,OTHER,0,0,NONE,,0,8,,0.0,,,,,,,,,,,,,,,,
small lymphatic face brush,0.0,EXACT,LYMPHATIC_CORE,0,0,NONE,,0,8,,0.0,,,,,,,,,,,,,,,,
smoothing face brush,0.0,ADJACENT,OTHER,6,10,CONSOLIDATED,,70,8,,1.0,3.0,21.0,48.0,66.0,2.0,11.0,24.0,12.0,,84.0,10.0,114.0,9.0,91.0,33.0,70.0
skin lymphatic brush,0.0,EXACT,LYMPHATIC_CORE,0,0,NONE,,0,8,,0.0,,,,,,,,,,,,,,,,
best lymphatic facial brush,0.0,EXACT,LYMPHATIC_CORE,0,0,NONE,,0,8,,0.0,,,,,,,,,,,,,,,,
best oil for face massage,0.0,ADJACENT,OTHER,0,0,NONE,,78,8,,0.0,,,,,,,,188.0,,,,,,,,
big gua sha face,0.0,ADJACENT,GUA_SHA,0,0,NONE,,0,8,,0.0,,,,,,,,,,,,,,,,
boar bristle face brush,0.0,ADJACENT,OTHER,1,3,SINGLE,,108,8,,0.0,32.0,92.0,71.0,28.0,,103.0,74.0,,,16.0,120.0,,,,,
stroke face massager,0.0,ADJACENT,OTHER,0,0,NONE,,0,8,,0.0,,,,,,,,,,,,,,,,
adrenal brush face,0.0,ADJACENT,OTHER,0,0,NONE,,0,8,,0.0,,,,,,,,,,,,,,,,
gua sha stones for face massage,0.0,ADJACENT,GUA_SHA,0,0,NONE,,61,8,,0.0,,,,,,,,115.0,,,,,,,,111.0
gua sha storage,0.0,ADJACENT,GUA_SHA,0,0,NONE,,0,8,,0.0,,,,,,,,,,,,,,,,
gua sha fimate,0.0,ADJACENT,GUA_SHA,0,0,NONE,,119,8,,0.0,,,,,,,,,,,,,,,,
gua sha sculpting brush,0.0,EXACT,GUA_SHA,0,0,NONE,,0,8,,0.0,,,,,,,,,,,,,,,,
gua sha sets,0.0,ADJACENT,GUA_SHA,0,0,NONE,,66,8,1.24,0.0,,,181.0,,203.0,,,98.0,,,,,,,,
gua sha for lymphatic drainage,0.0,ADJACENT,GUA_SHA,0,0,NONE,,0,8,,0.0,,,,,,,,,,,,,,,,
soft skin brush,0.0,ADJACENT,OTHER,0,2,NONE,,86,8,,0.0,62.0,,105.0,126.0,90.0,40.0,67.0,100.0,,49.0,,,,,132.0,
gua sha jawline,0.0,ADJACENT,DOUBLE_CHIN,0,0,NONE,289.0,99,8,,0.0,,137.0,156.0,,170.0,113.0,232.0,119.0,174.0,,67.0,,,,240.0,109.0
gua sha lanshin,0.0,ADJACENT,GUA_SHA,0,0,NONE,,0,8,,0.0,,,,,,,,,,,,,,,,
gua sha stone and oil,0.0,ADJACENT,GUA_SHA,0,1,NONE,,108,8,,0.0,,,,,,,,41.0,,,,,,,,
gua sha stone facial tool,0.0,ADJACENT,GUA_SHA,0,0,NONE,,0,8,,0.0,,,,,,,,,,,,,,,,
spa brush for face,0.0,ADJACENT,OTHER,1,2,SINGLE,,94,8,,0.0,8.0,159.0,131.0,82.0,83.0,173.0,38.0,107.0,,53.0,164.0,,139.0,131.0,111.0,
washaw facial brush,0.0,ADJACENT,OTHER,0,0,NONE,,0,8,,,,,,,,,,,,,,,,,,
aeki facial lymphatic brush,0.0,EXACT,COMPETITOR_BRAND,0,0,NONE,,0,8,,0.0,,,,,,,,,,,,,,,,
aeko lymphatic contour face brush,0.0,EXACT,LYMPHATIC_CORE,0,0,NONE,,0,8,,0.0,,,,,,,,,,,,,,,,
aeki brush face,0.0,ADJACENT,COMPETITOR_BRAND,0,0,NONE,,0,8,,0.0,,,,,,,,,,,,,,,,
best face guasha,0.0,ADJACENT,GUA_SHA,0,0,NONE,,0,8,,0.0,,,,,,,,,,,,,,,,
best face lymphatic drainage tools,0.0,ADJACENT,LYMPHATIC_CORE,0,0,NONE,,0,8,,0.0,,,,,,,,,,,,,,,,
best face massage,0.0,ADJACENT,OTHER,0,0,NONE,,0,8,,0.0,,,,,,,,,,,,,,,,
best face massager tool,0.0,ADJACENT,OTHER,0,3,NONE,,61,8,1.43,0.0,44.0,45.0,,142.0,42.0,143.0,,56.0,,72.0,90.0,288.0,86.0,60.0,,80.0
gua sha jade tool,0.0,ADJACENT,GUA_SHA,0,1,NONE,,105,8,,0.0,,,,,,,,34.0,,,,,,,,
boar bristle facial brush,0.0,ADJACENT,OTHER,0,0,NONE,,0,8,,0.0,,,,,,,,,,,,,,,,
body and face brush,0.0,ADJACENT,OTHER,0,0,NONE,,0,8,,0.0,,,,,,,,,,,,,,,,
bristle brush skin,0.0,ADJACENT,OTHER,1,1,SINGLE,,116,8,,0.0,14.0,216.0,94.0,,201.0,103.0,115.0,191.0,247.0,149.0,288.0,,,,195.0,
brush gor face,0.0,ADJACENT,OTHER,0,0,NONE,,0,8,,0.0,,,,,,,,,,,,,,,,
brush skin,0.0,ADJACENT,OTHER,0,0,NONE,,0,8,,0.0,,,,,,,,,,,,,,,,
brush skin care,0.0,ADJACENT,OTHER,0,0,NONE,,0,8,,,,,,,,,,,,,,,,,,
solena lymphatic face brush,0.0,EXACT,LYMPHATIC_CORE,0,0,NONE,,0,8,,0.0,,,,,,,,,,,,,,,,
brush depuff,0.0,EXACT,OTHER,0,0,NONE,,0,8,,0.0,,,,,,,,,,,,,,,,
brush face drainage,0.0,EXACT,LYMPHATIC_CORE,0,0,NONE,,0,8,,0.0,,,,,,,,,,,,,,,,
brush face lifting,0.0,ADJACENT,OTHER,0,0,NONE,,0,8,,0.0,,,,,,,,,,,,,,,,
facial contour brush lymphatic drainage,0.0,EXACT,LYMPHATIC_CORE,0,0,NONE,,0,8,,,,,,,,,,,,,,,,,,
korean skin brush,0.0,ADJACENT,OTHER,0,0,NONE,,0,8,,0.0,,,,,,,,,,,,,,,,
korean skin care face massager,0.0,ADJACENT,OTHER,0,0,NONE,,0,8,,0.0,,,,,,,,,,,,,,,,
the face lift massage,0.0,ADJACENT,OTHER,1,4,SINGLE,,72,8,,0.0,111.0,120.0,,87.0,1.0,60.0,48.0,147.0,,29.0,50.0,,92.0,165.0,,168.0
koveja lymphatic contour face brush,0.0,EXACT,LYMPHATIC_CORE,0,0,NONE,,0,8,,0.0,,,,,,,,,,,,,,,,
facial brush wooden,0.0,ADJACENT,OTHER,1,4,SINGLE,,94,8,,1.0,13.0,105.0,41.0,26.0,,104.0,45.0,,126.0,,136.0,,,179.0,,
2pc lymphatic contour face brush,0.0,EXACT,LYMPHATIC_CORE,0,0,NONE,,0,8,,,,,,,,,,,,,,,,,,
ultra soft face brush,0.0,ADJACENT,OTHER,0,0,NONE,,0,8,,,,,,,,,,,,,,,,,,
ultra soft lymphatic face brush,0.0,EXACT,LYMPHATIC_CORE,0,0,NONE,,0,8,,,,,,,,,,,,,,,,,,
ultrasonic face brush,0.0,ADJACENT,OTHER,0,0,NONE,,82,8,,0.0,,,,,,,,,,,,,,,,
ultrasonic facial brush,0.0,ADJACENT,OTHER,0,0,NONE,,0,8,,,,,,,,,,,,,,,,,,
limphatic drainage face brush,0.0,EXACT,LYMPHATIC_CORE,0,0,NONE,,0,8,,0.0,,,,,,,,,,,,,,,,
linfatic face brush,0.0,ADJACENT,OTHER,0,0,NONE,,0,8,,0.0,,,,,,,,,,,,,,,,
vegan dry skin brush,0.0,ADJACENT,OTHER,0,1,NONE,,53,8,,0.0,,,265.0,125.0,,49.0,71.0,,,,102.0,,145.0,,,
vibrating face sculpting tool,0.0,ADJACENT,CONTOUR_CORE,1,1,SINGLE,,74,8,1.94,0.0,12.0,,,,,,,,,,,,,,,87.0
viral brush face,0.0,ADJACENT,OTHER,0,0,NONE,,0,8,,0.0,,,,,,,,,,,,,,,,
viral facial sculpting tool,0.0,ADJACENT,CONTOUR_CORE,0,0,NONE,,0,8,,,,,,,,,,,,,,,,,,
korean skin care facial brush,0.0,ADJACENT,OTHER,0,0,NONE,,0,8,,0.0,,,,,,,,,,,,,,,,
contour highlighter brush,0.0,EXACT,CONTOUR_CORE,0,0,NONE,,0,8,,0.0,,,,,,,,,,,,,,,,
pnctho lymphatic contour face brush,0.0,EXACT,LYMPHATIC_CORE,0,0,NONE,,0,8,,,,,,,,,,,,,,,,,,
pneumatic lymphatic contour face brush,0.0,EXACT,LYMPHATIC_CORE,8,13,CONSOLIDATED,111.0,92,8,1.4,0.0,14.0,8.0,47.0,28.0,19.0,34.0,11.0,13.0,64.0,15.0,55.0,27.0,16.0,42.0,6.0,65.0
portable lymphatic contour face brush,0.0,EXACT,LYMPHATIC_CORE,0,0,NONE,,0,8,,,,,,,,,,,,,,,,,,
premium lymphatic contour face brush,0.0,EXACT,LYMPHATIC_CORE,0,0,NONE,,0,8,,,,,,,,,,,,,,,,,,
contour blender brush,0.0,EXACT,CONTOUR_CORE,0,0,NONE,,0,8,,0.0,,,,,,,,,,,,,,,,
contour brush cream,0.0,EXACT,CONTOUR_CORE,0,0,NONE,,0,8,,,,,,,,,,,,,,,,,,
contoured lymphatic facial brush,0.0,EXACT,LYMPHATIC_CORE,0,0,NONE,,0,8,,0.0,,,,,,,,,,,,,,,,
professional facial mask brush,0.0,ADJACENT,OTHER,0,0,NONE,,99,8,,0.0,81.0,,,,104.0,,,,,108.0,,,,,,
purple face brush,0.0,ADJACENT,OTHER,0,0,NONE,,72,8,,0.0,,,,,,,,,,,,,,,,
lymphatic soft brush,0.0,EXACT,LYMPHATIC_CORE,0,0,NONE,,0,8,,0.0,,,,,,,,,,,,,,,,
contour mini,0.0,ADJACENT,CONTOUR_CORE,0,0,NONE,,35,8,,0.0,,147.0,,152.0,,,,,,,,,,,,
guasha brush tool face,0.0,EXACT,GUA_SHA,0,0,NONE,,0,8,,0.0,,,,,,,,,,,,,,,,
contouring cream,0.0,ADJACENT,CONTOUR_CORE,0,0,NONE,,121,8,,0.0,134.0,,,,,,,,,,,,,,,
raised lymphatic face brush,0.0,EXACT,LYMPHATIC_CORE,0,0,NONE,,0,8,,,,,,,,,,,,,,,,,,
contour system home facial system,0.0,ADJACENT,CONTOUR_CORE,0,1,NONE,,59,8,,,,,,,,,,,,,,,39.0,60.0,,
contour with brush,0.0,EXACT,CONTOUR_CORE,1,1,SINGLE,213.0,69,8,,0.0,12.0,130.0,74.0,166.0,80.0,129.0,143.0,100.0,141.0,88.0,147.0,181.0,108.0,107.0,66.0,197.0
contoured brush,0.0,EXACT,CONTOUR_CORE,1,6,SINGLE,174.0,98,8,,0.0,62.0,48.0,59.0,87.0,23.0,70.0,34.0,39.0,185.0,50.0,157.0,93.0,11.0,79.0,187.0,147.0
guasha facial tool,0.0,ADJACENT,GUA_SHA,0,2,NONE,,32,8,,0.0,272.0,39.0,215.0,55.0,118.0,183.0,,49.0,220.0,,,,,,,94.0
guasha gift set,0.0,ADJACENT,GUA_SHA,0,0,NONE,,0,8,,0.0,,,,,,,,,,,,,,,,
guasha lymphatic contour face brush,0.0,EXACT,GUA_SHA,0,0,NONE,,0,8,,,,,,,,,,,,,,,,,,
guasha lymphatic drainage tool,0.0,ADJACENT,GUA_SHA,0,0,NONE,,0,8,,,,,,,,,,,,,,,,,,
contour fave brush,0.0,EXACT,CONTOUR_CORE,0,0,NONE,,0,8,,,,,,,,,,,,,,,,,,
contour fave massage brush,0.0,EXACT,CONTOUR_CORE,0,0,NONE,,0,8,,,,,,,,,,,,,,,,,,
gua sha brush oil,0.0,EXACT,GUA_SHA,0,0,NONE,,0,8,,0.0,,,,,,,,,,,,,,,,
gua sha brush set,0.0,EXACT,GUA_SHA,0,0,NONE,,0,8,,0.0,,,,,,,,,,,,,,,,
contouring brushes,0.0,EXACT,CONTOUR_CORE,1,5,SINGLE,186.0,68,8,,2.0,55.0,48.0,69.0,111.0,12.0,51.0,59.0,46.0,178.0,37.0,130.0,144.0,33.0,140.0,129.0,135.0
contouring cream makeup,0.0,ADJACENT,CONTOUR_CORE,0,0,NONE,,116,8,,0.0,,,,,249.0,,,,,,,,,,,
gosha brush face,0.0,ADJACENT,OTHER,0,0,NONE,,0,8,,,,,,,,,,,,,,,,,,
guasha tool for face jade,0.0,ADJACENT,GUA_SHA,0,1,NONE,,121,8,,0.0,,,,,,,,27.0,,,,,,,,
guasha tool for face set,0.0,ADJACENT,GUA_SHA,0,0,NONE,,79,8,1.52,0.0,,,114.0,,,,,56.0,,,274.0,,,148.0,,
guasha tool for face stainless steel,0.0,ADJACENT,GUA_SHA,0,0,NONE,,79,8,0.95,0.0,,,203.0,,,,,,,,,,,,,195.0
fsa eligible face guasha,0.0,ADJACENT,GUA_SHA,0,0,NONE,,0,8,,0.0,,,,,,,,,,,,,,,,
full coverage face brush,0.0,ADJACENT,OTHER,0,0,NONE,,98,8,,0.0,,,,,,,,,,,,,,,,
geisha face brush,0.0,ADJACENT,OTHER,0,0,NONE,,0,8,,0.0,,,,,,,,,,,,,,,,
guasha dry brush,0.0,EXACT,GUA_SHA,0,0,NONE,,0,8,,0.0,,,,,,,,,,,,,,,,
guasha face neck,0.0,ADJACENT,GUA_SHA,0,0,NONE,,0,8,,0.0,,,,,,,,,,,,,,,,
guasha face oul,0.0,ADJACENT,GUA_SHA,0,0,NONE,,0,8,,0.0,,,,,,,,,,,,,,,,
guasha face tools,0.0,ADJACENT,GUA_SHA,2,3,SHARED,,32,8,1.4,0.0,,9.0,211.0,96.0,17.0,,,28.0,,,146.0,,,299.0,,131.0
contour gliw brush,0.0,EXACT,CONTOUR_CORE,0,0,NONE,,0,8,,0.0,,,,,,,,,,,,,,,,
glow brush face,0.0,ADJACENT,OTHER,0,0,NONE,,0,8,,0.0,,,,,,,,,,,,,,,,
daily face brush,0.0,ADJACENT,OTHER,2,7,SHARED,,93,8,,0.0,44.0,31.0,46.0,56.0,21.0,71.0,9.0,65.0,,14.0,150.0,114.0,102.0,80.0,28.0,96.0
contur face brush,0.0,ADJACENT,OTHER,0,0,NONE,,0,8,,0.0,,,,,,,,,,,,,,,,
cooling facial massager,0.0,ADJACENT,OTHER,0,0,NONE,,60,8,,0.0,160.0,129.0,,,,,,90.0,,,215.0,,,,,250.0
copper skin brush,0.0,ADJACENT,OTHER,0,0,NONE,,0,8,,0.0,,,,,,,,,,,,,,,,
cosmetic brushes for face,0.0,ADJACENT,OTHER,1,1,SINGLE,,113,8,,0.0,109.0,,,,12.0,63.0,68.0,170.0,211.0,,,,,,,
gua sha and dry brush,0.0,EXACT,GUA_SHA,0,0,NONE,,0,8,,0.0,,,,,,,,,,,,,,,,
gua sha and face brush,0.0,EXACT,GUA_SHA,0,0,NONE,,0,8,,0.0,,,,,,,,,,,,,,,,
guasha contour brush,0.0,EXACT,GUA_SHA,0,0,NONE,,0,8,,,,,,,,,,,,,,,,,,
contour brush for lymphatic drainage,0.0,EXACT,LYMPHATIC_CORE,9,15,CONSOLIDATED,117.0,114,8,1.26,0.0,13.0,11.0,37.0,25.0,5.0,12.0,9.0,14.0,142.0,7.0,27.0,39.0,8.0,24.0,17.0,40.0
contour brush kit,0.0,EXACT,CONTOUR_CORE,0,1,NONE,,90,8,,0.0,,,93.0,187.0,25.0,59.0,,,,,,,,,103.0,
contour for light skin,0.0,ADJACENT,CONTOUR_CORE,0,0,NONE,,137,8,,0.0,,,,,,254.0,,206.0,,119.0,,,,,,
contour gauge duplicator,0.0,ADJACENT,CONTOUR_CORE,0,0,NONE,,53,8,,,,,,,,,,,,,,,,,,
gia sha face brush,0.0,ADJACENT,OTHER,0,0,NONE,,0,8,,0.0,,,,,,,,,,,,,,,,
contour brushes makeup,0.0,EXACT,CONTOUR_CORE,0,1,NONE,,99,8,,0.0,76.0,,,,63.0,44.0,104.0,163.0,,152.0,,,266.0,,,
contour cream brush,0.0,EXACT,CONTOUR_CORE,0,0,NONE,,0,8,,0.0,,,,,,,,,,,,,,,,
sculpting face mask,0.0,ADJACENT,CONTOUR_CORE,0,0,NONE,,0,8,,0.0,,,,,,,,,,,,,,,,
sculpting facial brush,0.0,EXACT,CONTOUR_CORE,0,0,NONE,,0,8,,,,,,,,,,,,,,,,,,
sefvako lymphatic face brush,0.0,EXACT,COMPETITOR_BRAND,0,0,NONE,,0,8,,0.0,,,,,,,,,,,,,,,,
self massage tools for neck,0.0,ADJACENT,OTHER,0,0,NONE,,68,8,,0.0,124.0,230.0,245.0,,,,,,,137.0,291.0,,,,,
contour dry brush,0.0,EXACT,CONTOUR_CORE,0,0,NONE,,0,8,,,,,,,,,,,,,,,,,,
roller ball for face,0.0,ADJACENT,OTHER,0,1,NONE,,42,8,,1.0,50.0,,,,,,,,,,,,,,,
clay face mask brush,0.0,ADJACENT,OTHER,0,0,NONE,,107,8,,2.0,,,,184.0,,175.0,157.0,,,,199.0,,,,,
cleaning brush for face,0.0,ADJACENT,OTHER,0,0,NONE,,83,8,,0.0,68.0,173.0,,,175.0,179.0,105.0,205.0,,94.0,186.0,,,,268.0,
cleansing brush face,0.0,ADJACENT,OTHER,0,0,NONE,,0,8,,,,,,,,,,,,,,,,,,
cleansing face brush set,0.0,ADJACENT,OTHER,0,0,NONE,,114,8,,0.0,,,,,,,,198.0,,,,,,,,
gua sha cellulite,0.0,ADJACENT,GUA_SHA,0,0,NONE,,55,8,,,,,,,,,,,,,,,,,,100.0
complexion brush for face,0.0,ADJACENT,OTHER,0,0,NONE,,0,8,,,,,,,,,,,,,,,,,,
gua sha facial brush tools,0.0,EXACT,GUA_SHA,0,0,NONE,,0,8,,0.0,,,,,,,,,,,,,,,,
gua sha facial oil face,0.0,ADJACENT,GUA_SHA,0,0,NONE,173.0,88,8,,0.0,82.0,97.0,276.0,,,172.0,,52.0,,,,,,195.0,,
gua sha facial oil sensitive skin,0.0,ADJACENT,GUA_SHA,0,0,NONE,118.0,70,8,,0.0,,,135.0,,,,,74.0,,,,,,,,
gua sha vrush,0.0,ADJACENT,GUA_SHA,0,0,NONE,,0,8,,0.0,,,,,,,,,,,,,,,,
gua sha with bristles,0.0,ADJACENT,GUA_SHA,0,0,NONE,,0,8,,,,,,,,,,,,,,,,,,
gua shah,0.0,ADJACENT,GUA_SHA,0,0,NONE,,0,8,,,,,,,,,,,,,,,,,,
gua shaw brush,0.0,EXACT,GUA_SHA,0,0,NONE,,0,8,,0.0,,,,,,,,,,,,,,,,
gua sha scraping,0.0,ADJACENT,GUA_SHA,0,1,NONE,,110,8,,18.0,,,,,,,,,,39.0,,,,,,215.0
gua sha scraping tools,0.0,ADJACENT,GUA_SHA,0,0,NONE,,72,8,1.4,,,,,,,,,,,,,,,299.0,,153.0
gua sha facial tools oil,0.0,ADJACENT,GUA_SHA,0,0,NONE,,0,8,,0.0,,,,,,,,,,,,,,,,
guasha brish,0.0,ADJACENT,GUA_SHA,0,0,NONE,,0,8,,,,,,,,,,,,,,,,,,
guasha brush face,0.0,EXACT,GUA_SHA,0,0,NONE,,0,8,,0.0,,,,,,,,,,,,,,,,
clearsonic face brush,0.0,ADJACENT,OTHER,0,1,NONE,218.0,50,8,,0.0,38.0,90.0,111.0,109.0,124.0,149.0,56.0,,,51.0,221.0,,290.0,,239.0,
gua sha cheap,0.0,ADJACENT,GUA_SHA,0,0,NONE,,102,8,,0.0,,,,297.0,,,,,,,,,,,,
gua sha and lymphatic brush,0.0,EXACT,GUA_SHA,0,0,NONE,,0,8,,,,,,,,,,,,,,,,,,
guasha facial oil,0.0,ADJACENT,GUA_SHA,0,0,NONE,162.0,100,8,,0.0,,75.0,277.0,,,158.0,,119.0,,,,,,179.0,,
gua sha tool brush,0.0,EXACT,GUA_SHA,0,0,NONE,,0,8,,0.0,,,,,,,,,,,,,,,,
gua sha tool with oil,0.0,ADJACENT,GUA_SHA,0,0,NONE,,0,8,,0.0,,,,,,,,,,,,,,,,
gua sha brush kit,0.0,EXACT,GUA_SHA,0,0,NONE,,0,8,,0.0,,,,,,,,,,,,,,,,
gua sha brush natural bristles,0.0,EXACT,GUA_SHA,0,0,NONE,,0,8,,0.0,,,,,,,,,,,,,,,,
contour kit brushes,0.0,EXACT,CONTOUR_CORE,0,1,NONE,,100,8,,0.0,,,85.0,158.0,28.0,,,,,,,,,,,
contour lymphatic brush,0.0,EXACT,LYMPHATIC_CORE,11,14,CONSOLIDATED,81.0,106,8,,0.0,15.0,3.0,18.0,22.0,1.0,9.0,5.0,19.0,35.0,55.0,10.0,77.0,13.0,11.0,17.0,47.0
contour face brush set,0.0,EXACT,CONTOUR_CORE,2,4,SHARED,,65,8,,2.0,,,51.0,108.0,5.0,58.0,16.0,26.0,,155.0,65.0,125.0,56.0,29.0,276.0,
contour face tool,0.0,ADJACENT,CONTOUR_CORE,0,0,NONE,,0,8,,,,,,,,,,,,,,,,,,
gua sha eyes,0.0,ADJACENT,GUA_SHA,0,0,NONE,,0,8,,0.0,,,,,,,,,,,,,,,,
gua sha face oil sensitive skin,0.0,ADJACENT,GUA_SHA,0,1,NONE,,70,8,,0.0,,,,,,,,46.0,,,,,,,,
contour brushes face sculpting,0.0,EXACT,CONTOUR_CORE,0,0,NONE,,0,8,,0.0,,,,,,,,,,,,,,,,
gua sha lymphatic brush set,0.0,EXACT,GUA_SHA,0,0,NONE,,0,8,,0.0,,,,,,,,,,,,,,,,
skin care brushes,0.0,ADJACENT,OTHER,0,0,NONE,,0,8,,0.0,,,,,,,,,,,,,,,,
skin care face brush,0.0,ADJACENT,OTHER,0,0,NONE,,0,8,,,,,,,,,,,,,,,,,,
skin cleaner brush,0.0,ADJACENT,OTHER,0,0,NONE,,100,8,,0.0,63.0,,,,119.0,140.0,76.0,,,102.0,,,,,,
skin cleansing brush,0.0,ADJACENT,OTHER,0,0,NONE,,67,8,,0.0,281.0,,,265.0,,,113.0,277.0,,144.0,,,,,,
skin cleansing brush system,0.0,ADJACENT,OTHER,0,0,NONE,,60,8,,1.0,,,,,,,,225.0,,,,,,,,
skin dry brushing,0.0,ADJACENT,OTHER,0,0,NONE,,103,8,,0.0,125.0,175.0,124.0,116.0,118.0,,,197.0,,,141.0,265.0,,,,
skin exfoliating brush,0.0,ADJACENT,OTHER,0,0,NONE,,77,8,,0.0,106.0,,,,252.0,269.0,,,,168.0,201.0,,,,,
scrub brush skin,0.0,ADJACENT,OTHER,0,0,NONE,,49,8,,0.0,,,,,,,90.0,,,,,,,,,
sculpt brush face,0.0,EXACT,CONTOUR_CORE,0,0,NONE,,0,8,,0.0,,,,,,,,,,,,,,,,
contour brush mini,0.0,EXACT,CONTOUR_CORE,0,0,NONE,,0,8,,0.0,,,,,,,,,,,,,,,,
contour brush tools,0.0,EXACT,CONTOUR_CORE,0,0,NONE,,0,8,,,,,,,,,,,,,,,,,,
contour brushe,0.0,EXACT,CONTOUR_CORE,0,0,NONE,,0,8,,0.0,,,,,,,,,,,,,,,,
gua sha lymphatic,0.0,ADJACENT,GUA_SHA,0,0,NONE,,0,8,,0.0,,,,,,,,,,,,,,,,
face sculpting dry brush,0.0,EXACT,CONTOUR_CORE,0,0,NONE,,0,8,,0.0,,,,,,,,,,,,,,,,
face sculpting lymphatic brush,0.0,EXACT,LYMPHATIC_CORE,0,0,NONE,,0,8,,,,,,,,,,,,,,,,,,
face sculpting serum,0.0,ADJACENT,CONTOUR_CORE,0,1,NONE,,74,8,,0.0,,87.0,,,25.0,131.0,,,123.0,,,208.0,,295.0,,
face sculpting stone,0.0,ADJACENT,CONTOUR_CORE,1,1,SINGLE,,124,8,,0.0,19.0,,,,,,,53.0,,,168.0,,,301.0,,69.0
face sculpting tools for women,0.0,ADJACENT,CONTOUR_CORE,1,3,SINGLE,,91,8,1.77,0.0,23.0,53.0,136.0,85.0,6.0,65.0,,49.0,,,70.0,,,56.0,145.0,62.0
lymphatic contour face brush ly,0.0,EXACT,LYMPHATIC_CORE,0,0,NONE,,0,8,,0.0,,,,,,,,,,,,,,,,
lymphatic contouring facial massage brush,0.0,EXACT,LYMPHATIC_CORE,0,0,NONE,,0,8,,,,,,,,,,,,,,,,,,
lymphatic control face brush,0.0,EXACT,LYMPHATIC_CORE,0,0,NONE,,0,8,,0.0,,,,,,,,,,,,,,,,
face shape brush,0.0,ADJACENT,OTHER,0,0,NONE,,0,8,,0.0,,,,,,,,,,,,,,,,
face shaper brush,0.0,ADJACENT,OTHER,0,0,NONE,,0,8,,0.0,,,,,,,,,,,,,,,,
lymphatic contour face brush vegan,0.0,EXACT,LYMPHATIC_CORE,0,0,NONE,,0,8,,0.0,,,,,,,,,,,,,,,,
lymphatic contour face brush wood,0.0,EXACT,LYMPHATIC_CORE,0,0,NONE,,0,8,,0.0,,,,,,,,,,,,,,,,
lymphatic contour face brush wooden,0.0,EXACT,LYMPHATIC_CORE,0,0,NONE,,0,8,,,,,,,,,,,,,,,,,,
eco facial brush,0.0,ADJACENT,OTHER,0,0,NONE,,0,8,,,,,,,,,,,,,,,,,,
facial brushes for cleansing and exfoliating,0.0,ADJACENT,OTHER,0,0,NONE,,78,8,,,,,,,,,,,,301.0,,,,,,
facial clay brush,0.0,ADJACENT,OTHER,0,0,NONE,279.0,111,8,,0.0,56.0,185.0,194.0,180.0,145.0,172.0,80.0,,,136.0,222.0,,207.0,215.0,,230.0
facial clay mask brush,0.0,ADJACENT,OTHER,0,0,NONE,,89,8,,0.0,,,,156.0,,,103.0,,,,195.0,,,,,
konjiva lymphatic face brush,0.0,EXACT,LYMPHATIC_CORE,0,0,NONE,,0,8,,,,,,,,,,,,,,,,,,
korean brush face,0.0,ADJACENT,OTHER,0,0,NONE,,0,8,,0.0,,,,,,,,,,,,,,,,
kojeva lymphatic brush mature skin,0.0,EXACT,COMPETITOR_BRAND,0,0,NONE,,0,8,,,,,,,,,,,,,,,,,,
kojeva lymphatic face,0.0,ADJACENT,COMPETITOR_BRAND,0,0,NONE,,0,8,,,,,,,,,,,,,,,,,,
facial cleansing brush hand held,0.0,ADJACENT,OTHER,0,0,NONE,,0,8,,,,,,,,,,,,,,,,,,
facial cleansing brush system,0.0,ADJACENT,OTHER,0,0,NONE,,101,8,,2.0,,,,,,,,194.0,,,,,,,,
facial cleasing brush,0.0,ADJACENT,OTHER,0,0,NONE,,80,8,,0.0,85.0,172.0,196.0,208.0,,,,,,176.0,,,,,,
facial clensing brush,0.0,ADJACENT,OTHER,0,0,NONE,,116,8,,0.0,96.0,183.0,254.0,205.0,,219.0,,217.0,,188.0,242.0,,,,,
facial contour brish,0.0,ADJACENT,CONTOUR_CORE,0,0,NONE,,0,8,,,,,,,,,,,,,,,,,,
lymphatic contour face serum,0.0,ADJACENT,LYMPHATIC_CORE,0,0,NONE,,0,8,,0.0,,,,,,,,,,,,,,,,
lymphatic contour fave brush,0.0,EXACT,LYMPHATIC_CORE,0,0,NONE,,0,8,,,,,,,,,,,,,,,,,,
face neck lymphatic drainage,0.0,ADJACENT,LYMPHATIC_CORE,0,0,NONE,,0,8,,,,,,,,,,,,,,,,,,
lymphatic contour face brush acrylic,0.0,EXACT,LYMPHATIC_CORE,0,0,NONE,,0,8,,,,,,,,,,,,,,,,,,
lymphatic contour face brush bulk,0.0,EXACT,LYMPHATIC_CORE,0,0,NONE,,0,8,,,,,,,,,,,,,,,,,,
lymphatic contour face brush cjb,0.0,EXACT,LYMPHATIC_CORE,0,0,NONE,,0,8,,0.0,,,,,,,,,,,,,,,,
face tools lymphatic drainage,0.0,ADJACENT,LYMPHATIC_CORE,0,0,NONE,,0,8,,0.0,,,,,,,,,,,,,,,,
face vibrant massager,0.0,ADJACENT,OTHER,0,0,NONE,,98,8,,0.0,,,,,,,,119.0,,,,,,,,
lymphatic countor face brush,0.0,EXACT,LYMPHATIC_CORE,0,0,NONE,,0,8,,0.0,,,,,,,,,,,,,,,,
lymphatic countour,0.0,ADJACENT,LYMPHATIC_CORE,0,0,NONE,,0,8,,,,,,,,,,,,,,,,,,
lymphatic countour brush,0.0,EXACT,LYMPHATIC_CORE,0,0,NONE,,0,8,,0.0,,,,,,,,,,,,,,,,
lymphatic countour face brush,0.0,EXACT,LYMPHATIC_CORE,0,0,NONE,,0,8,,0.0,,,,,,,,,,,,,,,,
lymphatic couture face brush,0.0,EXACT,LYMPHATIC_CORE,0,0,NONE,,0,8,,0.0,,,,,,,,,,,,,,,,
face roller lymphatic drainage brush,0.0,EXACT,LYMPHATIC_CORE,0,0,NONE,,0,8,,0.0,,,,,,,,,,,,,,,,
lymphatic contour face brush hypoallergenic,0.0,EXACT,LYMPHATIC_CORE,0,0,NONE,,0,8,,0.0,,,,,,,,,,,,,,,,
lymphatic contour face brush jade,0.0,EXACT,LYMPHATIC_CORE,0,0,NONE,,0,8,,0.0,,,,,,,,,,,,,,,,
face sculpting brush women,0.0,EXACT,CONTOUR_CORE,0,0,NONE,,0,8,,,,,,,,,,,,,,,,,,
lymphatic contour face brush large,0.0,EXACT,LYMPHATIC_CORE,0,0,NONE,,0,8,,,,,,,,,,,,,,,,,,
face scrub brush men,0.0,ADJACENT,OTHER,0,0,NONE,,94,8,,0.0,,,265.0,,,,,,,,,,,,,
face scrubber brush manual,0.0,ADJACENT,OTHER,0,0,NONE,,0,8,,,,,,,,,,,,,,,,,,
face scrubber brush non electric,0.0,ADJACENT,OTHER,0,0,NONE,,100,8,,0.0,,,,,,,251.0,,,,,,,,,
face sculpt lymphatic drainage,0.0,ADJACENT,LYMPHATIC_CORE,0,0,NONE,,0,8,,0.0,,,,,,,,,,,,,,,,
lymphatic contour face brush lym,0.0,EXACT,LYMPHATIC_CORE,0,0,NONE,,0,8,,0.0,,,,,,,,,,,,,,,,
lymphatic contour face brush natural,0.0,EXACT,LYMPHATIC_CORE,0,0,NONE,,0,8,,0.0,,,,,,,,,,,,,,,,
lymphatic contour face brush oil,0.0,EXACT,LYMPHATIC_CORE,0,0,NONE,,0,8,,0.0,,,,,,,,,,,,,,,,
face sculpting brush kitsch,0.0,EXACT,COMPETITOR_BRAND,0,0,NONE,,0,8,,0.0,,,,,,,,,,,,,,,,
face sculpting brush lymphatic kitsch,0.0,EXACT,COMPETITOR_BRAND,0,0,NONE,,0,8,,0.0,,,,,,,,,,,,,,,,
lymphatic contour face brush dry,0.0,EXACT,LYMPHATIC_CORE,0,0,NONE,,0,8,,,,,,,,,,,,,,,,,,
lymphatic contour face brush dual,0.0,EXACT,LYMPHATIC_CORE,0,0,NONE,,0,8,,0.0,,,,,,,,,,,,,,,,
lymphatic contour face brush golden,0.0,EXACT,LYMPHATIC_CORE,0,0,NONE,,0,8,,0.0,,,,,,,,,,,,,,,,
face sculpting brush ultra soft,0.0,EXACT,CONTOUR_CORE,0,0,NONE,,0,8,,0.0,,,,,,,,,,,,,,,,
lymphatic contour face brush kitch,0.0,EXACT,COMPETITOR_BRAND,0,0,NONE,,0,8,,0.0,,,,,,,,,,,,,,,,
face massaging brush,0.0,ADJACENT,OTHER,0,0,NONE,,0,8,,,,,,,,,,,,,,,,,,
face moisturizer brush,0.0,ADJACENT,OTHER,1,1,SINGLE,300.0,68,8,,1.0,18.0,82.0,95.0,78.0,56.0,85.0,65.0,103.0,,195.0,138.0,,286.0,,205.0,
face mud brush,0.0,ADJACENT,OTHER,0,1,NONE,,91,8,,0.0,57.0,139.0,225.0,129.0,157.0,104.0,45.0,167.0,,241.0,174.0,,214.0,,89.0,178.0
facial diy mask bowl brush spoon tools set,0.0,ADJACENT,OTHER,0,0,NONE,,89,8,,0.0,,,,,,,,,,,,,,,,
facial drainage,0.0,ADJACENT,LYMPHATIC_CORE,0,0,NONE,,0,8,,0.0,,,,,,,,,,,,,,,,
kojevo face brush,0.0,ADJACENT,OTHER,0,0,NONE,,0,8,,0.0,,,,,,,,,,,,,,,,
kojica lymphatic face brush,0.0,EXACT,LYMPHATIC_CORE,0,0,NONE,,0,8,,,,,,,,,,,,,,,,,,
facial contour lymphatic,0.0,ADJACENT,LYMPHATIC_CORE,0,0,NONE,,0,8,,0.0,,,,,,,,,,,,,,,,
facial contouring,0.0,ADJACENT,CONTOUR_CORE,3,7,SHARED,187.0,100,8,,1.0,43.0,27.0,53.0,99.0,10.0,96.0,29.0,137.0,151.0,19.0,49.0,166.0,62.0,281.0,3.0,77.0
lymphatic drainage brush tool,0.0,EXACT,LYMPHATIC_CORE,0,0,NONE,,0,8,,,,,,,,,,,,,,,,,,
facial dru brush,0.0,ADJACENT,OTHER,0,0,NONE,,0,8,,0.0,,,,,,,,,,,,,,,,
facial dry brush face,0.0,ADJACENT,OTHER,0,0,NONE,,0,8,,0.0,,,,,,,,,,,,,,,,
facial dry brush lymphatic drainage,0.0,EXACT,LYMPHATIC_CORE,0,0,NONE,,0,8,,0.0,,,,,,,,,,,,,,,,
lymphatic contour kit,0.0,ADJACENT,LYMPHATIC_CORE,0,0,NONE,,0,8,,0.0,,,,,,,,,,,,,,,,
facial cooling massager,0.0,ADJACENT,OTHER,0,0,NONE,,127,8,,0.0,187.0,158.0,,,,,,72.0,,,226.0,,252.0,,,209.0
facial countour dry brush,0.0,ADJACENT,OTHER,0,0,NONE,,0,8,,0.0,,,,,,,,,,,,,,,,
facial cups lymphatic drainage,0.0,ADJACENT,LYMPHATIC_CORE,0,0,NONE,,0,8,,0.0,,,,,,,,,,,,,,,,
facial depuff brush,0.0,EXACT,OTHER,0,0,NONE,,0,8,,0.0,,,,,,,,,,,,,,,,
kitsch face massager,0.0,ADJACENT,COMPETITOR_BRAND,0,0,NONE,,0,8,,0.0,,,,,,,,,,,,,,,,
kitsch face scraper,0.0,ADJACENT,COMPETITOR_BRAND,0,0,NONE,,0,8,,0.0,,,,,,,,,,,,,,,,
kitsch face sculptor,0.0,ADJACENT,COMPETITOR_BRAND,0,0,NONE,,0,8,,0.0,,,,,,,,,,,,,,,,
kitsch facial contour brush,0.0,EXACT,COMPETITOR_BRAND,0,0,NONE,,0,8,,0.0,,,,,,,,,,,,,,,,
kitsch facial dry brush,0.0,ADJACENT,COMPETITOR_BRAND,0,0,NONE,,0,8,,0.0,,,,,,,,,,,,,,,,
kitsch facial lymphatic brush,0.0,EXACT,COMPETITOR_BRAND,0,0,NONE,,0,8,,0.0,,,,,,,,,,,,,,,,
kitsch lymphatic contour facial brush,0.0,EXACT,COMPETITOR_BRAND,0,0,NONE,,0,8,,0.0,,,,,,,,,,,,,,,,
lymphatic drainage brush cjb,0.0,EXACT,LYMPHATIC_CORE,0,0,NONE,,0,8,,0.0,,,,,,,,,,,,,,,,
lymphatic drainage brush combo kit,0.0,EXACT,LYMPHATIC_CORE,0,0,NONE,,0,8,,,,,,,,,,,,,,,,,,
lymphatic drainage brush face neck,0.0,EXACT,LYMPHATIC_CORE,0,0,NONE,,0,8,,0.0,,,,,,,,,,,,,,,,
facial dry brush natural bristle,0.0,ADJACENT,OTHER,2,6,SHARED,,105,8,,0.0,12.0,45.0,13.0,47.0,,62.0,79.0,38.0,97.0,,63.0,,23.0,86.0,,
lymphatic contour+brush,0.0,EXACT,LYMPHATIC_CORE,0,0,NONE,,0,8,,0.0,,,,,,,,,,,,,,,,
facial contouring brush,0.0,EXACT,CONTOUR_CORE,0,0,NONE,,0,8,,,,,,,,,,,,,,,,,,
koje lymphatic face brush,0.0,EXACT,LYMPHATIC_CORE,0,0,NONE,,0,8,,0.0,,,,,,,,,,,,,,,,
kojeva brand lymphatic face brush,0.0,EXACT,COMPETITOR_BRAND,0,0,NONE,,0,8,,,,,,,,,,,,,,,,,,
lymphatic drainage essentials,0.0,ADJACENT,LYMPHATIC_CORE,0,0,NONE,,0,8,,0.0,,,,,,,,,,,,,,,,
lymphatic drainage face brush aeki,0.0,EXACT,COMPETITOR_BRAND,0,0,NONE,,0,8,,0.0,,,,,,,,,,,,,,,,
lymphatic drainage face brush jaw,0.0,EXACT,LYMPHATIC_CORE,0,0,NONE,,0,8,,0.0,,,,,,,,,,,,,,,,
lymphatic drainage brush wooden handle,0.0,EXACT,LYMPHATIC_CORE,0,0,NONE,,0,8,,,,,,,,,,,,,,,,,,
lymphatic drainage brushe,0.0,EXACT,LYMPHATIC_CORE,0,0,NONE,,0,8,,0.0,,,,,,,,,,,,,,,,
lymphatic drainage comb,0.0,ADJACENT,LYMPHATIC_CORE,0,0,NONE,,0,8,,0.0,,,,,,,,,,,,,,,,
lymphatic drainage contour brish,0.0,ADJACENT,LYMPHATIC_CORE,0,0,NONE,,0,8,,0.0,,,,,,,,,,,,,,,,
lymphatic drainage cupping,0.0,ADJACENT,LYMPHATIC_CORE,0,0,NONE,,0,8,,0.0,,,,,,,,,,,,,,,,
lymphatic drain brush face,0.0,EXACT,LYMPHATIC_CORE,0,0,NONE,,0,8,,,,,,,,,,,,,,,,,,
lymphatic drain brushes,0.0,EXACT,LYMPHATIC_CORE,0,0,NONE,,0,8,,,,,,,,,,,,,,,,,,
face massager wrinkles,0.0,ADJACENT,OTHER,0,0,NONE,,64,8,,0.0,,,,,,,,296.0,,117.0,,,,,,
lymphatic drain face,0.0,ADJACENT,LYMPHATIC_CORE,0,0,NONE,,0,8,,0.0,,,,,,,,,,,,,,,,
lymphatic drain facial brush,0.0,EXACT,LYMPHATIC_CORE,0,0,NONE,,0,8,,,,,,,,,,,,,,,,,,
lymphatic drainage dry brushes,0.0,EXACT,LYMPHATIC_CORE,0,0,NONE,,0,8,,0.0,,,,,,,,,,,,,,,,
face mud mask brush,0.0,ADJACENT,OTHER,0,1,NONE,,108,8,,0.0,,,,273.0,,,43.0,,,,170.0,,,,,
face neck dry brush,0.0,ADJACENT,OTHER,0,0,NONE,,0,8,,0.0,,,,,,,,,,,,,,,,
lymphatic drain tool,0.0,ADJACENT,LYMPHATIC_CORE,0,0,NONE,,0,8,,,,,,,,,,,,,,,,,,
lymphatic drainage bruch,0.0,ADJACENT,LYMPHATIC_CORE,0,0,NONE,,0,8,,0.0,,,,,,,,,,,,,,,,
lymphatic drainage bruh,0.0,ADJACENT,LYMPHATIC_CORE,0,0,NONE,,0,8,,0.0,,,,,,,,,,,,,,,,
lymphatic drainage brush 2,0.0,EXACT,LYMPHATIC_CORE,0,0,NONE,,0,8,,,,,,,,,,,,,,,,,,
lymphatic drainage brush 2 piece,0.0,EXACT,LYMPHATIC_CORE,0,0,NONE,,0,8,,0.0,,,,,,,,,,,,,,,,
lymphatic drain brish,0.0,ADJACENT,LYMPHATIC_CORE,0,0,NONE,,0,8,,,,,,,,,,,,,,,,,,
face oil and gua sha,0.0,ADJACENT,GUA_SHA,0,1,NONE,157.0,92,8,,0.0,,101.0,167.0,,,139.0,,24.0,,,,,,,,
face oil gua sha men,0.0,ADJACENT,GUA_SHA,0,0,NONE,,0,8,,0.0,,,,,,,,,,,,,,,,
face oil gua sha sensitive skin,0.0,ADJACENT,GUA_SHA,0,0,NONE,173.0,59,8,,0.0,,,196.0,,,,,83.0,,,,,,,,
lymphatic drain device,0.0,ADJACENT,LYMPHATIC_CORE,0,0,NONE,,125,8,,0.0,,,,,,,,,,,,,,274.0,,
asking lymphatic contour face brush,0.0,EXACT,LYMPHATIC_CORE,0,0,NONE,,0,8,,,,,,,,,,,,,,,,,,
aeiki lymphatic face brush,0.0,EXACT,LYMPHATIC_CORE,0,0,NONE,,0,8,,0.0,,,,,,,,,,,,,,,,
tools face massage,0.0,ADJACENT,OTHER,0,0,NONE,,0,8,,0.0,,,,,,,,,,,,,,,,
tryaeki face brush,0.0,ADJACENT,COMPETITOR_BRAND,0,0,NONE,,0,8,,,,,,,,,,,,,,,,,,
gua sha soft bristle,0.0,ADJACENT,GUA_SHA,0,0,NONE,,0,8,,,,,,,,,,,,,,,,,,
spa facial brush,0.0,ADJACENT,OTHER,2,2,SHARED,,81,8,,0.0,20.0,189.0,128.0,164.0,165.0,185.0,100.0,97.0,,17.0,168.0,,294.0,,,
spin face brush,0.0,ADJACENT,OTHER,0,1,NONE,,130,8,,0.0,,,,,,,,,,,45.0,,,,,
sonic brush face,0.0,ADJACENT,OTHER,0,0,NONE,,83,8,,0.0,,,,,,,,,,,,,,,,
sonic brush for face,0.0,ADJACENT,OTHER,0,0,NONE,,92,8,,0.0,,,,,,,,,,,,,,,,
soothe silk massager face,0.0,ADJACENT,COMPETITOR_BRAND,0,0,NONE,,0,8,,0.0,,,,,,,,,,,,,,,,
2pcs lymphatic contour face brush,0.0,EXACT,LYMPHATIC_CORE,0,0,NONE,,0,8,,0.0,,,,,,,,,,,,,,,,
lymphatic contour brush face,0.0,EXACT,LYMPHATIC_CORE,0,0,NONE,,0,8,,0.0,,,,,,,,,,,,,,,,
lymphatic contour brush kitsch,0.0,EXACT,COMPETITOR_BRAND,0,0,NONE,,0,8,,0.0,,,,,,,,,,,,,,,,
lymphatic contour face brish,0.0,ADJACENT,LYMPHATIC_CORE,0,0,NONE,,0,8,,0.0,,,,,,,,,,,,,,,,
lymphatic brush tool,0.0,EXACT,LYMPHATIC_CORE,0,0,NONE,,0,8,,,,,,,,,,,,,,,,,,
lymphatic brush with wooden handle,0.0,EXACT,LYMPHATIC_CORE,0,0,NONE,,0,8,,,,,,,,,,,,,,,,,,
lymphatic brush wood,0.0,EXACT,LYMPHATIC_CORE,0,0,NONE,,0,8,,,,,,,,,,,,,,,,,,
lymphatic brush wood handle,0.0,EXACT,LYMPHATIC_CORE,0,0,NONE,,0,8,,,,,,,,,,,,,,,,,,
lymphatic brush your face,0.0,EXACT,LYMPHATIC_CORE,0,0,NONE,,0,8,,0.0,,,,,,,,,,,,,,,,
lymph drainage face brush,0.0,EXACT,LYMPHATIC_CORE,11,14,CONSOLIDATED,129.0,64,8,,0.0,2.0,7.0,13.0,19.0,14.0,17.0,18.0,10.0,68.0,11.0,12.0,62.0,6.0,36.0,21.0,50.0
lymph drainage face massager,0.0,ADJACENT,LYMPHATIC_CORE,0,0,NONE,,0,8,,0.0,,,,,,,,,,,,,,,,
lymph draining face brush,0.0,EXACT,LYMPHATIC_CORE,0,0,NONE,,0,8,,0.0,,,,,,,,,,,,,,,,
facial brush and bowl,0.0,ADJACENT,OTHER,0,0,NONE,,97,8,,0.0,,,,,,,,,,,,,,,,
lymphatic circulation,0.0,ADJACENT,LYMPHATIC_CORE,0,1,NONE,,55,8,,2.0,38.0,,,,107.0,,,,,86.0,,,,,,
lymphatic contour and face brush,0.0,EXACT,LYMPHATIC_CORE,0,0,NONE,,0,8,,0.0,,,,,,,,,,,,,,,,
lymphatic contour bruah,0.0,ADJACENT,LYMPHATIC_CORE,0,0,NONE,,0,8,,0.0,,,,,,,,,,,,,,,,
facial brush products,0.0,ADJACENT,OTHER,0,0,NONE,,0,8,,0.0,,,,,,,,,,,,,,,,
facial brush women,0.0,ADJACENT,OTHER,0,3,NONE,,56,8,,0.0,21.0,296.0,160.0,139.0,24.0,156.0,44.0,119.0,,51.0,285.0,,,,,198.0
lymphatic brush starter,0.0,EXACT,LYMPHATIC_CORE,0,0,NONE,,0,8,,0.0,,,,,,,,,,,,,,,,
gua sha massage tool set,0.0,ADJACENT,GUA_SHA,0,0,NONE,,29,8,,5.0,,,200.0,,,,,140.0,,,,,,186.0,,
gua sha metal tool,0.0,ADJACENT,GUA_SHA,0,0,NONE,,0,8,,0.0,,,,,,,,,,,,,,,,
wondolla face brush,0.0,ADJACENT,OTHER,0,0,NONE,,0,8,,,,,,,,,,,,,,,,,,
wood face brush,0.0,ADJACENT,OTHER,0,0,NONE,,0,8,,,,,,,,,,,,,,,,,,
wood face massager,0.0,ADJACENT,OTHER,0,0,NONE,,0,8,,0.0,,,,,,,,,,,,,,,,
wooden facial brush,0.0,ADJACENT,OTHER,0,0,NONE,,0,8,,,,,,,,,,,,,,,,,,
wooden handle lymphatic face brush,0.0,EXACT,LYMPHATIC_CORE,0,0,NONE,,0,8,,,,,,,,,,,,,,,,,,
wooden lymphatic face brush,0.0,EXACT,LYMPHATIC_CORE,0,0,NONE,,0,8,,,,,,,,,,,,,,,,,,
aemi lymphatic contour face brush,0.0,EXACT,LYMPHATIC_CORE,0,0,NONE,,0,8,,0.0,,,,,,,,,,,,,,,,
aeyki face brush,0.0,ADJACENT,OTHER,0,0,NONE,,0,8,,0.0,,,,,,,,,,,,,,,,
wash face brush,0.0,ADJACENT,OTHER,0,0,NONE,,0,8,,,,,,,,,,,,,,,,,,
gua sha shape up tool,0.0,ADJACENT,GUA_SHA,0,0,NONE,,0,8,1.22,0.0,,,,,,,,,,,,,,,,
balls face massage,0.0,ADJACENT,OTHER,0,0,NONE,,0,8,,0.0,,,,,,,,,,,,,,,,
arki face brush,0.0,ADJACENT,OTHER,0,0,NONE,,0,8,,0.0,,,,,,,,,,,,,,,,
bamboo facial mask brush,0.0,ADJACENT,OTHER,0,1,NONE,,83,8,,0.0,,,135.0,100.0,,,30.0,,,,129.0,,,,,
bamboo skin brush,0.0,ADJACENT,OTHER,0,1,NONE,,119,8,,0.0,,,137.0,57.0,,,,,,26.0,,,,,,
bass face brush,0.0,ADJACENT,OTHER,0,0,NONE,,0,8,,,,,,,,,,,,,,,,,,
best face brush,0.0,ADJACENT,OTHER,0,0,NONE,,0,8,,0.0,,,,,,,,,,,,,,,,
adrenal brush for face,0.0,ADJACENT,OTHER,0,0,NONE,,0,8,,,,,,,,,,,,,,,,,,
akei lymphatic contour face brush,0.0,EXACT,LYMPHATIC_CORE,0,0,NONE,,0,8,,,,,,,,,,,,,,,,,,
synthetic face brushes,0.0,ADJACENT,OTHER,2,2,SHARED,,67,8,,0.0,1.0,,,,4.0,,,87.0,,,,,,,,
tapered face makeup brush,0.0,ADJACENT,OTHER,0,0,NONE,,0,8,,0.0,,,,,,,,,,,,,,,,
terracotta face brush,0.0,ADJACENT,OTHER,0,0,NONE,,0,8,,0.0,,,,,,,,,,,,,,,,
terracotta lymphatic face brush,0.0,EXACT,LYMPHATIC_CORE,0,0,NONE,,0,8,,0.0,,,,,,,,,,,,,,,,
uvetra face brush,0.0,ADJACENT,OTHER,0,0,NONE,,0,8,,,,,,,,,,,,,,,,,,
vanity planet facial brush,0.0,ADJACENT,OTHER,0,1,NONE,,30,8,,0.0,,,,,,,45.0,,,,,,,,,
all natural lymphatic face brush,0.0,EXACT,LYMPHATIC_CORE,0,0,NONE,,0,8,,,,,,,,,,,,,,,,,,
anti puffy face brush,0.0,ADJACENT,OTHER,0,0,NONE,,0,8,,,,,,,,,,,,,,,,,,
asking lymphatic face brush,0.0,EXACT,LYMPHATIC_CORE,0,0,NONE,,0,8,,,,,,,,,,,,,,,,,,
lymph contour face brush,0.0,EXACT,LYMPHATIC_CORE,0,0,NONE,,0,8,,0.0,,,,,,,,,,,,,,,,
lymphatic brushing face,0.0,EXACT,LYMPHATIC_CORE,4,11,CONSOLIDATED,178.0,107,8,,0.0,22.0,10.0,19.0,47.0,5.0,45.0,23.0,42.0,64.0,16.0,102.0,146.0,21.0,129.0,37.0,67.0
lymphatic brush for the body,0.0,EXACT,LYMPHATIC_CORE,0,0,NONE,,0,8,,0.0,,,,,,,,,,,,,,,,
lymphatic brush for your face,0.0,EXACT,LYMPHATIC_CORE,0,0,NONE,,0,8,,,,,,,,,,,,,,,,,,
lymphatic brush gua sha,0.0,EXACT,GUA_SHA,0,0,NONE,,0,8,,0.0,,,,,,,,,,,,,,,,
lymphatic brush kit,0.0,EXACT,LYMPHATIC_CORE,0,0,NONE,,0,8,,0.0,,,,,,,,,,,,,,,,
lymphatic brush kitsch,0.0,EXACT,COMPETITOR_BRAND,0,0,NONE,,0,8,,0.0,,,,,,,,,,,,,,,,
lymphatic brush made in usa,0.0,EXACT,LYMPHATIC_CORE,0,0,NONE,,0,8,,0.0,,,,,,,,,,,,,,,,
face slimmer device drainage,0.0,ADJACENT,LYMPHATIC_CORE,0,0,NONE,,0,8,,,,,,,,,,,,,,,,,,
face slimming brush,0.0,ADJACENT,OTHER,0,0,NONE,,0,8,,,,,,,,,,,,,,,,,,
face sculptor beauty roller,0.0,ADJACENT,CONTOUR_CORE,0,0,NONE,,59,8,,1.0,,,,,113.0,,,,,,,,,,,192.0
face sculptor brush,0.0,EXACT,CONTOUR_CORE,0,0,NONE,,0,8,,0.0,,,,,,,,,,,,,,,,
face sculptung brush,0.0,EXACT,CONTOUR_CORE,0,0,NONE,,0,8,,0.0,,,,,,,,,,,,,,,,
facial brush applicator,0.0,ADJACENT,OTHER,0,0,NONE,,141,8,,0.0,,,,176.0,155.0,165.0,,,,173.0,205.0,,,,,
face sculting brush,0.0,ADJACENT,OTHER,0,0,NONE,,0,8,,0.0,,,,,,,,,,,,,,,,
face sculpting brush natural,0.0,EXACT,CONTOUR_CORE,0,0,NONE,,0,8,,0.0,,,,,,,,,,,,,,,,
face toning brush,0.0,ADJACENT,OTHER,0,0,NONE,,0,8,,0.0,,,,,,,,,,,,,,,,
face tools gua sha,0.0,ADJACENT,GUA_SHA,0,3,NONE,,116,8,,0.0,,29.0,164.0,166.0,,277.0,,34.0,,,213.0,,,210.0,,30.0
lymphatic contour brush pack,0.0,EXACT,LYMPHATIC_CORE,0,0,NONE,,0,8,,,,,,,,,,,,,,,,,,
lymphatic contour brush soft,0.0,EXACT,LYMPHATIC_CORE,0,0,NONE,,0,8,,,,,,,,,,,,,,,,,,
lymphatic contour dry brush,0.0,EXACT,LYMPHATIC_CORE,0,0,NONE,,0,8,,,,,,,,,,,,,,,,,,
face shaping brush,0.0,ADJACENT,OTHER,0,0,NONE,,0,8,,0.0,,,,,,,,,,,,,,,,
face skin brush,0.0,ADJACENT,OTHER,0,0,NONE,,0,8,,0.0,,,,,,,,,,,,,,,,
face smoothing brush,0.0,ADJACENT,OTHER,0,0,NONE,,0,8,,0.0,,,,,,,,,,,,,,,,
face soft brush,0.0,ADJACENT,OTHER,0,0,NONE,,0,8,,0.0,,,,,,,,,,,,,,,,
face srubbing brush,0.0,ADJACENT,OTHER,0,0,NONE,,74,8,,0.0,59.0,162.0,210.0,171.0,,192.0,107.0,,,65.0,184.0,,175.0,,,
face stone lymphatic drainage,0.0,ADJACENT,LYMPHATIC_CORE,0,0,NONE,,0,8,,0.0,,,,,,,,,,,,,,,,
facial application brushes,0.0,ADJACENT,OTHER,0,0,NONE,,0,8,,0.0,,,,,,,,,,,,,,,,
face sculpture brush,0.0,EXACT,CONTOUR_CORE,0,0,NONE,,0,8,,0.0,,,,,,,,,,,,,,,,
facial brush bowl,0.0,ADJACENT,OTHER,0,0,NONE,,90,8,,,,,,,,,,,,,,,,,,
facial brush face,0.0,ADJACENT,OTHER,1,5,SINGLE,240.0,83,8,,0.0,2.0,79.0,78.0,55.0,29.0,112.0,31.0,93.0,,47.0,57.0,178.0,24.0,121.0,95.0,77.0
facial brush for cleansing,0.0,ADJACENT,OTHER,0,0,NONE,,0,8,,,,,,,,,,,,,,,,,,
facial brush for lymphatic,0.0,EXACT,LYMPHATIC_CORE,0,0,NONE,,0,8,,,,,,,,,,,,,,,,,,
facial brush for women,0.0,ADJACENT,OTHER,2,5,SHARED,,65,8,1.24,0.0,7.0,,135.0,83.0,11.0,258.0,26.0,78.0,,25.0,,,,23.0,,134.0
lymph flow face brush,0.0,EXACT,LYMPHATIC_CORE,0,0,NONE,,0,8,,0.0,,,,,,,,,,,,,,,,
lymph node facial brush,0.0,EXACT,LYMPHATIC_CORE,0,0,NONE,,0,8,,,,,,,,,,,,,,,,,,
facial brush lymphatic system,0.0,EXACT,LYMPHATIC_CORE,0,0,NONE,,0,8,,0.0,,,,,,,,,,,,,,,,
facial brush manual,0.0,ADJACENT,OTHER,0,0,NONE,,0,8,,,,,,,,,,,,,,,,,,
facial brush mask,0.0,ADJACENT,OTHER,0,0,NONE,,106,8,,0.0,127.0,,,,201.0,,121.0,,,,,,,,,
facial brush organic,0.0,ADJACENT,OTHER,2,3,SHARED,,79,8,,0.0,,,15.0,31.0,,,11.0,,,,112.0,,,,,
lymphatic brush oil,0.0,EXACT,LYMPHATIC_CORE,0,0,NONE,,0,8,,0.0,,,,,,,,,,,,,,,,
lymphatic brush set,0.0,EXACT,LYMPHATIC_CORE,0,0,NONE,,0,8,,0.0,,,,,,,,,,,,,,,,
lymphatic brishes,0.0,ADJACENT,LYMPHATIC_CORE,0,0,NONE,,0,8,,,,,,,,,,,,,,,,,,
lympatic face brush,0.0,ADJACENT,OTHER,0,0,NONE,,0,8,,0.0,,,,,,,,,,,,,,,,
lymphatic brush and gua sha,0.0,EXACT,GUA_SHA,0,0,NONE,,0,8,,0.0,,,,,,,,,,,,,,,,
lymphatic brush face organic,0.0,EXACT,LYMPHATIC_CORE,0,0,NONE,,0,8,,0.0,,,,,,,,,,,,,,,,
lymphatic brush for face reduction,0.0,EXACT,LYMPHATIC_CORE,0,0,NONE,,0,8,,,,,,,,,,,,,,,,,,
lymph drain face brush,0.0,EXACT,LYMPHATIC_CORE,0,0,NONE,,0,8,,0.0,,,,,,,,,,,,,,,,
lymph drainage brush face,0.0,EXACT,LYMPHATIC_CORE,0,0,NONE,,0,8,,0.0,,,,,,,,,,,,,,,,
lojiva lymphatic face brush,0.0,EXACT,LYMPHATIC_CORE,0,0,NONE,,0,8,,,,,,,,,,,,,,,,,,
kymphatic face brush,0.0,ADJACENT,OTHER,0,0,NONE,,0,8,,0.0,,,,,,,,,,,,,,,,
large lymphatic contour face brush,0.0,EXACT,LYMPHATIC_CORE,0,0,NONE,,0,8,,0.0,,,,,,,,,,,,,,,,
lifting sculpting face brush,0.0,EXACT,CONTOUR_CORE,0,0,NONE,,0,8,,0.0,,,,,,,,,,,,,,,,
facial dry brushing tool,0.0,ADJACENT,OTHER,0,0,NONE,,0,8,,0.0,,,,,,,,,,,,,,,,
kojiva brush face,0.0,ADJACENT,OTHER,0,0,NONE,,0,8,,0.0,,,,,,,,,,,,,,,,
kojvea face brush,0.0,ADJACENT,OTHER,0,0,NONE,,0,8,,0.0,,,,,,,,,,,,,,,,
lumphatic face brush,0.0,ADJACENT,OTHER,0,0,NONE,,0,8,,0.0,,,,,,,,,,,,,,,,
lympatic drainage face brush,0.0,EXACT,LYMPHATIC_CORE,0,0,NONE,,0,8,,0.0,,,,,,,,,,,,,,,,
lymphatic brush and face,0.0,EXACT,LYMPHATIC_CORE,0,0,NONE,,0,8,,0.0,,,,,,,,,,,,,,,,
face brush for cleaning,0.0,ADJACENT,OTHER,0,0,NONE,,0,8,,,,,,,,,,,,,,,,,,
lymphatic face massage,0.0,ADJACENT,LYMPHATIC_CORE,4,5,CONSOLIDATED,214.0,78,8,,0.0,18.0,36.0,58.0,59.0,2.0,144.0,17.0,52.0,175.0,14.0,62.0,137.0,64.0,53.0,291.0,258.0
face brush mask applicator,0.0,ADJACENT,OTHER,0,0,NONE,,107,8,,,,,,,,,,,,,,,,,,
face brush massager,0.0,ADJACENT,OTHER,0,0,NONE,,0,8,,0.0,,,,,,,,,,,,,,,,
face brush natural,0.0,ADJACENT,OTHER,0,0,NONE,,0,8,,,,,,,,,,,,,,,,,,
face brush for shower,0.0,ADJACENT,OTHER,0,0,NONE,,0,8,,,,,,,,,,,,,,,,,,
face brush fsa,0.0,ADJACENT,OTHER,0,0,NONE,,0,8,,,,,,,,,,,,,,,,,,
face brush gua sha soft,0.0,EXACT,GUA_SHA,0,0,NONE,,0,8,,0.0,,,,,,,,,,,,,,,,
face brush korean,0.0,ADJACENT,OTHER,0,0,NONE,,0,8,,0.0,,,,,,,,,,,,,,,,
face brush shower,0.0,ADJACENT,OTHER,0,0,NONE,,0,8,,,,,,,,,,,,,,,,,,
face brush soft bristles,0.0,ADJACENT,OTHER,0,0,NONE,,0,8,,,,,,,,,,,,,,,,,,
face brush tool,0.0,ADJACENT,OTHER,0,0,NONE,,0,8,,0.0,,,,,,,,,,,,,,,,
lymphatic face brush men,0.0,EXACT,LYMPHATIC_CORE,0,0,NONE,,0,8,,0.0,,,,,,,,,,,,,,,,
lymphatic drainage brush goop,0.0,EXACT,LYMPHATIC_CORE,0,0,NONE,,0,8,,0.0,,,,,,,,,,,,,,,,
lymphatic face brush set,0.0,EXACT,LYMPHATIC_CORE,0,0,NONE,,0,8,,0.0,,,,,,,,,,,,,,,,
face brush mask,0.0,ADJACENT,OTHER,0,0,NONE,,85,8,,,,,,,,,,,,,272.0,,,,,
face brush wooden,0.0,ADJACENT,OTHER,0,0,NONE,,0,8,,0.0,,,,,,,,,,,,,,,,
face brushed,0.0,ADJACENT,OTHER,0,0,NONE,,0,8,,0.0,,,,,,,,,,,,,,,,
face brushes cleansing,0.0,ADJACENT,OTHER,0,0,NONE,,0,8,,0.0,,,,,,,,,,,,,,,,
face brushes exfoliating,0.0,ADJACENT,OTHER,0,0,NONE,,0,8,,0.0,,,,,,,,,,,,,,,,
face brush natural bristle,0.0,ADJACENT,OTHER,0,0,NONE,,0,8,,,,,,,,,,,,,,,,,,
face brush powder,0.0,ADJACENT,OTHER,0,0,NONE,,126,8,,0.0,,,,,,,,,,,,,,,,
face brush rechargeable,0.0,ADJACENT,OTHER,0,0,NONE,,57,8,,0.0,,,,,,,,,,,,,,,,
face brush sensitive skin,0.0,ADJACENT,OTHER,0,0,NONE,,0,8,,0.0,,,,,,,,,,,,,,,,
kitch contour face brush,0.0,EXACT,COMPETITOR_BRAND,0,0,NONE,,0,8,,0.0,,,,,,,,,,,,,,,,
kitch facial brush,0.0,ADJACENT,COMPETITOR_BRAND,0,0,NONE,,0,8,,0.0,,,,,,,,,,,,,,,,
kitch facial lymphatic drainage brush,0.0,EXACT,COMPETITOR_BRAND,0,0,NONE,,0,8,,0.0,,,,,,,,,,,,,,,,
facial mask bowl brush,0.0,ADJACENT,OTHER,0,0,NONE,,96,8,,,,,,,,,,,,,,,,,,
lymphatic face brush natural,0.0,EXACT,LYMPHATIC_CORE,0,0,NONE,,0,8,,,,,,,,,,,,,,,,,,
face brush with soap,0.0,ADJACENT,OTHER,0,0,NONE,,136,8,,0.0,,,,,,,,,,,,203.0,,,,146.0
face brush women,0.0,ADJACENT,OTHER,0,0,NONE,,0,8,,0.0,,,,,,,,,,,,,,,,
face brush wood,0.0,ADJACENT,OTHER,0,0,NONE,,0,8,,0.0,,,,,,,,,,,,,,,,
lymphatic drainage vrush,0.0,ADJACENT,LYMPHATIC_CORE,0,0,NONE,,0,8,,0.0,,,,,,,,,,,,,,,,
lymphatic drainage wand,0.0,ADJACENT,LYMPHATIC_CORE,0,0,NONE,,0,8,,0.0,,,,,,,,,,,,,,,,
lymphatic drainage women,0.0,ADJACENT,LYMPHATIC_CORE,1,2,SINGLE,,80,8,,0.0,18.0,,125.0,,49.0,,,150.0,,,220.0,,,,159.0,141.0
lymphatic drainagebrush,0.0,EXACT,LYMPHATIC_CORE,0,0,NONE,,0,8,,,,,,,,,,,,,,,,,,
face brushes makeup set,0.0,ADJACENT,OTHER,0,0,NONE,,55,8,,0.0,,,,,229.0,263.0,,,,,,,,,,
lymphatic face brush with case,0.0,EXACT,LYMPHATIC_CORE,0,0,NONE,,0,8,,,,,,,,,,,,,,,,,,
lymphatic draining brush face,0.0,EXACT,LYMPHATIC_CORE,0,0,NONE,,0,8,,0.0,,,,,,,,,,,,,,,,
lymphatic draining brushes,0.0,EXACT,LYMPHATIC_CORE,0,0,NONE,,0,8,,,,,,,,,,,,,,,,,,
lymphatic draining facial brush,0.0,EXACT,LYMPHATIC_CORE,0,0,NONE,,0,8,,,,,,,,,,,,,,,,,,
lymphatic dry brush face,0.0,EXACT,LYMPHATIC_CORE,7,12,CONSOLIDATED,285.0,71,8,,0.0,27.0,6.0,13.0,69.0,3.0,12.0,16.0,38.0,45.0,11.0,51.0,93.0,2.0,34.0,47.0,74.0
face brush dry brushing,0.0,ADJACENT,OTHER,0,0,NONE,,0,8,,0.0,,,,,,,,,,,,,,,,
face contouring,0.0,ADJACENT,CONTOUR_CORE,2,4,SHARED,196.0,95,8,,4.0,88.0,54.0,158.0,98.0,7.0,110.0,59.0,57.0,205.0,68.0,48.0,97.0,20.0,276.0,29.0,144.0
face contouring brush lymphatic,0.0,EXACT,LYMPHATIC_CORE,0,0,NONE,,0,8,,0.0,,,,,,,,,,,,,,,,
lymphatic drainage tools for face,0.0,ADJACENT,LYMPHATIC_CORE,4,11,CONSOLIDATED,177.0,99,8,,0.0,31.0,4.0,46.0,67.0,12.0,35.0,24.0,21.0,120.0,7.0,49.0,147.0,14.0,59.0,50.0,81.0
lymphatic face brush gua sha,0.0,EXACT,GUA_SHA,0,0,NONE,,0,8,,0.0,,,,,,,,,,,,,,,,
lymphatic dry brushes,0.0,EXACT,LYMPHATIC_CORE,0,0,NONE,,0,8,,,,,,,,,,,,,,,,,,
lymphatic dry brushes for face,0.0,EXACT,LYMPHATIC_CORE,0,0,NONE,,0,8,,,,,,,,,,,,,,,,,,
lymphatic face briah,0.0,ADJACENT,LYMPHATIC_CORE,0,0,NONE,,0,8,,0.0,,,,,,,,,,,,,,,,
lymphatic face brudh,0.0,ADJACENT,LYMPHATIC_CORE,0,0,NONE,,0,8,,0.0,,,,,,,,,,,,,,,,
lymphatic face brush 2pcs,0.0,EXACT,LYMPHATIC_CORE,0,0,NONE,,0,8,,,,,,,,,,,,,,,,,,
lymphatic drainge face,0.0,ADJACENT,LYMPHATIC_CORE,0,0,NONE,,0,8,,0.0,,,,,,,,,,,,,,,,
face brush lymph drainage,0.0,EXACT,LYMPHATIC_CORE,0,0,NONE,,0,8,,0.0,,,,,,,,,,,,,,,,
face brush bamboo,0.0,ADJACENT,OTHER,0,2,NONE,,96,8,,0.0,,44.0,45.0,75.0,,,,,,,,,,105.0,,
face brush cala,0.0,ADJACENT,OTHER,0,0,NONE,,0,8,,,,,,,,,,,,,,,,,,
face brush cleansing,0.0,ADJACENT,OTHER,0,0,NONE,,105,8,,0.0,92.0,173.0,,227.0,187.0,264.0,138.0,273.0,,132.0,229.0,,,,,
lymphatic dry brush set,0.0,EXACT,LYMPHATIC_CORE,0,0,NONE,,0,8,,0.0,,,,,,,,,,,,,,,,
dual facial brush,0.0,ADJACENT,OTHER,0,0,NONE,,0,8,,0.0,,,,,,,,,,,,,,,,
worthwith facial brush,0.0,ADJACENT,OTHER,3,4,SHARED,,24,8,1.59,0.0,,,19.0,5.0,,,,,,20.0,27.0,,,,,
lymphatic fluid drainage massager,0.0,ADJACENT,LYMPHATIC_CORE,0,0,NONE,,0,8,,0.0,,,,,,,,,,,,,,,,
lymphatic gua sha face oil,0.0,ADJACENT,GUA_SHA,1,2,SINGLE,94.0,88,8,,3.0,,34.0,,,,,,7.0,,,,,273.0,,,
lymphatic limp drainage brush,0.0,EXACT,LYMPHATIC_CORE,0,0,NONE,,0,8,,0.0,,,,,,,,,,,,,,,,
lymphatic massage brush face,0.0,EXACT,LYMPHATIC_CORE,0,0,NONE,,0,8,,0.0,,,,,,,,,,,,,,,,
lymphatic massage face,0.0,ADJACENT,LYMPHATIC_CORE,2,6,SHARED,301.0,82,8,,0.0,30.0,22.0,62.0,71.0,2.0,138.0,26.0,47.0,253.0,14.0,75.0,175.0,55.0,56.0,298.0,191.0
face brush manual,0.0,ADJACENT,OTHER,0,0,NONE,237.0,72,8,,1.0,103.0,128.0,148.0,188.0,,99.0,,,,60.0,140.0,,,,170.0,
lymphatic facial drain brush,0.0,EXACT,LYMPHATIC_CORE,0,0,NONE,,0,8,,,,,,,,,,,,,,,,,,
face applicator brush,0.0,ADJACENT,OTHER,0,1,NONE,,75,8,,1.0,,,,289.0,88.0,71.0,34.0,70.0,,,,,,,,
elovelle brush for face,0.0,ADJACENT,OTHER,1,1,SINGLE,,12,8,,,,,,,,,,,,,,,,3.0,,
emphatic contour face brush,0.0,EXACT,CONTOUR_CORE,0,0,NONE,,0,8,,,,,,,,,,,,,,,,,,
ergonomic lymphatic facial brush,0.0,EXACT,LYMPHATIC_CORE,0,0,NONE,,0,8,,0.0,,,,,,,,,,,,,,,,
lymphatic facial brush natural bristles,0.0,EXACT,LYMPHATIC_CORE,0,0,NONE,,0,8,,0.0,,,,,,,,,,,,,,,,
lymphatic face contouring brush,0.0,EXACT,LYMPHATIC_CORE,0,0,NONE,,0,8,,0.0,,,,,,,,,,,,,,,,
lymphatic face draining brush,0.0,EXACT,LYMPHATIC_CORE,0,0,NONE,,0,8,,,,,,,,,,,,,,,,,,
lymphatic face dry brush,0.0,EXACT,LYMPHATIC_CORE,0,0,NONE,,0,8,,0.0,,,,,,,,,,,,,,,,
etereauty facial cleansing brush,0.0,ADJACENT,OTHER,0,0,NONE,,64,8,,0.0,,,,,,,,,,,,,,,,
exfoliating brush dry skin,0.0,ADJACENT,OTHER,0,0,NONE,,77,8,,0.0,,,269.0,,,111.0,,,,,,,,,,
exfoliating skin brush,0.0,ADJACENT,OTHER,0,0,NONE,,124,8,,0.0,255.0,,,,,,141.0,,,158.0,,,,,,
dry contour face brush,0.0,EXACT,CONTOUR_CORE,0,0,NONE,,0,8,,0.0,,,,,,,,,,,,,,,,
dry facial brushes soft bristles,0.0,ADJACENT,OTHER,0,0,NONE,,0,8,,0.0,,,,,,,,,,,,,,,,
dry guasha brush face,0.0,EXACT,GUA_SHA,0,0,NONE,,0,8,,0.0,,,,,,,,,,,,,,,,
lyphatic face brush,0.0,ADJACENT,OTHER,0,0,NONE,,0,8,,,,,,,,,,,,,,,,,,
makeup contouring kit for dark skin,0.0,ADJACENT,CONTOUR_CORE,0,0,NONE,,91,8,,0.0,,,,,177.0,,,,,,,,,,,
manual face brushes cleansing,0.0,ADJACENT,OTHER,0,0,NONE,,0,8,,,,,,,,,,,,,,,,,,
manual face brushes for cleansing,0.0,ADJACENT,OTHER,0,0,NONE,,0,8,,,,,,,,,,,,,,,,,,
lymphatic sculpting facial brush,0.0,EXACT,LYMPHATIC_CORE,0,0,NONE,,0,8,,,,,,,,,,,,,,,,,,
escova de massagem facial,0.0,ADJACENT,OTHER,0,0,NONE,,0,8,,,,,,,,,,,,,,,,,,
lymphatic facial brush tool,0.0,EXACT,LYMPHATIC_CORE,0,0,NONE,,0,8,,,,,,,,,,,,,,,,,,
lymphatic face brush work,0.0,EXACT,LYMPHATIC_CORE,0,0,NONE,,0,8,,,,,,,,,,,,,,,,,,
lymphatic face brushes 2 pack,0.0,EXACT,LYMPHATIC_CORE,0,0,NONE,,0,8,,0.0,,,,,,,,,,,,,,,,
kitsch face contour brush,0.0,EXACT,COMPETITOR_BRAND,0,0,NONE,,0,8,,0.0,,,,,,,,,,,,,,,,
kitsch face depuffer,0.0,ADJACENT,COMPETITOR_BRAND,0,0,NONE,,0,8,,0.0,,,,,,,,,,,,,,,,
facial massage brush lymphatic drainage,0.0,EXACT,LYMPHATIC_CORE,0,0,NONE,,0,8,,0.0,,,,,,,,,,,,,,,,
facial massage set,0.0,ADJACENT,OTHER,0,0,NONE,,103,8,,2.0,,,188.0,295.0,145.0,151.0,,173.0,,,,,,,,
facial massage tools gua sha,0.0,ADJACENT,GUA_SHA,0,0,NONE,,0,8,,0.0,,,,,,,,,,,,,,,,
facial massager brush,0.0,ADJACENT,OTHER,0,0,NONE,,0,8,,0.0,,,,,,,,,,,,,,,,
kit.sch face brush,0.0,ADJACENT,OTHER,0,0,NONE,,0,8,,0.0,,,,,,,,,,,,,,,,
kit.sch lymphatic contour face brush,0.0,EXACT,LYMPHATIC_CORE,0,0,NONE,,0,8,,0.0,,,,,,,,,,,,,,,,
icon lymphatic face brush,0.0,EXACT,LYMPHATIC_CORE,0,0,NONE,,0,8,,,,,,,,,,,,,,,,,,
inflammation face brush,0.0,ADJACENT,OTHER,0,0,NONE,,0,8,,0.0,,,,,,,,,,,,,,,,
innerneed silicone face brush,0.0,ADJACENT,OTHER,0,0,NONE,,59,8,,0.0,,,,,,,,,,,,,,,,
lymphatic fluid brush,0.0,EXACT,LYMPHATIC_CORE,0,0,NONE,,0,8,,,,,,,,,,,,,,,,,,
kitchen lymphatic face brush,0.0,EXACT,COMPETITOR_BRAND,0,0,NONE,,0,8,,0.0,,,,,,,,,,,,,,,,
kitsch dry facial brush,0.0,ADJACENT,COMPETITOR_BRAND,0,0,NONE,,0,8,,0.0,,,,,,,,,,,,,,,,
lymphatic face neck massager,0.0,ADJACENT,LYMPHATIC_CORE,0,0,NONE,,0,8,,,,,,,,,,,,,,,,,,
lymphatic face sculpting brush,0.0,EXACT,LYMPHATIC_CORE,0,0,NONE,,0,8,,,,,,,,,,,,,,,,,,
lymphatic face shaper,0.0,ADJACENT,LYMPHATIC_CORE,0,0,NONE,,0,8,,,,,,,,,,,,,,,,,,
lymphatic facial brush face,0.0,EXACT,LYMPHATIC_CORE,0,0,NONE,,0,8,,0.0,,,,,,,,,,,,,,,,
facial pore brush,0.0,ADJACENT,OTHER,0,0,NONE,,0,8,1.23,,,,,,,,,,,,,,,,,
facial roller kitsch,0.0,ADJACENT,COMPETITOR_BRAND,0,0,NONE,,0,8,,0.0,,,,,,,,,,,,,,,,
foreo facial cleansing brush,0.0,ADJACENT,OTHER,0,0,NONE,,28,8,,0.0,,,,,,156.0,57.0,,,183.0,210.0,,,,,
icon face brush,0.0,ADJACENT,OTHER,0,0,NONE,,0,8,,,,,,,,,,,,,,,,,,
lymphatic facial draining brush,0.0,EXACT,LYMPHATIC_CORE,0,0,NONE,,0,8,,0.0,,,,,,,,,,,,,,,,
lymphatic facial dry brush,0.0,EXACT,LYMPHATIC_CORE,0,0,NONE,,0,8,,0.0,,,,,,,,,,,,,,,,
lymphatic facial massager,0.0,ADJACENT,LYMPHATIC_CORE,0,0,NONE,,0,8,,0.0,,,,,,,,,,,,,,,,
lymphatic facial tool,0.0,ADJACENT,LYMPHATIC_CORE,0,0,NONE,,0,8,,,,,,,,,,,,,,,,,,
facial mud mask brush,0.0,ADJACENT,OTHER,0,0,NONE,,107,8,,0.0,,,,,,282.0,93.0,,,,,,,,,
face roller for face lift,0.0,ADJACENT,OTHER,0,1,NONE,,69,8,,0.0,24.0,,,,,,,,,,,,,,,
face roller for wrinkles,0.0,ADJACENT,OTHER,0,0,NONE,,96,8,,,,,,,,,,,,,,,,62.0,,
lymphatic drainage brush aeki,0.0,EXACT,COMPETITOR_BRAND,0,0,NONE,,0,8,,,,,,,,,,,,,,,,,,
face contouring makeup,0.0,ADJACENT,CONTOUR_CORE,0,0,NONE,,66,8,,0.0,98.0,255.0,,,51.0,169.0,125.0,188.0,234.0,143.0,,,,,,
face contouring makeup kit,0.0,ADJACENT,CONTOUR_CORE,0,0,NONE,,128,8,1.09,0.0,,,,,105.0,,,,,,,,,,,
face contouring tool,0.0,ADJACENT,CONTOUR_CORE,6,7,CONSOLIDATED,176.0,120,8,,0.0,26.0,19.0,106.0,81.0,1.0,18.0,,62.0,201.0,10.0,83.0,99.0,7.0,66.0,16.0,55.0
lymphatic drainage massager face brush,0.0,EXACT,LYMPHATIC_CORE,8,13,CONSOLIDATED,136.0,139,8,,0.0,6.0,8.0,28.0,25.0,2.0,23.0,12.0,19.0,67.0,7.0,16.0,56.0,5.0,29.0,69.0,44.0
lymphatic drainage massager face neck,0.0,ADJACENT,LYMPHATIC_CORE,0,0,NONE,,0,8,,,,,,,,,,,,,,,,,,
lymphatic drainage massager facial focused,0.0,ADJACENT,LYMPHATIC_CORE,0,0,NONE,,0,8,,0.0,,,,,,,,,,,,,,,,
lymphatic drainage massager facr,0.0,ADJACENT,LYMPHATIC_CORE,0,0,NONE,,0,8,,0.0,,,,,,,,,,,,,,,,
face depuffing brush,0.0,EXACT,OTHER,0,0,NONE,,0,8,,0.0,,,,,,,,,,,,,,,,
face dey brush,0.0,ADJACENT,OTHER,0,0,NONE,,0,8,,,,,,,,,,,,,,,,,,
face drainage brush lymphatic,0.0,EXACT,LYMPHATIC_CORE,0,0,NONE,,0,8,,,,,,,,,,,,,,,,,,
face brush with cover,0.0,ADJACENT,OTHER,0,0,NONE,,0,8,,0.0,,,,,,,,,,,,,,,,
face drainer,0.0,ADJACENT,OTHER,0,0,NONE,,0,8,,,,,,,,,,,,,,,,,,
lymphatic drainage oil face,0.0,ADJACENT,LYMPHATIC_CORE,0,0,NONE,,0,8,,0.0,,,,,,,,,,,,,,,,
lymphatic drainage paddle wood,0.0,ADJACENT,LYMPHATIC_CORE,0,0,NONE,,92,8,,1.0,,,,58.0,,,,,,,145.0,,,,,
face lifting roller,0.0,ADJACENT,OTHER,0,0,NONE,,135,8,,0.0,,,,,,,,,,,,,,,,
face linfatico brush,0.0,ADJACENT,OTHER,0,0,NONE,,0,8,,0.0,,,,,,,,,,,,,,,,
face lotion brush,0.0,ADJACENT,OTHER,2,2,SHARED,286.0,84,8,,0.0,,70.0,266.0,107.0,62.0,68.0,14.0,,,13.0,105.0,,84.0,,,
face lymph drainage brush,0.0,EXACT,LYMPHATIC_CORE,0,0,NONE,,0,8,,,,,,,,,,,,,,,,,,
lymphatic drainage kit for face,0.0,ADJACENT,LYMPHATIC_CORE,0,0,NONE,,0,8,,,,,,,,,,,,,,,,,,
lymphatic drainage kitsch,0.0,ADJACENT,COMPETITOR_BRAND,0,0,NONE,,0,8,,0.0,,,,,,,,,,,,,,,,
lymphatic drainage massage oil face,0.0,ADJACENT,LYMPHATIC_CORE,1,4,SINGLE,140.0,109,8,,0.0,17.0,46.0,,,52.0,70.0,,41.0,169.0,34.0,,156.0,64.0,151.0,204.0,
face conture brush,0.0,ADJACENT,OTHER,0,0,NONE,,0,8,,,,,,,,,,,,,,,,,,
face flush brush,0.0,ADJACENT,OTHER,0,0,NONE,,0,8,,0.0,,,,,,,,,,,,,,,,
face lymphatic drain brush,0.0,EXACT,LYMPHATIC_CORE,0,0,NONE,,0,8,,,,,,,,,,,,,,,,,,
face lymphatic drainage massage,0.0,ADJACENT,LYMPHATIC_CORE,0,0,NONE,,0,8,,,,,,,,,,,,,,,,,,
face drainage lymphatic,0.0,ADJACENT,LYMPHATIC_CORE,0,0,NONE,,0,8,,0.0,,,,,,,,,,,,,,,,
lymphatic drainage brush gua sha,0.0,EXACT,GUA_SHA,0,0,NONE,,0,8,,0.0,,,,,,,,,,,,,,,,
kitsch face gua sha,0.0,ADJACENT,COMPETITOR_BRAND,0,0,NONE,,0,8,,0.0,,,,,,,,,,,,,,,,
lymphatic drainage facial massager,0.0,ADJACENT,LYMPHATIC_CORE,0,0,NONE,,0,8,,,,,,,,,,,,,,,,,,
face mask and brush,0.0,ADJACENT,OTHER,0,0,NONE,,94,8,,0.0,,,,,,,,,,,,,,,,
face mask applying brush,0.0,ADJACENT,OTHER,0,0,NONE,,114,8,,0.0,,,,,,,,,,,,,,,,
face masks brush,0.0,ADJACENT,OTHER,0,0,NONE,,45,8,,0.0,,,,292.0,,,79.0,,,,52.0,,,,,
face fascia brush,0.0,ADJACENT,OTHER,0,0,NONE,,0,8,,,,,,,,,,,,,,,,,,
face fascia massage tool,0.0,ADJACENT,OTHER,0,0,NONE,,66,8,,,,,,,,,,,,,,,,,,217.0
face firming brush,0.0,ADJACENT,OTHER,0,0,NONE,,0,8,,0.0,,,,,,,,,,,,,,,,
face fluid brush,0.0,ADJACENT,OTHER,0,0,NONE,,0,8,,,,,,,,,,,,,,,,,,
face massager lymphatic drainage brush,0.0,EXACT,LYMPHATIC_CORE,0,0,NONE,,0,8,,0.0,,,,,,,,,,,,,,,,
face massage brush women,0.0,ADJACENT,OTHER,0,0,NONE,,0,8,,0.0,,,,,,,,,,,,,,,,
face massage brushes,0.0,ADJACENT,OTHER,0,0,NONE,,0,8,,,,,,,,,,,,,,,,,,
face massage comb,0.0,ADJACENT,OTHER,0,0,NONE,,0,8,,,,,,,,,,,,,,,,,,
face roller brush,0.0,ADJACENT,OTHER,0,0,NONE,,0,8,,,,,,,,,,,,,,,,,,
lymphatic drainage face brush sculpting,0.0,EXACT,LYMPHATIC_CORE,0,0,NONE,,0,8,,0.0,,,,,,,,,,,,,,,,
lymphatic drainage facial,0.0,ADJACENT,LYMPHATIC_CORE,0,0,NONE,,0,8,,,,,,,,,,,,,,,,,,
lymphatic drainage facial contour brush,0.0,EXACT,LYMPHATIC_CORE,0,0,NONE,,0,8,,,,,,,,,,,,,,,,,,
face massager oil,0.0,ADJACENT,OTHER,0,0,NONE,,0,8,,0.0,,,,,,,,,,,,,,,,
face massager tool brush,0.0,ADJACENT,OTHER,0,0,NONE,,0,8,,0.0,,,,,,,,,,,,,,,,
lymphatic drainage jade,0.0,ADJACENT,LYMPHATIC_CORE,0,0,NONE,,0,8,,0.0,,,,,,,,,,,,,,,,
face massager for face lift,0.0,ADJACENT,OTHER,0,2,NONE,,43,8,,0.0,142.0,119.0,,71.0,24.0,,,196.0,,48.0,58.0,193.0,200.0,122.0,,130.0
face massager for lymphatic drainage,0.0,ADJACENT,LYMPHATIC_CORE,0,0,NONE,,0,8,,,,,,,,,,,,,,,,,,
face massager for men,0.0,ADJACENT,OTHER,0,0,NONE,,97,8,,0.0,,,,,,,,,,,,,,,,
face massager for women,0.0,ADJACENT,OTHER,0,0,NONE,,96,8,,0.0,,,,,99.0,,,220.0,,,,,,,,160.0
face oils for gua sha,0.0,ADJACENT,GUA_SHA,0,1,NONE,,53,8,,0.0,,,,,,,,29.0,,,,,,,,
face peel brush,0.0,ADJACENT,OTHER,0,0,NONE,,75,8,,0.0,,,,77.0,,,,,,,93.0,,,,,
face peeling brush,0.0,ADJACENT,OTHER,1,5,SINGLE,292.0,102,8,,0.0,5.0,22.0,,54.0,44.0,36.0,21.0,,,119.0,97.0,,,,,
face roller balls,0.0,ADJACENT,OTHER,0,0,NONE,,58,8,1.28,,,,,,,,,,,247.0,,,,,,
face massage oil gua sha,0.0,ADJACENT,GUA_SHA,0,1,NONE,150.0,74,8,,0.0,,100.0,190.0,,,137.0,,49.0,161.0,,,,,139.0,,
lymphatic face brush for detox,0.0,EXACT,LYMPHATIC_CORE,0,0,NONE,,0,8,,,,,,,,,,,,,,,,,,
lymphatic face brush for draining,0.0,EXACT,LYMPHATIC_CORE,0,0,NONE,,0,8,,,,,,,,,,,,,,,,,,
lymphatic face brush fsa eligible,0.0,EXACT,LYMPHATIC_CORE,0,0,NONE,,0,8,,0.0,,,,,,,,,,,,,,,,
lymphatic face brush gentle,0.0,EXACT,LYMPHATIC_CORE,0,0,NONE,,0,8,,,,,,,,,,,,,,,,,,
lymphatic face brush gentle bristles,0.0,EXACT,LYMPHATIC_CORE,0,0,NONE,,0,8,,0.0,,,,,,,,,,,,,,,,
lymphatic drainage soft brush,0.0,EXACT,LYMPHATIC_CORE,0,0,NONE,,0,8,,0.0,,,,,,,,,,,,,,,,
face dry brush lymphatic,0.0,EXACT,LYMPHATIC_CORE,0,0,NONE,,0,8,,,,,,,,,,,,,,,,,,
face dry brush natural,0.0,ADJACENT,OTHER,0,0,NONE,,0,8,,0.0,,,,,,,,,,,,,,,,
face dry brush set,0.0,ADJACENT,OTHER,0,0,NONE,,0,8,,,,,,,,,,,,,,,,,,
face dry brush vegan,0.0,ADJACENT,OTHER,4,6,CONSOLIDATED,,99,8,,0.0,,,11.0,10.0,,,7.0,,42.0,,23.0,,18.0,,,
face dry brush wood handle,0.0,ADJACENT,OTHER,0,0,NONE,,0,8,,,,,,,,,,,,,,,,,,
face dry brushing,0.0,ADJACENT,OTHER,6,9,CONSOLIDATED,,76,8,,0.0,1.0,19.0,16.0,68.0,2.0,11.0,53.0,72.0,84.0,23.0,5.0,180.0,43.0,27.0,,
face brushes mask,0.0,ADJACENT,OTHER,0,0,NONE,,118,8,,,,,,,,,,,,,65.0,,,,,
face lymphatic massage brush,0.0,EXACT,LYMPHATIC_CORE,0,0,NONE,,0,8,,,,,,,,,,,,,,,,,,
face brushing lymph drainage,0.0,EXACT,LYMPHATIC_CORE,0,0,NONE,,0,8,,0.0,,,,,,,,,,,,,,,,
face brushing lymphatic,0.0,EXACT,LYMPHATIC_CORE,0,0,NONE,,0,8,,,,,,,,,,,,,,,,,,
face circulation brush,0.0,ADJACENT,OTHER,0,0,NONE,,0,8,,,,,,,,,,,,,,,,,,
face exfoliation brush,0.0,ADJACENT,OTHER,0,0,NONE,,0,8,,0.0,,,,,,,,,,,,,,,,
lymphatic drainage massager cold,0.0,ADJACENT,LYMPHATIC_CORE,0,0,NONE,,0,8,,0.0,,,,,,,,,,,,,,,,
face clean brush,0.0,ADJACENT,OTHER,0,0,NONE,,0,8,,,,,,,,,,,,,,,,,,
face cleansing brush for women,0.0,ADJACENT,OTHER,0,0,NONE,,0,8,,,,,,,,,,,,,,,,,,
face cleansing brush manual,0.0,ADJACENT,OTHER,0,0,NONE,,0,8,,,,,,,,,,,,,,,,,,
face cleansing brush system,0.0,ADJACENT,OTHER,0,0,NONE,,96,8,,0.0,,,,,,,,182.0,,,,,,,,
face contour brush set,0.0,EXACT,CONTOUR_CORE,0,0,NONE,,0,8,,1.0,,,,,,,,,,,,,,,,
lymphatic face brush with handle,0.0,EXACT,LYMPHATIC_CORE,0,0,NONE,,0,8,,,,,,,,,,,,,,,,,,
lymphatic face brush with oil,0.0,EXACT,LYMPHATIC_CORE,0,0,NONE,,0,8,,0.0,,,,,,,,,,,,,,,,
lymphatic face brush wood,0.0,EXACT,LYMPHATIC_CORE,0,0,NONE,,0,8,,,,,,,,,,,,,,,,,,
lymphatic face brush wood handle,0.0,EXACT,LYMPHATIC_CORE,0,0,NONE,,0,8,,,,,,,,,,,,,,,,,,
face brushing for lymph drainage,0.0,EXACT,LYMPHATIC_CORE,0,0,NONE,,0,8,,,,,,,,,,,,,,,,,,
face makeup brush kit,0.0,ADJACENT,OTHER,0,0,NONE,,100,8,,0.0,,,,,,,,,,,,,,,,
lymphatic drainage massager abdomen,0.0,ADJACENT,LYMPHATIC_CORE,0,0,NONE,,110,8,,0.0,,116.0,,,,,,284.0,,,,,,,,
kitschlymphatic contour face brush,0.0,EXACT,COMPETITOR_BRAND,0,0,NONE,,0,8,,0.0,,,,,,,,,,,,,,,,
facial face brush,0.0,ADJACENT,OTHER,0,0,NONE,,0,8,,,,,,,,,,,,,,,,,,
face inflammation brush,0.0,ADJACENT,OTHER,0,0,NONE,,0,8,,0.0,,,,,,,,,,,,,,,,
face inflammation reducer brush,0.0,ADJACENT,OTHER,0,0,NONE,,0,8,,0.0,,,,,,,,,,,,,,,,
face jade roller,0.0,ADJACENT,OTHER,0,0,NONE,,64,8,,,,,,,,,,,,69.0,,,,,,
facial lumphatic brush,0.0,ADJACENT,OTHER,0,0,NONE,,0,8,,0.0,,,,,,,,,,,,,,,,
facial lymph node brush,0.0,EXACT,LYMPHATIC_CORE,0,0,NONE,,0,8,,0.0,,,,,,,,,,,,,,,,
facial lymphatic,0.0,ADJACENT,LYMPHATIC_CORE,0,0,NONE,,0,8,,,,,,,,,,,,,,,,,,
facial lymphatic brush face,0.0,EXACT,LYMPHATIC_CORE,0,0,NONE,,0,8,,,,,,,,,,,,,,,,,,
kitsch lymphatic contouring face brush,0.0,EXACT,COMPETITOR_BRAND,0,0,NONE,,0,8,,0.0,,,,,,,,,,,,,,,,
kitsch skin brush,0.0,ADJACENT,COMPETITOR_BRAND,0,0,NONE,,0,8,,0.0,,,,,,,,,,,,,,,,
kitsch terra cotta face brush,0.0,ADJACENT,COMPETITOR_BRAND,0,0,NONE,,0,8,,0.0,,,,,,,,,,,,,,,,
lymphatic face brush for body,0.0,EXACT,LYMPHATIC_CORE,0,0,NONE,,0,8,,,,,,,,,,,,,,,,,,
facial lymphatic massage,0.0,ADJACENT,LYMPHATIC_CORE,0,0,NONE,,0,8,,0.0,,,,,,,,,,,,,,,,
facial lymphoma brush,0.0,EXACT,LYMPHATIC_CORE,0,0,NONE,,0,8,,0.0,,,,,,,,,,,,,,,,
kitsh face brush,0.0,ADJACENT,OTHER,0,0,NONE,,0,8,,0.0,,,,,,,,,,,,,,,,
kocheva brush for face,0.0,ADJACENT,OTHER,0,0,NONE,,0,8,,,,,,,,,,,,,,,,,,
facial guasha tools,0.0,ADJACENT,GUA_SHA,0,0,NONE,,0,8,,0.0,,,,,,,,,,,,,,,,
facial lifting brush,0.0,ADJACENT,OTHER,0,0,NONE,,0,8,,0.0,,,,,,,,,,,,,,,,
facial mask brush set,0.0,ADJACENT,OTHER,0,0,NONE,,109,8,,0.0,,,161.0,,,,,,,,,,,,,
jawline brush,0.0,EXACT,DOUBLE_CHIN,0,0,NONE,,0,8,,0.0,,,,,,,,,,,,,,,,
kejeva lymphatic drainage face brush,0.0,EXACT,LYMPHATIC_CORE,0,0,NONE,,0,8,,0.0,,,,,,,,,,,,,,,,
kirsch face brush,0.0,ADJACENT,OTHER,0,0,NONE,,0,8,,0.0,,,,,,,,,,,,,,,,
kish face brush,0.0,ADJACENT,OTHER,0,0,NONE,,0,8,,0.0,,,,,,,,,,,,,,,,
kish lymphatic face brush,0.0,EXACT,LYMPHATIC_CORE,0,0,NONE,,0,8,,0.0,,,,,,,,,,,,,,,,
kit sch brush face,0.0,ADJACENT,COMPETITOR_BRAND,0,0,NONE,,0,8,,0.0,,,,,,,,,,,,,,,,
face dry brushing brush,0.0,ADJACENT,OTHER,8,11,CONSOLIDATED,,100,8,,0.0,1.0,30.0,18.0,20.0,2.0,15.0,82.0,46.0,74.0,12.0,3.0,145.0,5.0,36.0,79.0,
facial lymphatic drainage oil,0.0,ADJACENT,LYMPHATIC_CORE,0,1,NONE,139.0,107,8,1.7,0.0,27.0,,,,,,,59.0,,56.0,,,154.0,118.0,,
